date,title,company,link,content,관련성,키워드,summary,검색어,importance
2026-07-01,6월 수출 사상 첫 1천억 달러 돌파…반도체 448억 달러,정보 없음,https://n.news.naver.com/mnews/article/079/0004163531,"올해 상반기 수출 총 4967억 달러 '역대 최대' 실적6월 수출 70.9% 상승한 1025.5억 달러독일, 중국, 미국 이어 전세계 4번째반도체 200% 상승하며 448.2억 달러상반기 반도체 실적, 연간 최대 실적 이미 넘어연합뉴스6월 수출이 사상 처음으로 1천억 달러를 넘은 1023억 달러에 육박했다. 반도체 수출이 200% 상승하며 처음으로 400억 달러를 넘었다.올해 상반기 수출은 총 4967억 달러로 같은 기간 중 역대 최대 실적이다.6월 수출 1025.5억 달러…전 세계 4번째 '1천억불 수출 국가'1일 산업통상부에 따르면, 6월 수출이 70.9% 증가한 1025.5억 달러로 사상 처음으로 1천억 달러를 상회했다. 월 수출 1천억 달러 이상은 독일, 중국, 미국에 이어서 전 세계에서 4번째다. 특히 반도체 수출은 200%, 반도체 외 품목은 28% 증가했다.조업일수를 고려한 하루 평균 수출은 59.5% 증가한 45.4억 달러로 지난달에 이어 2개월 연속으로 역대 최대 실적을 경신했다.20대 주력 수출 품목 중에서는 18개 품목 수출이 증가했다.반도체 수출은 199.5% 증가한 448.2억 달러를 기록했다. 메모리 수요의 폭발적 증가에 따른 메모리 고정가격 상승세가 수출 증가를 견인하면서 사상 처음으로 400억 달러 이상을 기록했다.컴퓨터 수출도 308.8% 증가한 54.1억 달러로 집계됐다. 빅테크 기업들의 AI 인프라 투자 확대에 따른 SSD 수요 증가로 크게 증가했으며, 무선통신기기(15.5억 달러) 수출은 신제품 판매 호조세 등으로 휴대폰 완제품 중심의 증가세를 보였다.자동차(67.1억 달러) 수출은 부품 공급 안정화와 생산물량 증가 등으로 증가했으나 자동차부품(17.4억 달러) 수출은 현지화 확대와 글로벌 신차 수요 회복 지연 등으로 감소세를 이어갔다. 선박(28.3억 달러) 수출의 경우 수출물량은 전년과 유사했으나 고부가가치 선박(LNG선 등) 수출 증가에 따른 평균 수출단가 상승으로 증가했다.석유제품(55.9억 달러) 수출액은 전년대비 높은 수출단가 영향으로 49.8%의 높은 증가율을 보였으나 물량은 7% 감소했다. 특히 수출통제 조치가 시행되고 있는 휘발유·경유·등유의 경우 전년 동기간 대비 수출 물량이 각각 약 16%, 6.9%, 99.7% 감소했다. 석유화학(40.7억 달러) 수출액은 제품가격이 상대적으로 소폭 상승하면서 석유제품 대비 낮은 증가율을 기록했으며, 내수 공급을 우선함에 따라 수출물량은 14.6% 줄었다.철강(21.4억 달러) 수출은 데이터센터 건설이 증가하면서 철근 등 건설용 자재의 수출이 증가해 14개월 만에 플러스를 기록했다. 비철금속(18.2억 달러) 수출은 동·알루미늄 등 주력 품목의 단가와 물량이 모두 증가하면서 역대 6월 중 최대 실적을 기록했다. 일반기계 수출(40.8억 달러)은 전년 대비 조업일수 증가와 일부 산업기계에 대한 미국의 관세 인하 등의 영향으로 5개월 만에 플러스로 전환했다.6월 수입은 30.1% 증가한 661억 달러로, 에너지 수입은(125.1억 달러) 45.1% 증가, 에너지 외 수입(535.9억 달러)은 27% 증가했다.원유 수입 물량은 10% 감소했으나 전월대비로는 증가했으며, 수입단가 상승으로 수입 금액은 50.4% 증가한 86억 달러를 기록했다. 비에너지는 비철금속(+59.9%), 반도체장비(+41.3%) 등의 수입이 증가했다.6월 무역수지는 전년대비 271.4억 달러 증가한 361.5억 달러 흑자를 기록하며 사상 처음으로 300억 달러 이상을 기록했다. 1~6월 누적 수지는 1383억 달러 흑자로 지난해 동기간 대비 1109억 달러 증가했다.상반기 수출 4967억 '역대 최대 실적'…반도체, 벌써 연간 최대실적 경신연합뉴스호실적이 이어지면서 올해 상반기 수출은 총 4967억 달러로 같은 기간 중 역대 최대 실적을 기록했다. 특히 상반기 반도체 수출은 163% 증가했으며 반도체 외 품목 수출도 16%의 높은 증가율을 기록했다.상반기 20대 주요 수출품목 중에서는 14개 품목 수출이 늘었다.반도체 수출(1924억 달러)은 메모리 고정가격이 크게 상승하면서 162.6% 상승했다. 기존 연간 최대 실적인 1734억 달러를 상반기에 이미 넘어선 것이다. 컴퓨터 수출(212억 달러)도 262% 상승하며 기존 연간 최대 실적인 171억 달러을 경신했다.자동차 수출(359억 달러)은 1.1% 소폭 감소했다. 중동전쟁으로 인한 물류차질, 최대 시장인 미국의 관세 조치와 이에 따른 현지생산 확대, 중고차 수출 감소 등에도 불구하고 하이브리드·전기차 수출이 호실적을 보였다.석유제품(301억 달러)·석유화학(228억 달러) 수출은 수출통제와 국내우선 공급 등으로 수출물량은 감소했으나, 유가와 연동되는 수출단가 상승으로 수출금액은 증가했다. 한편, K-뷰티·푸드에 대한 선호 확대로 화장품(70억 달러)·농수산식품(66억 달러) 등 소비재 품목의 수출도 상반기 중 최대 실적을 기록했다.지역별로는 9대 주요 지역 중 7개 지역 수출이 늘었다.미국 수출(935억 달러)은 자동차·일반기계 등은 부진했으나, 반도체·컴퓨터 등 IT 품목이 크게 증가하면서 전체적으로 50.5%의 증가세를 보였다. 중국 수출(996억 달러)도 64.6% 늘었다. 최대 수출품인 반도체 수출이 세 자릿수의 높은 증가율을 보이면서 전체 수출 증가를 견인했다. 아세안(883억 달러), EU(395억 달러) 수출은 각각 53.2%, 13.3% 증가하며 상반기 중 역대 최대 실적을 경신했다. 중동 수출(85억 달러)은 중동전쟁 영향으로 자동차 등 주요품목이 감소하면서 13.9% 감소를 기록했다.올해 상반기 수입은 16.6% 증가한 3584억 달러를 기록했다. 유가 상승으로 에너지 수입이 6.6%(635억 달러) 증가했으며, 에너지 외 수입은 반도체장비(+43.3%)·석유제품(+6.1%)등 중심으로 19.1%(2949억 달러) 증가했다.김정관 산업부 장관은 ""하반기에도 미 관세조치, 유가 변동성, 글로벌 경기 둔화 가능성 등 불확실성이 계속될 것으로 예상되는 만큼, 정부는 불확실성을 최소화하고 우호적 수출환경을 조성하겠다""며 ""수출의 양적 증가뿐만 아니라 품목·시장 다변화, 중소기업 수출 경쟁력 강화 등 질적 성장을 통해 수출 5대 강국으로 도약할 수 있도록 총력 지원 하겠다""고 밝혔다.※CBS노컷뉴스는 여러분의 제보로 함께 세상을 바꿉니다. 각종 비리와 부당대우, 사건사고와 미담 등 모든 얘깃거리를 알려주세요.이메일 :jebo@cbs.co.kr카카오톡 :@노컷뉴스사이트 :https://url.kr/b71afn",True,반도체,"올해 상반기 우리나라 수출은 4967억 달러로 역대 최대를 기록했고, 6월 수출은 사상 처음으로 1천억 달러를 돌파하며 전 세계 4번째 1천억 달러 수출국이 됐다. 특히 반도체 수출은 200% 이상 증가하여 448.2억 달러를 기록했고, 연간 최대 실적을 이미 넘어섰다. 6월 수출은 70.9% 늘어난 1025.5억 달러로, 반도체 외 품목도 모두 증가했다. 수입은 661억 달러로 30.1% 증가했고, 무역수지는 361.5억 달러 흑자를 기록하며 사상 최대를 경신했다. 지역별로는 미국, 중국, EU 등 주요 시장에서 수출이 크게 늘었으며, 유가 상승과 글로벌 경기 둔화 등 불확실성 속에서도 수출 호조세를 이어가고 있다.",반도체,1.0
2026-07-01,전남광주통합의회 1호 조례안은 '반도체 전략투자 지원',정보 없음,https://n.news.naver.com/mnews/article/003/0014038406,"첫 의정 방향 첨단산업 육성·미래 성장동력 확보[무안=뉴시스] 이영주 기자 =김진남 전남광주통합특별시의원이 1일 오전 특별시의회 무안 남악청사 본회의장에서 전남광주통합특별시 글로벌 반도체 전략투자 지원에 관한 조례안을 설명하고 있다. 2026.07.01. leeyj2578@newsis.com[무안=뉴시스] 구용희 기자 = 전남광주통합특별시의회 출범 첫 조례안으로 반도체 전략투자 지원 조례가 상정됐다.통합특별시의회 김진남 의원은 1일 전남 무안 남악청사 본회의장에서 열린 제1회 임시회 1차 본회의에서 송형곤 의원이 대표 발의하고 자신이 공동 발의에 참여한 전남광주통합특별시 글로벌 반도체 전략투자 지원에 관한 조례안을 제안설명했다.이 조례안은 특별시의회가 출범 이후 처음으로 다루는 1호 조례안이라는 점에서 의미가 크다. 행정통합을 넘어 미래 먹거리 산업을 선점하고 국가 첨단산업 전략의 중심축으로 도약하겠다는 방향성을 담았기 때문이다.조례안은 전남광주통합특별시를 수도권에 이은 대한민국 제2의 반도체 생산거점으로 육성하기 위한 제도적 기반을 마련하는 데 초점을 맞췄다.투자유치부터 투자이행, 기반시설 지원까지 지방정부 차원에서 체계적으로 뒷받침할 수 있는 근거를 담았다.김 의원은 반도체 산업이 국가 전략산업이자 미래 성장동력으로 부상하고 있다고 설명했다.글로벌 공급망 재편과 인공지능 산업의 급성장 속에서 반도체가 국가 경쟁력을 좌우하는 핵심 분야가 된 만큼 통합특별시 차원의 선제적 대응이 필요하다는 것이다.정부가 지난 29일 전남광주통합특별시를 제2의 반도체 생산거점으로 공식 결정한 점도 조례 제정의 배경이 됐다. 정부는 총 800조원 규모의 투자와 삼성전자·SK하이닉스 메모리 생산시설 구축, 전력·용수·교통 등 국가 기반시설 지원을 추진하기로 했다.조례안은 통합특별시장이 반도체 산업 투자유치와 투자이행 지원을 위한 시책을 수립·시행하도록 했다. 관계기관과 협력체계를 구축해 국가 반도체 전략사업을 차질 없이 추진할 수 있도록 했다.반도체 전략위원회 설치 근거도 마련했다. 위원회는 투자유치, 투자이행 점검, 기반시설 지원 등을 종합적으로 심의·조정하는 역할을 맡는다. 조례안에는 전략위원회의 구성과 운영, 분과위원회 및 실무협의회 설치 등 실무지원 체계에 관한 내용도 포함됐다.투자기업을 위한 원스톱 지원 체계도 담겼다. 조례안은 투자기업의 요청사항을 신속히 처리하기 위해 기업별 전담 대응팀을 구성·운영하고 관련 부서와 관계기관이 연계해 기업 지원에 나설 수 있도록 했다.아울러 투자기업의 기술정보와 경영상 정보를 보호하기 위한 정보보안 및 비밀준수 의무도 규정했다.김 의원은 ""이번 조례안이 전남광주통합특별시가 글로벌 반도체 산업의 전략 거점으로 성장하기 위한 첫 제도적 장치""라고 강조했다.그는 ""조례안을 통해 반도체 산업 생태계 조성, 양질의 일자리 창출, 지역경제 활성화는 물론 대한민국 첨단산업 경쟁력 강화에도 기여할 수 있을 것""이라고 설명했다.특별시의회가 1호 조례안으로 반도체 전략투자 지원 조례를 내세우면서 출범 초기 의정의 무게중심이 첨단산업 육성과 미래 성장동력 확보에 놓였다는 평가가 나온다.",True,반도체,"전남광주통합특별시의회는 출범 후 첫 조례안으로 반도체 전략투자 지원 조례를 제정했다. 이 조례는 반도체 산업을 대한민국 제2의 생산거점으로 육성하고, 투자유치와 기반시설 지원, 전략위원회 설치 등 체계적 지원 방안을 담고 있다. 정부의 대규모 투자와 관련 기업 유치, 일자리 창출, 지역경제 활성화, 첨단산업 경쟁력 강화를 목표로 하며, 특화 산업 육성과 미래 성장동력 확보에 초점을 맞췄다.",반도체,1.0
2026-07-01,"SK하이닉스 ""반도체팹 1100조 신규투자, 시장둔화시 재무부담""…美ADR 신고서 정정",정보 없음,https://n.news.naver.com/mnews/article/003/0014038775,"'메가 프로젝트' 계획 반영해 증권신고서 정정삼성전자도 ""경영 환경 변화에 따라 변동"" 공시[이천=뉴시스] 김종택 기자 = 경기 이천시 SK 하이닉스 본사 모습. 2025.10.29. jtk@newsis.com[서울=뉴시스] 홍세희 기자 = SK하이닉스가 서남권 반도체 팹(공장) 신설 등 1100조원 규모의 중장기 투자 계획을 밝히면서 미국주식예탁증서(ADR) 발행을 위한 증권신고서도 정정 제출했다.1일 전자공시시스템에 따르면 SK하이닉스는 지난 30일 공개한 '메가 프로젝트' 관련 내용을 담아 증권신고서를 다시 제출했다.SK하이닉스는 '중장기 투자 전략 발표 및 실시에 따른 위험'에서 ""중장기 전략은 각 단계별로 이사회의 결의를 거쳐 구체화될 예정""이라며 ""구체적 추진 일정과 규모는 글로벌 메모리 반도체 시장 수요, 주요 고객사의 중장기 투자 계획, 재무 여건, 정부 및 지자체와의 인허가·인프라 구축 관련 협의 진행 경과 등에 따라 달라질 수 있다""고 밝혔다.또 투자에 따른 재원 조달 방식에 대해 ""기본적으로 영업이익에서 창출되는 현금흐름으로 충당할 계획이지만, 차입·증자 등 외부 자금조달 방식을 선택하는 방안을 고려할 수도 있다""고 설명했다.다만 ""현시점에서 자금조달 방식 및 시기에 관해 확정된 내용은 없다""고 덧붙였다.또 ""이번에 발표한 중장기 투자 전략은 신주 유상증자 및 ADR 발행을 통해 조달한 자금의 사용목적에 영향을 미치지 않는다""고 선을 그었다.SK하이닉스는 ""메모리 반도체 산업은 전통적으로 큰 경기 변동성을 보여 왔다""며 ""당사의 판단과 달리 생산시설이 확충되는 시점에 글로벌 메모리 반도체 수요가 둔화돼 공급 과잉이 발생하는 경우, 중장기 투자 전략에 따른 생산시설 투자로 인해 당사의 재무건전성에 부정적인 영향을 미칠 가능성을 배제할 수 없다""고 밝혔다.한편 삼성전자도 지난달 30일 올해부터 2040년까지의 국내 투자 비전을 공시하며 ""해당 규모 및 일정은 추후 변경될 수 있다""는 단서를 달았다.이번 프로젝트와 관련해 목적은 '주력 사업 경쟁력 강화', 세부 내용은 '글로벌 최첨단 반도체 등 투자'라고 밝혔다.다만 같은 날 정정공시를 내고 ""상기 중장기 투자 계획은 현재 시황에 근거한 장래 계획으로 이해를 돕기 위해 제공하는 가이드라인""이라며 ""향후 시장 상황 및 당사 경영 환경 변화에 따라 변동될 수 있다""고 단서 조항을 추가했다．",True,반도체,"SK하이닉스는 1100조원 규모의 반도체 투자 '메가 프로젝트'를 발표하며 증권신고서를 정정 제출했고, 투자 일정과 규모는 시장 수요와 정부 협의 등에 따라 달라질 수 있음을 밝혔다. 재원 조달은 주로 영업이익 현금흐름을 예상하지만, 차입이나 증자도 고려 중이며 확정된 내용은 없다. 글로벌 시장 변동성에 따라 투자 전략이 영향을 받을 수 있음을 인정했고, 삼성전자도 2040년까지 국내 투자 계획을 공시하며 시장 상황에 따라 변동 가능성을 언급했다.",반도체,3.0
2026-07-01,"삼성전자 초기업노조 ""호남 반도체 팹, 조합원 일할 현장 처우 뒷받침 돼야""",정보 없음,https://n.news.naver.com/mnews/article/003/0014039432,"초기업노조, 메가프로젝트 관련 입장문 발표""정부·회사·노조 한자리 모이는 협의의 장 제안""[수원=뉴시스] 김종택기자 = 사진은 경기 수원시 영통구 삼성전자 수원본사 모습. 2026.05.27. jtk@newsis.com[서울=뉴시스]이지용 기자 = 삼성전자 내 최대 노조인 초기업노조 삼성전자지부가 서남권 반도체 메가 프로젝트와 관련해 노사정(노조·회사·정부)이 함께 협의하는 장이 필요하다는 입장을 내놓았다.초기업노조는 1일 '메가 프로젝트에 대한 초기업노조 입장'이라는 입장문을 통해 ""메가 프로젝트는 대한민국 반도체 산업의 미래를 좌우할 과제""라며 ""조급함보다는 철저한 준비가 필요하며 긴 호흡으로 미래를 내다보며 차근차근 대비해야 한다""고 전했다.이어 ""이 모든 것의 근본에는 사람이 있다""며 ""초기업노조는 조합원이 앞으로 일하게 될 현장의 산업 안전, 주거 환경, 인프라가 충실히 갖춰지고 그에 걸맞는 처우가 뒷받침 되기를 바란다""고 밝혔다.좋은 근무 환경과 정당한 대우가 우수 인재를 지키고 반도체 경제력의 토대가 될 수 있다는 논리다.노조는 그러면서 이번 메가 프로젝트를 노사정이 함께 논의하는 장이 필요하다고 강조했다.노조는 ""이러한 과제는 우리 모두가 뜻을 모을 때 해결할 수 있고, 현장을 가장 잘 아는 노조가 그 역할을 하겠다""며 ""정부와 회사, 노조가 한자리에 모이는 노사정 협의의 장을 제안한다""고 전했다.그러면서 ""건설적인 대화를 통해 국가적 과제가 대한민국의 새로운 도약으로 이어지기를 기대한다""고 덧붙였다.한편, 삼성전자는 400조원을 투입해 광주에 대규모 반도체 팹(공장) 2기를 건설하겠다고 밝혔다．",True,반도체,"삼성전자 초기업노조는 서남권 반도체 메가 프로젝트와 관련해 노사정이 함께 협의하는 장이 필요하다고 주장했다. 조합은 프로젝트의 중요성을 강조하며, 철저한 준비와 안정적 근무 환경, 정당한 대우를 요구했다. 또한, 정부·회사·노조가 한자리에 모여 건설적인 대화를 통해 대한민국 반도체 산업의 미래를 도모하자고 제안했다. 삼성전자는 400조원을 투입해 광주에 반도체 공장 2기를 건설할 계획이다.",반도체,2.0
2026-07-01,"용인시, 민선 9기 첫 결재…'반도체 종합계획' 서명",정보 없음,https://n.news.naver.com/mnews/article/003/0014040228,"1일 원삼·이동·남사 반도체 추진 현장 행보[용인=뉴시스] 이상일 용인시장이 민선9기 출범 첫날인 1일 '용인 르네상스 2.0 용인시 반도체산업 육성 및 클러스터 조성 종합계획'을 결재했다.(사진=용인시 제공) 2026. 07. 01. photo@newsis.com *재판매 및 DB 금지[용인=뉴시스] 이준구 기자 = 경기 용인시는 민선 9기 출범 첫날인 1일 이상일 시장이 첫 번째 결재로 '용인 르네상스 2.0 용인시 반도체산업 육성 및 클러스터 조성 종합계획'에 서명했다고 밝혔다.이번 종합계획은 삼성전자와 SK하이닉스를 앵커기업으로 삼아 용인을 세계 반도체 중심도시로 도약시키기 위한 구체적인 로드맵이다.주요 3대 전략으로 ▲클러스터 적기 가동을 통한 핵심 동력 확보 ▲실리콘 용인 생태계 고도화 및 소부장(소재·부품·장비) 혁신 지원 ▲지·산·학 융합 글로벌 반도체 인재 양성을 제시했다.이에 따라 시는 용인 관내 반도체 산단들을 반도체지원특별법상 '반도체클러스터'로 지정하기 위한 노력을 본격화한다. 또한 소부장 기업 실증을 위해 1조원이 투입되는 '양산연계형 트리니티팹(2027년5월 준공 예정)' 구축을 돕고, 2027년3월 개교를 목표로 한 용인반도체고등학교 설립에 교육경비 40억원을 지원할 계획이다.이 시장은 결재 직후 이동·남사읍의 첨단시스템반도체 국가산단과 원삼면의 용인반도체클러스터 일반산단 현장을 잇달아 방문, 추진 상황을 점검했다. 특히 국가산단 보상 현황(면적 대비 40% 진행)을 살피며 주민·기업 이주 대책의 차질 없는 이행을 당부했다.",True,반도체,"용인시는 민선 9기 출범 첫날 이상일 시장이 '용인 르네상스 2.0 반도체산업 육성 및 클러스터 조성 종합계획'에 서명하며 반도체 산업 육성에 나섰다. 이 계획은 삼성전자와 SK하이닉스를 중심으로 반도체 클러스터 조성, 실리콘 생태계 고도화, 글로벌 인재 양성을 목표로 한다. 시는 반도체 클러스터 지정, 1조원 투입 트리니티팹 구축, 용인반도체고 설립 등을 추진하며, 첨단시스템반도체 국가산단과 원삼 반도체클러스터 현장을 방문해 추진 상황과 주민·기업 이주 대책도 점검했다.",반도체,2.0
2026-07-01,"삼성전자 초기업노조 ""호남반도체, 노사정 협의의 장 제안""",정보 없음,https://n.news.naver.com/mnews/article/437/0000498889,"서울 삼성전자 서초사옥. 〈사진=연합뉴스〉삼성전자 최대 노조가 서남권 반도체 메가 프로젝트와 관련해 정부와 회사, 노조가 함께 협의하는 장이 중요하다는 입장을 내놨습니다.삼성전자 내 최대 노조인 초기업노조 삼성전자지부는 오늘(1일) '메가 프로젝트에 대한 초기업노조 입장'을 내고 노사정이 함께 논의하는 협의의 장이 필요하다고 밝혔습니다.노조는 ""메가 프로젝트는 대한민국 반도체 산업의 미래를 좌우할 과제""라며 ""조급함보다 철저한 준비가 필요하며 긴 호흡으로 미래를 내다보고 차근차근 대비해야 한다""고 밝혔습니다.이어 ""이 모든 것의 근본에는 사람이 있다""며 ""조합원이 앞으로 일할 현장의 산업안전과 주거 환경, 인프라가 충실히 갖춰지고 그에 걸맞은 처우가 뒷받침되길 바란다""고 했습니다.또 ""좋은 근무 환경과 정당한 대우가 우수 인재를 지키고 반도체 경쟁력의 토대가 될 수 있다""고 강조했습니다.노조는 ""이러한 과제는 우리 모두가 뜻을 모을 때 해결할 수 있고 현장을 가장 잘 아는 노조가 그 역할을 하겠다""며 ""정부와 회사, 노조가 한자리에 모이는 노사정 협의의 장을 제안한다""고 밝혔습니다.이어 ""건설적인 대화를 통해 국가적 과제가 대한민국의 새로운 도약으로 이어지길 기대한다""고 덧붙였습니다.한편 삼성전자는 400조원을 투입해 광주에 대규모 반도체 팹(공장) 2기를 건설하겠다고 밝혔습니다.",True,반도체,"삼성전자 최대 노조인 초기업노조는 서남권 반도체 메가 프로젝트와 관련해 정부, 회사와 함께 협의하는 노사정 협의의 장이 필요하다고 밝혔습니다. 노조는 프로젝트의 중요성을 강조하며, 철저한 준비와 함께 안전한 근무 환경, 적절한 처우가 경쟁력과 인재 유지를 위한 핵심이라고 주장했습니다. 또한, 400조 원을 투입해 광주에 반도체 공장을 건설하는 삼성전자의 계획에 대해 협력과 건설적 대화를 기대한다고 밝혔습니다.",반도체,1.0
2026-07-01,올해 4%대 성장 전망도 등장…수출 月1천억달러 돌파에 기대감↑(종합),정보 없음,https://n.news.naver.com/mnews/article/001/0016170648,"국내외 11기관 3%대 전망…반도체 특수에 대규모 투자·추경 가능성 등 반영수출액 최대 기록했지만 물량은 석달째 감소…""취약부문·내수도 신경써야""6월 수출 사상 첫 1천억달러 돌파(평택=연합뉴스) 홍기원 기자 = 한국의 6월 수출이 사상 최초로 1천억달러를 돌파하며 새로운 이정표를 세웠다. 사진은 1일 경기도 평택항에 컨테이너가 쌓여있는 모습. 2026.7.1 xanadu@yna.co.kr(서울·세종=연합뉴스) 이세원 한지훈 기자 = 지난달 수출이 사상 최대 실적을 갈아치우면서 경제 성장에 대한 기대감이 더욱 커지고 있다.반도체 호황에 힘입어 실질 국내총생산(GDP) 성장률이 4%에 달할 것이라는 전망도 등장했다.특히 국내외 10여개 기관이 한국은행 전망치(2.6%)를 훌쩍 웃도는 3%대 이상의 성장률을 예상해 눈길을 끌고 있다.전문가들은 수출 호조를 긍정적으로 평가하면서도 물량 변화에 유의해야 하며 반도체 외 산업이나 국내 시장을 강화하는 정책도 필요하다고 조언했다.42개 중 11개 기관 3%대 성장률 관측…반도체 호조에 4%대도 등장1일 금융권에 따르면, 영국 캐피털 이코노믹스(CE)는 최근 보고서에서 한국의 올해 실질 국내총생산(GDP) 성장률 전망치를 4.0%로 제시했다.지난 2월 1.0%, 3월 1.6%, 4월 2.7%에 이어 지난달 4.0%로 거의 매달 가파른 상향 조정을 지속해왔다.캐피털 이코노믹스는 보고서에서 ""한국 경제가 인공지능(AI) 관련 수출 수요의 큰 파도를 타고 있다""고 전망치 조정 배경을 언급했다.국내 재보험사인 코리안리는 국내외 기관을 통틀어 가장 높은 4.1%를 제시했다.블룸버그 집계에 포함된 국내외 42개 기관 중 올해 성장률 전망치를 3%대 이상으로 제시한 기관은 11개에 달했다.[그래픽] 한국 경제성장률 전망(서울=연합뉴스) 김민지 기자 = minfo@yna.co.krX(트위터) @yonhap_graphics  인스타그램 @yonhapgraphics캐피털 이코노믹스와 코리안리에 이어 JP모건이 3.7%, 내셔널호주은행·호주뉴질랜드은행, iM증권이 각 3.6%, 블룸버그 이코노믹스와 씨티가 각 3.5% 등의 순이었다.뱅크오브아메리카와 호주뉴질랜드은행그룹이 각 3.1%, ING 파이낸셜 마켓과 독일 데카방크가 각 3.0% 등을 제시했다.씨티는 전날 반도체 호황 등을 근거로 올해 성장률 전망치를 기존 3.1%에서 3.5%로 0.4%포인트(p) 높였다.씨티는 보고서에서 ""지난 4∼5월 예상보다 견조한 경기 지표와 기술 설비투자 계획에 따른 인프라 투자, 9월 초까지 25조원 이상의 2차 추가경정예산(추경) 편성 가능성을 반영했다""고 설명했다.다른 기관들의 전망치 상향도 줄을 잇고 있다.블룸버그 집계에 포함되지 않은 우리금융경영연구소는 전날 올해 성장률 전망치를 2.0%에서 3.0%로 대폭 높였다.연구소는 ""중동 전쟁에 따른 국제 유가 충격을 반도체 특수에 의한 수출·투자 호조, 추경 집행 효과 등이 상쇄할 것""이라고 내다봤다.한은은 오는 8월 수정 경제전망을 통해 올해 연간 성장률 전망치를 상향 조정할 가능성이 큰 것으로 보인다.이미 올해 1분기 성장률 잠정치가 속보치보다 0.1%p 높은 1.8%로 나타나 지난 5월 제시한 2.6%를 조정할 여지가 생겼다.이와 관련 신현송 총재는 지난달 19일 한국금융학회 학술대회에서 ""올해 연간 성장률 전망치가 기계적으로라도 2.6%에서 상향 조정될 것""이라고 언급했다.최대 수출액에 기대↑·물량은 석 달째 감소…""내수·취약 부문 신경 써야""수출 실적이 호조를 보이면서 경기에 관한 기대감을 더 키우고 있다.산업통상부는 지난달 수출액이 1년 전보다 70.9% 늘어난 1천22억5천만달러로 잠정 집계됐다고 이날 발표했다. 월 수출액이 1천억달러를 넘긴 것은 이번이 처음이다.반도체가 전체 수출액의 43.8%를 차지하며 호실적을 이끌었다. 전문가들은 수출 확대가 경상 성장률 상승에 기여하는 등 기본적으로 경제에 긍정적인 영향을 미칠 것이라고 진단했다.SK하이닉스·삼성전자[촬영 홍기원]김미루 한국개발연구원(KDI) 거시·금융정책연구부장 겸 경제전망실장은 이날 발표된 수출 실적에 관해 ""1분기 잠정치를 보면 실질 GDP 성장률이 높았고 교역조건이 크게 개선되면서 실질 국내총소득(GDI) 성장률도 굉장히 잘 나왔다""면서 ""그런 상황이 이어진 것으로 보이고, 거시 경제에는 긍정적인 일""이라고 평가했다.수출은 금액 기준으로는 늘었지만, 물량 기준으로는 1년 전보다 3.3% 감소했다. 물량은 4월부터 석 달째 마이너스다. 경상 성장률은 물량과 가격 변동을 함께 반영하지만 실질 성장률은 가격이 아닌 물량을 기준으로 보는 셈이라서 이번에 나온 수출 동향만 보고 실질 성장률을 낙관해서는 안된다는 신중론도 있다.당국의 한 관계자는 ""수출액 사상 최대를 기록한 것은 좋은 일이지만 결국에는 물량이 관건""이라며 향후 상황을 잘 살펴볼 필요가 있다는 뜻을 표명했다.전문가들은 반도체 등 주력 산업 뿐만 아니라 취약부문을 강화하는 노력도 병행해야 한다고 당부했다.김 전망실장은 반도체 산업이 경제 전반을 이끄는 상황이 ""일종의 양극화 혹은 편중""이라고도 볼 수 있다면서 ""반도체 외 다른 산업의 생산성을 올릴 수 있는 방안도 고민이 필요하다""고 제언했다.주원 현대경제연구원 연구본부장은 5월 수출 동향에 관해 ""전반적으로는 좋지만, 물량으로 보면 4∼6월이 마이너스""라면서 단가 상승을 통해 달성한 수출액 증가 기조가 꺾이는 상황에 대비해 내수를 튼튼하게 키워야 한다고 의견을 밝혔다.sewonlee@yna.co.kr",True,반도체,"한국의 6월 수출이 사상 최초로 1천억달러를 돌파하며 최대 기록을 세웠다. 반도체 호황에 힘입어 수출액은 증가했지만, 물량은 석 달째 감소하는 등 내수와 취약 부문 강화를 위한 정책이 필요하다는 지적이 있다. 전문가들은 11개 기관이 3%대 이상의 경제 성장률을 전망하며, 수출 호조와 함께 국내 경제가 4%대 성장 가능성도 제기되고 있다고 분석한다. 그러나 물량 감소와 산업 다변화 필요성도 함께 강조되고 있다.",반도체,2.0
2026-07-01,6월 수출액 1000억弗 돌파… 반도체 호황에 ‘역대 최대’,정보 없음,https://n.news.naver.com/mnews/article/366/0001175726,"’2026년 6월 수출입동향’ 발표사상 처음으로 1000억달러 돌파전 세계 4번째로 1000억달러 넘겨부산항 신선대부두와 감만부두 야적장의 컨테이너 모습. /뉴스16월 수출액이 1022억5000만달러로 집계돼 월 기준 처음으로 1000억 달러를 돌파했다. 독일, 중국, 미국에 이어서 전 세계에서 4번째로 월 수출 1000억 달러를 넘어섰다. 인공지능(AI) 투자 확대에 따라 반도체 수요가 급증한 영향이다.산업통상부·관세청은 1일 ’2026년 6월 수출입동향’을 통해 지난달 수출액이 1년 전보다 70.9% 증가했다고 밝혔다. 월 수출액은 3월(872억달러)·4월(859억달러)·5월(877억달러) 등으로 지난 3개월 동안 800억달러대를 기록해 왔다.조업일수를 고려한 일평균 수출은 59.5% 증가한 45억4000만달러로 지난달에 이어 2개월 연속으로 역대 최대 실적이다.반도체 산업이 전체 수출 실적을 견인했다. 6월 반도체 수출은 전년 동월 대비 199.5% 증가한 448억2000만달러를 기록했다. 월 기준 역대 최대 실적이다. 사상 처음으로 400억 달러 이상을 기록했다.이 밖에 컴퓨터 수출은 308.8% 증가한 54억1000만달러, 무선통신기기는 51.9% 증가한 15억5000만달러다. 자동차 수출도 5.8% 증가한 67억1000만달러를 기록했다.수입은 30.1% 증가한 661.0억 달러로, 중동 전쟁에 따른 고유가 여파로 원유 수입이 증가한 영향으로 풀이된다. 수출에서 수입을 뺀 무역수지는 361억5000만달러 흑자를 기록했다. 1~6월 누적 수지는 1383억 달러 흑자로 지난해 같은 기간과 비교해 1109억 달러 증가했다.",True,반도체,"2026년 6월 한국 수출액이 1022억5000만달러로 사상 처음 1000억달러를 돌파하며 세계 4번째로 기록됐다. 이는 AI 투자 확대와 반도체 수요 증가 덕분으로, 반도체 수출은 전년 대비 199.5% 증가한 448억2000만달러를 기록했다. 컴퓨터와 무선통신기기, 자동차 수출도 크게 늘었다. 수입은 30.1% 증가했으나, 무역수지는 361억5000만달러 흑자를 기록했으며, 1~6월 누적 흑자는 1383억달러로 전년 대비 1109억달러 늘었다.",반도체,2.0
2026-07-01,7월1일 0시 출범 전남광주…민형배 첫 지시는 반도체,정보 없음,https://n.news.naver.com/mnews/article/079/0004163450,"취임 직후 반도체·민생·재난안전 대책 주문통합특별시 첫 업무에 성장 전략 담아민형배 전남광주통합특별시장과 정은승 전남광주대전환기획위원장. 전남광주대전환기획위원회 제공전남광주통합특별시가 공식 출범한 가운데 민형배 초대 특별시장이 취임 직후 첫 업무지시로 반도체 지원 대책을 내릴 예정이어서 통합특별시의 성장 전략이 본격화할 전망이다.1일 전남광주통합특별시에 따르면 이날 오전 0시 특별시의회 본회의 개회와 함께 공식 출범 절차가 시작된다. 이후 의회 일정을 거쳐 민 시장은 취임 선서와 취임사를 진행할 예정이다.민 시장은 취임 선서를 마친 뒤 오전 2시 50분 무안청사 집무실에서 첫 업무지시를 내린다. 첫 업무지시 내용은 반도체 지원방안과 재해안전대책, 민생안정대책이다.특히 반도체 지원방안이 첫 업무지시에 포함되면서 통합특별시 출범과 동시에 첨단산업 육성을 시정 핵심 과제로 삼겠다는 의지가 담긴 것으로 풀이된다.정부가 최근 전남광주를 국가 반도체 거점으로 육성하겠다는 구상을 제시한 가운데 통합특별시 역시 출범 직후부터 관련 지원 체계 구축에 나설 전망이다.민 시장은 취임 첫날 반도체와 민생, 안전을 함께 챙기는 시정 방향을 제시할 예정이다. 성장과 시민 안전, 생활 안정을 동시에 추진하겠다는 메시지로 읽힌다.민 시장은 이날 저녁 광주 5·18민주광장에서 열리는 전남광주 반도체전략위원회 출범 행사에도 참석할 예정이다. 출범 첫날부터 반도체 산업 육성 의지를 거듭 강조하는 셈이다.전남광주통합특별시는 출범 첫날부터 반도체를 비롯한 미래산업 육성과 민생 안정, 재난 대응을 핵심 과제로 제시하며 본격적인 시정 운영에 들어간다.※CBS노컷뉴스는 여러분의 제보로 함께 세상을 바꿉니다. 각종 비리와 부당대우, 사건사고와 미담 등 모든 얘깃거리를 알려주세요.이메일 :jebo@cbs.co.kr카카오톡 :@노컷뉴스사이트 :https://url.kr/b71afn",True,반도체,"전남광주통합특별시가 공식 출범하며 민형배 초대시장은 반도체 지원, 민생 안정, 재난 안전 대책을 첫 업무로 지시할 예정이다. 특히 반도체 산업 육성을 핵심 과제로 삼아, 정부의 반도체 거점 육성 구상과 연계해 관련 지원 체계를 구축할 계획이다. 이와 함께 시민 안전과 생활 안정도 함께 추진하며, 출범 첫날부터 미래산업과 민생 안정, 재난 대응을 강조하는 시정 방향을 제시한다.",반도체,1.0
2026-07-01,6월 수출 1천23억달러…사상 첫 1천억달러 넘어 새 역사(종합),정보 없음,https://n.news.naver.com/mnews/article/001/0016169654,"6월 반도체 수출 448억달러…단일 품목 최초 400억달러 상회무역수지 흑자도 사상 처음으로 300억달러 넘어 362억달러상반기 누적 수출 4천967억달러…연간 '꿈의 1조달러' 시대 청신호6월 수출, 1천억달러 돌파(부산=연합뉴스) 강선배 기자 = 산업통상부가 1일 발표한 '6월 수출입 동향'에 따르면 수출은 전년 동월 대비 70.9% 증가한 1천22억5천만달러로 집계돼 한 달간 수출이 1천억달러를 넘은 것은 이번이 처음이다. 사진은 이날 장맛비가 내려 뿌옇게 보이는 부산항 신선대 부두 모습. 2026.7.1 sbkang@yna.co.kr(서울=연합뉴스) 신창용 기자 = 한국의 6월 수출이 사상 최초로 1천억달러를 돌파하며 새로운 이정표를 세웠다.주력인 반도체가 400억달러 이상을 웃도는 실적으로 전체 수출을 견인한 가운데 무역수지 흑자 역시 처음으로 300억달러를 돌파하며 양과 질 모두에서 괄목할만한 성적표를 거뒀다.올해 상반기 누적 수출액은 5천억달러에 육박하며 '꿈의 1조달러' 수출 시대에 대한 기대감을 한층 키웠다.산업통상부는 6월 수출이 전년 동월 대비 70.9% 급증한 1천22억5천만달러를 기록했다고 1일 발표했다.월간 수출액이 1천억달러를 넘어선 것은 이번이 역대 처음이다. 기존 역대 최대 기록이었던 5월의 878억달러를 훌쩍 뛰어넘은 것으로 월 수출 900억달러를 거치지 않고 1천억달러 시대로 직행했다.이로써 한국은 독일, 중국, 미국에 이어 전 세계에서 네 번째로 월 수출 1천억달러를 달성한 국가가 됐다.월간 수출은 지난해 6월 전년 동월 대비 증가세로 전환한 이후 13개월 연속 월 역대 최대 실적 행진을 이어갔다.조업일수를 고려한 일평균 수출은 59.5% 증가한 45억4천만달러로 5월(42억8천만달러)에 이어 2개월 연속으로 역대 최대 실적을 경신했다.주역은 반도체다. 글로벌 인공지능(AI) 인프라 투자 붐에 따른 메모리 수요 폭발로 고정가격이 급상승하면서 6월 반도체 수출은 전년 대비 199.5% 폭증한 448억2천만달러를 기록했다.DDR5 16Gb 가격이 3월 31.0달러에서 4월 35.3달러, 5월 37.5달러, 6월 40.0달러로 갈수록 오름세를 이어가며 수출액을 밀어 올렸다.반도체 수출이 월 400억달러를 돌파한 것은 이번이 처음이다. 반도체는 15개월 연속으로 해당 월 기준 역대 최대 실적을 기록했다.빅테크 기업들의 SSD(solid-state drive) 수요가 몰린 컴퓨터 수출이 308.8% 증가한 54억1천만달러를 기록했다. 무선통신기기(15억5천만달러·51.9%↑)도 휴대전화 완제품 중심의 증가세를 보였다.20대 주력 품목 중 18개의 수출이 증가하며 균형 잡힌 성장을 이뤄냈다. 반도체 외 품목의 수출 증가율은 28%에 달했다.자동차(67억1천만달러·5.8%↑), 석유제품(55억9천만달러·49.8%↑), 석유화학(40억7천만달러·18.8%↑), 선박(28억3천만달러·12.9%↑) 등이 강세를 이어간 가운데 철강(21억4천만달러·9.6%↑)이 AI 데이터센터 건설 수요 덕분에 14개월 만에 반등에 성공했다.화장품(42.5%↑), 농수산식품(16.8%↑) 등 소비재 수출도 K-브랜드 열풍을 타고 두 자릿수 성장세를 이어갔다.지역별로는 9대 주요 수출지역 중 7개 지역이 활짝 웃었다.특히 한국의 최대 교역국인 중국과 미국으로의 수출이 나란히 200억달러를 넘어섰다. 두 나라 모두에서 AI 서버 투자 확대 영향으로 반도체 수출이 크게 늘어난 덕분이다.아세안(183억달러)과 유럽연합(EU·76억2천만달러)도 역대급 실적을 기록했으나 중동 전쟁의 직격탄을 맞은 대중동 수출(18억달러·8.4%↓)은 물류 차질 등으로 인해 감소세를 이어갔다.6월 무역수지는 361억5천만달러 흑자를 기록했다. 사상 처음으로 300억달러 이상 흑자를 기록한 것이다.1∼6월 누적 수지는 1천383억달러 흑자로 지난해 같은 기간 대비 1천109억달러 증가했다.올해 상반기(1∼6월) 수출액은 전년 동기 대비 48.4% 증가한 4천967억달러로 역대 최대 실적을 경신했다.하반기에도 기세를 이어간다면 올해 수출액은 꿈의 1조달러 벽을 넘어설 것으로 기대된다.김정관 산업부 장관은 ""올해 상반기는 미국 관세, 중동 전쟁, 보호무역주의 확산 등 수출 여건이 녹록지 않았음에도 역대 최대 실적을 경신했다""며 ""수출의 양적 증가뿐만 아니라 품목·시장 다변화, 중소기업 수출 경쟁력 강화 등 질적 성장을 이뤄내 수출 5대 강국으로 도약할 수 있도록 총력 지원하겠다""고 말했다.[그래픽] 수출입 추이(서울=연합뉴스) 김민지 기자 = 산업통상부는 6월 수출이 전년 동월 대비 70.9% 급증한 1천22억5천만달러를 기록했다고 1일 밝혔다.minfo@yna.co.krX(트위터) @yonhap_graphics  인스타그램 @yonhapgraphicschangyong@yna.co.kr",True,반도체,"한국 6월 수출이 사상 최초로 1천억달러를 돌파하며 역대 최대 실적을 기록했고, 반도체 수출은 448억달러로 월 400억달러를 넘겼다. 무역수지도 처음으로 300억달러 이상 흑자를 기록했으며, 상반기 누적 수출은 4조967억달러로 연간 1조달러 수출 기대를 높였다. 글로벌 인공지능 수요 증가와 반도체 가격 상승이 주요 원인으로, 중국과 미국 수출이 각각 200억달러를 넘어섰다. 올해 수출은 전년 대비 48.4% 증가하며 최대치를 경신했고, 하반기에도 성장세가 기대된다.",반도체,1.0
2026-07-01,6월 수출 첫 1000억 달러 돌파…반도체·AI 호황 이끌었다(종합),정보 없음,https://n.news.naver.com/mnews/article/421/0009033983,"수출 70.9%↑·수입 30.1%↑, 무역수지 첫 300억 달러대 흑자반도체 199.5%↑·컴퓨터 308.8%↑…고부가 IT 수출 급성장인천신항 컨테이너 터미널에 수출입 컨테이너가 쌓여 있는 모습. ⓒ 뉴스1 황기선 기자(세종=뉴스1) 조용훈 김승준 기자 황덕현 기후환경전문기자 = 6월 한국의 수출이 사상 첫 1000억 달러를 돌파하며 상반기 무역 호황을 이끌었다. 반도체와 AI 인프라 확대에 힘입어 IT, 소비재, 소재·기계 등 전방위로 수출이 늘면서 무역수지 흑자도 역대 최대 수준을 기록했다.6월 수출 첫 1000억 달러, 상반기 무역 흑자도 역대 최대1일 산업통상부에 따르면 6월 수출은 전년 동월보다 70.9% 늘어난 1022억 5000만 달러로 독일, 중국, 미국에 이어 세계에서 네 번째로 월간 수출 1000억 달러를 넘겼다.같은 기간 수입은 30.1% 증가한 661억 달러에 그쳐 무역수지는 361억 5000만 달러 흑자를 내며 처음으로 300억 달러대를 돌파했다.상반기 누적 기준으로는 수출 4967억 달러, 수입 3584억 달러, 무역수지 1383억 달러 흑자로 과거 최대였던 2017년을 웃돌았다.경기 과천시 과천국립과학관 미래상상SF관에서 열린 '현대 전자 문명의 기반, 반도체' 전시. ⓒ 뉴스1 신웅수 기자반도체 448억 2000만 달러·컴퓨터 54억 1000만 달러, 고부가 IT 수출 급성장품목별로는 20대 주력 품목 중 18개가 플러스 성장을 기록해 수출 증가세가 특정 업종에 쏠리지 않고 넓게 확산된 점이 눈에 띈다.IT 부문에서 반도체 수출이 199.5% 급증한 448억 2000만 달러로 사상 처음 400억 달러를 넘었고, 컴퓨터는 SSD 수요 확대에 힘입어 308.8% 늘어난 54억 1000만 달러를 기록했다.무선통신기기 수출도 51.9% 증가한 15억 5000만 달러로 휴대폰 완제품 판매 호조를 반영했다. 산업부 관계자는 ""메모리 반도체와 AI 인프라 관련 수요가 동시에 폭발하면서 IT 수출 구조가 고부가가치 중심으로 재편되고 있다""고 말했다.모빌리티, 에너지·화학, 소재·기계, 소비재에서도 고른 증가가 확인된다. 자동차 수출은 67억 1000만 달러로 5.8% 늘었고, 선박은 LNG선 등 고부가가치 선박 비중 확대에 힘입어 12.9% 증가한 28억 3000만 달러를 기록했다.석유제품과 석유화학 수출은 각각 49.8%, 18.8% 늘어난 55억 9000만 달러, 40억 7000만 달러였으나 휘발유, 경유, 등유는 수출 통제 영향으로 물량이 크게 줄었다.철강은 데이터센터 건설 증가로 9.6% 늘어난 21억 4000만 달러로 14개월 만에 플러스 전환했고, 비철금속은 단가와 물량이 함께 뛰면서 45.8% 증가한 18억 2000만 달러로 6월 기준 역대 최대 실적을 올렸다.IT와 소비재가 동시에 성장 축으로 부상한 점도 눈길을 끈다. 메모리와 AI 서버용 부품이 함께 수출을 이끌면서 전통 주력인 메모리 단일 의존 구조에서 AI 인프라, 고부가 IT 복수 축 체제로 옮겨가는 흐름이 뚜렷해지고 있다.바이오헬스 수출은 14.1% 늘어난 19억 2000만 달러로 6월 기준 역대 최대를 기록했고, 화장품과 농수산식품은 각각 42.5%, 16.8% 증가한 13억 4000만 달러, 11억 7000만 달러로 K뷰티와 라면, 조미김 등 가공식품의 해외 수요 확대를 보여줬다.이들 소비재는 제조업 성장세가 IT 중심에서 일상 속 브랜드·식품으로까지 확산되는 흐름을 견인하며 수출 포트폴리오 다변화를 뒷받침하고 있다는 평가다.이재명 대통령이 경북 경주화백컨벤션센터(HICO)에서 젠슨 황 엔비디아 최고경영자(CEO) 접견에 앞서 참석자들과 기념촬영을 하고 있다. 왼쪽부터 이해진 네이버 의장, 최태원 SK그룹 회장, 젠슨 황 엔비디아 최고경영자(CEO), 이 대통령, 이재용 삼성전자 회장, 정의선 현대차그룹 회장. (대통령실 제공. 재판매 및 DB 금지) 2025.10.31 ⓒ 뉴스1 허경 기자중국·미국·아세안·EU 수출 호조, 중동·CIS 부진은 여전히 관리 과제지역별로는 중국, 미국, 아세안, EU 등 주요 시장에서 수출 증가세가 두드러졌다. 대중국 수출은 반도체, 석유화학, 일반기계, 무선통신기기 호조로 92.1% 급증한 200억 3000만 달러를 기록하며 8개월 연속 플러스 행진을 이어갔다.미국으로는 반도체, 컴퓨터, 전기기기 등 AI 서버 관련 품목과 화장품, 농수산식품 등 소비재가 동시에 늘어 수출액이 78.6% 증가한 200억 2000만 달러에 달했다.아세안 수출은 반도체, 석유제품, 디스플레이를 중심으로 86.6% 급증해 5개월 연속 월 기준 역대 최대를 경신했고, EU 수출도 선박, 반도체, 자동차, 바이오헬스가 고르게 늘며 31.8% 증가한 76억 2000만 달러로 6월 기준 역대 1위를 기록했다.에너지 수입은 유가 상승 영향으로 45.1% 증가했지만 에너지 외 수입은 27.0% 증가에 그치며 수출 호조와 격차를 보였다. 원유 수입 물량은 전년보다 10% 줄었지만 수입단가가 뛰면서 금액 기준으로는 50.4% 늘어난 86억 달러를 기록했다.비에너지 부문에서는 비철금속, 반도체 장비 등 핵심 소재와 설비 수입이 늘어 향후 생산·수출 확대를 뒷받침할 기반 투자 성격이 짙다는 평가다. 산업부 관계자는 ""수출입 구조를 보면 단순 경기 반등을 넘어 IT, 소비재, 소재·기계 등 주력 산업 전반에서 체질 개선과 경쟁력 강화가 동시에 진행되고 있다""고 설명했다.이번 6월 성과는 반도체 수출이 상반기에 이미 1924억 달러를 기록해 지난해 연간 실적 1734억 달러를 앞지른 가운데, 반도체 외 품목 수출이 6월 574억 달러, 상반기 3043억 달러로 각각 28%, 16% 늘어난 점에서 의미가 크다.업계에서는 메모리 가격과 AI 투자 흐름이 유지될 경우 호조가 이어질 것으로 보면서도, 글로벌 경기와 환율, 유가 변수가 겹칠 경우 수출 증가세가 조정 국면에 들어갈 가능성도 함께 점검하고 있다.",True,반도체,"6월 한국 수출은 1022억 5000만 달러로 사상 첫 1000억 달러 돌파, 상반기 무역 흑자는 1383억 달러로 역대 최대를 기록했다. 반도체, 컴퓨터 등 IT 수출이 급증(반도체 199.5%, 컴퓨터 308.8%)하며 수출 구조가 고부가가치 중심으로 재편됐다. 주요 시장인 중국, 미국, 아세안, EU에서도 수출이 크게 늘었으며, 무역수지 흑자와 함께 소재·기계·소비재 등 다양한 산업에서 성장세를 보였다. 에너지 수입은 유가 상승으로 증가했지만, 전반적인 수출입 구조 개선이 지속되고 있다.",반도체,3.0
2026-07-01,반도체 특수에 올해 성장률 4%대 전망 등장,정보 없음,https://n.news.naver.com/mnews/article/448/0000623537,"연합뉴스글로벌 인공지능(AI) 열풍에 따른 반도체 수출 호조로 올해 우리나라 경제성장률이 4%대에 달할 것이라는 낙관적인 전망이 국내외에서 속출하고 있다. 이에 따라 한국은행 역시 향후 연간 성장률 전망치를 기존보다 상향 조정할 것으로 예상된다.1일 금융권에 따르면 영국 캐피털 이코노믹스(CE)는 최근 보고서에서 한국의 올해 실질 국내총생산(GDP) 성장률 전망치를 4.0%로 제시했다. 지난 2월 1.0%를 시작으로 3월 1.6%, 4월 2.7%에 이어 지난달 4.0%까지 가파르게 올려 잡은 것이다. 국내 재보험사인 코리안리는 국내외 기관을 통틀어 가장 높은 4.1%를 예상했다.블룸버그 집계에 포함된 42개 기관 중 올해 성장률을 3%대 이상으로 내다본 곳은 11곳에 달했다. JP모건이 3.7%를 기록했으며 내셔널호주은행과 iM증권이 각각 3.6%, 씨티와 블룸버그 이코노믹스가 각각 3.5%를 제시했다. 블룸버그 집계에 포함되지 않은 우리금융경영연구소 역시 전날 올해 성장률 전망치를 기존 2.0%에서 3.0%로 대폭 상향했다.이 같은 전망치 상향의 핵심 동력은 반도체 호황이다. 캐피털 이코노믹스는 ""한국 경제가 인공지능 관련 수출 수요의 큰 파도를 타고 있다""고 분석했다. 우리금융경영연구소와 씨티는 반도체 특수에 따른 투자 호조와 함께 9월 초 25조 원 이상의 대규모 추가경정예산 편성 가능성 등을 경제 성장을 이끌 주요 요인으로 꼽았다.시장에서는 한국은행도 오는 8월 수정 경제전망을 통해 지난 5월 제시했던 연간 성장률 전망치 2.6%를 상향 조정할 것으로 보고 있다. 이미 올해 1분기 성장률 잠정치가 속보치보다 0.1%포인트(p) 높은 1.8%로 집계되면서 상향 조정의 여지가 생겼기 때문이다.이와 관련해 신현송 총재는 지난달 19일 한국금융학회 학술대회에서 ""올해 연간 성장률 전망치가 기계적으로라도 2.6%에서 상향 조정될 것""이라고 밝혔다.",True,반도체,"글로벌 AI 열풍과 반도체 수출 호조로 올해 한국 경제성장률이 4%대에 이를 것이라는 전망이 많아지고 있다. 영국 캐피털 이코노믹스는 4.0%, 국내 재보험사인 코리안리도 4.1%를 예상하며, 블룸버그 집계 42개 기관 중 3%대 이상 전망이 11곳에 달한다. 반도체 호황과 인공지능 수출 증가, 대규모 예산 편성 가능성 등이 성장 동력이다. 한국은행도 연내 성장률 전망치를 기존 2.6%에서 상향 조정할 것으로 기대된다.",반도체,1.0
2026-07-01,"전남광주특별시의회, '반도체 지원 조례' 1호 안건 의결",정보 없음,https://n.news.naver.com/mnews/article/001/0016168647,"전남광주통합특별시의회 첫 개회(무안=연합뉴스) 형민우 기자 = 전남광주통합특별시의회 첫 본회의가 1일 0시 전남 무안군 삼향읍 전남도의회에서 열리고 있다. 통합의회는 이날 초대 의장 선출과 출범 필수 자치법규 처리 등 전반기 원 구성 절차에 착수했다. 2026.7.1 minu21@yna.co.kr(무안=연합뉴스) 형민우 기자 = 1일 출범한 전남광주통합특별시의회가 1호 안건으로 '전남광주통합특별시 글로벌 반도체 전력투자 지원에 관한 조례안'을 의결했다.전남광주통합특별시의회는 이날 0시 5분 전남도의회에서 첫 본회의를 열어 송형곤 의장이 대표발의한 반도체 지원 조례안을 상정했다.조례안은 통합특별시의회 출범이라는 특수 상황과 사안의 시급성 등을 고려해 안건별로 심의하지 않고 일괄 상정됐다.표결 결과 재석 91명 전원 찬성으로 가결됐다.반도체 지원 조례는 국가반도체 전략산업을 차질 없이 추진할 수 있도록 투자 유치부터 투자 이행 기반시설 지원까지 체계적으로 뒷받침하기 위한 제도적 기본을 마련하기 위해 제정됐다.통합특별시장은 반도체 산업 투자 유치와 투자 이행 지원을 위한 시책을 수립 시행하고 관계 기관과의 협력 체계를 구축하도록 규정했다.투자 유치, 투자 이행 점검 기반시설 지원 등을 종합적으로 심의 조정하기 위한 반도체 전략위원회를 설치하는 내용도 담았다.반도체 지원 조례가 제정됨에 따라 전남광주특별시는 삼성전자와 SK하이닉스의 대규모 반도체 투자를 본격적으로 지원할 수 있게 됐다.삼성전자와 SK하이닉스는 광주와 서남권에 800조원 규모의 반도체 팹(Fab) 4기를 구축하는 투자계획을 밝혔다.minu21@yna.co.kr",True,반도체,"전남광주통합특별시의회가 1일 무안군에서 첫 본회의를 열고, '전남광주통합특별시 글로벌 반도체 전력투자 지원 조례안'을 만장일치로 가결했다. 이 조례는 반도체 산업 투자 유치와 이행, 기반시설 지원을 체계화하며, 삼성전자와 SK하이닉스의 800조원 규모 반도체 투자 계획을 적극 지원할 수 있는 제도적 기반을 마련한다. 통합의회는 앞으로 초대 의장 선출과 자치법규 처리 등 원 구성 절차를 진행할 예정이다.",반도체,1.0
2026-07-01,반도체 호황의 낙수효과…4% 성장 전망까지 나왔다,정보 없음,https://n.news.naver.com/mnews/article/025/0003534595,"경기도 용인시 처인구의 SK하이닉스 반도체 일반 산업단지. 김정훈 기자반도체 경기 호황에 올해 한국 경제성장률이 4%에 달할 것이란 전망이 등장했다. 올해 초만 해도 1~2%대에 머물던 전망치가 인공지능(AI) 반도체 특수와 수출 호조에 힘입어 잇달아 상향 조정되고 있다.1일 금융권에 따르면 영국계 금융사 캐피털이코노믹스(CE)와 네덜란드계 ING는 올해 한국의 실질 국내총생산(GDP) 성장률을 모두 4.0%로 전망했다. 국내 재보험사인 코리안리는 4.1%로 가장 높은 성장률을 제시했다. 블룸버그가 집계한 국내외 42개 기관 가운데 한국은행의 5월 전망치(2.6%)를 웃도는 3% 이상 성장률을 제시한 기관은 11곳에 달했다. JP모건(3.7%), 내셔널호주은행(NAB)·호주뉴질랜드은행(ANZ)·iM증권(3.6%), 블룸버그이코노믹스·씨티(3.5%) 등이다.4% 성장률을 달성한다면 2021년(4.0%) 이후 5년 만이다. 다만 2021년 성장은 코로나19 침체로 고꾸라졌던 성장률이 크게 반등한 ‘기저효과’ 성격이 강했다. 올해 들어 성장률 눈높이를 다시 끌어올린 핵심 배경은 반도체다. AI 투자 경쟁이 이어지면서 고대역폭메모리(HBM)를 비롯한 첨단 메모리 수요가 급증했고, 반도체 수출과 설비투자가 예상보다 강한 흐름을 보이면서 낙관론이 번졌다.CE는 넉 달 전만 해도 중동발 고유가가 에너지 순수입국인 한국을 포함한 아시아에 ‘스태그플레이션 충격’을 안길 것이라고 경고했다. 그러나 지난 2월 1.0%, 3월 1.6%, 4월 2.7%에 이어 지난달 4.0%로 거의 매달 한국의 성장률 전망치를 끌어올렸다. 가레스 레더 CE 이코노미스트는 “아시아 경제는 에너지 가격 충격을 대부분 털어냈으며 AI 관련 제품에 대한 강한 수요가 견조한 성장을 뒷받침하고 있다”고 평가했다.ING도 최근 보고서에서 “반도체 호황이 수출을 넘어 민간소비·정부지출·투자의 성장 기반을 마련하고 있다”고 진단했다. 강민주 ING 이코노미스트는 “삼성전자와 SK하이닉스가 코스피 랠리를 이끌었고, 두 회사가 대규모 성과급과 배당을 약속하면서 소비에도 긍정적 영향이 예상된다”며 “다만 수혜가 고소득·고자산 가구에 집중돼 소득 불평등은 오히려 확대될 수 있다”고 짚었다.국내외 기관들의 전망치 상향도 이어지고 있다. 씨티는 전날 반도체 호황과 기술 설비투자 확대, 9월 초까지 25조원 이상의 2차 추가경정예산 편성 가능성을 반영해 올해 성장률 전망치를 3.1%에서 3.5%로 높였다. 우리금융경영연구소도 올해 성장률 전망치를 2.0%에서 3.0%로 상향 조정하면서 “반도체 수요 급증으로 국내 수출과 설비투자가 예상을 크게 웃돌고, 기업과 가계의 소득 개선이 투자와 소비 증가로 이어질 경우 성장률이 3.0%를 웃돌 가능성이 있다”고 분석했다.이에 한국은행도 성장률 전망을 상향 조정할 가능성이 커졌다. 올해 1분기 실질 GDP 성장률 잠정치는 전기 대비 1.8%로 속보치(1.7%)보다 0.1%포인트 높게 집계됐다. 신현송 총재도 지난달 한국금융학회 학술대회에서 “올해 연간 성장률 전망치는 기계적으로라도 2.6%에서 상향 조정될 것”이라고 언급했다.",True,반도체,"올해 한국 경제성장률이 4%에 달할 전망이 나오고 있다. 반도체 호황과 AI 반도체 수요 증가, 수출 호조가 주요 배경으로, 글로벌 기관들이 기존 예상치를 상향 조정하고 있다. 특히 SK하이닉스 등 반도체 기업의 실적 개선이 민간소비와 설비투자에 긍정적 영향을 미치며 성장 기대를 높이고 있다. 일부 기관은 3%대 성장률도 예상하며, 한국은행 역시 전망을 상향할 가능성이 크다. 이는 2021년 이후 5년 만의 높은 성장률이다.",반도체,1.0
2026-07-01,삼전 노조 “호남 반도체 우리와도 논의를…처우 뒷받침 되길”,정보 없음,https://n.news.naver.com/mnews/article/020/0003730766,"초기업노조, 메가 프로젝트 노사정 협의 제안최승호 삼성 초기업노동조합 삼성전자지부 위원장이 20일 새벽 정부세종청사 고용노동부 중앙노동위원회에서 2차 사후조정이 잠시 중단된 뒤 회의실을 나서고 있다. 2026.05.20 세종=박형기 기자 oneshot@donga.com삼성전자 반도체(DS)부문이 주축이 된  삼성그룹 초기업노동조합 삼성전자지부(초기업노조)가 정부와 삼성전자 등이 추진 중인 ‘대한민국 대도약 메가 프로젝트’와 관련 노사정 협의를 제안했다. 일각에서는 호남 반도체 투자를 노조와 협의하라는 것 아니냐는 평가도 나온다.초기업노조는 이날  ‘메가 프로젝트에 대한 초기업노조 입장’ 제목의 입장문을 내고 “정부와 회사, 노동조합이 한자리에 모이는 노사정 협의의 장을 제안하며 건설적인 대화를 통해 이 국가적 과제가 대한민국의 새로운 도약으로 이어지길 기대한다”고 밝혔다.삼성전자 서울 서초사옥 모습. 뉴시스초기업노조는 메가 프로젝트를 ‘대한민국 반도체 산업의 미래를 좌우할 과제’로 규정하면서 라인 하나 가동하기 위해 부지 선정, 인허가, 전력·용수 등 인프라 확보까지 최소 5년 이상 소요되는 긴 여정이라며 조급한 추진보다 장기적 관점의 철저한 준비가 필요하다고 했다. 이어 “이 모든 것의 근본에는 사람이 있다”며 “초기업노조는 조합원이 앞으로 일하게 될 현장의 산업 안전, 주거 환경, 인프라가 충실히 갖춰지고 그에 걸맞는 처우가 뒷받침 되기를 바란다”고 밝혔다. 정당한 대우를 해줘야 반도체 경쟁력을 키울 수 있다는 취지다.초기업노조는 “이러한 과제는 우리 모두가 뜻을 모을 때 해결할 수 있다”며 “현장을 가장 잘 아는 노동조합이 그 역할을 다하겠다”고 했다. 사실상 호남 반도체 투자 과정에 노조가 관여하겠다는 뜻으로 풀이된다.앞서 삼성전자는 평택캠퍼스와 용인 국가산업단지, 광주 반도체 클러스터 육성 등에 총 2430조 원에 달하는 대규모 투자 계획을 발표한 바 있다.",True,삼성전자,"삼성전자 초기업노조는 ‘대한민국 대도약 메가 프로젝트’와 관련해 정부와 삼성전자 간 노사정 협의를 제안하며, 장기적이고 신중한 추진을 강조했다. 노조는 반도체 산업의 미래를 위해 인프라와 근무 환경 개선이 필요하다고 밝혔으며, 호남 반도체 투자 과정에 노조의 참여를 시사했다. 삼성전자는 대규모 투자 계획을 발표하며, 노사 협력과 안정적 발전을 추진 중이다.",반도체,1.0
2026-07-01,"삼성 초기업노조 “호남 반도체, 정부·회사 우리와 협의해야”",정보 없음,https://n.news.naver.com/mnews/article/025/0003534630,"경기 수원시 영통구 삼성전자 본사의 모습. 뉴스1삼성전자 최대 노조인 삼성그룹 초기업노동조합 삼성전자지부(초기업노조)가 삼성전자의 호남 반도체 생산기지 건설 등 대규모 투자 계획과 관련해 정부와 회사, 노동조합이 참여하는 ‘노사정 협의체’ 구성을 제안했다. 노조는 조합원이 근무할 현장의 산업안전과 정주 여건, 처우 등이 투자 계획과 함께 논의돼야 한다고 주장했다.초기업노조는 1일 발표한 ‘메가 프로젝트에 대한 초기업노조 입장’에서 “정부와 회사, 노동조합이 한자리에 모이는 노사정 협의의 장을 제안한다”며 “건설적인 대화를 통해 국가적 과제가 대한민국의 새로운 도약으로 이어지길 기대한다”고 밝혔다.노조는 삼성전자가 추진하는 메가 프로젝트를 “대한민국 반도체 산업의 미래를 좌우할 과제”라고 평가하면서도 “조급함보다는 철저한 준비가 필요하다”고 강조했다. 이어 “라인 하나를 가동하기 위해서는 부지 선정과 인허가, 전력·용수 등 인프라 확보까지 최소 5년 이상 걸리는 긴 여정”이라며 장기적인 관점에서 추진해야 한다고 밝혔다.특히 인재 확보와 근무 환경 개선을 강조했다. 노조는 “경쟁력을 지키기 위해서는 천금매골(千金買骨)의 자세가 필요하다”며 “핵심 인재와 기술 확보를 위한 과감한 투자와 정부·회사의 지원이 뒷받침돼야 한다”고 주장했다.이어 “조합원이 앞으로 일하게 될 현장의 산업안전과 주거 환경, 인프라가 충실히 갖춰지고 그에 걸맞은 처우가 뒷받침되기를 바란다”며 “좋은 근무 환경과 정당한 대우가 우수 인재를 지키는 가장 확실한 길이자 반도체 경쟁력의 토대”라고 밝혔다.재계에서는 이번 제안을 사실상 호남 반도체 프로젝트 추진 과정에서 노조와의 협의를 요구한 것으로 해석하고 있다.특히 올해 시행된 개정 노동조합법(노란봉투법)으로 노조의 쟁의 대상이 기존 근로조건뿐 아니라 ‘사업 경영상 결정’까지 확대된 점도 영향을 미쳤다는 분석이 나온다. 이에 따라 신규 공장 건설이나 생산기지 이전, 생산라인 재배치 등이 근로조건과 밀접한 관련이 있다고 판단될 경우 노조가 교섭을 요구하거나 쟁의에 나설 수 있는 길이 열렸다.재계에서는 대규모 반도체 투자 과정에서 전력과 용수, 인허가 등 기존 변수에 더해 노사 협의도 새로운 변수로 떠오를 수 있다는 우려가 나온다. 한 재계 관계자는 “노조가 메가 프로젝트를 계기로 향후 임금이나 처우 협상 등 다른 요구까지 확대할 가능성도 배제할 수 없다”고 말했다.앞서 삼성전자는 광주에 대규모 반도체 생산시설(팹) 2기를 건설하는 것을 포함해 평택캠퍼스, 용인 국가산업단지, 광주 반도체 클러스터 육성 등 총 2430조원 규모의 반도체 투자 계획을 발표했다. 정부는 부지 조성과 인허가, 전력·용수 등 기반시설 구축을 지원하기로 했다.",True,반도체,"삼성전자 초기업노조는 호남 반도체 투자 등 대규모 프로젝트와 관련해 정부, 회사, 노동조합이 참여하는 노사정 협의체 구성을 제안했다. 조합원 안전, 근무 환경, 처우 개선을 논의하기 위해서다. 노조는 반도체 산업의 미래를 위해 철저한 준비와 인재 확보, 인프라 지원이 필요하다고 강조했으며, 최근 개정 노동법으로 노조의 교섭 권한이 확대됨에 따라 향후 협상과 쟁의 가능성도 커지고 있다. 삼성전자는 2430조원 규모의 반도체 투자 계획을 발표했고, 정부는 인프라 구축을 지원한다.",반도체,1.0
2026-07-01,올해 상반기 ETF 수익률 키워드는 '반도체+레버리지',정보 없음,https://n.news.naver.com/mnews/article/001/0016168768,"ETF 수익률 1∼3위 '반도체 레버리지'…4∼12위 '지수 레버리지'코스피 급등에 국내 주식ETF 수익률 '압도적'…""레버리지로 변동성 커져""반도체 ETF (PG)[김선영 제작] 일러스트(서울=연합뉴스) 고은지 기자 = 올해 상반기 상장지수펀드(ETF) 수익률 상위권을 휩쓴 키워드는 반도체와 레버리지였다.1일 한국거래소와 금융정보업체 연합인포맥스에 따르면 지난 1월 2일부터 전날(6월 30일)까지 ETF 수익률 상위 12위까지가 모두 레버리지 상품으로 나타났다. 레버리지는 기초지수의 일간 수익률을 2배 추종하는 상품이다.그중에서도 상위 1∼3위가 반도체 레버리지 ETF였다.올해 국내 증시가 반도체 중심의 상승 랠리를 나타내면서 반도체와 레버리지 조합이 탁월한 성과를 낸 것이다.1위는 'TIGER 200IT'레버리지로, 1월 2일∼6월 30일 상승률이 764.07%에 달했다. 이 ETF는 SK하이닉스·삼성전자와 SK스퀘어, 삼성전기 등 반도체 관련 종목을 편입하고 있다.이어 'KODEX 반도체레버리지'(493.80%)와 'TIGER 반도체TOP10레버리지'(361.23%)가 각각 2위와 3위에 이름을 올렸다.4∼12위까지는 'HANARO 200선물레버리지'(331.93%), 'TIGER 레버리지'(328.40%), 'PLUS 200선물레버리지'(327.82%), 'RISE 200선물레버리지'(327.05%) 등 (선물)지수 추종 레버리지 ETF가 차지했다.올해 상반기 코스피가 다른 나라 주요 주가지수를 큰 폭 웃도는 상승률을 기록한 만큼 상위 1∼13위까지를 모두 국내 주식에 투자하는 ETF였다.연초 이후 코스피 상승률은 99.20%로, 세계 주요 국가지수 중 가장 높았다. 미국 필라델피아반도체지수가 93.55%로 뒤를 이었고 대만(3위·59.25%), 일본(4위·39.18%) 등 여타 아시아 주가지수도 크게 웃돌았다.해외 주식형 ETF 중 가장 수익률이 높았던 건 'TIGER 미국필라델피아반도체레버리지'(14위·281.08%)였다.삼전닉스 레버리지 상장…첫날부터 급등세(서울=연합뉴스) 서대연 기자 = 삼성전자와 SK하이닉스를 기초자산으로 하는 단일종목 레버리지 ETF(상장지수펀드)가 상장하자마자 급등세를 보인 27일 서울 중구 하나은행 본점 딜링룸에 표시된 각 종목 주가와 이날 거래되고 있는 SK하이닉스 단일종목 레버리지 ETF 화면. 2026.5.27 dwise@yna.co.kr지난달 27일 출시된 단일종목 레버리지는 상장 한 달이 약간 지난 만큼 상반기 수익률 상위 종목에는 포함되지 않았다.다만, 상장 이후로만 보면 SK하이닉스 단일종목 레버리지 7종이 상승률 1위부터 7위까지 줄 세우기를 했다.올해 상반기 수익률 최하위 종목은 주가 하락 시 2배의 수익률을 낼 수 있는 '곱버스' 상품이었다.'KIWOOM 200선물인버스2X'(-89.26%), 'PLUS 200선물인버스2X'(-88.96%), 'TIGER 200선물인버스2X'(-88.94%), 'KODEX 200선물인버스2X(-88.78%)', 'RISE 200선물인버스2X'(-88.55%)가 수익률 하위 1∼5위를 기록했다.이들 ETF는 모두 코스피 200선물지수 하락에 2배로 베팅하는 상품이다.하반기에도 반도체 ETF의 인기는 당분간 지속될 전망이다.NH투자증권 하재석 연구원은 ""연초 이후 국내 주식 ETF 순자산총액이 급증한 가운데 개인 투자자는 반도체 ETF를 집중적으로 매수했다""며 ""메모리 반도체 기업의 실적 모멘텀(동력)이 지속되고 있고 밸류에이션(평가기치) 부담도 낮아 당분간 반도체 ETF 선호도는 이어질 것""이라고 전망했다.다만, 레버리지 ETF의 급격한 성장은 국내 증시의 변동성을 키웠다는 지적도 나왔다.미래에셋증권 유명간 연구원은 ""주식 시장의 변동성은 구조적으로 높아졌다""며 ""국내외 ETF 시장이 빠르게 성장하면서 레버리지 ETF의 영향력이 커졌기 때문""이라고 짚었다.유 연구원은 ""레버리지 ETF로 변동성은 커졌지만 결국 주가 방향성은 실적과 동행한다""면서 ""여전히 주도주(반도체·대형주) 중심의 대응이 유리하나 쏠림보다는 확산을 준비할 시점""이라고 조언했다.eun@yna.co.kr",True,반도체,"올해 상반기 국내 ETF 수익률 상위 12개는 모두 레버리지 상품으로, 특히 반도체 레버리지 ETF가 1~3위를 차지하며 높은 성과를 기록했다. 코스피 상승률이 99.2%로 세계 최고 수준이었기 때문이다. 반도체 관련 ETF는 SK하이닉스와 삼성전자 등을 편입하며 큰 수익을 냈으며, 해외 반도체 ETF도 높은 수익률을 보였다. 그러나 레버리지 ETF의 급증은 시장 변동성을 키운다는 우려도 제기되고 있다. 전문가들은 실적 중심의 주식 투자와 분산 전략을 조언한다.",반도체,1.0
2026-07-01,"이상일 용인시장, 1호 결재로 '반도체 육성 계획' 서명",정보 없음,https://n.news.naver.com/mnews/article/001/0016170954,"민선 9기 임기 시작…이동·남사 등 산단 현장 방문해 정부 지원 촉구(용인=연합뉴스) 김광호 기자 = 지난달 제9회 전국동시지방선거에서 재선에 성공한 이상일 경기 용인시장은 1일 민선9기 첫 결재로 '용인 르네상스 2.0 용인시 반도체산업 육성 및 클러스터 조성 종합계획'에 서명했다.이 시장은 이날 새벽 환경미화원들과 생활폐기물을 수거하며 일정을 시작한 뒤 이 계획을 결재했다.이상일 용인시장, 민선 9기 출범 첫날 SK하이닉스 입주 산단 조성 공사 현장 방문[용인시 제공. 재판매 및 DB 금지]이번 계획은 삼성전자와 SK하이닉스 등 두 반도체 선도기업과 함께 용인을 세계 반도체 중심도시로 만들기 위한 3대 추진 전략과 11개 세부 사업을 담고 있다.3대 추진 전략은 ▲ 클러스터 적기 가동을 통한 핵심 동력 확보 ▲ 실리콘 용인 생태계 고도화 및 소부장 혁신 지원 ▲ 지·산·학 융합 글로벌 반도체 인재 양성 등이다.시는 이 계획에 따라 2023년 7월 20일 정부의 '반도체 국가첨단전략산업 특화단지' 지정을 받은 이동·남사읍 첨단시스템반도체 국가산단(삼성전자 팹 6기 건설)은 물론 원삼면 용인반도체클러스터 일반산단(SK하이닉스 팹 4기 건설), 삼성전자 기흥캠퍼스 미래연구단지(NRD-K)의 기반 시설 조성에 대한 행정 지원을 강화할 방침이다.반도체 소부장(소재·부품·장비) 기업의 신기술을 실증하고, 양산 가능성을 검증하는 양산 연계형 트리니티팹 기반 구축 사업도 적극적으로 지원할 방침이다.이 시장은 결재 후 첨단시스템반도체 국가산단과 용인반도체클러스터 일반산단 현장사무실을 방문해 공사 진행 상황을 점검했다.이 자리에서 이 시장은 두 산단을 다음달 11일부터 시행 예정인 '반도체 산업 경쟁력 강화 및 지원 특별법'에 규정된 '반도체클러스터'로 신속히 지정할 것을 정부에 요구했다.지정 시 기반 시설 조성사업의 예비타당성 조사를 면제받거나 간소화할 수 있으며, 기반 시설 설치 비용의 50~100%를 국비로 지원받는 등 다양한 혜택을 받을 수 있다.이 시장은 이날 오후 5시 용인포은아트홀에서 참석 인원과 투입 비용 등을 최소화한 가운데 민선 9기 시장 취임식을 할 예정이다.그는 이 자리에서 용인시 첫 재선 민선시장으로서 '시민과 함께 만드는 미래 용인르네상스 시즌2' 비전을 제시할 계획이다.kwang@yna.co.kr",True,반도체,"이상일 용인시장은 민선 9기 출범 첫날 반도체산업 육성 계획에 서명하고, SK하이닉스·삼성전자 등 핵심 기업과 연계한 반도체 클러스터 조성 및 지원 방안을 추진합니다. 이동·남사 첨단산단과 용인반도체클러스터 현장 방문 후, 정부에 반도체클러스터 지정과 신속한 인센티브 확보를 요청하며, 미래 용인 비전인 '용인르네상스 시즌2'를 발표할 예정입니다.",반도체,2.0
2026-07-01,[속보] 한국 수출액 1천억달러 최초 돌파…반도체 호황에 사상 최대,정보 없음,https://n.news.naver.com/mnews/article/009/0005701039,"[연합뉴스]지난달 우리나라의 수출액이 사상 처음으로 1000억달러를 넘어서는 기록을 세웠다. 이에 한국은 독일·중국·미국의 뒤를 이어 세계에서 네 번째로 월간 수출 1000억달러를 달성한 국가로 이름을 올리게 됐다.1일 산업통상부에 따르면 지난달 수출이 1022억5000만달러로 집계됐다. 전년 동월 대비 70.9% 증가한 규모다. 월간 수출이 1000억달러를 넘어선 것은 처음이다. 지난달 수입은 661억달러로, 전년 동월과 비교해 30.1% 증가했다. 무역수지는 361억5000만달러 흑자로 나타났다. 월간 무역흑자가 300억달러를 돌파한 것도 사상 처음이다.신기록 일등공식은 반도체였다. 반도체 수출은 전년 동월보다 199.5% 늘어난 448억2000만달러로 확인됐다. 글로벌 인공지능(AI) 인프라 투자 확대 기조에 메모리 수요가 급증하고 고정가격이 상승하면서 수출을 끌어올렸다.상반기 실적도 역대 최고였다. 상반기 수출은 4967억달러로 전년 동기에 견줘 48.4% 확대됐다. 최고 기록을 경신한 셈이다. 상반기 반도체 수출은 1924억달러로 지난해 연간 실적(1734억달러)을 이미 넘어섰다. 상반기 무역흑자도 1383억달러로 사상 최대였다.",True,반도체,"지난달 우리나라의 수출액이 1022억5000만달러로 사상 처음 1000억달러를 돌파하며 세계 4위 기록을 세웠다. 전년 동월 대비 70.9% 증가했고, 무역수지도 361억5000만달러 흑자로 사상 최대를 기록했다. 특히 반도체 수출은 448억2000만달러로 199.5% 급증했으며, 상반기 수출은 4967억달러로 역대 최고를 경신했고, 반도체 수출도 1924억달러로 지난해 연간 실적을 넘었다. 이를 통해 글로벌 인공지능 인프라 투자 확대와 가격 상승이 수출 호조를 이끌었다.",반도체,3.0
2026-07-01,6월 수출 1000억弗 돌파…獨·中·美 이어 네 번째 천억불 클럽(종합),정보 없음,https://n.news.naver.com/mnews/article/003/0014039447,"산업부, 6월 수출입동향…무역수지 361.5억弗 17달 연속 흑자반도체 448.2억弗 전년대비 199.5%↑…사상 첫 400억弗 돌파상반기수출 37.5억불 전년비 46.2%↑…역대 최대 수출액달성상반기 20대 수출 품목 중 14개 증가 9대 지역 중 7개 늘어나[평택=뉴시스] 김종택 기자 = 3일 경기 평택시 포승읍 평택항 자동차 전용부두에 수출용 차량이 세워져 있다. 2026.04.03. jtk@newsis.com[세종=뉴시스]김동현 이수정 기자 = 반도체 슈퍼사이클에 힙입어 지난달 수출이 사상 첫 1000억 달러 돌파에 성공했다. 수출은 전년대비 70.9% 증가하며 독일, 중국, 미국에 이어 세계에서 네 번째로 월 수출 1000억 달러 이상을 넘어섰다.반도체는 고대역폭메모리(HBM)와 더블데이터레이트(DDR)5 등 고부가 메모리 반도체 수요 견조에 힘입어 400억 달러를 넘어서며 사상 최고치를 경신했다. 4개월 연속 수출 300억 달러 이상 및 15개월 연속 월 역대 최대 실적을 올렸다.1일 산업통상부가 발표한 '6월 수출입동향'에 따르면 수출은 1년 전보다 70.9% 증가한 1023억 달러(158조 4627억원), 수입은 30.1% 증가한 661억 달러(102조 5542억원)를 기록한 것으로 집계됐다.무역수지는 전년동월대비 361억5000만 달러 흑자를 달성했다. 무역수지는 사상 첫 300억 달러를 돌파했으며 1~6월 누적 수지는 1383억 달러 흑자를 기록했다. 무역수지는 지난해 2월 이후 17개월 연속 흑자를 달성했다.수출은 13개월 연속 플러스 흐름을 이어갔고 6월 수출은 역대 6월 중 1위를 달성했다. 조업일수를 고려한 일평균 수출은 59.5% 증가한 45억4000만 달러를 기록한 것으로 나타났다. 일 평균 수출은 2개월 연속 역대 최대 실적을 올렸다.20대 주력 수출 품목 중에선 18개 품목 수출이 증가했다.최대 수출 품목인 반도체 수출은 D램 고정가격이 반등한 가운데 HBM 등 고부가 메모리 수출 호조세도 지속되면서 448억2000만 달러(199.5%)로 사상 첫 400억 달러 이상을 기록했다. 4개월 연속 수출 300억 달러 이상 및 15개월 연속 해당 월 역대 최대실적을 올렸다.DDR5 가격은 올해 4월 35달러에서 5월 37.50달러, 6월 40달러로 지속 증가세다. 6월 가격은 전년대비 685.1% 증가한 것으로 나타났다.  낸드 플래시 단가 역시 같은 기간 825.2% 상승한 것으로 집계됐다.컴퓨터 수출은 인공지능(AI) 인프라 수요 확대에 따른 고속 데이터 저장장치 솔리드스테이트드라이브(SSD) 초과 수요가 지속되면서 전년동월대비 308.8% 증가한 54억1000만 달러를 기록했다.컴퓨터 수출액은 올해 2월 26억 달러(+222%), 3월 34억 달러(+189%), 4월 41억 달러(516%), 5월 42억 달러(191%), 6월 54억 달러(+309%) 등으로 증가세를 보이고 있는 중이다. 미국을 중심으로 글로벌 데이터센터 수요가 크게 늘고 있고  엔비디아의 차세대 AI 플랫폼 '베라 루빈(Vera Rubin)' 양산 예정 등으로 수요가 확대된 것이 수출액 증가로 이어졌다.무선통신기기는 신규 모델 출시로 휴대폰 완제품 중심의 수출이 호조세를 보이며 전년대비 51.9% 증가한 15억5000만 달러를 기록한 것으로 집계됐다. 무선통신기기 수출은 8개월 연속 플러스를 달성했다.자동차 수출은 부품공급 안정화와 생산물량 증가 등으로 전년대비 5.8% 증가한 67억1000만 달러를 올렸지만 자동차 부품은 현지 생산 확대와 글로벌 신차 수요 회복 지연 등으로 전년대비 2.4% 줄어든 17억4000만 달러로 감소세를 이어갔다.선박은 전년대비 12.9% 증가한 28억3000만 달러의 수출액을 기록했다. 수출 물량은 지난해와 비슷했지만 액화천연가스(LNG)선 등고부가가치 선박 수출 증가에 따른 평균 수출 단가 상승으로 전체 수출액이 늘었다.석유제품 수출은 중동 전쟁으로 인한 유가 급등으로 수출 단가가 크게 상승하며 전년동월대비 49.8% 증가한 55억9000만 달러를 기록했다. 다만 수출 물량은 515만t으로 수출 통제로 인해 7.0% 줄어든 것으로 집계됐다.특히 수출통제 영향으로 휘발유·경유·등유의 수출은 전년대비 각각 약 16.0%, 6.9%, 99.7% 줄었다. 석유화학 수출은 유가 상승의 제품가격 반영까지의 시차로 수출단가가 소폭 상승한데 힘입어 18.8% 증가한 40억7000만 달러를 기록했다. 수출 물량은 270만t으로 내수 공급 증가에 따라 14.6% 줄었다.[평택=뉴시스] 김종택 기자 = 경기 평택시 포승읍 평택항 야적장에 철강제품이 쌓여있는 모습. 2026.02.22. jtk@newsis.com데이터센터 건설 증가에 따라 국산 철강재 선호도가 높아졌고 지난해 미국의 철강관세 부과에 따른 기저효과 등으로 철강 수출도 2025년 4월 이후 14개월 만에 플러스로 전환됐다. 지난달 철강 수출은 전년동월대비 9.6% 증가한 21억4000만 달러를 기록한 것으로 집계됐다.비철금속은 동·알루미늄 등 주력품목의 단가와 물량이 모두 증가하면서 역대 6월 중 최대 실적인 18억2000만 달러를 달성했다. 이는 전년대비 45.8% 증가한 수치다.일반기계 수출은 전년대비 7.5% 증가한 40억8000만 달러를 올렸다. 전년대비 조업일수가 늘어났고 해외 현지공장 증설에 따른 제조장비, 기계부품 등 수출이 증가하면서 5개월만에 플러스로 전환됐다.소비재 품목도 수출 호조재를 보였다. 바이오헬스 수출은 바이오시밀러 제조 경쟁력을 바탕으로 한 점유율 확대와 위탁생산(CMO) 확대 등으로 전년대비 14.1% 증가한 19억2000만 달러의 수출액을 달성했다. 이는 역대 6월 중 최대 실적이다.화장품 수출은 K-뷰티의 글로벌 인지도 확산과 해외 수요 증가 등에 힘입어 13억4000만 달러(+42.5%)를 기록했고, 농수산식품은 라면·조미김 등 가공식품을 중심으로 해외 수요가 확대되며 전년대비 16.8% 증가한 11억7000만 달러의 수출액을 올린 것으로 집계됐다.6월에는 9대 주요 수출지역 중 7개 지역에서 수출이 증가했다.미국은 전년동월대비 78.6% 증가한 200억2000만 달러의 수출액을 기록했다. AI 서버 투자 확대 영향으로 반도체·컴퓨터·전기기기가 높은 수출 증가율을 보였고  한류 확산으로 화장품·농수산식품 등 소비재 수출도 증가했다.품목별로는 반도체 수출은 +348%, 컴퓨터 +561%, 자동차 +11% 일반기계 +6%, 석유제품 +81%, 전기기기+24% 등의 증감율을 보였다.중국 수출은 92.1% 오른 200억3000만 달러로 집계됐다. 최대 품목인 반도체가 3배 이상 증가한 가운데 석유화학, 일반기계, 무선통신기기 등 주력 품목이 고르게 호조세를 보이면서 8개월 연속 플러스를 기록한 것으로 집계됐다. 주요 품목별 수출 증감율은 반도체 +232%, 석유화학 +1%, 일반기계 +16%, 무선통신 +56%, 비철금속 +56%, 디스플레이(DP) -9% 등이다.아세안은 반도체, 석유제품, 디스플레이 등 주요 품목 수출이 고르게 증가하면서 183억 달러(+86.6%)의 수출액을 달성했다. 아세안 수출은 5개월 연속 월 최대 실적을 경신했다. 반도체 +198%, 석유제품 +40%, DP +53%, 석유화학 +16%, 일반기계 +22%, 선박 +16% 등의 증가율을 보였다.유럽연합(EU)은 반도체, 바이오헬스, 선박 등 주력 품목 수출의 호조세로 31.8% 증가한 76억2000만 달러를 기록했다. 유럽으로의 수출은 7개월 연속 증가세를 보였고 역대 6월 중 최대 실적을 경신했다. 선박+8%, 반도체 +229%, 자동차 +8%, 바이오헬스 +100%, 석유화학 +43%, 일반기계 -1% 등의 증가율을 보인 것으로 나타났다.중동 수출은 중동 전쟁에 따른 물류 차질과 불확실성 등으로 주력품목인 자동차·일반기계 등 대다수 품목이 감소한 영향을 받아 전년동월대비 8.4% 감소한 18억 달러를 기록했다. 주요품목 수출 증가율은 자동차 +2%, 일반기계 -6%, 석유화학 +49%, 전기기기 -55%, 차부품 -10%, 바이오헬스 -6% 등이다.6월 수입은 30.1% 증가한 661억 달러로 집계됐다. 에너지 수입은 125억1000만 달러로 전년대비 45.1% 늘었고 에너지 외 수입은 535억9000만 달러로 27.0% 증가한 것으로 집계됐다.원유 수입은 중동 전쟁으로 수입 물량은 감소했지만 유가 급증에 따른 수입단가 상승으로 50.4% 증가한 86억 달러를 기록했다. 비에너지는 비철금속 28억9000만 달러(+59.9%), 반도체장비 27억1000만 달러(+41.3%), 나프타 13억5000만 달러(+17.4%), 컴퓨터 16억9000만 달러(53.2%) 등의 수입이 증가했다.[서울=뉴시스] 지난달 수출액이 1022억5000달러(158조4627억원)를 기록하며 월간 기준 사상 처음으로 1000억 달러를 넘었다. 수입은 661억 달러, 무역수지는 361억5000만 달러 흑자를 기록했다. 월간 기준 무역흑자도 사상 첫 300억 달러 돌파다. (그래픽=안지혜 기자) hokma@newsis.com올해 상반기 수출은 4967억 달러(+48.4%)로 같은 기간 중 역대 최대 실적을 경신한 것으로 집계됐다. 반도체 수출은 163% 증가했으며, 반도체 외 품목 수출도 16%의 높은 증가율을 기록했다.조업일수를 고려한 일평균 수출은 46.2% 증가한 37억5000만 달러를 기록했다. 수입은 3584억 달러로 16.6% 증가했다. 이에 따라 무역수지는 1383억 달러 흑자를 기록했다. 이는 전년대비 1109억 달러 개선된 수치다.상반기에는 20대 주요 수출품목 중 14개 품목 수출이 증가했다.정보기술(IT)품목, 석유제품·화학, 선박·바이오헬스·화장품 등의 품목에서 수출이 증가했고 자동차·일반기계·가전 등은 미 관세, 중동 전쟁, 가격경쟁 심화 등 영향으로 수출이 줄어든 것으로 나타났다.반도체 수출은 1924억 달러(+162.6%)로 집계됐다. 메모리 고정가격이 크게 상승하면서 기존 연간 최대 실적인 1734억 달러를 상반기에 이미 넘어섰다. 역대 반도체 수출 2위는 지난해 1734억 달러, 3위는 2024년 1419억 달러 등이다.컴퓨터는 AI투자 확대에 따른 기업용 SSD 수요 확대로 212억 달러(+262%)의 수출액을 올리며 기존 연간 최대 실적인 171억 달러를 경신했다.일반기계는 미국의 관세조치, 중동전쟁에 따른 물류 애로, 중국 경제 성장 정체 등의 영향으로 전년대비 2.9% 감소한 229억9000만 달러를 기록했다. 선박은 2023년 높은 선가로 수주한 LNG선 등 고부가선박 인도로 전년대비 18% 증가한 165억5000만 달러의 수출액을 올렸다.자동차 수출은 전년대비 1.1% 감소한 359억 달러를 올렸다. 중동전쟁으로 인한 물류차질, 최대 시장인 미국의 관세 조치와 이에 따른 현지생산 확대, 중고차 수출 감소 등에도 불구하고 하이브리드·전기차 수출이 호실적을 보이면서 감소폭을 줄였다.석유제품은 301억 달러(+39.6%)·석유화학은 228억 달러(+5.2%)의 수추액을 올렸다. 수출통제와 국내우선 공급 등으로 수출물량은 감소했으나, 유가와 연동되는 수출단가 상승으로 수출금액은 증가한 것으로 나타났다.이차전지와 비철금속 수출도 늘었다. 동·알루미늄 등 비철금속 수출 단가·물량 상승 및 이차전지 재료인 리튬 단가 상승 등으로 인해 비철금속·이차전지 수출이 각각 11.1%, 38% 증가한 40억 달러, 94억4000만 달러의 수출액을 올린 것으로 집계됐다. 비철금속의 상반기 수출액은 역대 1위에 해당한다.바이오헬스는 바이오시밀러 제조 경쟁력 우위로 미국·EU 등 주요시장 점유율 및 위탁생산 수주 확대되며 전년대비 11.2% 증가한 92억 달러의 수출액을 기록했다.K-뷰티·푸드에 대한 선호 확대로 화장품 수출은 70억 달러(+27.2%), 농수산식품은 66억 달러(+8.7%) 등의 수출액을 올리며 소비재 품목의 수출도 상반기 중 최대 실적을 기록했다.[고양=뉴시스] 전진환 기자 = 25일 경기 고양시 킨텍스에서 열린 2026 마이케이 페스타를 찾은 관람객들이 해외에서 인기있는 K푸드를 살펴보고 있다. 2026.06.25. amin2@newsis.com상반기에는 9대 주요 지역 중 7개 지역 수출이 늘었다.미국 수출은 935억 달러(+50.5%)를 보였다. 자동차·일반기계 등은 부진했으나, 반도체·컴퓨터 등 IT 품목이 크게 증가하면서 전체적으로 증가세를 기록한 것으로 분석된다. 반도체 +394.0%, 자동차 -2.6%, 컴퓨터 +394%, 일반기계 -12.5% 등 품목별 수출 증감률을 보였다.중국 수출은 996억 달러(+64.6%)를 올렸다. 최대 수출품인 반도체 수출이 세 자릿수의 높은 증가율을 보이면서 전체 수출 증가를 견인했다. 품목별로는 반도체+175.4%, 석유화학-5.7%, 무선통신+18.1%, 일반기계 +2.9% 등의 증감율을 보였다.아세안과 EU는 883억 달러(+53.2%), 395억 달러(+13.3%) 수출액을 기록했다. 반도체 등 다수 품목이 고른 증가세를 보이면서 상반기 중 역대 최대 실적을 경신했다. 아세안의 품목별 수출 증감율은 반도체+127.9%, 석유제품+26.1%, 디스플레이+20.4%, 석유화학+6.5% 등이다. 중동 수출은 전년대비 13.9% 줄어든 85억 달러를 기록했다.상반기 수입은 16.6% 증가한 3584억 달러를 기록했다. 유가 상승으로 에너지 수입이 6.6%(635억 달러) 증가했으며, 에너지 외 수입은 반도체장비(+43.3%)·석유제품(+6.1%)등 중심으로 19.1%(2949억 달러) 증가했다.에너지 수입은 중동전쟁 영향을 받기 전인 3월까지 유가, LNG 도입단가 등이 하락하며 감소세를 보였고, 4월 이후 수입단가가 상승했지만 도입물량이 제한되면서 소폭 증가한 것으로 나타났다.김정관 산업통상부 장관은 ""올해 상반기는 중동 전쟁에 따른 물류·에너지 불안, 보호무역주의 확산에 따른 대외 불확실성 증가 등 수출 여건이 녹록지 않은 시기였다""면서도 ""AI 서버향 투자 확대에 따른 반도체 호조, 선박·석유제품·무선통신기기 등 기존 주력 품목과 유망소비재 품목의 고른 선전으로 상반기 중 역대 최대 실적을 경신했다""고 강조했다.이어 ""하반기에도 불확실성이 계속될 것으로 예상되는 만큼, 정부는 주요국과 긴밀한 협의를 지속해 우리 기업이 직면한 불확실성을 최소화하고 우호적 수출환경을 조성하겠다""며 ""수출의 양적 증가뿐만 아니라 품목·시장 다변화, 중소기업 수출 경쟁력 강화 등 질적 성장을 이뤄내 수출 5대 강국으로 도약할 수 있도록 총력 지원 하겠다""고 말했다.[서울=뉴시스] 김정관 산업통상부 장관.(사진=산업통상부 제공) 2026.07.01. photo@newsis.com *재판매 및 DB 금지",True,반도체,"산업부 6월 수출입 동향에 따르면, 수출은 70.9% 증가한 1023억 달러로 사상 처음 1000억 달러 돌파, 무역수지는 361억5천만 달러 흑자였다. 반도체는 448억2천만 달러로 역대 최고치를 기록하며 199.5% 증가했고, 컴퓨터, 무선통신기기, 선박, 석유제품 등 주요 품목도 호조를 보였다. 특히 반도체 수출은 15개월 연속 최대 실적을 유지하며, 고부가 메모리 수요 견조와 가격 상승이 기여했다. 수출 지역도 7개 지역에서 증가했고, 무역흑자 지속으로 17개월 연속 흑자를 기록했다.",반도체,3.0
2026-07-01,"전남광주통합특별시의회 1호 조례안, '800조 반도체 투자 지원'",정보 없음,https://n.news.naver.com/mnews/article/421/0009033022,"재석 91명 100% 찬성으로 통과이재명 대통령과 이재용 삼성전자 회장, 최태원 SK그룹 회장이 29일 청와대 영빈관에서 열린 대한민국 대도약 3대 메가프로젝트 국민보고회에서 손을 맞잡고 있다. 2026.6.29 ⓒ 뉴스1 허경 기자(무안=뉴스1) 서충섭 기자 = 전남광주행정통합특별시 출범과 동시에 특별시의회가 첫 조례안으로 이재명 정부와 삼성전자·SK하이닉스의 800조 원 규모 반도체 산업단지 투자계획을 지원하는 조례안을 통과시켰다.1일 전남광주특별시의회는 제1회 임시회 1차 본회의를 열고 4선의 송형곤 의원((더불어민주당·고흥1)을 초대 의장으로 선출했다.이어 1호 조례안으로 '전남광주통합특별시 글로벌 반도체 전략투자지원에 관한 조례안'을 송 의장이 대표 발의했다.김진남 의원(더불어민주당·순천5)은 제안 설명을 통해 ""반도체 산업은 국가 전략산업이자 미래 성장 동력으로 글로벌 공급망 재편과 인공지능 산업의 급속한 성장 속에서 국가 경쟁력을 좌우하는 핵심 산업으로 부상했다""고 설명했다.이어 ""지난 2월 국가 차원의 지원체계가 마련된 데 이어 지방정부 차원에서도 전략투자를 체계적으로 뒷받침할 제도적 기반 구축이 필요하다""며 ""특히 정부는 지난 29일 전남광주특별시에 총 800조 원 규모의 투자와 삼성전자·SK하이닉스의 메모리 생산시설 구축을 발표했다""고 강조했다.그러면서 ""국가 반도체 전략사업을 차질 없이 추진하도록 투자유치부터 투자이행, 기반시설 지원까지 체계적으로 뒷받침하기 위한 제도적 기반이 마련돼야 한다""고 덧붙였다.조례안은 통합특별시장의 책무로 반도체 산업 투자유치와 투자이행 지원 시책 수립 및 관계기관과 협력 체계 구축을 명시했다. 또 투자유치와 투자이행을 점검하고 종합적으로 심의하기 위한 반도체 전략위원회 설치 근거도 마련했다.투자기업의 요청사항을 신속히 처리하기 위해 기업별 전담 대응팀을 구성하고 관련 부서와 연계한 원스톱 기업 지원 체계 구축을 덧붙였다.해당 조례안은 재석의원 91명 중 찬성 91명 가결로 100% 찬성으로 통과됐다.",True,반도체,"전남광주특별시의회는 반도체 산업 육성을 위해 삼성전자와 SK하이닉스의 800조 원 투자계획을 지원하는 조례안을 만장일치로 통과시켰다. 조례는 반도체 투자 유치와 이행 지원, 관련 기관 협력, 전략위원회 설치 등을 명시하며, 기업 지원을 위한 전담팀도 구성한다. 이로써 국가 전략산업인 반도체 산업의 경쟁력 강화와 지역경제 활성화가 기대된다.",반도체,2.0
2026-07-01,"“슬금슬금 오르더니 이젠 4%, 반도체가 다 했네”…성장률 전망 일제히 상향",정보 없음,https://n.news.naver.com/mnews/article/009/0005701041,"반도체 호황에 추경 가능성 반영한국은행도 8월 전망치 높일 듯경기도 평택항에 컨테이너가 쌓여있다. [연합뉴스]반도체 경기 호황에 힘입어 올해 우리나라 경제성장률이 4%대에 이를 것이라는 전망이 나왔다. 국내외 주요 기관 가운데 10곳 이상이 한국은행 전망치(2.6%)를 크게 웃도는 3% 이상의 성장률을 제시해 눈길을 끈다.1일 금융권에 따르면 영국의 경제분석기관 캐피털 이코노믹스(CE)는 최근 보고서에서 올해 한국의 실질 국내총생산(GDP) 성장률 전망치를 4.0%로 제시했다. 캐피털 이코노믹스는 지난 2월 1.0%였던 전망치를 3월 1.6%, 4월 2.7%로 잇달아 높인 데 이어 지난달에는 4.0%까지 상향 조정했다.보고서에서는 “한국 경제가 인공지능(AI) 관련 수출 수요의 거대한 흐름을 타고 있다”며 반도체 중심의 수출 호조를 전망치 상향의 배경으로 꼽았다.국내 기관 가운데서는 코리안리가 4.1%를 제시해 가장 높은 성장률을 예상했다. 블룸버그가 집계한 국내외 42개 기관 가운데 올해 성장률을 3% 이상으로 전망한 곳은 모두 11곳이었다.코리안리(4.1%)와 캐피털 이코노믹스(4.0%)를 비롯해 JP모건(3.7%), 내셔널호주은행(NAB)·호주뉴질랜드은행(ANZ)·iM증권(각 3.6%), 블룸버그 이코노믹스와 씨티(각 3.5%), 뱅크오브아메리카(3.1%), ING와 독일 데카방크(각 3.0%) 등이 한국은행 전망치를 크게 웃도는 성장률을 제시했다.SK 하이닉스 공장 내부 모습. [SK하이닉스]씨티는 전날 반도체 호황 등을 반영해 올해 성장률 전망치를 기존 3.1%에서 3.5%로 0.4%포인트 상향 조정했다. 씨티는 “4~5월 경기 지표가 예상보다 견조했고 기술 분야 설비투자 확대와 인프라 투자, 9월 초까지 25조원 이상 규모의 2차 추가경정예산 편성 가능성을 반영했다”고 설명했다.다른 기관들의 전망치 상향도 이어지고 있다. 블룸버그 집계에 포함되지 않은 우리금융경영연구소도 전날 올해 성장률 전망치를 기존 2.0%에서 3.0%로 대폭 높였다. 연구소는 “중동 전쟁에 따른 국제유가 충격이 반도체 특수에 따른 수출·투자 호조와 추가경정예산 집행 효과로 상당 부분 상쇄될 것”이라고 분석했다.한국은행도 오는 8월 수정 경제전망에서 올해 성장률 전망치를 상향 조정할 가능성이 커졌다. 올해 1분기 실질 GDP 성장률 잠정치가 속보치보다 0.1%포인트 높은 1.8%로 집계되면서 지난 5월 제시했던 연간 성장률 전망치(2.6%)를 조정할 여지가 생겼기 때문이다.신현송 한국은행 총재도 지난달 19일 한국금융학회 학술대회에서 “올해 연간 성장률 전망치는 기계적으로 계산하더라도 2.6%에서 상향 조정될 것”이라고 밝힌 바 있다.",True,반도체,"반도체 호황으로 올해 한국 경제성장률이 4%대에 이를 전망이다. 영국 캐피털 이코노믹스는 4.0%를 예상하며, 국내외 11개 기관도 3% 이상 성장률을 제시했다. 특히, 수출 호조와 인공지능 관련 수요 증가, 추가경정예산 편성 가능성 등이 긍정적 영향을 미치고 있다. 한국은행도 8월 전망치를 상향 조정할 가능성이 크며, 1분기 GDP 성장률이 예상보다 높게 나타나 전망치 조정이 기대된다.",반도체,2.0
2026-07-01,추미애 경기도지사 취임... 1호 결재는 ‘반도체 혁신’,정보 없음,https://n.news.naver.com/mnews/article/023/0003985157,"추미애 경기도지사가 1일 경기도 수원시 영통구 경기도청에서 열린 취임식에서 취임 선서를 하고 있다. /연합뉴스추미애 경기도지사가 1일 공식 취임하고 업무를 시작했다. 추 지사는 첫 결재로 ‘반도체 초격차를 위한 K-반도체 혁신 대책’에 서명했다.추 지사는 이날 오전 경기 수원 경기도청에서 취임식을 열었다. 추 지사는 취임사에서 “민선 9기 경기도는 7조원이 넘는 채무를 안고 출발한다”며 “현재 예산이 부족해 약 3000억원 규모의 사업은 예산 반영조차 하지 못한 엄중한 상황이다. 뼈를 깎는 심정으로 재정 구조를 전면 점검하겠다”고 했다.경기도 관계자는 “이날 취임식도 예산 투입을 최소화했다”고 했다. 내빈 초대는 종이가 아닌 모바일 초청장으로 대신했고, 행사 사회도 도청 직원이 맡았다.추 지사는 이날 경기도정의 3대 원칙으로 공정·혁신·포용을 내세웠다.추 지사는 “불법과 편법, 특권과 봐주기가 발붙이지 못하게 하겠다”며 “제도의 틀에 갇히지 않고 기술의 진보를 행정의 혁신으로 연결해 도민 삶의 불편을 확실하게 줄이고, 성장의 그늘에 가려진 사회적 약자의 눈물을 닦아내고 불평등과 격차를 치유하는 따뜻한 행정을 펼치겠다”고 했다.이날 취임식에서는 타운홀 미팅도 진행됐다. 취업 준비 대학생과 예비 신혼부부, 청년 소상공인, 문화예술가, 여성 직장인, 어린이 등 50명이 함께했다.추미애 경기도지사가 1일 경기도 수원시 영통구 경기도청으로 출근하고 있다. /연합뉴스추 지사는 이날 반도체 산업과 청년 취업과 관련한 질문을 받고 “‘반도체는 호황인데 나에게는 어떤 혜택이 있지?’라고 할 수 있는데 바로 그렇게 정책을 발굴하고 연결하는 것이 경기도의 책무”라며 “반도체 기업이 앞당겨서 팹을 가동할 수 있도록 인프라를 조성하는 데 행정력을 집중하겠다”고 했다. 추 지사는 “2030년이면 3기 정도 팹이 완성될 수 있을 것 같은데 통계적으로 팹 1개에 7000명의 인력이 필요하다고 한다. 1만3000~1만4000개 일자리를 제공하기 위해 행정적, 재정적 여건을 마련해 나가겠다”고 했다.추 지사는 이날 오후 집무실에서 1호 결재를 하면서 “정부의 반도체 전략과 연계해 신속한 반도체 클러스터 조성과 기업 투자 지원 체계를 구축하겠다”고 밝혔다.수원·용인·화성·성남·안성·평택·오산·이천 등 8곳을 연결하는 반도체 벨트를 조성해 세계 최대·최고 수준의 K-반도체 생태계를 조기에 완성하겠다는 계획이다.이를 위해 전력과 용수, 도로 등 핵심 기반 시설을 적기에 공급하고 반도체 생산 시설 건설 기간을 단축해 5년 안에 생산 능력을 2배로 확대한다는 목표를 제시했다.1일 취임한 추미애 경기도지사가 제1호 결재로 '반도체 초격차를 위한 K-반도체 혁신 대책'에 서명하고 있다. /뉴스1경기도는 도지사 직속 ‘반도체 전략위원회’를 설치하고, 정부, 중앙행정기관, 국회, 지자체 등이 함께 참여하는 협의체를 구성해 운영할 방침이다.추 지사는 반도체 산업 육성을 위한 재원 확보 방안으로 법인지방소득세 제도 개선 필요성도 언급했다. 추 지사는 “글로벌 초격차를 위한 인프라 지원에는 막대한 재원이 필요하지만 현재 법인지방소득세는 기초지자체에 귀속돼 도에는 들어오지 않는 구조”라며 “중앙정부에 비공식적으로 제도 개선을 건의했고 앞으로 국회와 함께 문제를 풀어갈 생각”이라고 밝혔다.",True,반도체,"추미애 경기도지사가 1일 취임식을 갖고 공식 업무를 시작했으며, 첫 결재로 ‘반도체 초격차를 위한 K-반도체 혁신 대책’에 서명했다. 그는 재정 구조 점검과 공정·혁신·포용 원칙을 강조하며, 반도체 산업 육성과 청년 일자리 창출에 집중할 계획이다. 반도체 벨트 조성과 인프라 확충, 생산 능력 확대를 목표로 하고 있으며, 관련 협의체와 재원 확보 방안도 추진한다.",반도체,1.0
2026-07-01,"반도체 성과급 백지화?…정부 ""사실 아냐…유포에 강력 대처""",정보 없음,https://n.news.naver.com/mnews/article/421/0009033587,"고용노동부 전경 2025.11.28 ⓒ 뉴스1 김승준 기자(세종=뉴스1) 김승준 기자 = 고용노동부가 1일 온라인상 유통되고 있는 '반도체 초과이익 공유제'와 '성과급 협약 백지화' 관련 글에 대해 ""전혀 근거가 없고, 사실과 다르다""고 강조했다.노동부는 이 같은 잘못된 글을 악의적으로 유포하는 경우에 대해서는 수사기관 신고 등을 통해 강력히 대처할 계획이다.이른바 '받은 글' 형태로 유동되고 있는 해당 글에는 정부가 삼성전자(005930)와 SK하이닉스(000660)가 노동조합과 체결한 성과급 협약을 백지화한다는 주장이 담겼다. 아울러 초과이익 공유제를 위한 싱크탱크를 구성하고, 반도체 초과이익 공유제를 검토하는 공문을 발송했다는 내용이 포함됐다.이날 산업통상부도 언론 공지를 통해 대응에 나섰다.산업부는 ""온라인상 유포되고 있는 초과이익 공유제 관련 정부 주도 싱크탱크 구성 등을 위해 정부가 삼성전자, 하이닉스에 공문을 발송했다는 글은 사실과 다르다""며 ""악의적으로 유포하는 경우에 대해서는 수사기관 신고 등을 통해 강력히 대처할 계획""이라고 강조했다.",True,반도체,"고용노동부와 산업통상부는 온라인상 유포된 '반도체 초과이익 공유제'와 '성과급 협약 백지화' 관련 허위 주장에 대해 사실이 아니라고 밝혔다. 해당 글에는 정부가 삼성전자와 SK하이닉스의 성과급 협약을 백지화하고, 초과이익 공유제 검토를 위해 싱크탱크를 구성했다는 내용이 포함되었으나, 이는 근거 없는 악의적 유포임을 강조하며, 유포자에 대해 수사기관 신고 등 강력 대응 방침을 밝혔다.",반도체,1.0
2026-07-01,"정점식 ""李 대통령, 호남 반도체 투자 두고 비수도권 갈라치기""",정보 없음,https://n.news.naver.com/mnews/article/448/0000623448,"정점식 국민의힘 원내대표 /연합뉴스정점식 국민의힘 원내대표는 1일 이재명 대통령이 대규모 호남권 반도체 투자와 관련해 ""아픈 과거지만 영호남 차별이 있었던 것은 분명한 사실""이라고 발언한 데 대해 ""대통령이 '비수도권 지역 갈라치기'에 나선 것은 대단히 유감스러운 일""이라고 밝혔다.정 원내대표는 이날 페이스북에 올린 글에서 ""자칫 대한민국 정치를 1990년대로 퇴행시킬 우려가 있을 뿐 아니라 영호남 갈등만이 아닌 여러 지역 간 갈등과 지역소외론이 전국적으로 걷잡을 수 없이 분출될 우려가 있다""고 적었다.정 원내대표는 ""대통령의 메시지는 미래지향적 국민 통합을 향해야 한다""며 ""대통령이 통합보다 정치적 이익을 좇아 지역 갈라치기에 나선다면 새로 출범하는 민선 9기 지방정부는 성공하기 어렵다""고 지적했다.이어 ""기업은 어느 지역에 투자할지 정부로부터의 간섭 없이 자유로운 선택권을 보장받아야 하고 지자체들은 각자 자율적으로 기업을 유치하기 위해 과감한 투자 인센티브를 제시하면서 공정한 기업 유치 결정을 펼쳐야 한다""고 강조했다.그는 정부의 광주전남 반도체 클러스터 조성 발표를 정조준하며 ""최근 이재명 정부의 광주전남 반도체 클러스터 조성 졸속 발표는 지자체 간의 '공정한 혁신 경쟁'보다는 '불공정한 정치 경쟁'을 부추길 수 있다는 우려가 높다""고 비판했다.그러면서 ""지방의 기업 투자 유치 경쟁에 정치공학적 논리가 개입되면 지자체는 규제 혁파와 SOC 구축 등 혁신 경쟁보다는 '정치적 줄서기'에 의존하게 될 것""이라며 ""이는 중장기적으로 지역균형발전에 도움이 되지 않는다""고 덧붙였다.정 원내대표는 다만 ""국민의힘은 자율과 공정의 원칙에 입각해 지역균형발전과 지방 분권이 조화를 이루는 '지방성공시대'를 이루기 위해 각 지자체들의 지역 발전 노력을 국회 차원에서 입법과 예산으로 뒷받침하겠다""고 했다.",True,반도체,"정점식 국민의힘 원내대표는 이재명 대통령의 호남권 반도체 투자 발언에 대해 지역 갈등 조장 우려를 표명하며 유감의 뜻을 밝혔다. 그는 대통령의 지역 갈라치기 메시지가 정치적 이익을 위한 것이라며, 국민 통합과 지역균형발전을 위해 자율과 공정 원칙에 따른 기업 유치와 지방분권을 강조했다. 또한, 광주전남 반도체 클러스터 조성 발표를 졸속으로 비판하며, 정치적 경쟁 대신 혁신 경쟁이 필요하다고 주장했다. 국민의힘은 지방분권과 지역 발전을 위한 입법과 예산 지원을 약속했다.",반도체,1.0
2026-07-01,[속보] 6월 수출 1022억 달러…반도체 수출 새 역사,정보 없음,https://n.news.naver.com/mnews/article/005/0001858213,"부산항 모습. 국민일보DB한국의 6월 수출이 사상 최초로 1000억 달러를 돌파하며 새로운 이정표를 세웠다. 주력인 반도체가 400억 달러를 웃도는 실적으로 전체 수출을 견인한 가운데 무역수지 흑자 역시 처음으로 300억 달러를 돌파했다.산업통상부가 1일 발표한 ‘2026년 6월 수출입 동향’에 따르면 이달 수출은 전년 동월 대비 70.9% 급증한 1022억5000만 달러였다. 이로써 한국은 독일, 중국, 미국에 이어 전 세계에서 네 번째로 월 수출 1000억 달러를 달성한 국가가 됐다.수출 돌풍의 주역은 단연 반도체다. 글로벌 인공지능(AI) 인프라 투자 붐에 따른 메모리 수요 폭발로 고정가격이 급상승하면서 6월 반도체 수출은 전년 대비 199.5% 폭증한 448억2000만 달러를 기록했다. 반도체 수출이 월 400억 달러를 돌파한 것은 이번이 처음이다.빅테크 기업들의 수요가 몰린 컴퓨터 수출이 308.8% 증가한 54억1000만 달러를 기록했고, 무선통신기기 역시 51.9% 늘어난 15억5000만 달러를 달성하는 등 대다수 IT 품목이 초강세를 보였다.6월 무역수지는 361억5000만 달러 흑자를 기록하며 사상 처음 300억 달러 이상을 기록했다. 올해 상반기(1~6월) 수출액은 4967억 달러로 역대 최대 실적을 경신했고, 누적 무역수지는 전년 동기 대비 1109억 달러 증가한 1383억 달러 흑자로 집계됐다.",True,반도체,"한국은 6월 수출이 사상 최초로 1000억 달러를 돌파하며, 전년 대비 70.9% 증가한 1022억5000만 달러를 기록했다. 반도체 수출은 AI 인프라 수요 증가로 199.5% 폭증하며 448억2000만 달러를 기록했고, 컴퓨터와 무선통신기기 등 IT품목도 강세를 보였다. 무역수지도 처음으로 300억 달러를 넘긴 361억5000만 달러 흑자를 기록했으며, 상반기 수출은 역대 최대인 4967억 달러, 무역수지 흑자는 1383억 달러에 달했다.",반도체,3.0
2026-07-01,[2보] 6월 수출 1천22억달러…세계 4번째 1천억달러 돌파,정보 없음,https://n.news.naver.com/mnews/article/001/0016169012,"수출, 사상 첫 1천억달러 돌파…무역수지 흑자 처음으로 300억달러 넘어6월 수출 사상 첫 1천억달러 돌파(부산=연합뉴스) 강선배 기자 = 산업통상부가 1일 발표한 '6월 수출입 동향'에 따르면 수출은 전년 동월 대비 70.9% 증가한 1천22억5천만달러로 집계돼 한 달간 수출이 1천억달러를 넘은 것은 이번이 처음이다. 사진은 이날 장맛비가 내려 뿌옇게 보이는 부산항 신선대 부두 모습. 2026.7.1 sbkang@yna.co.kr(서울=연합뉴스) 신창용 기자 = 한국의 6월 수출이 사상 최초로 1천억달러를 돌파하며 새로운 이정표를 세웠다.주력인 반도체가 400억달러 이상을 웃도는 실적으로 전체 수출을 견인한 가운데 무역수지 흑자 역시 처음으로 300억달러를 돌파하며 양과 질 모두에서 괄목할만한 성적표를 거뒀다.산업통상부는 6월 수출이 전년 동월 대비 70.9% 급증한 1천22억5천만달러를 기록했다고 1일 밝혔다.월간 수출액이 1천억달러를 넘어선 것은 이번이 역대 최초다. 이로써 한국은 독일, 중국, 미국에 이어 전 세계에서 네 번째로 월 수출 1천억달러를 달성한 국가가 됐다.[그래픽] 수출입 추이(서울=연합뉴스) 김민지 기자 = minfo@yna.co.krX(트위터) @yonhap_graphics  인스타그램 @yonhapgraphics주역은 반도체다. 글로벌 인공지능(AI) 인프라 투자 붐에 따른 메모리 수요 폭발로 고정가격이 급상승하면서 6월 반도체 수출은 전년 대비 199.5% 폭증한 448억2천만달러를 기록했다.반도체 수출이 월 400억달러를 돌파한 것은 이번이 처음이다.반도체뿐만 아니라 대다수 IT 품목이 초강세를 보였다.빅테크 기업들의 SSD(Solid State Drive)는 수요가 몰린 컴퓨터 수출이 308.8% 증가한 54억1천만달러를 기록했다. 무선통신기기(15억5천만달러·51.9%↑)도 휴대전화 완제품 중심의 증가세를 보였다.20대 주력 품목 중 무려 18개 품목이 플러스를 기록하며 균형 잡힌 성장을 이뤄냈다.지역별로는 9대 주요 수출지역 중 7개 지역이 활짝 웃었다.특히 한국의 최대 교역국인 중국과 미국으로의 수출이 나란히 200억달러를 넘어섰다.6월 무역수지는 361억5천만달러 흑자를 기록하며 사상 처음으로 300억달러를 상회했다.1∼6월 누적 수지는 1천383억달러 흑자로 지난해 같은 기간 대비 1천109억달러 증가했다.올해 상반기(1∼6월) 수출액은 4천967억달러로 역대 최대 실적을 경신했다.하반기에도 기세를 이어간다면 올해 수출액은 꿈의 1조달러 벽을 넘어설 것으로 기대된다.changyong@yna.co.kr",True,반도체,"6월 한국 수출이 사상 최초로 1천억달러를 돌파하며 역대 최대 기록을 세웠다. 전년 대비 70.9% 증가한 수출액은 반도체(448억달러)와 IT 품목의 호조 덕분이며, 무역수지도 처음으로 300억달러를 넘었다. 특히 반도체 수출은 199.5% 급증했고, 중국과 미국으로의 수출도 각각 200억달러 이상을 기록했다. 1∼6월 누적 수출은 4천967억달러로 역대 최대를 경신했으며, 하반기에도 성장세가 이어질 전망이다.",반도체,1.0
2026-07-01,"추미애 지사, 취임 첫 결재는 ‘K-반도체 혁신 대책’",정보 없음,https://n.news.naver.com/mnews/article/028/0002812235,"경기 남부에 세계 최대 반도체 벨트 조성추미애 신임 경기도지사가 취임 첫날인 1일, ‘반도체 초격차를 위한 K-반도체 혁신 대책’을 제1호 안건으로 결재했다. 경기도 제공추미애 신임 경기도지사가 취임 첫날인 1일, ‘반도체 초격차를 위한 K-반도체 혁신 대책’을 제1호 안건으로 결재했다. 이번 대책은 정부의 대한민국 대도약 3대 메가 프로젝트와 연계해 경기도를 글로벌 반도체 생산거점으로 굳히기 위한 전략이다.추 지사는 “이번 대책은 민선 9기 목표인 ‘경제1번지 구현’을 실현하고, 신속한 반도체 클러스터 조성과 기업 투자를 지원하는 데 목적이 있다”며 “글로벌 초격차 유지에 선제로 대응하겠다”고 밝혔다.혁신 대책은 △세계 최대 K-반도체 생태계 조기 완성 △팹(FAB) 건설 단축 및 5년 내 생산능력 2배 확대 △생태계 미래성장 전략 등 ‘3대 추진전략’을 핵심으로 한다.도는 수원, 용인, 화성, 평택, 성남 등 경기 남부 주요 거점을 연결하는 세계 최대 규모의 반도체 벨트를 조기에 완성할 계획이다. 특히 전력·용수·도로 등 핵심 인프라를 적기에 지원해 반도체 공장 건설 기간을 획기적으로 단축하는 ‘속도전’에 방점을 찍었다.아울러 가칭 경기미래투자공사를 설립해 팹리스 기업 200개를 육성하고, 용인과 오산 등에 임대주택을 공급해 연구·생산 인력의 정주 여건도 대폭 개선한다. 하반기 중에는 도지사 직속 ‘반도체전략위원회’와 중앙·지방·기업이 참여하는 협의체를 구성해 행정 지원과 지역 갈등 조정에 직접 나설 방침이다.",True,반도체,"경기 남부에 세계 최대 반도체 벨트 조성을 추진하는 경기도가 추미애 신임지사의 첫날 반도체 혁신 대책을 결재했다. 이 대책은 정부의 대도약 프로젝트와 연계해 글로벌 반도체 생산거점 강화를 목표로 하며, 팹 건설 단축과 생산능력 2배 확대, 미래 성장 전략 등을 핵심으로 한다. 수원, 용인, 화성, 평택, 성남 등 주요 거점을 연결하며 인프라 지원과 인력 정주 여건 개선도 추진한다. 또한, 팹리스 기업 육성과 행정 지원을 위해 관련 협의체도 구성될 예정이다.",반도체,2.0
2026-07-01,"[단독]삼성, 반도체 공정에 양자컴 심는다",정보 없음,https://n.news.naver.com/mnews/article/011/0004637092,"노광 공정 일부 가상으로 구현양자컴퓨터가 핵심 연산 수행AI로 오류 포착해 실시간 교정SDS, 하반기 중 기술실증 착수삼성전자 관계자들이 경기 화성 사업장 클린룸 내부를 점검하고 있다. 사진제공=삼성전자삼성이 반도체 제조 핵심 공정인 노광(포토리소그래피) 공정을 양자컴퓨터로 시뮬레이션하는 기술을 개발한다. 차세대 정보기술(IT)을 총동원해 반도체 집적도와 수율 혁신을 겨냥한 프로젝트다. 삼성그룹의 시스템통합(SI) 계열사인 삼성SDS(삼성에스디에스(018260))가 연구를 맡았으며 올해 하반기 중 기술실증(POC)에 착수할 예정이다.1일 IT 업계에 따르면 삼성SDS는 최근 양자컴퓨터를 활용해 노광 공정의 일부를 가상 구현하는 시뮬레이션 연산 기법(알고리즘)을 개발하고 있다. 노광 공정은 빛을 이용해 웨이퍼에 미세 회로를 그려넣는 단계를 말한다. 웨이퍼를 깎아 실제 회로를 새기기 전에 밑그림을 그리는 과정인 만큼 반도체 완성품의 품질을 좌우하는 주요 공정으로 꼽힌다.이번 연구에는 양자컴퓨터와 고전 컴퓨터가 함께 활용된다. 삼성SDS는 양자컴퓨터로 시뮬레이션 핵심 연산을 수행하고 이 과정에서 생성한 정보를 고전 컴퓨터로 가공한다. 양자컴퓨터는 대규모 연산을 병목 없이 처리하는 중추 역할을 맡는다. 양자컴퓨터 이용 과정에서 발생하는 오류를 조기에 포착하고 바로잡는 데는 인공지능(AI)이 투입된다. 여러 첨단기술을 동원해 더 빠르고 정확한 노광 공정 시뮬레이션 설계 기술을 확보하는 것이 연구의 주된 취지다. 삼성SDS는 일부 알고리즘 확보에 성공했으며 하반기 중 POC를 통해 실효성을 검증할 계획이다.기술 개발에 성공하면 삼성은 차세대 컴퓨팅 자원을 활용한 공정 효율화 역량을 선제적으로 갖추게 된다. 정교한 시뮬레이션은 반도체 패턴을 그리고 식각하는 데 드는 작업 시간과 비용을 줄여줄 것으로 기대된다.삼성SDS는 이 기술을 별도 소프트웨어로 상품화하지 않을 방침이다. 이에 따라 향후삼성전자(005930)와 기술을 공유하며 반도체 집적도 개선과 효율성 제고를 도모할 것으로 관측된다. 삼성전자는 반도체연구소를 통해 10년 넘게 공정 시뮬레이션 기술을 개발해왔다. 반도체연구소는 공정개발실에서 반도체 제품별·공정별로 연구 부서를 나눠 각 특성에 맞는 공정 최적화 기술을 연구하고 있다.",True,반도체,"삼성SDS는 양자컴퓨터와 AI를 활용해 반도체 노광 공정의 일부를 가상 시뮬레이션하는 기술을 개발 중이다. 양자컴퓨터는 핵심 연산을 수행하며 오류를 조기에 포착·수정하고, 고전 컴퓨터와 협력한다. 하반기 기술실증(POC)에 착수할 예정이며, 성공 시 공정 효율과 품질 향상에 기여할 것으로 기대된다. 이 기술은 별도 소프트웨어로 상품화하지 않고 삼성전자와 공유해 반도체 집적도와 수율 개선을 추진한다.",반도체,2.0
2026-07-01,"이상일 용인시장, 첫 결재는 반도체… 산단 현장도 찾아",정보 없음,https://n.news.naver.com/mnews/article/023/0003985170,"이상일 경기 용인시장이 민선9기 출범 첫날인 1일 첫번째 결재로 ‘용인 르네상스 2.0 용인시 반도체산업 육성 및 클러스터 조성 종합계획’에 서명하고 있다. /용인시경기 용인 최초의 재선 민선시장인 이상일 용인시장이 민선 9기 첫날부터 반도체 사업에 힘을 실었다. 첫 결재로 반도체산업 육성 종합계획에 서명한 데 이어 삼성전자와 SK하이닉스 반도체 산업단지 조성 현장을 찾아 사업 추진 상황을 직접 점검했다.이 시장은 1일 새벽 환경미화원들과 생활폐기물 수거 작업을 함께한 뒤 시청으로 복귀해 ‘용인 르네상스 2.0 용인시 반도체산업 육성 및 클러스터 조성 종합계획’에 서명했다. 민선 9기 첫 결재인 이 계획에는 민선 8기부터 추진해온 초대형 반도체 프로젝트를 속도감 있게 마무리하겠다는 의지가 담겼다.종합계획은 삼성전자와 SK하이닉스를 축으로 용인을 세계 반도체 중심도시로 육성하기 위한 3대 추진전략과 11개 세부사업으로 구성됐다. 3대 추진 전략은 ▲반도체 클러스터 적기 가동 ▲실리콘 용인 생태계 고도화 및 소부장 혁신 지원 ▲지·산·학 융합 글로벌 반도체 인재 양성이다.시는 이동·남사읍 첨단시스템반도체 국가산단(삼성전자), 원삼면 용인반도체클러스터 일반산단(SK하이닉스), 삼성전자 기흥캠퍼스 미래연구단지(NRD-K)에 대한 기반시설 조성을 적극 지원할 계획이다. 특히 2027년 준공 예정인 ‘양산연계형 트리니티팹’ 구축 사업을 지원해 소부장 기업들의 기술 검증과 상용화를 뒷받침하고, 반도체 특성화고와 마이스터고 설립 등을 통해 전문 인력 양성에도 나선다.이 시장은 결재 직후 이동·남사읍 국가산단과 원삼면 용인반도체클러스터 현장을 잇달아 방문해 사업 추진 상황을 점검했다.국가산단에서는 현재 보상률이 금액 기준 47%, 면적 기준 40% 수준인 점을 확인한 뒤 주민 이주와 보상이 차질 없이 진행되도록 당부했다. 원삼면 SK하이닉스 클러스터에서는 2027년 가동 예정인 1기 팹 공정률을 점검한 뒤 향후 3·4기 팹 건설에 필요한 전력과 용수 공급 계획도 조속히 추진돼야 한다고 했다. 여주보에서 공급되는 공업용수 관로의 유수율도 현재 91%에서 99% 수준까지 끌어올려 달라고 관계자들에게 요청했다.이 시장은 “국제 반도체 패권 경쟁에서 초격차를 유지하려면 용인 국가산단과 일반산단 조성에 더 속도가 붙어야 한다”며 “용인시는 계속적으로 행정 지원을 할 것이며 정부도 강력한 지원 의지를 행동으로 보여주길 기대한다”고 말했다.",True,반도체,"이상일 용인시장은 민선 9기 출범 첫날 반도체 산업 육성 계획에 서명하고, 삼성전자와 SK하이닉스 반도체 산업단지 현장을 방문해 추진 상황을 점검했다. 이번 종합계획은 반도체 클러스터 가동, 생태계 고도화, 인재 양성을 목표로 하며, 2027년 양산형 트리니티팹 구축 등을 지원한다. 시는 기반시설 조성, 인력 양성, 보상 문제 해결에 힘쓰며, 용인시가 글로벌 반도체 중심도시로 도약하는 데 박차를 가하고 있다.",반도체,1.0
2026-07-01,"민형배 전남광주통합시장, 1호 지시 '반도체·안전·민생'(종합)",정보 없음,https://n.news.naver.com/mnews/article/003/0014038838,"의회 취임선서 뒤 무안청사서 업무지시5·18민주광장서 반도체 전략위 공식 출범[무안=뉴시스] 민형배 전남광주통합특별시장이 1일 새벽 전남광주통합특별시청 무안청사 집무실에서 간부공무원들에게 반도체 지원방안, 재해안전대책, 민생안전 정책 등 1호 업무지시를 하고 있다. (사진 = 전남도 제공). 2026.07.01. photo@newsis.com *재판매 및 DB 금지[무안=뉴시스] 구용희 기자 = 민형배 전남광주통합특별시장이 취임 첫날 반도체 산업 지원 대책과 재난·재해 대응, 서민생활 안정 대책 마련을 제1호 지시로 내렸다.1일 전남광주통합특별시에 따르면 민 시장은 이날 새벽 무안 남악청사에서 열린 전남광주특별시의회 첫 임시회에 참석해 취임선서를 한 뒤 특별시장으로서의 각오와 시정 운영 방향을 밝혔다.이후 특별시청 무안청사에서 실·국장들과 만나 ▲반도체 산업 지원 ▲재난재해 대응 ▲민생경제 안정을 시정의 최우선 과제로 제시했다.민 시장은 ""통합특별시 출범은 새로운 행정구역의 출범을 넘어 대한민국의 새로운 성장축을 만드는 일""이라며 ""시정의 모든 역량을 미래 성장동력 확보와 시민의 안전, 민생경제 회복에 집중해 달라""고 주문했다.특히 반도체 산업 지원과 관련해 삼성·SK의 800조원 투자에 맞춰 반도체 공장이 조기에 완공되고 이재명 대통령 임기 내 반도체 생산이 시작될 수 있도록 모든 행정역량을 집중할 것을 지시했다.이를 위해 산업실을 중심으로 용수·전력·부지 등 기반시설 조성을 위한 신속한 행정지원 체계를 구축하고 전 실국이 인재양성과 주거·교육·문화 등 정주여건 조성을 빈틈없이 준비할 것을 강조했다.재난재해 대응도 핵심 과제로 제시했다.민 시장은 ""시민의 생명과 안전을 지키는 것은 행정의 가장 기본적 책무""라며 ""전남광주통합특별시가 가뭄·홍수·폭염으로부터 안전한 도시가 될 수 있도록 재난 대응체계를 강화해야 한다""고 강조했다.다가오는 폭염과 장마에 대비해 재난 취약 지역과 시설을 선제적으로 점검하고 시민안전실을 중심으로 예방 중심의 재난대책을 마련할 것도 지시했다.민생경제 안정도 주요 업무로 꼽았다.그는 ""현장에서 만난 시민들은 일자리와 민생경제 회복을 가장 절실하게 바라고 있다""며 ""경제실을 중심으로 소비 촉진과 골목상권 활성화를 적극 추진하고 실효성 있는 민생경제 대책을 마련해 달라""고 밝혔다.[무안=뉴시스] 이영주 기자 = 민형배(오른쪽 두번째) 전남광주통합특별시장이 1일 오전 전남 무안군 전남광주통합특별시 남악청사 구내식당에서 송형곤(왼쪽 두번째) 전남광주통합특별시의회 의장을 비롯한 통합시의원들과 조찬 간담회를 갖고 있다. 2026.07.01. leeyj2578@newsis.com민 시장은 같은 날 오전 7시30분 전남광주특별시의회 의원들과 청사 구내식당에서 조찬을 함께하며 통합 특별시 출범 이후의 시정 운영 방향과 의회 협력 방안을 논의했다.이어 무안청사로 출근하는 직원들과 인사를 나눈 뒤 민원실과 기자실을 찾았다.민 시장은 순천 동부청사로 이동해 특별시장으로서 제1호 결재를 할 예정이다.제1호 결재 안건은 전남광주 통합 행정의 조기 안착을 위한 '효과적 통합을 위한 100일 실행계획'이다. 이 계획에는 통합 특별시 상징물 제작, 시민 안전 대책, 의회가 제정한 조례의 세부 실행 방안 등이 담겼다.순천 일정을 마친 민 시장은 오후 광주로 이동해 국립5·18민주묘지를 참배한다. 광주청사를 방문해 직원들을 격려하고 오후 2시30분께 광주지역 기자단과 차담회를 가질 계획이다.취임 첫날 마지막 공식 일정은 오후 7시 광주 5·18민주광장에서 열리는 반도체 전략위원회 출범식을 찾는 일이다.민 시장은 이 자리에서 통합 특별시 운영 방향과 시정 비전을 시민들에게 설명하고 800조원 규모의 투자가 예상되는 반도체 산업 육성 전략을 발표한다. 또 반도체 공장이 조기에 설립될 수 있도록 행정·정책 지원을 전담할 반도체 전략위원회를 공식 출범시킨다.전남광주통합특별시는 민 시장의 첫날 행보는 통합 행정의 안정적 출범과 미래 산업 선점, 시민 생활 안정에 초점을 맞추고 있다고 설명했다.",True,반도체,"민형배 전남광주통합특별시장은 취임 첫날 무안청사에서 반도체 지원, 재난대응, 민생안정 등을 최우선 과제로 지시하며 시정 방향을 제시했다. 삼성·SK의 800조원 투자에 맞춘 반도체 산업 조기 추진, 재해 취약지역 점검, 일자리 창출 등 시민 안전과 경제 회복에 집중한다. 또한, 통합특별시 출범 100일 계획 수립과 반도체 전략위원회 출범, 시민 안전 대책 마련 등 주요 업무를 추진하며 미래 성장과 시민 안전을 위한 행보를 시작했다.",반도체,2.0
2026-07-01,대한민국 첫 전남광주통합특별시 출범…'반도체 특별시' 첫발(종합),정보 없음,https://n.news.naver.com/mnews/article/421/0009033043,"1호 조례안 등 330건 속전속결, 2시간 40여 분 만에 의결'야당' 진보당 의원들 반대토론 잇따라…존재감 과시민형배 전남광주통합특별시장이 전남광주통합특별시가 공식 출범한 1일 전남도의회 본회의장에서 열린 제1회 임시회 제1차 본회의에서 취임사를 하고 있다. 2026.7.1 ⓒ 뉴스1 박지현 기자(무안=뉴스1) 서충섭 기자 = 대한민국 첫 행정통합 사례인 전남광주통합특별시가 1일 공식 출범했다. 통합특별시는 출범 첫날 제1호 조례로 반도체 전략투자지원 조례를 만장일치 의결하며 '반도체 특별시'를 향한 첫발을 뗐다.전남광주통합특별시의회 제1회 임시회 제1차 본회의는 이날 오전 0시 전남 무안 전남도의회서 열렸다. 초대 의장으로 4선의 송형곤 의원(더불어민주당·고흥1)을 선출했다. 송 의장은 총 91표 중 86표의 지지로 당선됐다.송 의장은 당선 소감을 통해 ""초대 의장으로 선출해 주신 동료 의원들께 감사드린다. 저 개인에게는 무거운 책임을 시작하는 자리라고 생각한다""며 ""대한민국 지방자치 역사에 한 번뿐인 첫 페이지를 쓰고 있다. 인공지능과 반도체 산업 핵심 거점으로 육성한다는 국가 비전의 성공적 추진을 위해 초당적 협력으로 적극 뒷받침하겠다""고 밝혔다.이어 특별시의회는 1호 조례안으로 '전남광주통합특별시 글로벌 반도체 전략투자지원에 관한 조례안'을 송 의장이 대표 발의했다.조례안은 통합특별시장의 책무로 반도체 산업 투자유치와 투자이행 지원 시책 수립 및 관계기관과 협력 체계 구축을 명시했다. 또 투자유치와 투자이행을 점검하고 종합적으로 심의하기 위한 반도체 전략위원회 설치 근거도 마련했다.투자기업의 요청사항을 신속히 처리하기 위해 기업별 전담 대응팀을 구성하고 관련 부서와 연계한 원스톱 기업 지원 체계 구축을 덧붙였다.해당 조례안은 재석의원 91명 중 찬성 91명 가결로 100% 찬성으로 통과됐다.이어 특별시의회는 특별시 조례 234건, 교육 조례 61건, 의회 조례 35건 등 330건의 필수조례를 순차적으로 심의, 의결했다.민형배 초대 특별시장과 김대중 초대 특별시교육감도 취임 선서를 통해 취임했다.민 시장은 취임사를 통해 ""대한민국 최초 통합특별시의 위대한 출발을 만들어 주신 특별시민 여러분께 감사드린다""며 ""전남과 광주의 통합이라는 큰 결단을 이뤄 주신 이재명 대통령과 강기정 광주시장, 김영록 전남지사께도 진심으로 감사드린다""고 밝혔다.이어 ""반도체 공장을 최대한 빠른 속도로 건설해 이재명 대통령 임기 안에 결실을 맺도록 모든 역량을 집중하겠다""며 ""청년이 고향을 떠나지 않고 지역 대학과 산업이 함께 성장하는 구조를 만들겠다""고 덧붙였다.김대중 교육감도 취임사를 통해 ""전남과 광주 교육이 하나 되어 대한민국 교육의 새로운 역사를 힘차게 써 내려가는 위대한 장에 섰다""며 ""행정구역 결합을 넘어 지역 소멸이라는 절체절명의 위기를 극복하고 새로운 도약을 이끄는 거대한 빛의 혁명이다""고 평가했다.이어 ""우리는 더이상 수도권 교육과 비교해 그 뒤를 따라가지 않겠다""며 ""세계가 주목하고 세계가 배우러 오는 대한민국 K교육특별시로 당당히 도약하겠다""고 강조했다.91명 중 83명이 더불어민주당 소속인 가운데 5명의 진보당 의원들은 반대 토론을 통해 일방통행에 제지를 걸었다. 조속한 통합특별시 출범의 대의를 훼손하지 않는 선에서 10여 분간의 반대 토론으로 야당의 면모를 보였다.윤민호 의원은 상임위원장 선출 절차를 문제 삼으며 7월 3일로 연기할 것을 요구하고 교섭단체 구성요건도 현행 10명보다 완화할 것을 촉구했다.최경미 의원은 집행부의 조직개편도상 비대해진 최종 결재 라인과 함께 서울특별시 수준의 별정직 29명으로의 확대를 문제 삼았다. 최 의원은 ""서울특별시 수준의 권한이 인정된다는 것이지 특별법 어디에도 별정직 정원을 서울시 수준으로 설정할 수 있다는 별도 조항은 존재하지 않는다""고 꼬집었다.신연순 의원은 통합교육청 조례 심의 과정에서 교육구성원들의 의견 수렴 과정이 배제되고 밀실 개편 논란을 빚은 조직안을 지적했다. 신 의원은 ""전국 최초 통합교육청이라는 거대한 설계도에 혹시 놓친 빈틈은 없는지 학교 현장 목소리를 담아 조직 완성도를 높이자""며 숙의를 제안했다.오전 0시에 열린 첫 본회의는 이날 오전 2시 45분에 정회했다. 오전 8시 30분 속개해 부의장과 상임위원장 선거를 진행한다.",True,반도체,"전남광주통합특별시가 대한민국 최초로 1일 공식 출범했다. 제1호 조례로 반도체 전략투자지원 조례를 만장일치 의결하며 ‘반도체 특별시’ 실현에 착수했고, 송형곤 초대 의장이 당선됐다. 330건의 조례를 심의·의결했고, 민형배 시장과 김대중 교육감도 취임했다. 야당인 진보당 의원들은 반대 토론을 통해 통합 과정의 문제점을 지적하며 견제 역할을 했다. 첫 본회의는 2시간 40여 분 만에 마무리됐으며, 향후 조직 개편과 상임위원장 선출이 예정돼 있다.",반도체,2.0
2026-07-01,첫 결재부터 '반도체'… 이상일 시장이 가장 먼저 선택한 것은,정보 없음,https://n.news.naver.com/mnews/article/047/0002521134,"클러스터 지정 신청, 반도체마이스터고 운영 등 민선 9기서 추진할 11개 세부 추진 사업 방안 담겨▲이상일 용인특례시장이 용인에서 진행되는 초대형 반도체 프로젝트를 성공적으로 추진하기 위해 민선9기 출범 첫날인 1일 첫 번째 결재로 ‘용인 르네상스 2.0 용인시 반도체산업 육성 및 클러스터 조성 종합계획’에 서명했다.ⓒ 용인시[기사 수정 : 1일 오후 4시 23분]이상일 용인특례시장이 용인에서 진행되는 초대형 반도체 프로젝트를 성공적으로 추진하기 위해 민선 9기 출범 첫날인 1일 첫 번째 결재로 '용인 르네상스 2.0 용인시 반도체산업 육성 및 클러스터 조성 종합계획'에 서명했다.이 시장은 이어 반도체 산단 조성 현장을 방문해 추진 상황을 점검했다. 이동·남사읍 용인 첨단시스템반도체 국가산업단지(삼성전자)와 원삼면 용인반도체클러스터 일반산업단지(SK하이닉스) 조성을 속도감 있게 추진하겠다는 의지를 밝힌 것이다.이상일 시장은 이날 새벽 동백지역에서 환경미화원과 함께 생활폐기물 수거 작업을 마친 뒤 시청 집무실에서 '용인 르네상스 2.0 용인시 반도체산업 육성 및 클러스터 조성 종합계획'에 서명했다.민선 9기 첫 결재인 '용인 르네상스 2.0 용인시 반도체산업 육성 및 클러스터 조성 종합계획'에는 민선 8기부터 추진해 온 용인의 초대형 반도체 프로젝트를 민선 9기에서 속도감 있게 실행하겠다는 정책 의지가 담겼다.클러스터 조성 종합계획은 삼성전자와 SK하이닉스 등 두 반도체 앵커기업(선도기업)과 함께 용인을 세계 반도체 중심도시로 만들기 위한 3대 추진 전략과 11개 세부 사업으로 구성됐다.3대 추진 전략은 ▲ 클러스터 적기 가동을 통한 핵심 동력 확보 ▲ 실리콘 용인 생태계 고도화 및 소부장 혁신 지원 ▲ 지·산·학 융합 글로벌 반도체 인재 양성 등이다.클러스터 조성 종합계획에 따라 시는 2023년 7월 20일 정부의 '반도체 국가첨단전략산업 특화단지' 지정을 받은 첨단시스템반도체 국가산단(삼성전자), 용인반도체클러스터 일반산단(SK하이닉스), 삼성전자 기흥캠퍼스 미래연구단지(NRD-K)의 기반시설 조성에 대한 행정적 지원을 강화할 계획이다.시는 첨단시스템반도체 국가산단, 용인반도체클러스터 일반산단, 삼성전자 기흥캠퍼스를 반도체지원특별법상의 '반도체클러스터'로 지정하는 노력을 전개할 방침이다. 시는 클러스터 지정을 위한 세부추진계획을 수립해서 실행한다.반도체 소재·부품·장비(소부장) 기업의 신기술을 실증하고 양산 가능성을 검증하는 양산연계형 트리니티팹 기반구축 사업도 지원한다. 약 1조 원이 투입되는 트리니티팹은 2027년 5월 원삼면 용인반도체클러스터에 준공될 예정이다. 이는 반도체 소부장 개발제품의 성능·검증·평가 등으로 상용화 속도 향상, 초격차 기술 확보 및 공급망 안정화 등 반도체 산업 생태계 강화에 기여할 것으로 보인다.시는 용인에 우수한 반도체 소재·부품·장비(소부장)기업과 설계기업을 전략적으로 유치하기 위한 맞춤형 인센티브를 제공하고, 정기 소통 창구를 마련해 경영 애로사항을 모니터링하는 등 기업 정주 지원 노력도 병행한다.시는 또 이상일 시장의 민선 8기 공약인 '용인반도체고등학교' 설립을 준비하고 있다. 이 학교는 처인구 남곡분교장 폐교 부지에 24학급 규모로 설립된다. 2027년 3월 반도체특성화고로 우선 개교하며, 2028년 3월 마이스터고로 전환된다. 시는 산학연 연계 맞춤형 교육과정 운영을 위한 교육경비 40억 원을 지원할 방침이다.시는 고교-대학-산업체가 유기적으로 연계된 지산학 협력 인재 양성 거버넌스를 구축하고, 정부 출연 연구기관 분원 등 반도체 공공 연구 기관 유치에도 적극 나서 지산학 융합 글로벌 반도체 인재 양성 생태계를 체계적으로 조성해 나갈 방침이다.이상일 시장은 결재를 마친 뒤 이동·남사읍 용인 첨단시스템반도체 국가산단과 원삼면 용인반도체클러스터 일반산단 현장사무실을 방문했다.이 시장은 먼저 국가산단과 관련해 보상이 이뤄지고 있는 현장사무실을 방문해 토지·지장물 보상 현황을 점검했다. 현재 보상은 전체 보상금액 대비 47%, 면적 대비 40% 진행됐다.이 시장은 주민과 기업의 이주 계획이 원활하게 실행될 수 있도록 관계자들에게 노력해달라고 당부했다.이 시장은 또 ""국가산단 부지 조성을 위한 토목공사가 당초 계획보다 많이 지연되고 있다""며 ""터를 닦는 일을 하기 위해서는 LH가 1, 2공구 입찰공고를 내야 하는 데 최소 6개월가량 늦어졌으니 속히 공고를 해서 사업자를 선정하기 바란다""고 주문했다.LH 측은 ""사장 취임 후 보고절차를 거쳐 신속히 추진하겠다""고 답했다.이상일 시장은 이어 원삼면에 위치한 용인반도체클러스터 현장사무소로 이동해 SK하이닉스 관계자로부터 2027년 가동 예정인 SK하이닉스 1기 팹 건설 공정률과 부지 조성 상황에 대한 설명을 들었다.이 시장은 ""SK하이닉스 팹 4기를 다 짓는 데 속도를 내려면 3, 4기에 대한 전력·용수공급 계획을 실행에 옮기는 일에도 속도가 나야 하므로 기후에너지환경부에 신속한 지원을 부탁해야 한다""며 ""용인시는 지금까지 해왔던 것처럼 필요한 행정지원을 신속히 하도록 하겠다""고 말했다.이 시장은 ""SK하이닉스 1, 2기 팹에 공급될 공업용수 관로를 시험운전한 결과 유수율이 91% 밖에 되지 않은 것으로 안다""며 ""여주보에서 오는 물의 손실을 최대한 줄여야 하는 만큼 유수율을 99%로 올리도록 노력해 달라""고 주문했다.박정호 용인반도체클러스터 일반산단 대표는 ""관로를 잘 점검하고 관리해서 유수율을 99%까지 올리도록 하겠다""고 답했다.이 시장은 ""국제 반도체 패권 경쟁 속에서 반도체 초격차를 유지하며 우위를 점하기 위해서는 용인 국가산단과 일반산단 조성에 속도가 더 붙어야 한다""며 ""용인시는 그동안 최선을 다해 지원해 온 만큼 계속적으로 행정지원을 할 것이며, 정부도 용인시처럼 강력한 지원 의지를 밝히고 행동으로 의지를 보여주길 기대한다""고 말했다.",True,반도체,"이상일 용인시장은 민선 9기 첫날 반도체 산업 육성 및 클러스터 조성 종합계획에 서명하며 용인 반도체 산업을 적극 추진하겠다고 밝혔다. 계획에는 삼성전자와 SK하이닉스의 첨단반도체단지 조성, 반도체 소재·부품·장비 기업 유치, 반도체 고등학교 설립 등이 포함돼 있다. 시는 관련 산업단지와 연구시설의 기반시설 지원, 인센티브 제공, 인재 양성 등을 통해 용인을 글로벌 반도체 중심지로 육성할 방침이다. 또한 현장 점검과 보상, 공사 지연 문제 해결에 힘쓰며, 반도체 산업 생태계 강화를 목표로 적극 행정을 펼치고 있다.",반도체,2.0
2026-07-01,"추미애 '반도체 혁신 대책' 1호 결재…""행정력 집중할 것""",정보 없음,https://n.news.naver.com/mnews/article/001/0016170903,"반도체 생태계 조기 완성·팹 건설 단축·미래성장 전략 담겨(수원=연합뉴스) 최종호 기자 = 추미애 경기도지사는 취임 첫날인 1일 첫 결재로 '반도체 초격차를 위한 K-반도체 혁신 대책'에 서명했다.취임사 하는 추미애 경기도지사(수원=연합뉴스) 홍기원 기자 = 추미애 경기도지사가 1일 경기도 수원시 영통구 경기도청에서 열린 취임식에서 취임사를 하고 있다. 2026.7.1경기도에 따르면 혁신 대책은 민선 9기 정책 목표인 '반도체로 경제 1번지 구현'을 실현하기 위한 것으로 신속한 반도체 클러스터 조성과 기업 투자 지원체계 구축을 목표로 한다.혁신 대책에는 K-반도체 생태계 조기 완성, 반도체 공장 팹(Fab) 건설 단축과 생산능력 5년 내 2배 확대 등 반도체 속도전, K-반도체 생태계 미래성장 전략 등 3대 추진전략이 담겼다.경기도는 수원(R&D), 용인·화성·평택(제조·소부장), 성남(반도체 설계 전문), 안성·오산(소부장), 이천(제조)을 연결하는 반도체 생태계 조기 완성을 위해 전력·용수·도로 등 핵심 인프라를 적기에 지원할 계획이다.또 도지사 직속 '반도체전략위원회'를 구성해 정부, 중앙행정기관과의 소통 채널을 강화하고 국회·광역·기초지방자치단체 등이 참여하는 가칭 'K-반도체 클러스터 완성 협의체'를 꾸려 기업의 투자 일정에 차질이 없도록 하는 한편 지역 주민 간 갈등 조정을 위한 상생 협력체계를 구축할 방침이다.반도체 생태계 미래성장을 위해서는 경기미래투자공사를 설립하는 등 반도체 설계 전문(팹리스) 성장 친화 환경을 조성해 팹리스 200개 육성을 추진한다는 구상이다.추 지사는 이날 취임식에서 ""팹이 앞당겨 가동될 수 있도록 여러 기반, 인프라를 조성하는 데 행정력을 집중하겠다""며 ""이르면 2030년에 팹 3기가 가동되면 인력 2만여명이 필요한데 이 중 1만3∼4천명은 도민들에게 제공하기 위해 행정적, 재정적 여건을 마련하겠다""고 말했다.zorba@yna.co.kr",True,반도체,"경기도는 반도체 생태계 조기 구축과 생산능력 확대를 목표로 'K-반도체 혁신 대책'을 발표했습니다. 이를 위해 반도체 클러스터 조성, 인프라 지원, 기업 투자 지원, 팹 건설 단축, 미래 성장 전략 등을 추진하며, 반도체전략위원회와 협의체를 통해 정부와 협력할 계획입니다. 또한, 팹리스 육성과 인력 양성을 위해 경기미래투자공사를 설립하는 등 적극 지원할 방침입니다. 추미애 도지사는 2030년까지 팹 가동과 인력 확보에 집중하겠다고 밝혔습니다.",반도체,2.0
2026-07-01,추미애 경기지사 1호 결재는 'K-반도체'…직속 전략위 띄운다,정보 없음,https://n.news.naver.com/mnews/article/421/0009035321,"'수용성평오이' 반도체 벨트 구축·인프라 적기 지원으로 생산능력 2배법인지방소득세 제도 개선도 건의…""반도체 인프라 투자 재원 확보""1일 취임한 추미애 경기도지사가 제1호 결재로 '반도체 초격차를 위한 K-반도체 혁신 대책'에 서명하고 있다.(경기도 제공. 재판매 및 DB금지)(수원=뉴스1) 최대호 기자 = 추미애 경기도지사가 취임 첫날인 1일 제1호 결재로 '반도체 초격차를 위한 K-반도체 혁신 대책'에 서명하며 반도체를 민선 9기 핵심 성장 전략으로 공식화했다.추 지사는 이날 ""민선 9기 정책 목표인 '강한 성장, 반도체로 경제 1번지 구현'을 실현하기 위한 첫걸음""이라며 ""정부의 반도체 전략과 연계해 신속한 반도체 클러스터 조성과 기업 투자 지원 체계를 구축하겠다""고 밝혔다.이번 대책은 △'수용성평오이' K-반도체 생태계 구축 △핵심 인프라 적기 지원 △미래 성장 기반 강화와 일자리 창출 등 세 가지를 핵심 축으로 한다.우선 수원·용인·화성·성남·안성·평택·오산·이천 등 8개 시군을 연결하는 이른바 '수용성평오이' 반도체 벨트를 조성해 세계 최대·최고 수준의 K-반도체 생태계를 조기에 완성한다는 구상이다.또 전력과 용수, 도로 등 핵심 기반시설을 적기에 공급하고 반도체 생산시설 건설 기간을 단축해 5년 안에 생산 능력을 2배로 확대한다는 목표를 제시했다.팹리스 기업 육성과 정주 여건 개선, '반도체기술원' 신설, 전문대학원 육성 등을 통해 산업 생태계를 강화하고 양질의 일자리도 대폭 늘리겠다는 계획이다.추 지사는 정책 추진력을 높이기 위해 도지사 직속 '반도체 전략위원회'를 설치하고, 정부와 중앙행정기관은 물론 국회와 광역·기초지방자치단체, 공공기관이 함께 참여하는 'K-반도체 클러스터 완성 협의체'도 운영하겠다고 밝혔다.그는 ""정부 전략과 신속하게 연계해 실행력을 높이고 세계 최대·최고의 반도체 생태계 구축에 속도를 내 글로벌 초격차를 선도하겠다""고 말했다.추 지사는 반도체 산업 육성을 위한 재원 확보 방안으로 법인지방소득세 제도 개선 필요성도 거듭 강조했다.그는 ""글로벌 초격차를 위한 인프라 지원에는 막대한 재원이 필요하지만 현재 법인지방소득세는 기초지자체에 귀속돼 도에는 들어오지 않는 구조""라며 ""중앙정부에 비공식적으로 제도 개선을 건의했고 앞으로 국회와 함께 문제를 풀어갈 생각""이라고 밝혔다.이어 ""재정 여건이 갖춰져야 계획한 인프라 투자를 과감하게 추진할 수 있다""며 ""지방재정도 제로섬이 아니라 서로 선순환하는 윈윈 구조가 될 수 있도록 제도 개선이 이뤄지길 기대한다""고 말했다.송전선로 설치와 전력 공급 등으로 발생하는 지역 갈등에 대해서는 상생 재원 마련과 제도 개선을 함께 추진하겠다는 입장을 내놨다.추 지사는 ""주민 갈등과 수용성 문제를 해결해야 반도체 팹 조기 완공과 글로벌 초격차도 가능하다""며 ""상생기금 마련과 경기미래투자공사 설립 등을 연계해 지역 상생 기반을 만들겠다""고 말했다.그러면서 ""송전선로 지중화 등 주민 불편을 줄이기 위한 사업에도 상당한 재원이 필요하다""며 ""반도체 산업 확대에 따른 일자리와 교통·정주 여건 개선을 통해 주변 지역까지 함께 성장하는 기반을 만들겠다""고 덧붙였다.",True,반도체,"경기도는 반도체 산업을 민선 9기 핵심 성장 전략으로 삼아 'K-반도체 혁신 대책'을 발표했다. 수용성평오이 벨트 조성, 핵심 인프라 적기 지원, 미래 성장과 일자리 창출을 목표로 하며, 생산 능력을 5년 내 2배로 확대할 계획이다. 재원 확보를 위해 법인지방소득세 제도 개선과 지역 갈등 해소 방안도 추진하며, 반도체 클러스터 조성과 산업 생태계 강화를 통해 글로벌 초격차를 선도하겠다는 의지를 밝혔다.",반도체,2.0
2026-07-01,수출 사상 첫 1000억弗 돌파…반도체 호조에 '수출 5강' 성큼(종합2보),정보 없음,https://n.news.naver.com/mnews/article/003/0014040004,"산업부, 6월 수출입동향 발표…수출 70.9%↑수출 '1000억 달러' 돌파는 전세계서 4번째 기록올해 1~4월 기준 '세계 5위 수출국'에 이름 올려반도체 수출 448억弗…사상 첫 400억弗 상회""하반기 반도체 단가 변동, 유가 등 불안 요인""[부산=뉴시스] 하경민 기자 = 지난달 수출이 전년 대비 70.9% 증가한 1023억 달러(158조4627억원)로 집계, 독일과 중국, 미국 등에 이어 세계 4번째로 월 수출 1000억 달러를 돌파했다. 정체전선의 영향에 들어간 1일 부산 남구 신선대(아래) 및 감만(위) 부두 야적장에 수출입 컨테이너가 쌓여 있다. 2026.07.01. yulnetphoto@newsis.com[세종=뉴시스]이수정 기자 = 반도체 슈퍼사이클에 힙입어 지난달 수출이 사상 첫 1000억 달러를 돌파했다. 수출은 전년대비 70.9% 증가했고 반도체 수출은 고부가 메모리 반도체 수요 견조에 힘입어 400억 달러를 넘어서며 사상 최고치를 경신했다.정부는 중국·미국·독일·네덜란드에 이어 '세계 수출 5강' 진입도 충분히 가능할 것으로 전망했다.1일 산업통상부가 발표한 '6월 수출입동향'에 따르면 수출은 1년 전보다 70.9% 증가한 1023억 달러(158조4627억원), 수입은 30.1% 증가한 661억 달러(102조5542억원)를 기록한 것으로 집계됐다.이는 독일·중국·미국에 이어 전세계에서 네 번째로 월 수출액 1000억 달러 이상을 넘어선 기록이다.조업일수를 고려한 일평균 수출은 59.5% 증가한 45억4000만 달러로, 2개월 연속 역대 최대 실적을 경신했다.우리나라 수출은 13개월 연속 플러스를 이어가고 있다. 20대 주력 수출 품목 중 18개 품목 수출이 증가했다.무역수지는 전년동월대비 361억5000만 달러 흑자를 달성했다. 무역수지는 사상 첫 300억 달러를 돌파했으며 1~6월 누적 수지는 1383억 달러 흑자를 기록했다. 무역수지는 지난해 2월 이후 17개월 연속 흑자를 달성했다.김정관 산업통상부 장관은 ""올해 상반기는 미국의 관세가 지속되고 있는 가운데, 중동 전쟁에 따른 물류·에너지 불안, 보호무역주의 확산에 따른 대외 불확실성 증가 등 수출 여건이 녹록치 않은 시기였다""고 말했다.이어 ""그럼에도 우리 수출은 AI 서버향 투자 확대에 따른 반도체 호조, 선박·석유제품·무선통신기기 등 기존 주력제품과 화장품·농수산식품 등 유망소비재 품목의 고른 선전으로 상반기 중 역대 최대 실적을 경신했다""고 평가했다.[서울=뉴시스] 지난달 반도체 수출이 전년 동월 대비 199.5% 증가하며 448억2000만 달러를 기록했다. D램 고정가격 증가와 고부가 메모리 반도체 수요 확대가 수출 급증을 이끌었다.(그래픽=안지혜 기자)  hokma@newsis.com반도체 수출, 사상 첫 400억 달러 돌파 '새 기록'최대 수출 품목인 반도체 수출은 D램 고정가격이 반등한 가운데 HBM 등 고부가 메모리 수출 호조세도 지속되면서 199.5% 증가한 448억2000만 달러로 사상 첫 400억 달러 이상을 기록했다.미국 에너지부의 연방 에너지규제위원회 대상 전력 연결심사 기간 단축 요청으로 데이터센터가 조기에 운영단계에 진입해 반도체 수요가 확대된 영향이다.수요가 견조한 가운데 고정가격 상승으로 수출 단가도 상승하며 월 기준 역대 최대 실적을 기록했다.DDR5 가격은 올해 4월 35달러에서 5월 37.50달러, 6월 40달러로 지속 증가세다. 6월 가격은 전년대비 685.1% 증가한 것으로 나타났다.  낸드 플래시 단가 역시 같은 기간 825.2% 상승한 것으로 집계됐다.컴퓨터 수출은 빅테크 기업들의 인공지능(AI) 인프라 투자 확대에 따른 솔리드스테이트드라이브(SSD) 수요 확대 증가로 308.8% 증가한 54억1000만 달러로 집계됐다.컴퓨터 수출액은 올해 2월 26억 달러(+222%), 3월 34억 달러(+189%), 4월 41억 달러(516%), 5월 42억 달러(191%), 6월 54억 달러(+309%) 등으로 증가세를 보이고 있는 중이다.미국을 중심으로 글로벌 데이터센터 수요가 크게 늘고 있고, 엔비디아의 차세대 AI 플랫폼 '베라 루빈(Vera Rubin)' 양산 예정 등으로 수요가 확대된 것이 수출액 증가로 이어졌다.무선통신기기 수출은 신제품 판매 호조세로 휴대폰 완제품 중심의 증가세를 보여 51.9% 오른 15억5000만 달러를 기록했다. 무선통신기기 수출은 8개월 연속 플러스를 달성했다.강감찬 산업부 무역투자실장은 ""올해 6월 수출이 1000억 불을 달성하게 된 가장 큰 요인은 반도체""라며 ""최근에 반도체 뿐만 아니라 컴퓨터 수출 관련된 IT제품기기도 수출도 빠르게 늘고 있다""고 말했다.강 실장은 ""반도체 가격 전망 부분은 여전히 불확실하다""면서도 ""이 추세가 견고한 부분이 있고, 산업부에서는 올해 하반기까지는 상승세 국면이 계속될 것이라고 보고 있다""고 설명했다.[서울=뉴시스] 지난달 수출이 월간 기준 1000억 달러를 돌파했다. 한국은 독일, 중국, 미국에 이어 전 세계에서 네 번째로 월 수출 1000억 달러를 넘어선 국가가 됐다. 월간 기준 무역흑자도 사상 첫 300억 달러 돌파다. (그래픽=안지혜 기자) hokma@newsis.com자동차 수출, 부품 공급 안정화로 상승…전기·친환경차↑자동차 수출은 부품 공급 안정화와 생산물량 증가 등으로 5.8% 오른 67억1000만 달러를 기록했다. 다만 자동차 부품 수출은 현지화 확대와 글로벌 신차 수요 회복 지연 등으로 2.4% 감소한 17억4000만 달러에 그쳤다.품목별로는 하이브리드차가 38.6% 오른 19억7000만 달러, 전기차가 18.1% 오른 9억4000만 달러를 기록했다. 내연기관차는 7.8% 감소한 38억1000만 달러 수출된 것으로 집계됐다.수출 비율은 내연기관차 56.7%, 하이브리드차 29.3%, 전기차 13.9% 등이다. 신차 수출은 6.4% 오른 60억3000만 달러였으며, 중고차 수출은 1.1% 오른 6억8000만 달러였다.강 실장은 ""내연차 수출이 줄어들고 있고, 전기차나 친환경차 수출이 늘고 있다""며 ""결국 우리나라 제품들의 경쟁력이 어디에 있는지를 보여주는 부분이라 생각한다""고 말했다.선박 수출은 수출 물량이 지난해와 비슷했지만 액화천연가스(LNG)선박 등 고부가가치 선박 수출 증가에 따른 평균 수출단가 상승으로 12.9% 오른 28억3000만 달러를 기록했다.데이터센터 건설 증가에 따라 국산 철강재 선호도 상승과 지난해 미국의 철강관세 부과에 따른 기저효과 등으로 철강 수출도 2025년 4월 이후 14개월 만에 플러스로 전환됐다.지난달 철강 수출은 전년동월대비 9.6% 증가한 21억4000만 달러를 기록한 것으로 집계됐다.비철금속은 동·알루미늄 등 주력품목의 단가와 물량이 모두 증가하면서 역대 6월 중 최대 실적인 18억2000만 달러를 달성했다. 이는 전년대비 45.8% 증가한 수치다.일반기계 수출은 전년대비 7.5% 증가한 40억8000만 달러를 올렸다. 전년대비 조업일수가 늘어났고 해외 현지공장 증설에 따른 제조장비, 기계부품 등 수출이 증가하면서 5개월만에 플러스로 전환됐다.강 실장은 ""상반기 수출에서 자동차·철강·일반기계의 수출 호조세가 중요하게 기여했다""며 ""다만 대미 관세나 EU 철강관세할당(TRQ) 적용 등 보호무역 조치가 남아있기 때문에 하반기에는 불확실성이 높아질 수 있다""고 내다봤다.소비재 품목도 수출 호조재를 보였다.바이오헬스 수출은 바이오시밀러 제조 경쟁력을 바탕으로 한 점유율 확대와 위탁생산(CMO) 확대 등으로 전년대비 14.1% 증가한 19억2000만 달러의 수출액을 달성했다. 이는 역대 6월 중 최대 실적이다.화장품 수출은 K-뷰티의 글로벌 인지도 확산과 해외 수요 증가 등에 힘입어 42.5% 오른 13억4000만 달러를 기록했고, 농수산식품은 라면·조미김 등 가공식품을 중심으로 해외 수요가 확대되며 전년대비 16.8% 증가한 11억7000만 달러의 수출액을 올린 것으로 집계됐다.석유제품 물량 줄었지만 단가 상승…49.8% 증가세석유제품 수출은 중동 전쟁으로 인한 유가 급등으로 수출 단가가 크게 상승하며 49.8% 증가한 55억9000만 달러를 기록했다. 다만 수출 토제로 인해 수출 물량은 7% 감소한 515만톤(t)으로 집계됐다.특히 수출통제 영향으로 휘발유·경유·등유의 수출은 전년대비 각각 약 16.0%, 6.9%, 99.7% 줄었다. 석유화학 수출은 유가 상승의 제품가격 반영까지의 시차로 수출단가가 소폭 상승한데 힘입어 18.8% 증가한 40억7000만 달러를 기록했다. 수출 물량은 270만t으로 내수 공급 증가에 따라 14.6% 줄었다.두바이유 가격은 배럴당 지난달 기준 103.15달러까지 올랐으나 중동 전쟁이 소강 상태에 접어들면서 일부 하락했다. 다만 79.45달러로 전년 대비 14.7% 상승한 수준이다.석유제품 수출 단가는 t당 1086달러로 61%, 석유화학 수출 단가는 t당 1508달러로 39% 상승했다.강 실장은 ""하반기 유가는 여전히 불확실한 상황이다. 아직 종전이 되기도 어려운 상황""이라며 ""일정 기간 고유가가 지속되는 상황에서 보면 석유제품·석유화학 (수출액 상승세의) 지속가능성은 있을 것으로 본다""고 말했다.[장자커우(중국)=AP/뉴시스] 중국 장자커우(張家口)의 겐팅 스노우 파크에 미국과 중국 국기가 게양돼 있는 모습. 2023.10.06. *재판매 및 DB 금지中·美 수출 호조세…중동 수출 감소폭도 완화9대 주요 수출지역 중에서는 7개 지역에서 수출이 증가했다.미국은 전년 동월 대비 78.6% 증가한 200억2000만 달러의 수출액을 기록했다.AI 서버 투자 확대 영향으로 반도체·컴퓨터·전자기기 등의 호조세가 영향을 미쳤다. 한류 확산으로 화장품·농수산식품 등 소비재도 높은 증가율을 기록했다.품목별로는 반도체 수출은 +348%, 컴퓨터 +561%, 자동차 +11% 일반기계 +6%, 석유제품 +81%, 전기기기+24% 등의 증감율을 보였다.중국 수출은 92.1% 오른 200억3000만 달러로 집계됐다. 최대 품목인 반도체가 3배 이상 증가한 가운데 석유화학·일반기계·무선통신기기 등 주력품목이 호조세를 보이며 8개월 연속 플러스를 기록했다.주요 품목별 수출 증감율은 반도체 +232%, 석유화학 +1%, 일반기계 +16%, 무선통신 +56%, 비철금속 +56%, 디스플레이(DP) -9% 등이다.아세안은 반도체·석유제품·디스플레이 등 주력 품목이 높은 증가율을 보이면서 전년 대비 86.6% 오른 183억 달러의 수출액을 기록했다. 아세안 수출은 5개월 연속 월 최대 실적을 경신했다. 반도체 +198%, 석유제품 +40%, DP +53%, 석유화학 +16%, 일반기계 +22%, 선박 +16% 등의 증가율을 보였다.유럽연합(EU) 수출은 선박·반도체·자동차·바이오헬스 등 품목이 고르게 증가하며 31.8% 오른 76억2000만 달러를 기록했다. 유럽으로의 수출은 7개월 연속 증가세를 보였고 역대 6월 중 최대 실적을 경신했다. 선박+8%, 반도체 +229%, 자동차 +8%, 바이오헬스 +100%, 석유화학 +43%, 일반기계 -1% 등의 증가율을 보인 것으로 나타났다.중동 수출은 자동차·석유화학 등 품목에서 회복세를 보였으나 일반기계·자동차부품·철강 등에서 부진이 계속되며 8.4% 감소한 18억 달러에 그쳤다. 주요품목 수출 증가율은 자동차 +2%, 일반기계 -6%, 석유화학 +49%, 전기기기 -55%, 차부품 -10%, 바이오헬스 -6% 등이다.강 실장은 ""중동 지역의 경우, 종전 이후에 재건 수요나 그동안 막혀 있었던 자동차나 자동차 부품 등의 수요가 증가하며 상반기에 감소했던 중동 수출이 개선될 여지가 있다""고 설명했다.수입 30.1% 증가한 661억 달러…에너지 수입 45.1% 증가6월 수입은 30.1% 증가한 661억 달러를 기록했다.에너지 수입은 125억1000만 달러로 45.1% 증가했다. 에너지 수입은 125억1000만 달러로 전년대비 45.1% 늘었고 에너지 외 수입은 27.0% 증가한 536억 달러로 집계됐다.원유 수입은 중동 전쟁으로 수입 물량은 감소했지만 유가 급증에 따른 수입단가 상승으로 50.4% 증가한 85억6000만 달러를 기록했다.비에너지는 비철금속 28억9000만 달러(+59.9%), 반도체장비 27억1000만 달러(+41.3%), 나프타 13억5000만 달러(+17.4%), 컴퓨터 16억9000만 달러(+53.2%) 등의 수입이 증가했다.무역수지는 전년 대비 271억4000만 달러 증가한 361억5000만 달러 흑자를 기록하며 사상 처음으로 300억 달러를 상회했다. 1~6월 누적 수지는 1383억 달러 흑자로 전년 동개 대비 1109억 달러 증가했다.[반다르아바스=AP/뉴시스] 미국과 이란의 종전 양해각서(MOU) 체결로 호르무즈 해협이 다시 열리면서 중동 산유국들이 원유 생산과 수출 재개에 들어갔다. 해협 통항이 정상화되면 중동산 원유 공급에 대한 불안이 줄고, 국제 유가도 점차 안정을 찾을 것으로 보인다. 사진은 지난 17일(현지 시간) 이란 반다르아바스 인근 호르무즈 해협에서 소형 모터보트 한 척이 정박 중인 선박들 사이를 지나고 있는 모습. 2026.06.19.상반기 수출 역대 최대 실적…수출 5강 성큼올해 상반기 수출은 전년 동기 대비 48.4% 증가한 4967억 달러로 같은 기간 중 역대 최대 실적을 갈아치웠다. 조업일수를 고려한 일평균 수출은 46.2% 증가한 37억5000만 달러를 기록했다.정부는 하반기에도 이러한 호조세가 계속될 경우, '수출 5강' 진입이 가능할 것이라고 내다봤다. 강 실장은 ""WTO가 공개한 올해 1~4월 수출 실적을 보면, 우리나라는 중국·미국·독일·네덜란드에 이어 5위를 기록하고 있다""며 ""현재 기준으로 보면 수출 5강은 충분히 가능하다""고 했다.상반기에는 20대 주요 수출품목 중 14개 품목 수출이 증가했다.정보기술(IT)품목, 석유제품·화학, 선박·바이오헬스·화장품 등의 품목에서 수출이 증가했고 자동차·일반기계·가전 등은 미 관세, 중동 전쟁, 가격경쟁 심화 등 영향으로 수출이 줄어든 것으로 나타났다.특히 반도체 수출이 163% 증가했고, 반도체 외 품목 수출도 16%의 높은 증가율을 기록했다. 반도체 수출은 메모리 고정가격이 크게 상승하며 1924억 달러를 기록하며 기존 최대 실적이었던 지난해 1734억 달러를 이미 넘어섰다.역대 반도체 수출 2위는 지난해 1734억 달러, 3위는 2024년 1419억 달러 등이다.컴퓨터는 AI투자 확대에 따른 기업용 SSD 수요 확대로 212억 달러(+262%)의 수출액을 올리며 기존 연간 최대 실적인 171억 달러를 경신했다.일반기계는 미국의 관세조치, 중동전쟁에 따른 물류 애로, 중국 경제 성장 정체 등의 영향으로 전년대비 2.9% 감소한 229억9000만 달러를 기록했다. 선박은 2023년 높은 선가로 수주한 LNG선 등 고부가선박 인도로 전년대비 18% 증가한 165억5000만 달러의 수출액을 올렸다.자동차 수출은 전년대비 1.1% 감소한 359억 달러를 올렸다. 중동전쟁으로 인한 물류차질, 최대 시장인 미국의 관세 조치와 이에 따른 현지생산 확대, 중고차 수출 감소 등에도 불구하고 하이브리드·전기차 수출이 호실적을 보이면서 감소폭을 줄였다.석유제품은 301억 달러(+39.6%)·석유화학은 228억 달러(+5.2%)의 수추액을 올렸다. 수출통제와 국내우선 공급 등으로 수출물량은 감소했으나, 유가와 연동되는 수출단가 상승으로 수출금액은 증가한 것으로 나타났다.[부산=뉴시스] 하경민 기자 = 지난달 수출이 전년 대비 70.9% 증가한 1023억 달러(158조4627억원)로 집계, 독일과 중국, 미국 등에 이어 세계 4번째로 월 수출 1000억 달러를 돌파했다. 정체전선의 영향에 들어간 1일 부산 남구 신선대 부두 야적장에 수출입 컨테이너가 쌓여 있다. 2026.07.01. yulnetphoto@newsis.com이차전지와 비철금속 수출도 늘었다.동·알루미늄 등 비철금속 수출 단가·물량 상승 및 이차전지 재료인 리튬 단가 상승 등으로 인해 비철금속·이차전지 수출이 각각 11.1%, 38% 증가한 40억 달러, 94억4000만 달러의 수출액을 올린 것으로 집계됐다. 비철금속의 상반기 수출액은 역대 1위에 해당한다.바이오헬스는 바이오시밀러 제조 경쟁력 우위로 미국·EU 등 주요시장 점유율 및 위탁생산 수주 확대되며 전년대비 11.2% 증가한 92억 달러의 수출액을 기록했다.K-뷰티·푸드에 대한 선호 확대로 화장품 수출은 70억 달러(+27.2%), 농수산식품은 66억 달러(+8.7%) 등의 수출액을 올리며 소비재 품목의 수출도 상반기 중 최대 실적을 기록했다.지역별로는 9대 주요 지역 중 7개 지역 수출이 늘었다.미국 수출은 50.5% 늘어난 935억 달러를 기록했다. 자동차·일반기계 등은 부진했으나, 반도체·컴퓨터 등 IT 품목이 크게 증가하면서 전체적으로 증가세를 기록한 것으로 분석된다. 반도체 +394.0%, 자동차 -2.6%, 컴퓨터 +394%, 일반기계 -12.5% 등 품목별 수출 증감률을 보였다.중국 수출은 64.6% 증가한 996억 달를 기록한 것으로 집계됐다. 최대 수출품인 반도체 수출이 세 자릿수의 높은 증가율을 보이면서 전체 수출 증가를 견인했다. 품목별로는 반도체+175.4%, 석유화학-5.7%, 무선통신+18.1%, 일반기계 +2.9% 등의 증감율을 보였다.아세안과 EU는 883억 달러(+53.2%), 395억 달러(+13.3%) 수출액을 기록했다. 반도체 등 다수 품목이 고른 증가세를 보이면서 상반기 중 역대 최대 실적을 경신했다. 아세안의 품목별 수출 증감율은 반도체+127.9%, 석유제품+26.1%, 디스플레이+20.4%, 석유화학+6.5% 등이다.중동 수출은 전년대비 13.9% 줄어든 85억 달러를 기록했다.상반기 수입은 16.6% 증가한 3584억 달러를 기록했다. 유가 상승으로 에너지 수입이 6.6%(635억 달러) 증가했으며, 에너지 외 수입은 반도체장비(+43.3%)·석유제품(+6.1%)등 중심으로 19.1%(2949억 달러) 증가했다.에너지 수입은 중동전쟁 영향을 받기 전인 3월까지 유가, LNG 도입단가 등이 하락하며 감소세를 보였고, 4월 이후 수입단가가 상승했지만 도입물량이 제한되면서 소폭 증가한 것으로 나타났다.한편 정부는 하반기 수출의 불안요인으로는 반도체 가격 단가의 변동성, 유가, 각국의 보호무역 조치 등을 꼽았다.강 실장은 ""하반기 수출의 가장 큰 불안요인은 반도체 가격 단가의 변동성이 반도체 수출에 미치는 영향""이라며 ""유가에 따라서 전체적으로 석유제품·석유화학 수출이 감소하거나 가격이 하향될 가능성도 있다""고 말했다.김 장관은 ""하반기에도 미 관세조치, 유가 변동성, 글로벌 경기 둔화 가능성 등 불확실성이 계속될 것으로 예상되는 만큼, 정부는 주요국과 긴밀한 협의를 지속해 우리 기업이 직면한 불확실성을 최소화하고 우호적 수출 환경을 조성하겠다""며 ""수출의 양적 증가 뿐만 아니라 품목·시장 다변화, 중소기업 수출 경쟁력 강화 등 질적 성장을 이뤄내 수출 5대 강국으로 도약할 수 있도록 총력 지원하겠다""고 말했다.[서울=뉴시스] 김정관 산업통상부 장관이 30일 광주 서구 김대중컨벤션센터에서 열린 '광주 미래 모빌리티 MINI 얼라이언스 간담회'에서 발언하고 있다. (사진=산업통상부 제공) 2026.06.30. photo@newsis.com *재판매 및 DB 금지",True,반도체,"산업부 발표에 따르면 6월 수출은 전년 대비 70.9% 증가한 1023억 달러로, 사상 최초로 월 수출 1000억 달러를 돌파하며 세계 4번째 기록을 세웠다. 반도체 수출은 448억 달러로 사상 최초 400억 달러를 넘었으며, 고부가 메모리와 D램 가격 상승이 주도했다. 컴퓨터와 무선통신기기 수출도 큰 폭으로 늘었고, 자동차 수출은 부품 공급 안정화와 전기·친환경차 수요 증가로 상승세를 유지했다. 무역수지도 361억 달러 흑자를 기록하며 17개월 연속 흑자 행진을 이어갔다. 정부는 하반기 반도체 단가 변동과 유가 등 불확실성에 유의하며 수출 전망을 긍정적으로 보고 있다.",반도체,2.0
2026-07-01,"'반도체 성과급 백지화 공문' 지라시에…정부 이어 삼전닉스도 ""사실무근""",정보 없음,https://n.news.naver.com/mnews/article/003/0014039296,"삼성전자·SK하이닉스, 온라인 루머에 ""금시초문"" 입장정부도 ""사실과 달라"" 허위사실 유포 강력대응 방침[서울=뉴시스][서울=뉴시스] 홍세희 기자 = 삼성전자와 SK하이닉스가 온라인에 유포되고 있는 반도체 초과이익 공유제 관련 지라시에 대해 '금시초문'이라는 입장을 보였다.최근 온라인 커뮤니티 등에는 ""산업통상부와 고용노동부를 중심으로 반도체 초과이익 공유제 도입 방안이 검토되고 있다"", ""노사 성과급 협정을 백지화하고 새로운 보상체계를 마련한다"", ""내년부터 정부 주도 초과이익 공유 정책에 맞춰 보상·배분 방식 설계 운영"" 등 내용의 글이 확산됐다.삼성전자와 SK하이닉스는 정부가 이같은 내용을 담은 공문을 각 업체에 발송했다는 지라시에 대해 ""사실 무근""이라고 정면 부인했다.업계 관계자는 ""노사 협상에 따른 임단협을 무효화한다는 것은 현실성이 떨어진다""며 ""이와 별개로 정부가 초과이익 공유와 관련한 논의를 진행하는지 지켜봐야 할 것 같다""고 밝혔다.산업부와 노동부 역시 이같은 루머에 대해 ""허위사실""이라며 강력 대응 방침을 밝혔다.노동부는 이날 온라인상에 유포된 글에 대해 ""전혀 근거가 없고, 사실과 다르다""며 허위 사실을 악의적으로 유포시 수사기관 신고 등을 통해 강력 대처하겠는 입장이다.산업부 역시 ""온라인상 유포되고 있는 초과이익 공유제 관련 정부 주도 씽크탱크 구성 등을 위해 정부가 삼성전자, SK하이닉스에 공문을 발송했다는 글은 전혀 사실과 다르다""고 일축했다.한편 인공지능(AI) 시대를 맞아 반도체 업체들이 역대급 실적을 내면서 반도체 초과이익을 사회에 환원해야 한다는 주장이 끊임없이 제기되고 있다.김영훈 노동부 장관은 최근 기자단과의 차담회에서 ""대기업의 초과이윤을 어떻게 사회적으로 재분배할 것인가를 두고 '한국형 사회연대임금'의 가능성을 모색하는 긴급 시론을 열겠다""고 발언하기도 했다.아울러 정부는 기업의 영업이익과 연동된 성과급, 이른바 'N% 성과급' 지급시 이사회 결의나 주주총회 의결을 의무화하는 방안도 검토 중이다．",True,반도체,"삼성전자와 SK하이닉스는 온라인 루머에 대해 반도체 초과이익 공유제와 관련된 정부 공문 발송 사실이 없다고 강력히 부인했다. 최근 온라인에 퍼진 내용은 허위사실로, 산업부와 노동부도 이를 인정하지 않으며 대응 방침을 밝혔다. 반도체 업체들이 역대급 실적을 내는 가운데, 정부는 초과이익 사회 환원 방안과 성과급 제도 개선 등을 검토 중이다.",반도체,1.0
2026-07-01,6월 수출 사상 첫 1000억弗 돌파…반도체 400억弗↑경신(2보),정보 없음,https://n.news.naver.com/mnews/article/003/0014039162,"산업통상부, '6월 수출입 동향' 발표수출액 70.9% 증가한 1023억 달러 기록전세계에서 네 번째로 1000억불 넘어서반도체 수출 448억…사상 첫 400억弗↑[인천=뉴시스] 전진환 기자 = 인천 연수구 인천신항 컨테이너 터미널에 컨테이너가 쌓여 있다. 2026.06.22. amin2@newsis.com[세종=뉴시스]이수정 기자 = 반도체 슈퍼사이클에 힙입어 지난달 수출이 사상 첫 1000억 달러를 돌파했다. 수출은 전년대비 70.9% 증가했고 반도체 수출은 고부가 메모리 반도체 수요 견조에 힘입어 400억 달러를 넘어서며 사상 최고치를 경신했다.1일 산업통상부가 발표한 '6월 수출입동향'에 따르면 수출은 1년 전보다 70.9% 증가한 1023억 달러(158조 4627억원), 수입은 30.1% 증가한 661억 달러(102조 5542억원)를 기록한 것으로 집계됐다.이는 독일·중국·미국에 이어 전세계에서 네 번째로 월 수출액 1000억 달러 이상을 넘어선 기록이다.무역수지는 전년동월대비 361억5000만 달러 흑자를 달성했다. 무역수지는 사상 첫 300억 달러를 돌파했으며 1~6월 누적 수지는 1383억 달러 흑자를 기록했다. 무역수지는 지난해 2월 이후 17개월 연속 흑자를 달성했다.20대 주력 수출 품목 중에선 18개 품목 수출이 증가했다.최대 수출 품목인 반도체 수출은 D램 고정가격이 반등한 가운데 HBM 등 고부가 메모리 수출 호조세도 지속되면서 199.5% 증가한 448억2000만 달러로 사상 첫 400억 달러 이상을 기록했다.컴퓨터 수출은 빅테크 기업들의 인공지능(AI) 인프라 투자 확대에 따른 솔리드스테이트드라이브(SSD) 수요 확대 증가로 308.8% 증가한 54억1000만 달러로 집계됐다. 무선통신기기 수출은 신제품 판매 호조세로 휴대폰 완제품 중심의 증가세를 보여 51.9% 오른 15억5000만 달러를 기록했다.자동차 수출은 부품 공급 안정화와 생산물량 증가 등으로 5.8% 오른 67억1000만 달러를 기록했다. 다만 자동차 부품 수출은 현지화 확대와 글로벌 신차 수요 회복 지연 등으로 2.4% 감소한 17억4000만 달러에 그쳤다.[서울=뉴시스] 지난달 수출액이 1022억5000달러(158조4627억원)를 기록하며 월간 기준 사상 처음으로 1000억 달러를 넘었다. 수입은 661억 달러, 무역수지는 361억5000만 달러 흑자를 기록했다. 월간 기준 무역흑자도 사상 첫 300억 달러 돌파다. (그래픽=안지혜 기자) hokma@newsis.com선박 수출은 수출 물량이 전년과 유사했으나 액화천연가스(LNG)선박 등 고부가가치 선박 수출 증가에 따른 평균 수출단가 상승으로 12.9% 오른 28억3000만 달러를 기록했다.석유제품 수출액은 전년 대비 높은 수출 단가 영향으로 49.8% 올라 55억9000만 달러를 기록하는 등 높은 증가율을 보였으나 물량은 7% 감소한 것으로 집계됐다.특히 수출 통제 조치가 시행되고 있는 휘발유·경유·등유의 경우 전년 동기간 대비 수출 물량이 각각 16.0%, 6.9%, 99.7% 가량 감소했다.석유화학 수출액은 18.8% 오른 40억7000만 달러로 제품가격이 상대적으로 소폭 상승하면서 석유제품 대비 낮은 증가율을 기록했다. 또한 내수 공급을 우선함에 따라 수출물량이 14.6% 감소한 것으로 나타났다.이외 품목들은 철강 21억4000만 달러(+9.6%), 비철금속 18억2000만 달러(+45.8%), 일반 기계 40억8000만 달러(+7.5%), 바이오헬스 19억2000만 달러(+14.1%), 화장품 11억7000만 달러(+16.8%) 등으로 호조세를 기록했다.9대 주요 수출지역 중에서는 7개 지역에서 수출이 증가했다.미국은 전년 동월 대비 78.6% 증가한 200억2000만 달러의 수출액을 기록했다. AI 서버 투자 확대 영향으로 반도체·컴퓨터·전자기기 등의 호조세가 영향을 미쳤다. 한류 확산으로 화장품·농수산식품 등 소비재도 높은 증가율을 기록했다.중국 수출은 92.1% 오른 200억3000만 달러로 집계됐다. 최대 품목인 반도체가 3배 이상 증가한 가운데 석유화학·일반기계·무선통신기기 등 주력품목이 호조세를 보이며 8개월 연속 플러스를 기록했다.아세안은 반도체·석유제품·디스플레이 등 주력 품목이 높은 증가율을 보이면서 전년 대비 86.6% 오른 183억 달러의 수출액을 기록했다.유럽연합(EU) 수출은 선박·반도체·자동차·바이오헬스 등 품목이 고르게 증가하며 31.8% 오른 76억2000만 달러를 기록했다.중동 수출은 자동차·석유화학 등 품목에서 회복세를 보였으나 일반기계·자동차부품·철강 등에서 부진이 계속되며 8.4% 감소한 18억 달러에 그쳤다.6월 수입은 30.1% 증가한 661억 달러를 기록했다. 에너지 수입은 125억1000만 달러로  45.1% 증가했다. 비에너지에서는 비철금속이 59.9% 증가한 28억9000만 달러, 반도체 장비가 41.3% 오른 27억1000만 달러 등을 기록하며 증가세를 이끌었다.무역수지는 전년 대비 271억4000만 달러 증가한 361억5000만 달러 흑자를 기록하며 사상 처음으로 300억 달러를 상회했다. 1~6월 누적 수지는 1383억 달러 흑자로 전년 동개 대비 1109억 달러 증가했다.한편 올해 상반기 수출은 4968억 달러로 같은 기간 중 역대 최대 실적을 갈아치웠다. 조업일수를 고려한 일평균 수출은 46.2% 증가한 37억5000만 달러를 기록했다.반도체 수출이 163% 증가했고, 반도체 외 품목 수출도 16%의 높은 증가율을 기록했다. 반도체 수출은 메모리 고정가격이 크게 상승하며 기존 최대 실적이었던 지난해 1734억 달러를 이미 넘어섰다.반면 양대 수출품목인 자동차 수출은 1.1% 감소한 359억 달러를 기록했다.지역별로는 미국 수출이 정보기술(IT) 품목의 증가세로 50.5% 오른 935억 달러를, 중국이 반도체 수출 영향으로 64.6%오른 996억 달러를 기록했다.수입은 3584억 달러로 16.6% 증가했다. 상반기 무역수지는 1383억 달러로 전년 대비 1109억 달러 개선됐다.김정관 산업통상부 장관은 ""올해 상반기는 미국의 관세가 지속되고 있는 가운데, 중동 전쟁에 따른 물류·에너지 불안, 보호무역주의 확산에 따른 대외 불확실성 증가 등 수출 여건이 녹록치 않은 시기였다""며 ""그럼에도 우리 수출은 AI 서버향 투자 확대에 따른 반도체 호조, 선박·석유제품·무선통신기기 등 기존 주력제품과 화장품·농수산식품 등 유망소비재 품목의 고른 선전으로 상반기 중 역대 최대 실적을 경신했다""고 말했다.김 장관은 ""하반기에도 미 관세조치, 유가 변동성, 글로벌 경기 둔화 가능성 등 불확실성이 계속될 것으로 예상되는 만큼, 정부는 주요국과 긴밀한 협의를 지속해 우리 기업이 직면한 불확실성을 최소화하고 우호적 수출 환경을 조성하겠다""며 ""수출의 양적 증가 뿐만 아니라 품목·시장 다변화, 중소기업 수출 경쟁력 강화 등 질적 성장을 이뤄내 수출 5대 강국으로 도약할 수 있도록 총력 지원하겠다""고 덧붙였다.[세종=뉴시스] 강종민 기자 = 세종시 어진동 정부세종청사 산업통상부. ppkjm@newsis.com",True,반도체,"산업통상부는 6월 수출이 1023억 달러로 사상 최초 1000억 달러를 돌파했다고 발표했다. 전년 대비 70.9% 증가하며, 네 번째로 월 수출액 1000억 달러 이상 기록이다. 반도체 수출은 448억 달러로 사상 최고치를 경신했고, 수출 품목 대부분 호조를 보였다. 수입은 661억 달러, 무역수지는 361억 달러 흑자로 사상 최초 300억 달러를 넘었다. 상반기 수출은 4968억 달러로 역대 최대를 기록했고, 수출 증가는 미국, 중국, 아세안 등 주요 지역에서 두드러졌다.",반도체,2.0
2026-07-01,추미애 경기지사 1호 결재는?…'K-반도체 혁신 대책',정보 없음,https://n.news.naver.com/mnews/article/003/0014040931,"클러스터 신속 조성, 지원체계 구축도지사 직속 '반도체전략위원회' 구성[수원=뉴시스] 박상욱 기자 = 추미애 경기도지사가 1일 지사실에서 제1호 결재 사안인 '반도체 초격차를 위한 K-반도체 혁신 대책' 관련 보고를 받고 있다. 2026.07.01. sw78@newsis.com *재판매 및 DB 금지[수원=뉴시스] 박상욱 이병희 기자 = 추미애 경기도지사가 1일 ""강한 반도체 성장으로 경제 1번지 구현을 실현하겠다""며 도지사 제1호 결재로 '반도체 초격차를 위한 K-반도체 혁신 대책'을 추진한다.추 지사는 이날 오후 지사실에서 현병천 미래성장산업국장으로부터 관련 보고를 받고 '도지사 직속 반도체전략위원회'를 구성하는 내용이 담긴 '반도체 초격차를 위한 K-반도체 혁신 대책'에 서명했다. 도지사 취임 첫날 첫 업무로, 반도체 혁신에 대한 의지를 드러낸 것이다.그는 ""정부의 대한민국 대도약 3대 메가 프로젝트 중 반도체 분야 전략과 연계해 신속한 반도체 클러스터 조성과 기업 투자 지원 체계를 구축하는 데 목적이 있다""고 설명했다.이번 대책에는 ▲수용성평오이(수원·용인·화성·성남·안성·평택·오산·이천) 8개 도시를 연결하는 세계 최대·최고 수준 K-반도체 생태계 조기 완성 ▲전력·용수·도로 등 핵심 인프라 적기 지원 및 팹 건설 기간 단축으로 5년 내 생산 능력 2배 확대 ▲팹리스 기업 200개 육성, 정주 여건 개선 개선, 반도체 기술 전문 대학원 육성 등을 통한 K-반도체 생태계의 미래 성장 기반 강화 등이 포함돼 있다.이를 달성하기 위해 도지사가 직접 지휘할 수 있도록 도지사 직속 '반도체 전략위원회'를 구성한다.추 지사는 ""반도체 전략위원회를 통해 정부와 중앙행정기관과 소통을 강화하겠다. 아울러 국회와 광역·기초 지자체, 공공기관 등이 함께 참여하는 'K-반도체 클러스터 완성 협의체'도 구성할 계획""이라고 말했다.또 ""경기도는 정부 전략과 신속하게 연계해 실행력을 높여 나가겠다. 세계 최대, 최고의 반도체 생태계 구축에 속도를 내 글로벌 초격차의 선두가 되겠다""고 덧붙였다.",True,반도체,"경기도는 추미애 지사의 첫 업무로 '반도체 초격차를 위한 K-반도체 혁신 대책'을 추진하며, 반도체 전략위원회와 클러스터 협의체를 신설해 신속한 클러스터 조성, 인프라 지원, 팹 건설 기간 단축, 팹리스 기업 육성 등을 추진한다. 이를 통해 8개 도시를 연결하는 세계 최대 반도체 생태계 구축과 생산능력 2배 확대를 목표로 하며, 정부와 중앙기관, 지자체 간 협력을 강화해 글로벌 경쟁력을 확보한다.",반도체,2.0
2026-07-01,"""韓경제 올해 4% 성장"" 전망 나와…반도체 호황에 일제히 상향 조정",정보 없음,https://n.news.naver.com/mnews/article/277/0005783900,"국내외 기관 10여 곳 3%대 전망반도체 경기가 예상보다 더 강한 호조세를 띠면서 올해 우리나라 경제성장률이 4%에 달할 것이라는 전망이 나왔다.1일 금융권에 따르면 영국 캐피털 이코노믹스(CE)는 최근 보고서에서 우리나라의 올해 실질 국내총생산(GDP) 성장률 전망치를 4.0%로 제시했다.이 기관은 지난 2월 1.0%에서 3월 1.6%, 4월 2.7%로 전망치를 계속 올렸고, 이번에는 1.3%포인트 높여 잡으며 올해 우리나라의 가파른 경제 성장을 예상했다. 캐피털 이코노믹스는 보고서에서 ""한국 경제가 인공지능(AI) 관련 수출 수요의 큰 파도를 타고 있다""며 전망치 상향 조정 이유를 밝혔다.국내 재보험사인 코리안리는 국내외 기관 중 가장 높은 4.1% 성장률 전망치를 제시했다.올해 성장률 전망치를 3% 이상으로 제시한 기관은 블룸버그 집계에 포함된 총 41개 기관 중 10곳에 달한다.캐피털 이코노믹스와 코리안리에 이어 JP모건이 3.7%를 전망했고, 내셔널호주은행·호주뉴질랜드(ANZ)은행과 iM증권이 각각 3.6%, 블룸버그 이코노믹스와 씨티가 각각 3.5%를 제시했다. 뱅크오브아메리카는 3.1%를 예상했고, ING 파이낸셜 마켓과 독일 데카방크는 각 3.0%를 제시했다.전망치 상향도 이어지고 있다. 올해 3.5%를 예상한 씨티도 기존 3.1%에서 0.4%포인트 전날 상향 조정했다. 씨티는 보고서에서 ""지난 4~5월 예상보다 견조한 경기 지표와 기술 설비투자 계획에 따른 인프라 투자, 9월 초까지 25조원 이상의 2차 추가경정예산 편성 가능성을 반영했다""고 밝혔다.국내에서는 우리금융경영연구소가 같은 날 성장률 전망치를 2.0%에서 3.0%로 대폭 높였다. 이 기관 역시 중동 전쟁에 따른 국제유가 충격에도 반도체 특수에 따른 수출·투자 호조, 추경 집행 효과가 하방 압력을 상쇄할 것으로 봤다.이에 한국은행의 다음 달 27일 수정 경제전망에도 관심이 쏠리고 있다. 한은은 지난 5월 올해 우리 경제성장률을 2.6%로 전망했다. 다만 이미 올해 1분기 성장률 잠정치가 속보치보다 0.1%포인트 높은 1.8%로 집계돼 5월 전망치가 상향 조정될 가능성이 큰 것으로 보인다.신현송 한은 총재 역시 지난달 19일 한국금융학회 학술대회에서 ""올해 연간 성장률 전망치가 기계적으로라도 2.6%에서 상향 조정될 것""이라고 말한 바 있다.",True,반도체,"국내외 기관들은 올해 우리나라 경제성장률이 3%대에서 최대 4%에 이를 것으로 전망한다. 영국 캐피털 이코노믹스는 성장률 전망치를 4.0%로 상향했으며, 국내 재보험사 코리안리도 4.1%를 제시했다. 다른 기관들도 3% 이상을 예상했고, 일부는 기존 전망보다 높였다. 이는 반도체 수출 호조와 인프라 투자, 추경 효과 등에 따른 것으로 분석되며, 한국은행의 전망치도 상향 조정이 기대된다. 전체적으로 한국 경제의 강한 회복세가 기대되고 있다.",반도체,1.0
2026-07-01,"민형배 시장 1호 지시 ""반도체 산업 지원 행정역량 집중""",정보 없음,https://n.news.naver.com/mnews/article/047/0002521049,"삼성·SK 800조 투자 맞춰 공장 조기 완공, 이재명 대통령 임기 내 생산 목표▲민형배 전남광주통합특별시장이 1일 무안 전남광주통합특별시의회 본회의장에서 취임 선서를 하고 있다.ⓒ 전남광주통합특별시민형배 전남광주통합특별시장이 취임 첫날인 1일 반도체 산업 지원을 위해 모든 행정역량을 집중할 것을 첫 업무 지시로 내렸다.민 시장은 이날 새벽 무안청사에서 열린 통합특별시의회 첫 임시회 일정을 마친 뒤 집무실에서 1호 업무 지시를 내리고, ▲반도체 산업 지원 ▲재난재해 대응 ▲민생경제 안정을 시정의 최우선 과제로 제시했다.먼저 반도체 산업 지원과 관련해 삼성·SK의 총 800조 원 투자에 맞춰 반도체 공장이 조기에 완공되고, 이재명 대통령 임기 내 반도체 생산이 시작될 수 있도록 모든 행정역량을 집중할 것을 지시했다.이를 위해 산업실을 중심으로 용수·전력·부지 등 기반 시설 조성을 위한 신속한 행정지원 체계를 구축하고, 전 실·국이 인재 양성과 주거·교육·문화 등 정주 여건 조성을 빈틈없이 준비할 것을 당부했다.▲민형배 전남광주통합특별시장이 1일 새벽 전남광주통합특별시청 무안청사 집무실에서 간부공무원들에게 반도체 지원방안, 재해안전대책, 민생안전 정책 등 1호 업무지시를 하고 있다.ⓒ 전남광주통합특별시재난재해 대응도 핵심 과제로 제시했다.민 시장은 ""시민의 생명과 안전을 지키는 것은 행정의 가장 기본적 책무""라며 ""전남광주통합특별시가 가뭄·홍수·폭염으로부터 안전한 도시가 될 수 있도록 재난 대응체계를 강화해야 한다""고 강조했다.이어 다가오는 폭염과 장마에 대비해 재난 취약 지역과 시설을 선제적으로 점검하고, 시민안전실을 중심으로 예방 중심의 재난 대책을 마련할 것을 지시했다.민생경제 안정도 주요 업무로 꼽았다.민 시장은 ""현장에서 만난 시민들은 일자리와 민생경제 회복을 가장 절실하기를 바라고 있다""며 ""경제실을 중심으로 소비 촉진과 골목상권 활성화를 적극적으로 추진하고, 실효성 있는 민생경제 대책을 마련해 달라""고 주문했다.이어 ""통합특별시 출범은 새로운 행정구역의 출범을 넘어 대한민국의 새로운 성장축을 만드는 일""이라며 ""시정의 모든 역량을 미래 성장동력 확보와 시민의 안전, 민생경제 회복에 집중해 달라""고 말했다.",True,반도체,"민형배 전남광주통합특별시장은 반도체 산업 지원, 재난재해 대응, 민생경제 안정이 최우선 과제라고 밝혔다. 삼성과 SK의 800조 원 투자에 맞춰 반도체 공장 조기 완공과 생산 시작을 위해 행정 지원을 강화하고, 재난 안전 체계를 강화하며, 일자리 창출과 골목상권 활성화를 추진할 계획이다. 시는 미래 성장과 시민 안전을 위해 전 행정력을 집중할 방침이다.",반도체,2.0
2026-07-01,"민형배 전남광주통합특별시장, 첫 지시로 반도체·안전·민생 챙겼다",정보 없음,https://n.news.naver.com/mnews/article/003/0014038426,"통합의회서 취임선서 뒤 무안청사서 1호 지시순천 동부청사로 이동 통합계획 1호 결재 예정[무안=뉴시스] 이영주 기자 = 민형배 전남광주통합특별시장이 1일 오전 전남 무안군 전남광주통합특별시의회 본회의장에서 취임선서하고 있다. 2026.07.01. leeyj2578@newsis.com[무안=뉴시스] 구용희 기자 = 민형배 전남광주통합특별시장이 취임 첫날 반도체 산업 지원 대책과 재난·재해 대응, 서민생활 안정 대책 마련을 제1호 지시로 내렸다.1일 전남광주통합특별시에 따르면 민 시장은 이날 새벽 무안 남악청사에서 열린 전남광주특별시의회 첫 임시회에 참석해 취임선서를 한 뒤 특별시장으로서의 각오와 시정 운영 방향을 밝혔다.이후 특별시청 무안청사에서 실·국장들과 만나 반도체 지원 대책, 재난·재해 대비, 서민 안정 대책을 중심으로 첫 업무 지시를 내렸다.같은 날 오전 7시30분에는 전남광주특별시의회 의원들과 청사 구내식당에서 조찬을 함께하며 통합 특별시 출범 이후의 시정 운영 방향과 의회 협력 방안을 논의한다.이어 무안청사로 출근하는 직원들과 인사를 나눈 뒤 민원실과 기자실을 찾는다.민 시장은 이후 순천 동부청사로 이동해 특별시장으로서 제1호 결재를 할 예정이다.제1호 결재 안건은 전남광주 통합 행정의 조기 안착을 위한 '효과적 통합을 위한 100일 실행계획'이다. 이 계획에는 통합 특별시 상징물 제작, 시민 안전 대책, 의회가 제정한 조례의 세부 실행 방안 등이 담겼다.순천 일정을 마친 민 시장은 오후 광주로 이동해 국립5·18민주묘지를 참배한다. 이어 광주청사를 방문해 직원들을 격려하고 오후 2시30분께 광주지역 기자단과 차담회를 가질 계획이다.취임 첫날 마지막 공식 일정은 오후 7시 광주 5·18민주광장에서 열리는 반도체 전략위원회 출범식을 찾는 일이다.민 시장은 이 자리에서 통합 특별시 운영 방향과 시정 비전을 시민들에게 설명하고 800조원 규모의 투자가 예상되는 반도체 산업 육성 전략을 발표한다. 또 반도체 공장이 조기에 설립될 수 있도록 행정·정책 지원을 전담할 반도체 전략위원회를 공식 출범시킨다.전남광주통합특별시는 민 시장의 첫날 행보는 통합 행정의 안정적 출범과 미래 산업 선점, 시민 생활 안정에 초점을 맞추고 있다고 설명했다．",True,반도체,"민형배 전남광주통합특별시장은 1일 취임 후 반도체 산업 지원, 재난·재해 대비, 서민 생활 안정 등을 첫 업무 지시로 내렸다. 순천 동부청사에서 제1호 결재인 '100일 실행계획'을 승인하고, 통합 행정 안정과 산업 육성, 시민 안전에 집중했다. 오후에는 광주로 이동해 국립5·18묘지 참배, 기자단 차담회, 반도체 전략위원회 출범식을 진행하며 통합 특별시의 비전과 반도체 산업 육성 방안을 발표했다.",반도체,2.0
2026-07-01,"'삼전닉스' 성과급 백지화 공문?…노동부 ""허위사실""",정보 없음,https://n.news.naver.com/mnews/article/003/0014039429,"""잘못된 글 악의적 유포…강력 대처할 것""[서울=뉴시스] 이영환 기자 = 김영훈 고용노동부 장관이 지난달 17일 오후 서울 중구 서울지방고용노동청에서 뉴시스와 인터뷰를 하고 있다. 2026.06.21. 20hwan@newsis.com[서울=뉴시스]박정영 기자 = 정부가 삼성전자와 SK하이닉스에 '반도체 초과이익 공유제'를 위해 성과급 협약 백지화 공문을 보냈다는 글이 확산되자, 고용노동부가 이를 전면 부인했다.노동부는 1일 ""현재 온라인상에 유포되고 있는 '반도체 초과이익 공유제' 및 '성과급 협약 백지화' 관련 글은 전혀 근거 없는, 사실과 다른 내용""이라고 밝혔다.최근 온라인 커뮤니티에는 '정부가 삼성전자와 SK하이닉스에 공문을 보내 현재 진행 중인 노사 성과급 협정을 전면 재검토해 기존 조항을 모두 백지화하게 할 것'이라는 내용의 글이 퍼졌다.이에 대해 노동부는 ""이 같은 잘못된 글을 악의적으로 유포하는 경우에 대해서는 수사기관 신고 등을 통해 강력히 대처할 계획""이라고 말했다.한편 노동부는 이달 중 반도체 초과이익 등을 주제로 토론회를 개최할 계획이다. 다만 구체적 의제와 시기는 조율 중인 것으로 전해졌다．",True,삼성전자,"정부는 온라인에 퍼진 '반도체 초과이익 공유제'와 '성과급 협약 백지화' 관련 허위사실을 전면 부인하며, 악의적 유포에 대해 강력히 대처하겠다고 밝혔다. 최근 커뮤니티에 정부가 삼성전자와 SK하이닉스에 공문을 보내 노사 성과급 협정을 재검토한다는 내용이 퍼졌으나, 노동부는 사실이 아니라고 강조했다. 또한, 이달 중 반도체 초과이익 관련 토론회를 개최할 예정이며, 구체적 일정은 조율 중이다.",반도체,1.0
2026-07-01,"국힘 “李, 명청대전 승기 잡으려 호남 반도체 투자”",정보 없음,https://n.news.naver.com/mnews/article/020/0003730676,정점식 국민의힘 원내대표가 30일 오후 서울 여의도 국회에서 열린 비상의원총회에서 머리를 쓸어 넘기고 있다. 2026.06.30 뉴시스국민의힘은 1일 이재명 대통령이 호남 차별론을 언급하며 반도체 투자 필요성을 강조한 데 대해 ‘비수도권 갈라치기’라고 비판했다. 또 호남 반도체 클러스터 입지 결정이 정치논리에 따른 것이라고도 날을 세웠다.국민의힘 정점식 원내대표는 이날 페이스북에 “(이 대통령이) 비수도권 지역 갈라치기에 나선 것은 대단히 유감스러운 일”이라며 “자칫 대한민국 정치를 1990년대로 퇴행시킬 우려가 있을 뿐 아니라 영호남 갈등만이 아닌 여러 지역간 갈등과 지역소외론이 전국적으로 걷잡을 수 없이 분출될 우려가 있다”고 올렸다. 이는 이 대통령이 전날 주재한 국무회의에서 “아픈 과거이지만 영호남 차별이 있었던 것은 분명한 사실”이라고 말한 것을 겨냥한 것이다.정 원내대표는 “대통령 메시지는 미래지향적 국민 통합을 향해야 한다”며 “대통령이 통합보다 정치적 이익을 좇아 지역 갈라치기에 나선다면 새로 출범하는 민선 9기 지방정부는 성공하기 어렵다”고 지적했다. 이어 “기업은 어느 지역에 투자할지 정부로부터의 간섭 없이 자유로운 선택권을 보장받아야 하고 지자체들은 각자 자율적으로 기업을 유치하기 위해 과감한 투자 인센티브를 제시하면서 공정한 기업유치 결정을 펼쳐야 한다”고 했다.정 원내대표는 “이재명 정부의 광주전남 반도체 클러스터 조성 졸속발표는 이같은 지자체 간의 ‘공정한 혁신 경쟁’보다는 불공정한 정치 경쟁을 부추길 수 있다는 우려가 높다”며 “지방의 기업 투자유치 경쟁에 정치공학적 논리가 개입되면 지자체는 규제혁파와 SOC 구축 등 혁신 경쟁보다는 ‘정치적 줄서기’에 의존하게 될 것”이라고 했다. 그러면서 “이는 중장기적으로 지역균형발전에 도움이 되지 않는다”고 말했다.이재명 대통령이 지난달 30일 서남권 산업단지 후보지를 시찰하고 있다. 청와대 제공같은 당 최은석 원내수석대변인도 논평에서 이 대통령이 경기지사 시절에 한 말을 언급하며 이번 반도체 클러스터 투자 계획이 ‘명청(이 대통령과 민주당 정청래 전 대표) 대전’의 승기를 확보하기 위한 것이라고 주장했다. 최 수석대변인에 따르면 이 대통령은 경기지사 시절 120조 원 규모의 SK하이닉스 반도체 클러스터 입지 선정을 앞두고 “정치논리가 아닌 경제논리로 판단해야 한다”며 “기업이 선호하고 준비가 잘 돼 있는 조속한 사업 추진이 가능한 곳에 반도체 클러스터가 조성돼야 한다”고 말했다.최 수석대변인은 “그렇다면 지금의 이 대통령에게 묻겠다. 호남 반도체 클러스터는 과연 정치논리가 아닌 경제논리로 결정된 것인가”라며 “서남권 반도체 클러스터 결정이 국가 산업 경쟁력을 극대화하기 위한 경제적 선택이 아니라 이번 민주당 전당대회에서 이른바 ‘명청대전’의 승기를 확보하고 조기 레임덕을 차단하며 공소취소 특검 등 정치 현안을 밀어붙이기 위한 정치적 계산의 산물은 아닌지 국민은 묻고 있다”고 했다.최 수석대변인은 “7년 전 이 지사가 말했던 원칙을 이제는 이 대통령이 지킬 차례”라며 “정치논리로 내린 이번 결정을 즉각 철회하고 과거의 자신을 부정하고 대한민국의 미래를 희생시키는 잘못된 결정을 지금 당장 바로잡기 바란다”고 했다. 이어 “그렇지 않으면 대한민국 반도체 산업의 경쟁력이 송두리째 무너질 것”이라고 말했다.,True,반도체,"국민의힘은 이재명 대통령이 호남 차별론을 언급하며 반도체 투자 필요성을 강조한 것에 대해 ‘지역 갈라치기’라고 비판했다. 정점식 원내대표는 정치적 이익을 위한 지역 갈등 조장 우려를 지적하며, 지방정부의 공정한 기업 유치와 경쟁을 강조했다. 또한, 이재명 정부의 반도체 클러스터 선정이 정치적 계산에 따른 것이라는 주장과 함께, 과거 이재명 경기지사의 경제 논리와 배치된 결정임을 지적하며, 이를 철회하지 않으면 산업 경쟁력에 타격이 우려된다고 경고했다.",반도체,1.0
2026-07-01,"“HBM 핑계로 D램 값 올려”… 메모리3사, 美서 집단소송 당해",정보 없음,https://n.news.naver.com/mnews/article/005/0001858170,"애플 가격 인상, 피해 사례로 제시범용 D램 가격, 4년 간 약 805%↑법원서 담합 행위 인정 가능성 낮아AFP연합뉴스삼성전자와 SK하이닉스, 마이크론 등 글로벌 메모리 3사가 미국에서 범용 D램 가격 담합 의혹으로 집단소송에 휘말렸다. 세 기업이 인공지능(AI) 시대 고대역폭메모리(HBM) 수요 급증을 명분으로 범용 D램 공급을 의도적으로 줄여 가격을 부풀렸다는 주장이다. AI 특수로 메모리 기업들이 사상 최대 호황을 누리는 상황에서 소비자는 스마트폰·PC 등 완제품 가격 인상 부담을 끌어안아야 한다는 불만이 법적 공방으로까지 이어지는 양상이다.29일(현지시간) 미국 기술 전문 매체 WccF테크 등 외신에 따르면 현지 소비자 14명과 중소 PC 조립 및 유통업체 3곳이 캘리포니아 북부연방법원에 메모리 3사를 상대로 손해배상 청구 소송을 제기했다.원고들은 이들 3사가 HBM 생산 확대를 이유로 2022년 이후 스마트폰·PC를 비롯한 전자제품에 사용되는 D램 생산을 인위적으로 줄여 가격을 담합했다고 주장했다. 그 결과 범용 D램 가격이 최근 4년간 약 700% 급등했다는 것이다. D램익스체인지에 따르면 PC용 범용 D램(DDR4 8Gb) 고정거래가격은 2022년 10월 2.21달러에서 지난달 20.00달러로 약 805% 증가했다.원고들은 D램 가격 담합의 피해 예시로 최근 애플이 단행한 가격 인상을 제시했다. 애플은 지난 25일 맥북과 아이패드, 애플 TV, 비전 프로 등 주요 제품의 출고가를 15~30% 인상한 바 있다. 이외에도 닌텐도, 소니, 마이크로소프트(MS) 등이 판매하는 글로벌 3대 게임 콘솔 기기 역시 일제히 가격이 올랐다.메모리 가격 상승세가 장기화할 것이라는 전망도 잇따르고 있다. 글로벌 투자은행 제퍼리스는 최근 보고서에서 D램과 낸드플래시 가격이 이전 분기 대비 3분기에는 40~50%, 4분기에는 30~40% 추가 상승할 것으로 예상했다. 내년에도 올해보다 40~45% 올랐다가 신규 생산능력이 본격 확대되는 2028년에야 평균판매단가가 하락할 가능성이 있다고 내다봤다.제퍼리스는 “메모리사와 글로벌 빅테크 간 장기공급계약(LTA) 비중이 70%까지 확대될 수 있다”며 “이 경우 PC와 노트북, 게임 콘솔, 스마트폰 등 소비자 제품에 들어가는 범용 메모리 공급 부족이 더욱 심화될 것”이라고 분석했다.삼성전자와 하이닉스(SK하이닉스 전신)는 과거에도 D램 가격 담합 소송을 당한 적이 있다. 양사는 1999년부터 2002년까지 미국 시장에서 D램 가격을 담합한 혐의로 미 법무부로부터 각각 3억 달러(약 4600억원), 1억8500만 달러(약 2900억원)의 벌금을 부과받았다.다만 이번 소송에서 담합 행위가 인정될 가능성은 낮다는 관측이 나온다. 2018년 반도체 호황기 때도 메모리 3사를 상대로 유사한 소송이 제기됐지만 2020년 미국 지방법원에서 기각됐으며, 2022년 항소심도 “합법적이고 사전에 공모되지 않은 자유시장 경쟁의 결과로 보는 것이 더 타당하다”는 판결을 내렸다.",True,HBM,"미국에서 삼성전자, SK하이닉스, 마이크론 등 글로벌 메모리 업체들이 범용 D램 가격 담합 혐의로 집단소송을 받고 있다. 이들은 인공지능 수요 증가를 이유로 공급을 줄여 가격을 인위적으로 올렸다는 주장이다. 최근 4년간 D램 가격은 약 805% 상승했으며, 애플을 비롯한 글로벌 기업들의 제품 가격도 인상되고 있다. 전문가들은 이번 소송에서 담합이 인정될 가능성은 낮다고 보고 있으며, 과거 유사 소송이 기각된 사례도 있다. 메모리 가격은 앞으로도 상승세가 지속될 전망이다.",메모리,2.0
2026-07-01,"""삼전닉스 때문에 아이패드 가격 올랐다""…메모리 반도체 3대 기업, 집단 소송",정보 없음,https://n.news.naver.com/mnews/article/014/0005542089,"/사진=뉴시스[파이낸셜뉴스] 삼성전자와 SK하이닉스, 마이크론 등 글로벌 3대 메모리 반도체 기업이 미국에서 D램 가격을 인위적으로 끌어올렸다는 혐의로 집단소송을 당했다. 원고 측은 이들 기업이 인공지능(AI)용 고대역폭메모리(HBM) 생산에 집중하면서 일반 소비자용 D램 공급을 의도적으로 줄여 가격을 급등시켰다고 주장했다.지난달 28일(현지시간) 미국 정보기술(IT) 전문매체 Wccf테크 등에 따르면 미국 컴퓨터 조립업체 JB테크솔루션스 등 중소 PC 조립·유통업체 3곳과 소비자 14명은 같은 달 25일 미국 캘리포니아 북부 연방법원에 삼성전자, SK하이닉스, 마이크론을 상대로 담합 및 가격 조작 혐의에 대한 집단소송을 제기했다.원고들은 세 회사가 세계 D램 시장의 약 90%를 점유하는 과점 구조를 이용해 공급량을 조절하고 가격을 담합했다고 주장했다. 소장에 따르면 이들 기업은 AI용 HBM 생산 확대를 이유로 DDR3와 DDR4 등 범용 D램 생산을 의도적으로 축소했고, 이로 인해 시장에 인위적인 공급 부족이 발생했다는 것이다.원고 측은 이 같은 공급 조절로 지난 4년 동안 일반 D램 가격이 약 700% 급등했고 PC와 노트북, 태블릿 등 소비자용 전자제품 가격 인상으로 이어졌다고 주장했다. 특히 최근 애플이 아이패드와 맥 가격을 인상한 점도 메모리 가격 상승의 영향을 보여주는 사례로 제시했다.소장에는 또 마이크론이 지난해 소비자용 메모리 브랜드 '크루셜' 사업을 단계적으로 축소한 점도 담합 정황으로 언급됐다. 당시 마이크론은 급증하는 AI용 메모리 수요에 대응하기 위해 상대적으로 수익성이 낮은 소비자용 메모리 사업을 줄이겠다고 밝힌 바 있다.원고들은 법원에 세 회사의 공급 조절 행위를 중단하도록 명령하는 한편 미국 반독점법에 따라 3배의 손해배상(트레블 대미지)을 청구했다. 이번 소송은 가격 급등 기간 동안 범용 D램이 탑재된 제품을 구매한 소비자와 기업 전반을 대상으로 하는 집단소송으로 확대될 가능성도 제기된다.소송은 세 기업의 과거 가격 담합 전력도 근거로 제시했다. 원고 측은 삼성전자와 하이닉스반도체(현 SK하이닉스)가 2000년대 미국 법무부의 D램 가격 담합 수사에서 유죄를 인정한 사실을 언급하며 ""반경쟁 행위가 반복적으로 나타나고 있다""고 주장했다.실제로 삼성전자는 지난 2005년 약 3억 달러, 하이닉스반도체는 1억8500만 달러의 벌금을 부과받았고 당시 일부 임원들에게는 실형이 선고됐다.이번 사건은 미국 캘리포니아 북부 연방법원의 노엘 와이즈 판사에게 배당됐다. 원고에는 토머스 유, 토머스 바버 등 개인 소비자와 함께 JB테크솔루션스, 트로이스 컴퓨터스 등 중소 PC 업체들이 포함된 것으로 알려졌다.",True,반도체,"미국에서 삼성전자, SK하이닉스, 마이크론 등 글로벌 3대 메모리 반도체 기업이 인공지능용 고대역폭메모리(HBM) 생산을 이유로 일반 D램 공급을 축소하며 가격을 인위적으로 끌어올렸다는 혐의로 집단소송을 당했다. 원고들은 이들 기업이 공급 조절과 담합으로 지난 4년간 D램 가격이 약 700% 급등했고, 소비자 전자제품 가격 인상으로 이어졌다고 주장한다. 과거 담합 전력도 언급하며 반독점법 위반 혐의로 손해배상 청구와 공급 중단 명령을 요청했고, 이번 사건은 캘리포니아 연방법원에 배당됐다.",메모리,2.0
2026-07-01,"마이크론 ""고객사 가격 압박이 메모리 부족 키웠다""",정보 없음,https://n.news.naver.com/mnews/article/092/0002428800,"산제이 메흐로트라 마이크론 CEO, CNBC와의 인터뷰 통해 밝혀산제이 메흐로트라 마이크론 테크놀로지 최고경영자(CEO)가 메모리 부족 사태의 책임이 칩 제조업체 뿐 아니라 고객사에도 있다고 주장했다고 CNBC 등 외신이 30일(현지시간) 보도했다.주요 고객사의 과도한 가격 인하 압박 때문에 투자 여력이 약화됐다는 것이 그 근거다.메흐로트라 CEO는 이날 CNBC와 인터뷰에서 최근 몇 년간 일부 고객사들이 가격 협상에서 강경한 태도를 보이며 메모리 가격 하락을 부추겼다고 주장했다. 그 결과 인공지능(AI) 시대에 필요한 생산 투자에 차질이 빚어졌다고 그는 덧붙였다.미국 버지니아 주 매너서스 소재 마이크론 반도체 공장. (사진=마이크론)그는 ""특정 고객들이 업계 전반의 가격을 크게 낮추는 요인이 됐다""며 ""2023년에는 메모리 가격이 이전 수준의 3분의 1까지 떨어졌다""고 말했다.이어 가격 폭락으로 마이크론을 비롯한 메모리 업체들의 매출총이익률이 마이너스로 돌아섰다. 이 때문에 AI 수요가 급증하기 시작한 시점에 대부분의 기업이 신규 생산설비에 투자할 재정적 여력을 잃었다고 설명했다. 팩트셋 데이터에 따르면 마이크론의 2023회계연도 매출총이익률은 마이너스 7.3%를 기록했다.산제이 메흐로트라 마이크론 테크놀로지 최고경영자 (사진=위키피디아)메흐로트라 CEO는 ""기업들이 손실을 감수하고 있었고, 더는 감당할 수 없는 상황이었다""며 ""이 같은 상황이 업계의 투자 능력에 심각한 영향을 미쳤다""고 말했다. 그는 마이크론이 경기 침체기에도 투자를 이어갔지만 투자 규모는 크게 줄었다고 밝혔다. 마이크론의 2023회계연도 자본지출은 77억 달러로, 전년 121억 달러보다 감소했다.또 마이크론이 경기 침체기에도 투자를 이어갔지만 투자 규모는 크게 줄었다고 밝혔다. 마이크론의 2023회계연도 자본지출(CAPEX)은 77억 달러로, 전년 121억 달러보다 감소했다.반면 AI용 메모리 칩 수요는 2023년 가격 급락 이후 꾸준히 증가했다. 지난해에는 증가세가 더욱 가팔라지며 마이크론의 실적 개선을 이끌었고, 올해는 성장세가 한층 더 빨라지면서 주가도 큰 폭으로 상승했다. 마이크론 주가는 2분기에 240% 이상 급등했고, 시가총액은 9200억 달러 이상 증가해 현재 약 1조3000억 달러에 달한다.메흐로트라 CEO는 새로운 반도체 공장을 건설하는 데 수년이 걸리는 데다 차세대 메모리 생산 공정도 갈수록 복잡해지고 있어 메모리 공급 부족이 2027년 이후에도 상당 기간 이어질 가능성이 크다고 전망했다.이 같은 수급 불균형을 해소하기 위해 마이크론은 미국 아이다호주 보이시와 뉴욕주 시러큐스에 신규 메모리 생산 공장을 건설하는 등 제조시설과 연구개발(R&D)에 약 2000억 달러를 투자하고 있다고 그는 설명했다.메모리 부족 현상은 반도체 업계를 넘어 소비자 시장에도 영향을 미치고 있다. CNBC에 따르면 애플은 지난주 메모리와 저장장치 가격이 통제하기 어려운 수준까지 상승했다며 맥과 아이패드 일부 모델의 가격을 인상했다. 이는 AI 수요 확대가 소비자 전자제품의 핵심 부품 가격까지 끌어올리고 있음을 보여주는 사례라고 CNBC는 전했다.",True,메모리,"산제이 메흐로트라 마이크론 CEO는 CNBC 인터뷰에서 메모리 부족 사태의 책임이 고객사에도 있다고 주장하며, 가격 인하 압력으로 투자 여력이 약화됐다고 밝혔다. 최근 가격 폭락으로 인해 메모리 업체들의 수익률이 적자 전환됐으며, AI 수요 증가로 메모리 가격이 오르면서 실적이 개선되고 주가도 급등했다. 그는 공급 부족이 2027년 이후까지 지속될 것으로 전망하며, 미국 내 신규 공장에 약 2000억 달러를 투자 중이라고 밝혔다. 이로 인해 소비자 시장에서도 가격 상승이 나타나고 있다.",메모리,2.0
2026-07-01,“갑질로 메모리 가격 후려치고 이제와서 징징”…애플 저격한 마이크론 CEO,정보 없음,https://n.news.naver.com/mnews/article/009/0005701169,"산제이 메흐로트라 마이크론 CEO고객사 애플 가격 후려치기 영향2023년 메모리값 3분의 1 폭락메모리 업계 투자여력까지 사라져“가격 인하 압박이 공급 부족으로”마이크론 CEO, 애플 저격…“고객사의 가격 후려치기가 메모리 대란 불렀다” [그림=챗GPT]인공지능(AI) 확산으로 불거진 메모리 공급 부족 사태를 두고 마이크론 최고경영자(CEO)가 고객사에도 책임이 있다고 주장했다. 수년간 일부 대형 고객사의 과도한 가격 인하 압박이 업계의 생산설비 투자를 위축시켰고, 결국 AI 시대의 공급 부족을 키웠다는 것이다산제이 메흐로트라 마이크론 CEO는 지난 30일(현지시간) CNBC ‘매드머니(Mad Money)’에 출연해 “최근 메모리 수급 불균형은 공급업체만의 책임이 아니다”며 “일부 고객들이 업계 가격을 지나치게 끌어내렸다”고 지적했다. 그는 “2023년 메모리 가격은 이전의 3분의 1 수준까지 떨어졌고 기업들은 돈을 벌지 못했다”며 “그 결과 업계의 투자 능력이 크게 훼손됐다”고 설명했다.메모리 업계는 2023년 PC와 스마트폰 수요 둔화로 극심한 불황을 겪었다. 당시 D램과 낸드 가격이 급락하면서 주요 업체들의 수익성이 악화됐고 신규 공장 투자도 대폭 축소됐다. 실제 마이크론의 2023회계연도 매출총이익률은 마이너스 7.3%를 기록했으며, 설비투자는 전년도 121억달러에서 77억달러로 36% 감소했다.메흐로트라 CEO는 “기업들이 손실을 보는 상황에서는 새로운 생산능력에 투자할 수 없었다”며 “이것이 업계 전체의 투자 역량에 영향을 미쳤다”고 강조했다. 다만 그는 “마이크론도 투자를 줄이기는 했지만 생산시설과 기술 개발은 계속 이어갔다”며 “이 같은 결정이 현재 AI 시대의 폭발적인 메모리 수요에 대응하는 경쟁력이 됐다”고 말했다.마이크론은 AI 서버용 고대역폭메모리(HBM)를 중심으로 수요가 급증하면서 올해 들어 사상 최대 실적을 이어가고 있다. 메흐로트라 CEO는 “신규 반도체 공장을 짓는 데 수년이 걸리고 차세대 메모리 제조 공정도 훨씬 복잡해졌다”며 “메모리 공급 부족은 내년 이후에도 지속될 가능성이 높다”고 전망했다.회사는 생산능력 확대를 위해 총 2000억달러 규모 생산시설 및 연구개발(R&D) 투자를 진행 중이다. 미국 아이다호주 보이시와 뉴욕주 시러큐스에 신규 메모리 공장을 건설하고 있으며, 보이시 공장에서는 내년 중반부터 첫 제품 생산이 시작될 예정이다. 장기적으로는 보이시 용지에 2개의 생산라인을 구축할 계획이다.이번 발언은 최근 애플과 마이크론 사이에서 벌어진 ‘메모리 가격 책임 공방’의 연장선으로 해석된다. 앞서 팀 쿡 애플 CEO는 AI 데이터센터 확대로 메모리와 저장장치 가격이 급등하면서 맥과 아이패드 가격 인상이 불가피했다고 설명했다. 이후 마이크론 최고사업책임자(CBO) 수밋 사다나는 일부 대형 고객이 2023년 메모리 가격을 지나치게 낮추도록 압박해 업계 투자가 위축됐다고 지적했다. 회사는 고객사를 실명으로 거론하지 않았지만 업계에서는 대표적인 가격 협상력을 가진 애플을 겨냥한 발언이라는 해석이 나왔다.메흐로트라 CEO도 이날 같은 취지의 주장을 반복했다. 그는 “당시 고객들조차 지금과 같은 AI 수요를 예상하지 못했다”며 “앞으로도 메모리 공급 확대에는 상당한 시간이 필요할 것”이라고 덧붙였다. [실리콘밸리 원호섭 특파원]",True,메모리,"산제이 메흐로트라 마이크론 CEO는 AI 확산으로 인한 메모리 공급 부족 사태의 책임이 일부 고객사, 특히 애플의 과도한 가격 인하 압박에 있다고 지적했다. 2023년 메모리 가격이 3분의 1로 폭락하며 업계 투자 여력이 사라졌고, 공급 부족이 지속될 전망이다. 마이크론은 생산설비 확대와 R&D에 2000억달러를 투자 중이며, AI 수요에 대응해 경쟁력을 강화하고 있다. 이번 발언은 애플과의 가격 책임 공방의 연장선으로 해석된다.",메모리,2.0
2026-07-01,"상반기 뉴욕 증시도 ‘반도체 독주’...돈 쓰는 M7 지고, 돈 버는 메모리株 뜨고",정보 없음,https://n.news.naver.com/mnews/article/011/0004636914,"반도체지수 101% ↑...전체 시장의 10배마이크론 등 메모리 공급난 딛고 자금 흡입‘데이터센터 대규모 빚투’ M7 주도주 이탈6월 시총 3560조원 ↓...AI 투자 지형 급변‘삼전닉스 과반’ 韓증시와 쏠림 현상 비슷지난 6월 24일(현지 시간) 미국 맨해튼 뉴욕증권거래소(NYSE)의 거래중개인들이 증시 화면을 살펴보고 있다. 로이터연합뉴스지난해에 이어 올해 뉴욕 증시도 인공지능(AI) 관련주들이 주가 상승을 이끄는 가운데 업종별로 상반기 수익률이 크게 엇갈려 눈길을 끌고 있다. 특히 올 상반기에는 천문학적인 돈을 지출하는 엔비디아·알파벳·애플·마이크로소프트(MS)·메타·아마존·테슬라 등 지난해까지 시장 주도주로 평가됐던 이른바 ‘매그니피센트7(M7)’의 수익률이 급락한 반면, 메모리를 중심으로 반도체주에 월가의 뭉칫돈이 몰렸다. 빚까지 내 데이터센터 건설 등에 천문학적인 자금을 쏟는 기업과 AI 투자 열풍으로 당장 실적을 내는 회사를 바라보는 투자 심리가 그만큼 극명히 차별화되고 있다는 의미다.올 들어 30일(현지 시간)까지 6개월 동안 다우존스30산업평균지수는 8.9%, 스탠더드앤드푸어스(S&P)500지수는 9.6%, 나스닥종합지수는 12.8% 각각 올랐다. 월스트리트저널(WSJ)에 따르면 S&P500지수와 나스닥지수는 2분기 들어서만 각각 15%, 21% 상승해 나란히 분기 기준으로 2020년 2분기 이후 6년 만에 가장 높은 상승률을 기록했다. 다우지수도 2021년 상반기 이후 5년 만에 가장 높은 반기 상승률을 보였다. 중소형주 중심의 러셀2000지수도 21.9%나 뛰면서 1991년 이후 가장 좋은 상반기 성과를 거뒀다.무엇보다 상반기 뉴욕 증시를 견인한 업종은 반도체였다. AI 인프라(기반시설) 투자 광풍에 따른 수요 급증과 메모리반도체 품귀 현상 등이 종합적으로 겹치면서 마이크론(301.5%), 샌디스크(857.8%) 등 종목별로 6개월간 주가가 2~10배 오른 상장사가 속출했다. 필라델피아반도체지수는 올 상반기에만 무려 101.1%나 올라 1999년 ‘닷컴버블(1990년대 중후반 인터넷 산업 거품 현상)’ 이후 반기 기준 최고 성과를 거뒀다. 상반기 필라델피아반도체지수의 상승률이 다우·나스닥·S&P지수의 10배 안팎에 달한 점을 감안하면 사실상 이 기간 뉴욕 증시 전반의 오름세는 반도체 관련주가 주도했다고 해도 과언이 아니다.반도체와 달리 지난해까지 뉴욕 증시를 주름잡았던 M7 종목들은 올 들어 부진을 면치 못했다. 파이낸셜타임스(FT)에 따르면 M7의 주가는 6월 들어 29일까지 거의 한 달 동안 평균적으로 10%가량 하락했다. 월간 기준으로 1년여 만에 최대 하락률이다. 이들 7개 종목의 시가총액도 같은 기간 2조 3000억 달러(약 3560조 원)나 증발했다. 아마존·MS·알파벳·메타·오라클 등 하이퍼스케일러(초대형 클라우드 사업자)들이 AI 데이터센터 건설에 대규모 자금을 투하하자 수익화 역량을 두고 회의론이 커진 까닭이다. 이들 5대 하이퍼스케일러들이 올해 발표한 자본지출(CAPEX) 계획 총합만 약 7500억 달러(약 1155조 원)에 달한다.데이터센터 등 AI 인프라(기반시설) 수요가 급증하면서 메모리 등 반도체 가격이 폭등한 점도 AI 모델·플랫폼·클라우드 사업자와 칩 제조업체 간 주가 향방을 가른 요인이 됐다. 반도체 기업들이 슈퍼 사이클(초호황기)을 즐기는 사이, 나머지 AI 업체들은 원자재 가격 상승 부담에 허덕이고 있다. FT는 월마트·우버 등의 기업들이 비용 문제 때문에 AI 도구의 사용량을 제한하고 있다며 이 역시 하이퍼스케일러에는 악재라고 분석했다. 기업들이 경량 저가 AI 모델의 도입을 늘리고 구매액을 줄인다면 하이퍼스케일러의 투자금 회수 전망도 불확실해질 수밖에 없다.상반기 뉴욕 증시의 반도체 독주 현상은 한국 주식시장과도 크게 다르지 않은 모습이다. 1일 한국거래소에 따르면 코스피지수는 지난해 말 4214.17에서 지난달 30일 8476.48로 101.14% 상승했다. 특히 시총 1·2위 기업인 삼성전자와 SK하이닉스가 각각 178.57%, 307.07% 급등하며 지수 상승을 쌍끌이했다. 두 기업의 시총은 상반기에만 2658조 원 급증해 코스피 전체의 절반을 넘어섰다.상장지수펀드(ETF) 수익률 1~3위도 미래에셋자산운용의 ‘TIGER 200IT’ ‘TIGER 반도체TOP10레버리지’, 삼성자산운용의 ‘KODEX 반도체레버리지’ 등 반도체 레버리지(차입) 상품이 휩쓸었다. 특히 5월 27일 출시된 삼성전자·SK하이닉스 단일 종목 레버리지 ETF는 엄청난 변동성을 앞세워 뉴욕 증시까지 영향을 미치기도 했다.",True,메모리,"올 상반기 뉴욕 증시는 AI·반도체 관련주가 주도하며 큰 폭의 상승을 기록했다. 특히 필라델피아반도체지수는 101.1% 상승했고, 마이크론 등 반도체 기업은 2~10배의 주가 상승을 보였다. 반면, 지난해 강세를 이끈 M7(엔비디아·애플 등)은 부진했고, 시가총액이 3560조 원 증발하는 등 투자심리가 차별화됐다. 한국시장도 삼성전자와 SK하이닉스의 급등으로 코스피가 101% 상승하며 반도체 강세를 보였다. AI 인프라 투자와 반도체 가격 급등이 시장 흐름을 좌우한 한 해였다.",메모리,2.0
2026-07-01,"""삼성전자, 메모리 슈퍼사이클 연장…목표가 58만원""-상상인",정보 없음,https://n.news.naver.com/mnews/article/015/0005304816,"사진=연합뉴스상상인증권은 1일 삼성전자에 대해 ""인공지능(AI)발 메모리 수급 불균형과 가격 상승 사이클이 길어질 것""이라며 목표주가를 기존 25만원에서 58만원으로 상향하고 투자의견 '매수'를 유지했다.정민규 상상인증권 연구원은 ""올 2분기 D램·낸드 가격이 시장 예상을 웃돌며 디바이스솔루션(DS) 부문의 수익성이 전례 없는 수준으로 확대되고 있다""며 ""최근 발표된 대규모 장기 투자는 비수도권 신규 거점 확보 등으로 메모리 리더십의 장기 가시성을 보강한다""고 판단했다.다만 2분기 실적은 시장 기대치를 소폭 밑돌 것이란 전망이다. 상상인증권은 삼성전자의 2분기 매출액과 영업이익을 각각 전년 동기보다 139.1%와 1693.8% 급증한 178조3000억원, 83조9000억원으로 예상했다. 영업이익의 경우 시장 컨센서스(증권사 평균 추정치)인 85조7000억원에 미치지 못하는 수준이다. 상반기 성과급 충당금을 소급 반영한 영향으로, 이를 제외할 경우 영업이익이 100조원을 넘어설 것이란 추정이다.하반기에도 메모리 가격 상승세는 계속될 것으로 정 연구원은 판단했다. 이에 따라 연간 매출과 영업이익은 각각 전년보다 121.3%와 755.1% 늘어난 738조4000억원, 372조9000억원으로 사상 최대치를 기록할 것으로 예상된다.정 연구원은 ""메모리 가격 상승으로 세트 고객사의 원가 부담은 확인되나 데이터센터용 수요는 견조해 대규모 구매가 지속될 전망""이라며 ""장기공급계약(LTA) 비중 확대는 가격·물량 가시성을 높여 실적 하방을 지지하는 요인""이라고 강조했다.",True,메모리,"상상인증권은 삼성전자의 목표주가를 기존 25만원에서 58만원으로 상향하며 '매수' 의견을 유지했다. 2분기 D램·낸드 가격이 예상보다 높아 디바이스솔루션 부문의 수익이 크게 늘었으며, 대규모 장기 투자로 메모리 시장의 장기 전망이 밝아지고 있다. 2분기 매출은 전년 대비 139.1%, 영업이익은 1693.8% 급증했으며, 하반기에도 메모리 가격 상승세가 지속될 것으로 예상된다. 연간 매출과 영업이익은 각각 121.3%, 755.1% 증가하여 사상 최대치를 기록할 전망이다.",메모리,3.0
2026-07-01,이대로 가면 日 제치고 '세계 4강'…한국 수출 새 역사 쓴다,정보 없음,https://n.news.naver.com/mnews/article/015/0005305196,"K수출 벌크업…年 1조달러 보인다月 1000억달러 돌파獨·中·美 이어 대기록메모리값 상승에반도체 수출 200% 급증 448억弗車·선박 등 20개 품목 중 18개 늘어올 세계 4위 기대< 반도체가 이끈 역대급 수출 > 한국이 올해 6월 수출액 1022억5000만달러를 기록하며 독일 미국 중국에 이어 세계에서 네 번째로 '월 수출 1000억달러'를 넘어섰다. 1일 경기 평택항에 수출을 기다리는 컨테이너가 쌓여 있다. /연합뉴스한국의 월 수출액이 사상 처음으로 1000억달러를 돌파했다. 독일 중국 미국에 이어 세계에서 네 번째로 세운 대기록이다. 인공지능(AI) 투자 확대로 반도체 등 정보기술(IT) 수출이 폭증한 데다 자동차, 철강, 일반기계, 화장품 등 다른 주력 품목 수출도 고르게 늘어난 덕분이다. 이에 올해 수출이 1조달러를 넘어설 가능성도 한층 높아졌다. 지난해 세계 7위에 오른 한국이 일본과 이탈리아는 물론 네덜란드까지 제치고 ‘수출 4강’ 자리를 차지할 수 있을 것이라는 기대가 커지고 있다.산업통상부는 6월 수출이 지난해 같은 달보다 70.9% 증가한 1022억5000만달러(약 160조원)를 기록했다고 1일 발표했다. 조업일수를 고려한 하루 평균 수출도 45억4000만달러로 역대 최대였다. 수입은 661억달러로 30.1% 늘었다. 무역수지는 361억5000만달러 흑자로 월 흑자 규모가 사상 처음 300억달러를 넘어섰다.최대 공신은 역시 반도체였다. 반도체 수출은 448억2000만달러로 전년 동기보다 199.5% 급증하며 처음으로 월 400억달러를 웃돌았다. AI 서버 투자 확대에 따른 메모리 반도체 수요 급증으로 D램과 낸드플래시 고정가격이 올라 수출 증가를 이끌었다. 컴퓨터 수출도 AI 서버용 저장장치(SSD) 수요 확대에 힘입어 308.8% 늘었다.반도체를 제외한 품목 수출은 28% 증가했다. 자동차 수출은 67억1000만달러로 5.8% 확대됐고 선박(12.9%) 일반기계(7.5%) 철강(9.6%) 비철금속(45.8%)도 일제히 증가세를 보였다. 화장품(42.5%) 등 소비재도 역대 6월 최대 실적을 기록했다.상반기 수출은 4967억달러로 5000억달러에 근접했다. 강감찬 산업부 무역투자실장은 “하반기에도 반도체 가격 상승세가 지속될 것으로 보이고 삼성전자와 SK하이닉스가 수출 물량을 늘릴 가능성이 있다”며 “지난달에는 연간 1조달러 달성이 불가능하지 않다고 말씀드렸는데, 지금은 불가능이 가능성으로 점점 바뀌고 있다”고 말했다.'AI 병목' 장악한 韓 제조업…日 제치고 '세계 수출 4강' 청신호AI 투자붐에 메모리 가격 급등…상반기 수출, 작년 연간실적 넘겨한국 수출이 매달 새 역사를 쓰고 있다. 지난달에는 월간 수출액이 사상 처음으로 1000억달러를 넘어섰다. 수출 증가세를 주도한 건 물량이 아니라 가격이다. 반도체를 포함한 한국의 주력 수출 품목이 인공지능(AI) 대전환의 병목을 지키고 있는 데다 글로벌 공급망에서 대체 불가능한 전략적 위치를 차지한 영향이다. 질적으로 달라진 한국 수출은 당분간 견조한 증가세를 이어갈 전망이다. 한국이 올해 미국 중국 독일을 잇는 ‘세계 무역 4강’의 위치를 차지할 수 있을 것이라는 관측도 나온다.◇반도체 플러스알파1일 산업통상부에 따르면 올해 상반기 반도체 수출은 1924억달러로 지난해 같은 기간보다 162.6% 증가했다. 지난해 연간 최대 기록인 1734억달러를 상반기에 이미 뛰어넘었다. 컴퓨터 수출도 AI 서버용 저장장치(SSD) 수요 급증에 힘입어 상반기에만 212억달러를 기록했다. 기존 연간 최대치인 2004년(171억달러) 실적을 갈아치웠다. 6월 기준으로 보면 반도체(448억달러)와 컴퓨터(54억달러) 수출만 500억달러를 넘어 전체 수출액(1022억달러)의 절반가량을 차지했다.수출 증가를 이끈 건 단연 메모리 가격 상승이다. D램 반도체 고정가격은 올해 1월 28.5달러에서 6월 40달러로 올랐고, 낸드플래시는 9.5달러에서 28.8달러로 세 배 이상으로 뛰었다. AI 데이터센터 투자 확대에 따라 고성능 메모리 수요가 폭증한 영향이다. 정부는 가격 상승세가 하반기에도 지속될 것으로 보고 있다. 강감찬 산업부 무역투자실장은 “(칩플레이션 영향으로) 휴대폰 등의 수요가 줄어들 수는 있지만. 과거에 비해 모바일 적용 비중이 줄어들어 대세에는 큰 영향이 없을 것”이라고 설명했다.반도체에만 의존한 성장은 아니었다. 6월 반도체를 제외한 품목 수출도 28% 증가했다. 자동차(5.8%), 일반기계(7.5%), 철강(9.6%), 선박(12.9%), 화장품(42.5%), 바이오헬스(14.1%) 등이 고르게 증가하며 20대 주력 품목 가운데 18개 품목의 수출이 늘었다.◇1~4월 수출 일본 제치고 5위반도체 외에도 많은 품목이 세계 시장에서 프리미엄 가격을 인정받았다. 선박의 경우 수출 물량은 지난해와 비슷했지만 수출액은 12.9% 증가한 28억3000만달러를 기록했다. 고부가 가치 액화천연가스(LNG)선 비중이 확대되며 평균 수출단가가 높아진 영향이다. 비철금속도 AI 데이터센터 건설 확대에 따른 구리 수요 증가와 중동 전쟁에 따른 알루미늄 공급 차질이 겹치며 단가가 뛰었다. 수출 물량도 늘어 전년 6월보다 45.8% 증가한 18억2000만달러를 기록했다. 역대 6월 기준 최대 수출 실적이다.석유제품과 석유화학은 국제 유가 상승으로 수출단가가 크게 뛰었다. 석유제품(55억9000만달러)은 수출 물량이 7% 감소했지만 수출단가가 전년보다 61% 상승해 수출액은 49.8% 증가했다. 석유화학도 내수 우선 공급으로 수출 물량이 14.6% 줄었다. 그러나 제품 가격이 39% 뛰어 수출액은 18.8% 늘어난 40억7000만달러를 기록했다.정부는 고환율로 수출 가격 경쟁력이 높아진 것 아니냐는 지적도 일축했다. 강 실장은 “반도체를 포함한 많은 품목이 달러 기준으로 수출되고 있다”고 말했다. 그는 이어 “자동차의 경우 내연차 수출이 줄어든 반면 전기차와 친환경차 수출은 늘었다”며 “우리나라 제품의 경쟁력이 어디에 있는지를 보여주는 사례”라고 강조했다.정부는 작년 7위였던 한국의 세계 수출 순위가 올해 한 계단 더 올라설 것으로 기대하고 있다. 세계무역기구(WTO) 기준 1~4월 누적 수출에서 한국은 중국, 미국, 독일, 네덜란드에 이어 세계 5위를 기록했다. 일본은 같은 기간 8위에 머물렀다. 강 실장은 “중계무역 비중이 큰 네덜란드를 제외하면 사실상 세계 4강 수준”이라고 강조했다. 다만 미국의 관세 조치와 보호무역주의 확산, 유가 변동성은 하반기 수출의 변수로 꼽힌다.",True,반도체,"한국의 6월 수출액이 1022억5000만달러로 사상 처음 1000억달러를 돌파하며 세계 4위 수출국으로 부상하고 있다. 반도체 수출이 448억달러로 200% 급증했고, AI 서버 수요 증가로 메모리 가격이 상승하면서 전체 수출을 견인했다. 자동차, 선박, 철강 등 주요 품목도 고르게 성장했으며, 하반기에도 반도체 가격 상승과 수출 확대가 기대된다. 이로 인해 올해 연간 수출액이 1조달러 돌파 가능성도 높아지고 있다.",메모리,1.0
2026-07-01,메모리 호황에 하이닉스 '인재 블랙홀'…채용 늘고 이직 줄었다,정보 없음,https://n.news.naver.com/mnews/article/119/0003106512,"신규 채용 3.4배 확대·자발적 이직률 0.5%HBM 수요 폭증에 실적·보상 기대감 커져반도체학과 수시 모집도 확대, 인재 쏠림 가속미국 수출통제 강화 이후에도 SK하이닉스 다롄 공장은 출자 확대와 기술인력 채용을 이어간 것으로 공개 자료에서 확인됐다.ⓒSK하이닉스[데일리안 = 임채현 기자] 인공지능(AI) 메모리 호황이 반도체 인재 지형을 바꾸고 있다. 고대역폭메모리(HBM)를 중심으로 수요가 급증하면서 SK하이닉스의 채용은 크게 늘고, 직원 이탈은 줄었다. 대학 입시에서도 반도체학과 선발 규모가 확대되는 등 산업 전반에서 인재 쏠림 현상이 뚜렷해지고 있다.SK하이닉스가 최근 발간한 지속가능경영보고서에 따르면 지난해 국내 사업장 기준 자발적 이직률은 0.5%로 집계됐다. 비자발적 이직률은 0.4%, 전체 이직률은 0.9%였다. 직원 200명 중 1명꼴로만 스스로 회사를 떠난 셈이다.채용은 큰 폭으로 늘었다. SK하이닉스는 지난해 신규 직원 3201명을 채용했다. 전년 942명과 비교하면 3.4배 증가한 규모다. 지난해 10월 청주 M15X 첫 클린룸이 가동되면서 생산능력 확대에 따른 인력 수요가 커진 영향으로 풀이된다. 지난해 신입사원 초임은 학사 입사 기술사무직 기준 월 450만5000원이었다.불과 몇 년 전과 비교하면 분위기는 크게 달라졌다. 2021년 SK하이닉스 안팎에서는 성과급 산정 방식과 처우를 둘러싼 불만이 커지며 핵심 인력 유출 우려가 제기됐다. 당시 노조는 그해 1월부터 5월까지 기술사무직 퇴직 발령자가 300명을 넘었다며 퇴사율 문제를 지적한 바 있다.하지만 AI 반도체 시장이 본격 개화하면서 회사의 위상도 바뀌었다. SK하이닉스는 HBM 시장에서 선두권을 유지하며 AI 서버와 데이터센터 투자 확대의 직접적인 수혜를 받고 있다. 실적 개선 기대가 커지면서 회사 성장성과 보상 가능성이 함께 부각되고, 이는 직원 이탈을 줄이는 요인으로 작용하고 있다는 분석이다.시장 수요도 여전히 강하다. 회사 안팎에서는 생산능력 확대에도 HBM 등 고성능 메모리 수요를 따라가기 쉽지 않다는 평가가 나온다. SK하이닉스 내부 관계자는 ""공장을 빠르게 짓고 생산을 늘려도 시장 수요를 따라가기 어려운 상황""이라고 말했다.글로벌 메모리 업황도 같은 흐름을 보이고 있다. 미국 마이크론은 최근 회계연도 3분기 실적 발표에서 AI 메모리 수요 강세와 공급 부족을 확인했다. 고객사들이 메모리 공급 확보를 위해 장기 계약에 나서고 있다는 설명도 내놨다. 업계에서는 마이크론의 호실적이 삼성전자와 SK하이닉스의 실적 기대감으로 이어지고 있다고 본다.D램 시장의 경쟁 구도 역시 국내 업체 중심으로 유지되고 있다. 시장조사업체 카운터포인트리서치에 따르면 올해 1분기 글로벌 D램 시장 매출 기준 점유율은 삼성전자가 38%로 1위를 차지했다. SK하이닉스는 29%로 뒤를 이었고, 마이크론은 22%를 기록했다. 삼성전자가 전체 D램 시장에서 선두를 지키는 가운데 SK하이닉스는 HBM을 중심으로 AI 메모리 수요를 흡수하는 구도다.반도체 인재 쏠림은 대학 입시에서도 나타나고 있다. 입시정보 플랫폼 진학사가 서울 소재 대학의 2027학년도 반도체학과 수시 모집인원을 분석한 결과, 서울권 반도체학과 수시 총 선발인원은 지난해 502명에서 올해 564명으로 62명 늘었다.특히 증가분은 대기업 협약 계약학과가 아닌 일반 반도체학과에서 나왔다. 삼성전자·SK하이닉스와 협약한 반도체 계약학과 수시 모집인원은 전년과 같았지만, 일반 반도체학과 수시 선발인원은 지난해 297명에서 올해 359명으로 20.9% 증가했다. 서울권 반도체학과 선발 대학도 전년도 14개교에서 올해 15개교로 늘었다.계약학과 문은 여전히 좁다. 진학사에 따르면 2027학년도 삼성전자·SK하이닉스 협약 반도체 계약학과의 전체 선발인원은 460명이다. 이 가운데 수시 선발은 377명으로 82.0%를 차지했다. 수시 선발 377명 중 학생부종합전형은 319명으로 84.6%에 달한다. 수능 점수만으로 도전하기보다 고교 과정에서 수학·과학 탐구 역량과 전공 적합성을 꾸준히 쌓아야 하는 구조다.기업의 채용 방식도 바뀌고 있다. SK하이닉스는 이달 신입 수시채용부터 학력 제한을 전면 폐지했다. 기존 채용 공고에 명시했던 '4년제 학사 학위 이상' 등 학력 요건을 없애고, 직무 역량과 성장 가능성을 중심으로 평가하겠다는 취지다. AI 반도체 경쟁이 빨라지면서 기업이 보는 인재 기준도 학력 간판보다 실력과 잠재력으로 이동하고 있는 셈이다.업계에서는 반도체 인재 확보전이 장기화될 것으로 보고 있다. AI 서버와 데이터센터 투자가 늘면서 HBM을 비롯한 고성능 메모리 수요가 공급 능력을 앞서고 있기 때문이다. 수요가 강하면 생산능력 확대가 필요하고, 생산능력 확대는 결국 설계·공정·패키징·품질 인력 수요로 이어진다.한편 메모리 시장의 거래 구조가 장기공급계약(LTA) 중심으로 바뀌고 있다는 점도 SK하이닉스를 비롯한 국내 업체들에 긍정적이다. 과거 메모리 업체들은 업황 변동에 따라 실적이 크게 흔들렸지만, AI 메모리 수요가 커지고 고객사들이 안정적인 물량 확보에 나서면서 이익 변동성이 낮아질 수 있다는 분석이 나온다.박준영 한화투자증권 연구원은 ""LTA 확대로 메모리 제조사들이 감익기를 맞더라도 최소 영업이익률 30%를 유지할 것으로 예상되며, 이는 과거 호황기 수준""이라며 ""국내 메모리 제조사들은 더 이상 이익 변동성을 보이는 회사가 아닌, 높은 이익을 지속 창출할 수 있는 회사로 바뀌고 있다""고 분석했다.",True,반도체,"반도체 시장의 AI 메모리 호황으로 SK하이닉스의 채용이 3.4배 늘고, 자발적 이직률이 0.5%로 낮아졌으며, 인재 쏠림이 심화되고 있다. HBM 수요 증가와 실적 기대감으로 보상과 인력 확보가 활발하며, 대학 반도체학과 선발도 확대되고 있다. 기업은 학력 제한 폐지 등 채용 방식을 변화시키고, 장기 공급계약으로 안정성을 높이고 있다. 글로벌 시장에서도 AI 수요와 공급 부족이 지속되며, 국내 업체들의 이익 안정화 기대가 커지고 있다.",메모리,1.0
2026-07-01,"마이클 버리 ""韓메모리 숏""…대규모 투자계획 겨냥 ""끝의 시작""",정보 없음,https://n.news.naver.com/mnews/article/421/0009033760,"엔비디아 및 반도체종목 공매도 포지션 공개""필라델피아반도체지수, 닷컴버블 수준 과열""30일 서울 중구 하나은행 딜링룸 전광판을 통해 코스피와 SK하이닉스, 삼성전자 종가가 송출되고 있다. 이날 코스피는 전 거래일 대비 81.83포인트(0.97%) 오른 8476.48로 마감한 반면 코스닥은 4.39포인트(0.48%) 내린 916.18로 장을 마쳤다. 중동 긴장 완화와 뉴욕증시 회복에 하락 출발했던 원·달러 환율은 한때 1550원에 거래되기도 했다. 2026.6.30 ⓒ 뉴스1 구윤성 기자(서울=뉴스1) 신기림 기자 = 영화 '빅쇼트'의 실제 주인공으로 유명한 월가 투자자 마이클 버리가 한국 반도체 업계의 투자 확대를 계기로 인공지능(AI) 랠리가 정점에 가까워졌다며 엔비디아와 반도체주에 대한 공매도(숏) 포지션을 공개했다.30일(현지시간) CNBC방송, 인베스팅닷컴 등에 따르면 버리는 투자자들에게 보낸 서브스택(Substack) 글에서 엔비디아와 어플라이드 머티어리얼즈, 테슬라, 아이셰어즈 반도체 상장지수펀드(ETF·SOXX), 캐터필러를 공매도했다고 밝혔다.버리는 특히 지난 29일 발표된 한국 메모리 업체들의 대규모 투자 계획을 AI 투자 사이클의 정점 신호로 해석했다. 그는 ""오늘 랠리의 직접적인 계기는 한국에서 발표된 대규모 투자 계획""이라며 ""하지만 나는 이것이 '끝의 시작(beginning of the end)'이라고 본다. 이제 시간문제일 뿐""이라고 주장했다.이는 삼성전자(005930)와 SK하이닉스(000660)가 광주 등 서남권에 800조원 규모의 신규 반도체 공장 4기를 건설하겠다고 발표하면서 뉴욕 증시에서 반도체 장비주가 급등한 것을 겨냥한 것이다.실제 이에 힘입어 이날 뉴욕 증시에서 필라델피아반도체지수(SOX)는 3.92% 급등했다. AMD는 6.86%, 인텔은 7.23%, 어플라이드 머티어리얼즈는 6.00%, KLA는 5.29%, ASML의 미국예탁증서(ADR)는 5.93%, 엔비디아도 1.27% 상승했다.버리는 AI 투자 열풍의 대표적 수혜주인 캐터필러도 처음으로 공매도했다고 밝혔다. 그는 ""캐터필러는 과거에는 롱(매수) 포지션으로 좋은 수익을 안겨준 종목이지만 이번에는 가장 먼저 눈에 들어왔다""며 주가가 지나치게 고평가됐다고 평가했다. 버리는 캐터필러의 주가매출비율(PSR)이 최근 30여 년 만에 가장 높은 수준까지 치솟았다고 주장했다.세계 최대 건설·광산 중장비 업체인 캐터필러는 반도체 기업은 아니지만 AI 데이터센터 건설 붐의 대표적인 인프라 수혜주로 꼽힌다. AI 데이터센터 건설이 본격화되면서 토목공사와 부지 조성, 전력 인프라 구축 수요가 급증했고, 이에 따라 굴착기와 불도저, 발전기 등을 생산하는 캐터필러의 실적 기대도 크게 높아졌다.시장에서 캐터필러를 'AI 인프라 구축(AI infrastructure)'의 대표 수혜주 가운데 하나로 평가하며 올해 상반기에만 주가가 86% 급등했다. S&P500 편입 종목 가운데 최고 수준의 상승률을 기록했다.그는 반도체 업종의 밸류에이션에 대해서도 우려를 나타냈다. 필라델피아반도체지수가 현재 200일 이동평균선보다 약 65% 높은 수준에서 거래되고 있다며 ""이 같은 괴리는 2000년 닷컴버블 당시 이후 처음""이라고 지적했다.버리는 이날 공개한 글에서 분기 말 시장 특유의 '윈도드레싱(window dressing)' 현상도 언급했다. 그는 ""펀드들은 분기 말이 되면 많이 오른 종목을 보유한 것처럼 포트폴리오를 꾸미고 부진했던 종목은 줄이는 경향이 있다""며 ""특히 6월 말은 연말 자금 유치를 앞둔 중요한 시점이라 이런 현상이 더욱 두드러진다""고 설명했다.이어 ""이번 6월 말은 다르다. 이제는 윈도드레싱조차 의미가 없을 정도""라며 ""나는 오늘 시장의 주요 추세를 거스르는 거래를 하고 있다""고 밝혔다. 윈도드레싱은 펀드매니저들이 분기 말 운용 성과를 돋보이게 하기 위해 상승한 종목을 매수하고 부진한 종목은 줄여 포트폴리오를 꾸미는 관행을 말한다.버리의 공매도 공개는 필라델피아반도체지수가 올해 상반기에만 101%, 2분기에만 88% 급등하며 사상 최고 분기 수익률을 기록한 직후 나왔다. AI 인프라 투자 확대에 대한 기대가 반도체주를 끌어올렸지만, 버리는 이를 오히려 과열의 신호로 판단한 것으로 해석된다.2008년 글로벌 금융위기를 예견해 영화 '빅쇼트'의 실제 모델로 알려진 버리는 최근에도 AI 관련 자산의 과도한 밸류에이션과 투자 쏠림에 대해 지속적으로 경고해왔다.다만 버리의 공매도가 항상 적중한 것은 아니다. 그는 2008년 글로벌 금융위기를 정확히 예측하며 '빅쇼트'의 전설이 됐지만, 이후 테슬라 공매도와 2023년 미국 증시 전체를 겨냥한 대규모 풋옵션 베팅은 시장 반등으로 기대만큼 성과를 내지 못했다.반면 지난해 엔비디아와 팔란티어 등 AI 관련주 공매도는 AI 조정 국면에서 단기적으로 적중한 것으로 평가된다.특히 2008년 이후에는 시장의 과열을 비교적 이른 시점에 포착해 공매도에 나서는 경향을 보여 방향성은 맞더라도 타이밍이 빨라 손실을 보거나 포지션을 조기에 청산하는 경우가 반복됐다는 평가도 나온다.",True,메모리,"월가 투자자 마이클 버리는 한국 반도체 투자 확대와 AI 랠리 과열을 우려하며 엔비디아, SK하이닉스 등 반도체주와 캐터필러를 공매도했다고 밝혔다. 그는 한국의 대규모 반도체 투자 발표와 반도체 밸류에이션이 닷컴버블 수준에 달했다고 지적하며, 과열 신호로 해석했다. 버리는 AI 인프라 수혜주인 캐터필러의 고평가와 시장 윈도드레싱 현상도 경고했으며, 과열된 시장에 대한 경계심을 드러냈다. 그의 공매도는 과거 금융위기 예측과 달리 항상 적중하지는 않지만, 시장 과열 신호를 포착하는 데 의미가 있다고 평가된다.",메모리,2.0
2026-07-01,"""58만전자 간다"" 삼전 메모리 슈퍼사이클 연장…D램 가격↑",정보 없음,https://n.news.naver.com/mnews/article/018/0006319507,"상상인증권 보고서[이데일리 김경은 기자] 상상인증권이 삼성전자(005930)에 대해 1일 목표주가를 기존 25만원에서 58만원으로 큰 폭 상향하고 투자의견은 ‘매수’를 유지했다. 목표주가 상향은 인공지능(AI)향 메모리 수급 불균형 심화와 가격 상승 사이클의 구조적 연장을 반영한 결과라는 분석이다.서울 삼성전자 서초사옥 (사진=뉴스1)정민규 상상인증권 연구원은 이날 보고서를 통해 “2분기 D램·낸드(NAND) 가격이 시장 예상을 상회하며 DS 부문 수익성이 전례 없는 수준으로 확대되고 있다”며 “최근 발표된 대규모 장기 투자는 비수도권 신규 거점 확보 등으로 메모리 리더십의 장기 가시성을 보강한다”고 밝혔다.이날 종가 기준 삼성전자(005930) 주가는 33만4000원으로, 상상인증권이 제시한 목표주가 대비 상승여력은 73.7%에 달한다.상상인증권은 삼성전자(005930)의 2분기 매출액과 영업이익을 각각 178조3000억원(전년동기대비 139.1%), 83조9000억원(1693.8%)으로 전망했다. 다만 이는 컨센서스 영업이익 85조7000억원을 소폭 하회하는 수준이다.정 연구원은 컨센서스 하회에 대해 “상반기 성과급 충당금 소급 반영 영향으로, 이를 제외한 정상 영업이익은 100조원을 상회할 것으로 추정된다”고 설명했다.정 연구원은 하반기에도 가격 상승 모멘텀이 이어질 것으로 내다봤다. 3분기 매출액과 영업이익은 각각 207조9000억원, 110조7000억원으로 추가 개선이 예상된다는 분석이다.그는 “메모리 가격 상승으로 세트(Set) 고객사의 원가 부담은 확인되나, 데이터센터향 수요는 견조해 대규모 구매가 지속될 전망”이라며 “특히 장기공급계약(LTA) 비중 확대는 가격·물량 가시성을 높여 실적 하방을 지지하는 요인”이라고 강조했다.이에 따라 상상인증권은 삼성전자의 연간 매출액을 738조4000억원(전년비 121.3%), 영업이익을 372조9000억원(755.1%)으로 제시하며 역대 최대 실적을 기록할 것으로 전망했다.",True,메모리,"상상인증권은 삼성전자에 대한 목표주가를 기존 25만원에서 58만원으로 대폭 상향하며 ‘매수’ 의견을 유지했다. 이는 AI용 메모리 수급 불균형과 가격 상승이 지속될 것이라는 분석에 따른 것이다. 2분기 D램·낸드 가격이 예상보다 높아지고, 대규모 장기 투자가 가시성을 높인 점이 반영됐다. 삼성전자는 2분기 매출 178조3000억 원, 영업이익 83조9000억 원으로 전망되며, 하반기에도 가격 강세와 수요 견조세가 이어질 것으로 기대된다. 이에 따라 연간 최대 실적이 기대된다.",메모리,3.0
2026-07-01,D램·낸드 가격 6월에도 상승세 지속…AI 수요에 메모리 강세,정보 없음,https://n.news.naver.com/mnews/article/029/0003034627,"DDR4 평균가 5% 올라 21달러…낸드도 8.72% 상승한 28.82달러메모리 반도체 D램과 낸드플래시의 월평균 가격이 6월에도 나란히 상승하며 오름세를 이어갔다. 인공지능(AI) 서버 투자 확대에 따른 메모리 수요 증가가 가격 강세를 뒷받침하는 것으로 분석된다.1일 시장조사업체 D램익스체인지에 따르면 6월 PC용 D램 범용 제품(DDR4 8Gb 1Gx8)의 평균 고정거래가격은 21달러로 전월(20달러)보다 5.0% 상승했다.D램 가격은 지난해부터 이어진 상승 흐름을 지속하고 있다. 지난 5월에는 전월 대비 25% 급등한 데 이어 6월에도 상승세를 이어갔다.메모리카드·USB용 낸드 범용제품(128Gb 16Gx8 MLC)의 6월 평균 고정거래가격은 28.82달러로 전월(26.51달러)보다 8.72% 올랐다.낸드 가격 역시 지난해부터 이어진 상승 흐름을 지속했다. 다만 상승률은 지난달 9.73%보다 소폭 둔화됐다.업계에서는 AI 서버 증설과 데이터센터 투자 확대에 따라 고성능 메모리 수요가 꾸준히 증가하면서 당분간 메모리 가격의 강세 흐름이 이어질 것으로 보고 있다.앞서 트렌드포스는 최근 가격 상승폭이 둔화한 것은 현재 가격이 일시적인 변동성 고점 구간에 진입한 영향이라며, 가격 추격 매수세도 점차 약화하는 모습이라고 분석했다.연합뉴스",True,메모리,"6월 메모리 반도체 가격이 계속 상승하며, DDR4 D램은 5% 오른 21달러, 낸드플래시도 8.72% 상승한 28.82달러를 기록했다. 이는 인공지능 서버와 데이터센터 투자 확대에 따른 수요 증가가 원인으로 분석된다. 지난해부터 이어진 가격 상승세는 당분간 지속될 것으로 예상되나, 최근 가격 상승폭은 둔화되고 있어 변동성 고점에 진입한 것으로 보인다.",메모리,2.0
2026-07-01,"KB證 “메모리 공급난 최소 2년…삼성전자, AI 투자 확대 최대 수혜주”",정보 없음,https://n.news.naver.com/mnews/article/366/0001175708,"인공지능(AI) 투자 확대가 이어지면서 메모리 반도체 공급 부족이 최소 2년 이상 지속될 것이라는 전망이 나왔다. AI 서비스 확산으로 메모리 수요가 빠르게 증가하는 반면 생산능력 확대는 제한적인 만큼 글로벌 메모리 시장 1위인 삼성전자가 최대 수혜를 입을 것이라는 분석이다.삼성전자 임직원이 HBM4E 12단 제품을 선보이고 있다. /삼성전자 제공KB증권은 1일 삼성전자에 대해 투자의견 ‘매수(Buy)’와 목표주가 55만원을 유지했다. 목표주가 변동은 없었지만 AI 투자 확대에 따른 메모리 업황 개선 가능성을 반영해 중장기 실적 전망은 긍정적으로 제시했다.김동원 KB증권 리서치본부장은 “하반기 미국 연방준비제도(Fed)의 금리 동결 가능성이 높아질 것으로 전망돼 금리 인상 우려 완화에 따른 AI 투자 가속화가 기대된다”며 “2027년까지 메모리 공급은 생산능력 확대 정체로 사실상 극히 제한적인 반면 AI 확산에 따른 수요는 빠르게 증가하고 있어 공급 부족 해소에는 최소 2년 이상 소요될 것으로 예상된다”고 밝혔다.KB증권은 특히 올 하반기부터 메모리 확보 경쟁이 더욱 치열해질 것으로 내다봤다. 데이터센터 중심이던 AI 수요가 AI 에이전트 확산으로 PC와 스마트폰 등 엣지 디바이스까지 확대되면서 메모리 탑재량이 크게 늘어날 것으로 예상되기 때문이다.김 본부장은 “2026년 메모리 가격 상승률은 D램(DRAM) 308%, 낸드(NAND) 256%로 예상되고 2027년에는 공급 부족이 더욱 심화되며 추가 가격 상승 여력이 충분할 것으로 전망된다”며 “에이전틱 AI 보급 확산은 데이터센터 중심의 수요를 넘어 PC, 스마트폰 등 전방 산업 전반의 메모리 탑재량 증가로 이어질 것으로 보여 올 하반기부터 메모리 확보 경쟁은 한층 심화될 전망”이라고 설명했다.AI 투자에서 메모리 반도체가 차지하는 비중도 빠르게 커질 것으로 전망했다. KB증권은 글로벌 AI 투자가 내년 8000억달러를 넘어 시장 예상치를 웃돌고, 2027년에는 1조1000억달러까지 확대될 것으로 예상했다.특히 AI 투자에서 메모리 반도체가 차지하는 비중은 올해 14%에서 내년 36%, 2027년에는 50%까지 높아질 것으로 분석했다. AI 서비스의 성능과 품질을 높이기 위해 HBM, DDR5, eSSD 등 고성능 메모리 수요가 빠르게 증가할 것으로 예상되기 때문이다.김 본부장은 “AI 에이전트 보급 확대는 메모리 수요를 3배 증가시킬 것으로 예상되고, 피지컬 AI 시장 개화는 향후 메모리 수요를 5배 이상 추가 증가시킬 전망”이라며 “메모리 용량 확보가 AI 서비스 품질과 성능을 결정하는 핵심 변수로 부상하고 있는 만큼 전 세계 메모리 생산능력 1위인 삼성전자는 AI 투자 확대 국면의 최대 수혜가 기대되며 최근 주가 조정은 매수 기회로 판단된다”고 말했다.",True,메모리,"AI 투자 확대에 따라 메모리 반도체 수요가 급증하면서 공급 부족이 최소 2년 이상 지속될 전망이다. 글로벌 시장 1위인 삼성전자가 수혜를 받을 것으로 기대되며, KB증권은 삼성전자에 대해 ‘매수’ 의견과 55만원 목표가를 유지했다. AI 확산으로 데이터센터뿐 아니라 PC와 스마트폰 등 엣지 디바이스에서도 메모리 수요가 늘어나면서 가격 상승이 예상된다. 2026년까지 메모리 가격은 크게 오를 것으로 전망되며, AI 서비스 품질 향상에 중요한 역할을 하는 고성능 메모리 수요도 급증할 것으로 보인다.",메모리,3.0
2026-07-01,"마이크론 CEO “메모리 부족, 고객사 가격 압박도 원인”",정보 없음,https://n.news.naver.com/mnews/article/366/0001175979,"산제이 메흐로트라 마이크론 테크놀로지 최고경영자(CEO)/로이터연합뉴스산제이 메흐로트라 마이크론 테크놀로지 최고경영자(CEO)가 인공지능(AI) 확산 이후 불거진 메모리 공급 부족 사태의 원인으로 고객사의 가격 인하 압박을 지목했다. 일부 대형 고객사가 과거 메모리 가격 하락을 부추겼고, 이로 인해 업계의 생산설비 투자 여력이 약화됐다는 주장이다.메흐로트라 CEO는 30일(현지시각) CNBC ‘매드머니(Mad Money)’에 출연해 최근 메모리 수급 불균형을 두고 “일부 고객들이 업계 가격을 지나치게 끌어내렸다”고 말했다.그는 2023년 메모리 업황 악화를 투자 위축의 직접적인 배경으로 들었다. 메흐로트라 CEO는 “2023년 메모리 가격은 이전의 3분의 1 수준까지 떨어졌다”며 “기업들이 손실을 보는 상황에서는 새로운 생산 능력에 투자할 수 없었다”고 했다.마이크론도 당시 수익성이 크게 나빠졌다. 마이크론의 2023회계연도 매출총이익률은 -7.3%를 기록했다. 같은 기간 설비투자(CAPEX)는 77억달러로, 전년 121억달러보다 줄었다. 메흐로트라 CEO는 “업계의 투자 능력에 심각한 영향을 미쳤다”고 말했다.메모리 수요는 AI 서버 확산과 함께 빠르게 늘고 있다. 특히 고대역폭메모리(HBM)를 중심으로 AI 반도체용 메모리 공급이 부족해지면서 D램과 낸드 시장 전반의 가격 상승 압력도 커지고 있다.메흐로트라 CEO는 공급 부족이 단기간에 해소되기 어렵다고 봤다. 그는 “새로운 반도체 공장을 건설하는 데는 수년이 걸리고 차세대 메모리 제조 공정도 훨씬 복잡해졌다”며 메모리 공급난이 2027년 이후까지 이어질 가능성을 언급했다.마이크론은 생산 능력 확대를 위해 미국 내 제조시설과 연구개발(R&D)에 약 2000억달러를 투자하고 있다. 회사는 아이다호주 보이시와 뉴욕주 시러큐스에 신규 메모리 공장을 짓고 있다.메모리 가격 상승은 소비자 제품 가격에도 영향을 주고 있다. CNBC는 애플이 메모리와 저장장치 가격 상승을 이유로 일부 맥(Mac)과 아이패드(iPad) 모델 가격을 올렸다고 보도했다. AI 데이터센터 투자가 늘면서 서버용 메모리뿐 아니라 소비자 전자제품에 들어가는 부품 가격도 압박을 받고 있다는 설명이다.이번 발언은 메모리 가격 상승의 책임을 두고 공급업체와 고객사 간 시각차가 커지는 가운데 나왔다. 메흐로트라 CEO는 공급 부족의 원인을 단순히 메모리 업체의 생산 부족으로 볼 수 없으며, 과거 가격 협상 과정에서 누적된 투자 위축도 함께 봐야 한다는 입장을 내놨다.",True,메모리,"산제이 메흐로트라 마이크론 CEO는 인공지능 확산으로 인한 메모리 공급 부족의 원인으로 고객사의 가격 인하 압박과 과거 가격 하락을 지목했다. 2023년 메모리 가격이 크게 하락하며 업계 투자와 생산설비 투자가 위축됐고, 이에 따른 공급난이 2027년까지 지속될 가능성을 언급했다. AI 서버 수요 증가와 함께 공급 부족이 심화되면서 가격 상승과 소비자 제품 가격 인상도 이어지고 있다. 메모리 공급난은 단순 생산 부족뿐 아니라 과거 가격 협상과 투자 위축도 영향을 미쳤다는 분석이다.",메모리,1.0
2026-07-01,"“4나노 생산라인 이미 꽉 찼다” …삼성, 파운드리도 훈풍",정보 없음,https://n.news.naver.com/mnews/article/011/0004636851,"■‘SAFE 2026’ 가보니시높시스·케이던스·리벨리온 등글로벌 21개 파트너사 한자리에삼성 “AI 반도체 생태계 허브로”엔비디아 그록 웨이퍼 전시 눈길1일 서울 서초 삼성전자 서초사옥에서 열린 ‘삼성 어드밴스드 파운드리 에코시스템(SAFE) 2026’ 현장 모습. 국내외 전자설계자동화(EDA)·설계자산(IP)·디자인솔루션(DSP)·가상설계(VDP)·첨단패키징(MDI) 분야 21개 파트너사가 부스를 마련했다. 이석진 기자삼성전자(005930)파운드리(반도체 위탁 생산)의 실적에 훈풍이 강해지고 있는 것이 1일 현장에서 확인됐다. 글로벌 기업들의 인공지능(AI) 반도체 설계와 생산을 논의하기 위해 업계 관계자들이 삼성전자의 문을 두드리는 것이 확인됐고 상담실에서는 삼성의 최선단 공정인 2㎚(나노미터·10억분의 1m) 관련 문의가 끊이지 않았다.삼성전자 서울 서초사옥에서 이날 열린 연례 파운드리 고객 네트워크인 ‘삼성 어드밴스드 파운드리 에코시스템(SAFE) 2026’에는 국내외 21개 파트너사와 400여 명의 업계 관계자가 참석해 AI 반도체 설계부터 제조까지 협력 방안을 공유했다.시높시스·케이던스·지멘스 등 전자설계자동화(EDA) 소프트웨어 업체를 비롯해 독자적인 반도체 설계자산(IP)을 보유한 리벨리온 등 팹리스(반도체 설계) 기업, 반도체 설계 도면을 양산 가능한 형태로 최적화하는 가온칩스·세미파이브 등 디자인솔루션파트너(DSP) 기업들이 대거 참가했다. 파운드리 생태계를 구성하는 주요 기업들이 한자리에 집결한 셈이다.현장에 전시된 삼성전자 4나노 공정으로 생산된 엔비디아 ‘그록’ 웨이퍼도 큰 관심을 모았다. 엔비디아의 AI 추론용 언어처리장치(LPU)인 ‘그록 3세대’는 삼성 파운드리 4나노 공정의 대표 제품으로 꼽힌다. 젠슨 황 엔비디아 최고경영자(CEO)가 3월 미국 캘리포니아주에서 열린 연례 개발자 행사인 ‘GTC 2026’에서 “삼성이 LPU인 ‘그록 3세대’를 제조하고 있고 생산 속도를 빠르게 늘리고 있다”고 인정했을 정도다.업계에서는 삼성 파운드리가 그록 3세대를 대표 수주 사례로 내세우며 글로벌 AI 칩 고객사 확보를 확대하는 것으로 보고 있다. 업계의 한 관계자는 “그록 3세대의 수율이 50% 이상으로 빠르게 개선되면서 글로벌 기업들의 관심이 커지고 있다”며 “출하량은 당초 예상보다 많은 수만 장 규모에 이를 것으로 보고 있다”고 말했다. 삼성이 메모리 초호황에 이어 파운드리 시장에서도 수요 회복세가 본격화하고 있는 셈이다.또 다른 업계 관계자는 “4나노 공정 수주가 지난해보다 늘어나는 추세로 삼성 파운드리의 4나노 생산능력은 이미 모두 찬 것으로 알고 있다”며 “최선단 공정인 2나노에 대한 고객 문의도 꾸준히 늘고 있다”고 귀띔했다.1일 서울 서초 삼성전자 서초사옥에서 열린 ‘삼성 어드밴스드 파운드리 에코시스템(SAFE) 2026’에 엔비디아 언어처리장치(LPU)인 ‘그록 3’을 생산하는 웨이퍼가 전시돼 있다. 웨이퍼 위에는 젠슨 황 엔비디아 최고경영자(CEO)의 친필 사인이 쓰여 있다. 이석진 기자삼성전자는 이날 기조연설을 통해 파트너·고객사들과 협력을 강화하고 AI 반도체 생태계의 핵심 허브로 자리매김하겠다는 비전을 제시했다.신종신 삼성전자 파운드리사업부 디자인플랫폼개발실장은 기조연설에서 “삼성전자는 AI 수요 대응 역량을 높이는 동시에 세이프 포럼을 활용해 파트너·고객사와 적극 소통하겠다”며 “글로벌 AI 칩 및 고성능컴퓨팅(HPC) 고객은 물론 국내 시스템반도체 고객사와의 협업을 강화해 파운드리 플랫폼 역할을 키우겠다”고 말했다.삼성 파운드리는 4년 전 세계 최초로 게이트올어라운드(GAA) 트랜지스터 구조를 구현하는 공정 기술을 적용한 3나노 양산에 성공하는 등 최선단 공정 기술 경쟁력을 지속적으로 강화하고 있다. 이 같은 기술력을 바탕으로 3나노 이하 선단 공정 시장도 빠르게 성장할 것으로 예상된다. 시장조사 기관 옴디아는 3나노 이하 파운드리 시장이 향후 3년간 연평균 58% 성장해 1019억 달러(약 159조 원) 규모에 이를 것으로 전망했다.현재 삼성 파운드리는 평택과 테일러(미국)에 첨단 생산라인을 구축하며 생산 역량을 확대하고 있다. 특히 테일러 팹은 지난해 테슬라와 체결한 약 22조 7000억 원 규모의 AI 칩 위탁생산 계약의 핵심 생산기지 역할을 할 것으로 보인다.",True,파운드리,"삼성전자는 서울 서초사옥에서 열린 ‘SAFE 2026’ 행사에 21개 글로벌 파트너사와 업계 관계자 400여 명이 참석해 AI 반도체 생태계 강화를 모색했다. 엔비디아 ‘그록 3세대’ 웨이퍼를 비롯해 첨단 4나노 공정 제품들이 전시되었으며, 삼성은 2나노 등 최첨단 공정 기술 개발과 고객사 수요 확대에 주력하고 있다. 이번 행사에서 삼성은 AI 칩 설계·제조 협력 강화와 글로벌 시장 확대를 비전으로 제시하며, 3나노 이하 시장 성장에 대비하고 있다.",파운드리,2.0
2026-07-01,"삼성전자, '세이프 포럼 2026' 국내 개최…'AI 맞춤형 공정 로드맵 공개'",정보 없음,https://n.news.naver.com/mnews/article/003/0014039016,"고객·파트너사 관계자 400여 명 참석2나노 공정·S램 등 기술 경쟁력 소개한진만 사장 등 주요 경영진 참석[서울=뉴시스]사진은 지난 2024년 서울 삼성동 코엑스 전시관에서 열린 삼성 세이프 포럼 현장의 모습. (사진=삼성전자 제공) photo@newsis.com *재판매 및 DB 금지[서울=뉴시스]이지용 기자 = 삼성전자는 1일 삼성전자 서초사옥에서 파운드리(반도체 위탁생산) 연례행사인 '세이프(SAFE·Samsung Advanced Foundry Ecosystem) 포럼 2026'을 개최한다고 밝혔다.삼성전자는 이번 행사에서 인공지능(AI) 반도체 생태계 협력 확대 방안과 차세대 파운드리 기술 전략을 공개했다.세이프 포럼은 삼성전자의 파운드리 고객사 및 파트너사들과 업계 최신 기술 동향을 공유하는 행사다. 또 여러 파트너사들과 함께 파운드리 생태계를 강화하기 위한 방안을 논의한다.신종신 삼성전자 파운드리사업부 디자인 플랫폼 개발실장은 기조연설에서 ""AI·고성능컴퓨팅(HPC) 글로벌 고객사와의 협력을 본격화하고 국내 시스템반도체 고객사와의 협력을 강화하고 있다""며 ""국내 시스템반도체산업 플랫폼 역할을 강화하겠다""고 강조했다.올해 행사에는 고객·파트너사 관계자 400여 명이 참석했다.전자설계자동화, 설계자산(IP), 디자인솔루션, 가상설계, 첨단패키징 분야 21개 파트너사가 부스를 마련해 삼성의 파운드리 고객들을 지원하는 다양한 솔루션을 선보였다.AI 팹리스 기업 리벨리온과 지멘스 EDA 등 주요 파트너사가 연사로 참여해 삼성 파운드리 공정을 활용한 AI 반도체 개발 사례와 2.5D·3D 칩 설계 지원 방안을 소개했다.박성현 리벨리온 최고경영자(CEO)는 ""삼성 4나노 파운드리 공정과 첨단 패키징 등을 기반으로 '리벨100' 신경망처리장치(NPU)를 개발했다""며 ""향후 AI 반도체 영역에서 협력하며 소버린 AI를 구축할 것""이라고 밝혔다.특히 삼성전자는 반도체 생태계 협력과 함께 AI 반도체 수요 대응을 위한 공정·설계 혁신 전략도 소개했다.삼성전자는 '설계·공정 통합 최적화(DTCO)'를 비롯해 차세대 2나노 공정 기술과 AI 반도체에 최적화된 공정 혁신 방향을 공개하며 고객의 제품 경쟁력 향상을 위한 기술 로드맵을 제시했다.또 AI 반도체 성능 향상의 핵심 요소로 주목받고 있는 'S램(SRAM)' 기술 경쟁력 강화 방안도 소개했다.S램은 전원이 공급되는 동안만 데이터를 유지하는 휘발성 메모리의 한 종류다. D램보다 데이터 처리 속도가 빠르지만 데이터를 저장하는 셀이 크고 회로 구조가 복잡해 대용량으로 만들기 어렵다.업계에서는 올 하반기부터 삼성전자의 파운드리 대형 고객사 확보 성과가 더욱 가시화될 것으로 예상하고 있다.한편, 삼성 파운드리 수장인 한진만 파운드리사업부장(사장)을 비롯한 삼성전자의 주요 경영진이 이날 행사에 참석한다.한 사장은 이날 저녁 서초사옥에서 주요 고객사 및 파트너사와 함께 만찬을 진행할 전망이다.한 사장이 이 자리에서 삼성 파운드리 사업의 흑자전환을 위한 전략과 해법에 대해 언급할 가능성이 있다.앞서 한 사장은 최근 경영현황 설명회에서 ""내년 흑자 전환은 쉽지 않지만, 2028년 흑자 달성 가능성은 높다""고 언급한 것으로 알려졌다．",True,반도체,"삼성전자는 1일 서초사옥에서 '세이프 포럼 2026'을 개최하며 AI 반도체 생태계 확대와 차세대 파운드리 기술 전략을 공개했다. 행사에는 400여 명의 고객·파트너사 관계자가 참석했고, AI·HPC 고객과의 협력 강화, 2나노 공정 등 기술 로드맵이 소개됐다. 삼성은 설계·공정 통합 최적화와 SRAM 기술 경쟁력 강화 방안도 발표했으며, 주요 경영진과 고객사 만찬을 통해 사업 전략을 논의했다.",파운드리,1.0
2026-07-01,"삼성 파운드리, AI 시대 '넥서스' 선언…""2나노·HBM4로 생태계 주도""",정보 없음,https://n.news.naver.com/mnews/article/092/0002428804,"SAFE 포럼 2026 개최…신종신 부사장, 3대 파운드리 혁신 청사진 제시""인공지능(AI)의 대전환 시대, 삼성 파운드리는 제품과 인프라, 고객과 파트너를 연결하는 '넥서스(Nexus)'로 진화할 것입니다.""신종신 삼성전자 디자인플랫폼(DP) 개발실장(부사장)이 1일 서울 강남 서초사옥에서 열린 SAFE(Samsung Advanced Foundry Ecosystem) 포럼 기조연설에서 이처럼 밝혔다. '넥서스'란 서로 다른 것들을 하나로 묶는 중심이자 연결고리를 뜻한다.삼성전자가 1일 삼성전자 서초사옥에서 '세이프 포럼 2026(SAFE Forum 2026)'를 개최했다. 삼성전자 파운드리 사업부 Design Platform 개발실 신종신 부사장이 기조연설을 하고 있다.(사진=삼성전자)신 부사장은 ""과거 메모리 반도체는 단일 기업이 완제품을 뚝딱 만들 수 있었지만, 오늘날 고성능 AI 로직(연산) 칩은 팹리스(설계기업)부터 파운드리(위탁생산)까지 수많은 파트너의 긴밀한 연결 없이는 구현이 불가능하다""며 ""생각하는 실리콘(AI)을 완성하려면 로직 칩 설계와 이를 만드는 파운드리 역할이 가장 중요하다""고 설명했다.신 부사장은 이를 위해 ▲공정 미세화 ▲차세대 메모리 결합 ▲설계 생태계 혁신 등 3가지 청사진을 제시했다.미세 공정 한계 넘는 '설계·제조 최적화'와 HBM4 시너지청사진의 첫 번째 축은 최첨단 반도체 제조 공정 로드맵 구체화와 'DTCO(Design-Technology Co-Optimization)' 기술 극대화다.신 부사장은 ""가장 앞선 1.4nm(나노미터, 10억분의 1m) 공정(SF1.4)은 2029년 양산을 목표로 순조롭게 개발 중이고, 수율과 성능을 한층 더 끌어올린 개량형 노드 SF1.4 플러스는 2030년에 선보일 예정""이라고 타임라인을 공식화했다.시장 수요가 높은 2나노 공정 역시 2027년에서 2028년 사이 성능 개량 버전인 SF2P 플러스로 전환되고, 이후 후속 공정 SF2X로 진화한다. SF2X는 SF2P, SF2P 플러스와 IP 호환성을 유지하는 차세대 공정이다.삼성전자가 1일 삼성전자 서초사옥에서 '세이프 포럼 2026(SAFE Forum 2026)'를 개최했다. 삼성전자 파운드리 사업부 Design Platform 개발실 신종신 부사장이 기조연설을 하고 있다.(사진=삼성전자)공정 미세화의 물리적 한계는 DTCO로 극복할 계획이다. DTCO는 설계와 제조 공정을 동시에 맞물려 최적화하는 기술이다.신 부사장은 ""2나노 공정의 경우 전력 소모를 26% 줄였는데, 개선 효과 절반 이상이 DTCO 덕분""이라며 ""세대가 지날수록 성능 향상의 거의 대부분을 DTCO가 차지할 것""이라고 전망했다. 아울러 AI 칩의 필수요소인 S램을 세계 최소형 크기로 구현해 고밀도 데이터 저장 능력을 확보했다.두 번째 축은 로직과 메모리의 통합이다. 차세대 초고속 AI 메모리인 6세대 고대역폭메모리(HBM4)는 칩의 밑바탕인 베이스 다이 역할이 중요한데, 삼성은 이를 자사 4나노 공정(SF4X)으로 만들고 있다.신 부사장은 ""메모리 사업부와 긴밀한 협력 덕분에 초당 10기가비트(Gbps) 속도에서도 아주 깨끗한 신호를 확인했고, 최대 11.7Gbps까지 안정적으로 속도를 높일 수 있는 기술 여유(마진)를 충분히 확보했다""고 자신했다.특히 칩과 칩을 연결할 때 기존 수작업 중심의 아날로그 방식 설계 때문에 오래 걸렸던 검증 작업도 바꿨다. 3D 'D램 파이(D램 PHY)'라는 디지털 자동화 방식을 개발해 고객들의 칩 설계와 시뮬레이션 시간을 단축할 계획이다.삼성전자 4나노 공정으로 양산되고 있는 그록3 LPU 웨이퍼가 SAFE 포럼에 전시됐다.(사진=지디넷코리아)""지원군 없인 제품도 없다""… 2026년 설계 플랫폼 대혁신세 번째 축은 디자인하우스, IP 기업 등 파트너 생태계 강화다.신 부사장은 ""당사의 모든 노력도 결국 에코(생태계)가 없이는 완제품으로 탄생할 수 없다""며 IP(설계자산) 파트너와 협력을 거듭 강조했다. 삼성 파운드리는 현재 4나노 IP를 확충하는 것은 물론, 수많은 신규 IP를 차세대 2나노 공정 기반으로 개발하고 있다. 하나의 설계 기능이라도 여러 파트너 IP를 확보해 고객 선택지를 넓힌다는 전략이다.고객과 파트너가 삼성 파운드리 자산을 더 쉽게 이용하도록 소통 플랫폼인 B2B 웹사이트 '커넥트(Connect)'도 2026년을 기점으로 완전히 탈바꿈한다. 신 부사장은 ""사용자가 한눈에 알아보기 쉽도록 화면(UI·UX)을 직관적으로 개편하고, 실시간 대응이 가능한 AI 챗봇과 강력한 문서 검색 기능을 새롭게 도입할 것""이라고 밝혔다.",True,파운드리,"삼성전자는 SAFE 포럼 2026에서 인공지능 시대를 위한 3대 파운드리 혁신 전략을 발표했다. 신종신 부사장은 AI 칩 생산을 위한 공정 미세화, 차세대 메모리와 설계 생태계 강화를 강조하며, 1.4nm 공정 개발과 2나노 공정 상용화 계획을 공개했다. 또한, DTCO 기술로 미세공정 한계를 극복하고, 6세대 HBM4 메모리와 디지털 자동화 설계 방식을 도입해 성능과 효율성을 높이겠다고 밝혔다. 마지막으로, 파트너 생태계 강화와 사용자 친화적 소통 플랫폼 개편을 통해 고객과 고객사 지원을 확대할 계획이다.",파운드리,2.0
2026-07-01,"삼성전자, SAFE 포럼 개최…AI 파운드리 기술 로드맵 공개",정보 없음,https://n.news.naver.com/mnews/article/018/0006319674,"파운드리 '내실' 다지는 삼성…2나노·DTCO 전략 공개삼성, AI 파운드리 해법은 '생태계'…고객과 AI 협력 확대파운드리포럼, 'VIP 만찬' 행사로 전환…한진만 사장 참석[이데일리 김소연 기자] 삼성전자가 1일 서초사옥에서 ‘세이프(SAFE™, Samsung Advanced Foundry Ecosystem) 포럼 2026’을 개최했다. 이 자리에서 삼성전자는 차세대 파운드리(반도체 위탁생산) 기술인 설계·공정 통합 최적화(DTCO) 전략과 고성능 S램(SRAM) 기술을 공개했다. 또한 차세대 2나노 공정과 인공지능(AI) 반도체에 최적화된 공정 혁신 방향을 제시하며 향후 기술 로드맵을 소개했다.삼성전자는 1일 서초사옥에서 세이프포럼2026을 개최했다. 이날 신종신 삼성전자 파운드리사업부 디자인플랫폼 개발실장이 기조연설을 하고 있다. (사진=삼성전자)삼성전자는 올해도 파운드리 포럼(SFF)은 개최하지 않고 고객사와 협력사를 대상으로 하는 행사인 세이프 포럼만 열었다. 파운드리 사업에서 외형 확대보다 ‘내실 다지기’에 집중하는 전략을 이어가는 모습이다. 2019년 10월 시작된 세이프 포럼은 파운드리 협력사와 최신 기술 동향을 공유하고 협력을 강화하는 행사다. 올해도 비공개로 진행됐다.세이프 포럼은 지난 5월 미국 캘리포니아 새너제이에서 열린 데 이어 이날 서울에서도 열렸다. 삼성 파운드리는 AI 시대 반도체 산업의 미래 비전을 공유하며 생태계 협력의 중요성을 강조했다. AI 시대 혁신은 첨단 공정 기술만으로는 달성하기 어려우며, 반도체 생태계 전반의 유기적인 협업과 통합 최적화가 필수라는 메시지를 지속적으로 제시하고 있다.이번 행사에서 삼성전자는 AI 반도체 수요 확대에 대응하기 위한 공정·설계 혁신 전략을 소개했다. 차세대 2나노 공정과 AI 반도체에 최적화된 공정 혁신 방향을 공개하고, 고객의 제품 경쟁력 강화를 위한 기술 로드맵을 제시했다.특히 AI 반도체 성능 향상의 핵심 요소로 꼽히는 S램 기술 경쟁력 강화 방안도 공개했다. S램은 D램보다 데이터 처리 속도가 빠르지만 셀 크기가 크고 회로 구조가 복잡해 대용량 구현이 쉽지 않다. 삼성전자는 설계와 공정을 동시에 최적화하는 DTCO 전략과 고성능 S램 기술을 통해 전력 효율과 성능, 면적 경쟁력을 지속적으로 높이고 있으며, 이를 기반으로 AI 반도체 고객의 차세대 제품 개발을 지원하고 있다고 설명했다.이날 신종신 삼성전자 파운드리사업부 디자인플랫폼 개발실장은 기조연설에서 “삼성전자는 AI 수요에 대한 대응 역량을 높이는 동시에 세이프포럼을 통해 고객·파트너사와 적극 소통하겠다”며 “AI·고성능컴퓨팅(HPC) 글로벌 고객사와의 협력을 본격화하는 한편 국내 시스템반도체 고객사와의 협력도 강화하고 있으며, 파운드리 생산을 넘어 국내 시스템반도체산업 플랫폼 역할을 강화하겠다”고 말했다.행사에는 AI 팹리스 기업 리벨리온과 전자설계자동화(EDA) 기업 지멘스 EDA 등 주요 파트너사가 연사로 참여했다. 리벨리온의 박성현 최고경영자(CEO)는 “삼성전자 4나노 파운드리 공정과 첨단 패키징을 기반으로 ‘리벨100’ NPU를 개발했다”며 “향후 AI 반도체 분야에서 협력하며 소버린 AI구축에 기여할 것”이라고 했다.삼성전자는 1일 서초사옥에서 세이프포럼2026을 개최했다. 이날 신종신 삼성전자 파운드리사업부 디자인플랫폼 개발실장이 기조연설을 하고 있다. (사진=삼성전자)지멘스 DEA 마리 브루넷(Jean-Marie Brunet) 수석 부사장은 “2.5 D·3 D 이종 칩 통합에서는 수율, 설계검증, 신뢰성, 패키징 분야의 폭넓은 지원이 필수”라며 “지멘스 EDA는 고객들이 삼성의 선단 공정을 활용해 AI·HPC 반도체를 빠르게 구현할 수 있도록 지원할 것” 이라고 말했다.이번 세이프 포럼에는 고객과 파트너사 관계자 400여 명이 참석했다. EDA, 설계자산(IP), 디자인솔루션(DSP), 가상설계(VDP), 첨단패키징(MDI) 등 분야의 21개 파트너사가 부스를 마련해 삼성 파운드리 고객을 위한 다양한 솔루션을 선보였다.삼성전자 파운드리는 국내 시스템반도체 생태계 조성에도 힘을 쏟고 있다. 삼성전자는 산업통상자원부가 추진하는 제조 AI 전환(M.AX) 얼라이언스에 참여하고 있으며, 파운드리사업부는 자동차·가전·로봇·방산 분야에 필요한 저전력·고성능 온디바이스 AI 반도체 개발을 추진 중이다. 또한 MPW(Multi Project Wafer) 프로그램을 통해 국내 팹리스 기업의 초기 개발 부담을 줄이고 시제품 제작과 제품 검증을 지원하고 있다.이날 세이프 포럼 이후에는 만찬 형태로 협력사와 협력을 강화하는 네트워킹 자리가 마련돼 있다. 삼성전자는 파운드리 포럼을 VIP 만찬 행사로 전환해 운영할 예정이다. 이 자리에 삼성전자 파운드리사업부장(사장), 남석우 파운드리사업부 최고기술책임자(CTO) 등 삼성전자 주요 경영진이 참석할 전망이다.삼성전자가 1일 삼성전자 서초사옥에서 '세이프 포럼 2026(SAFE Forum 2026)'를 개최했다. 연사로 참여한 지멘스 EDA의 진 마리 브루넷(Jean-Marie Brunet) 수석 부사장이 발표하는 모습 (사진=삼성전자)",True,파운드리,"삼성전자는 1일 서초사옥에서 ‘세이프 포럼 2026’을 열어 차세대 2나노 공정, AI 반도체에 최적화된 공정 혁신 전략, 고성능 S램 기술 등을 공개하며 내실 다지기에 집중했다. AI 시대 반도체 수요 확대에 맞춰 생태계 협력과 통합 최적화의 중요성을 강조하며 고객사와 파트너사와의 협력을 강화하는 한편, 국내 시스템반도체 산업 육성에도 힘쓰고 있다. 이번 행사에는 400여 명이 참석했고, 협력사와의 네트워킹 행사도 함께 진행됐다.",파운드리,2.0
2026-07-01,'파운드리 훈풍' 삼성전자 '세이프 포럼' 열기 후끈…젠슨 황 어디?,정보 없음,https://n.news.naver.com/mnews/article/421/0009035340,"협력 생태계 프로그램 개최…21개 파트너사 부스 성황엔비디아 LPU '그록 3' 실물 전시…4나노 생산 '풀 캐파'1일 서울 서초구 삼성전자 서초사옥에서 열린 ‘세이프(SAFE) 포럼 2026’ 행사를 찾은 기업 관계자들이 행사장 앞에 마련된 전시 부스를 살펴보고 있다. 이번 행사에서 삼성전자는 인공지능(AI) 반도체 생태계 협력 확대 방안과 차세대 파운드리 기술 전략을 공개했다. 2026.7.1/뉴스1 김진환 기자(서울=뉴스1) 황진중 기자 = 1일 서울 서초구 삼성전자 서초사옥 5층에서 열린 삼성전자 '삼성전자 파운드리 생태계 프로그램'(세이프·SAFE) 행사장은 400여 명의 인파가 뿜어내는 열기로 발 디딜 틈이 없었다. 삼삼오오 모여 대화를 나누고 있는 시스템반도체 업계 사람들의 손에는 다양한 자료가 들려 있었고, 곳곳에서 전문적인 기술에 대한 이야기가 오갔다.로비에 넓게 꾸려진 대규모 전시 구역은 칩 설계부터 최종 제조까지 협력 방안을 논의하려는 시스템반도체 업계 관계자들로 시끌시끌했고, 곳곳에서 웃음소리가 끊이지 않았다.현장에는 가상설계(VDP)부터 최근 시스템반도체 업계의 최대 화두인 첨단패키징(MDI) 기술에 이르기까지 칩 설계 초기 단계부터 최종 집적 전 과정을 촘촘하게 지원하는 21개 파트너사가 부스를 차렸다.시놉시스, 케이던스, 지멘스 등 세계적인 전자설계자동화(EDA) 소프트웨어 업체의 부스 앞에는 최적화 설루션 등을 묻는 이들의 발길이 끊이지 않았다. 여기에 리벨리온 같은 독자적 설계자산(IP)을 보유한 팹리스 기업, 가온칩스와 세미파이브 등 주요 디자인솔루션파트너(DSP) 기업 관계자들까지 가세해 거대한 기술 교류의 장이 열렸다.4나노 라인 꽉 찼다 '그록' 웨이퍼 전시…21개 사 생태계 결속수많은 부스 중에서도 참관객들의 시선을 모은 곳은 행사장 중앙에 있는 삼성전자 전용 홍보 부스였다. 투명 아크릴 진열장 안에는 4나노 공정 기반 실리콘 웨이퍼 실물이 전시돼 있었다.웨이퍼 표면 위에는 'GROQ SUPER FAST'라는 굵직한 친필 문구와 젠슨 황 엔비디아 최고경영자(CEO)의 서명이 선명했다. 이는 삼성 파운드리 4나노 공정의 대표적인 양산 제품이자, 엔비디아의 인공지능(AI) 추론용 언어처리장치(LPU)인 '그록 3세대'다.1일 서울 서초구 삼성전자 서초사옥에서 열린 '세이프(SAFE) 포럼 2026' 행사장 앞에 마련된 전시 부스에 젠슨 황 엔비디아 최고경영자(CEO)의 친필 서명이 적힌 언어처리장치(LPU) '그록 3' 생산용 웨이퍼가 전시돼 있다. 그록3 LPU는 대형언어모델(LLM)에 최적화된 처리장치로 미국 텍사스주 테일러 공장의 삼성전자 파운드리가 위탁생산하고 있다. 2026.7.1/뉴스1 김진환 기자현장에서 만난 업계 관계자들의 목소리에는 활기가 넘쳤다. 한 업계 관계자는 ""삼성전자 파운드리의 4나노 공정 수주가 지난해와 비교해 늘어나고 있다""면서 ""4나노 생산능력은 이미 풀캐파 상태다. 최선단 공정인 2나노에 대한 문의도 꾸준히 늘고 있다""고 전했다.그록 3세대 수율 또한 50% 이상으로 빠르게 개선되고 있어 전체 출하량이 수만 장 규모에 이를 것이라는 낙관적인 전망이 담긴 목소리가 현장 곳곳에서 나왔다.1일 서울 서초구 삼성전자 서초사옥에서 열린 ‘세이프(SAFE) 포럼 2026’에 참가한 유관 기업 관계자가 반도체 칩을 설명하고 있다. 이번 행사에서 삼성전자는 인공지능(AI) 반도체 생태계 협력 확대 방안과 차세대 파운드리 기술 전략을 공개했다. 2026.7.1/뉴스1 김진환 기자공정·설계 최적화 'DTCO'·S램·2나노 승부수북적이는 로비의 열기만큼이나 강연장 문 너머의 분위기도 뜨거웠던 것으로 짐작된다. 비공개 강연을 통해 참석자들에게 공유된 삼성전자 차세대 파운드리 전략 무기는 DTCO(Design Technology Co-Optimization) 설루션, 초고속 메모리인 S램, 차세대 2나노 공정기술 등 크게 세 가지다.반도체 칩 설계와 제조 공정을 분리하지 않고 초기 단계부터 묶어 최적화하는 DTCO 기법이 중점적으로 다뤄진 것으로 전해진다. 초미세 공정이 물리적 한계에 부딪힌 상황에서 전력, 성능, 면적, 제조 비용(PPAC) 등 종합적인 경쟁력을 끌어올리기 위한 전략이다.또 전원 공급 내내 데이터를 유지해 재충전이 필요 없는 S램의 기술 고도화 방안과 2나노 선단 공정에 대한 구체적 청사진도 고객사와 파트너사의 이목을 사로잡은 것으로 알려졌다.1일 서울 서초구 삼성전자 서초사옥에서 열린 ‘세이프(SAFE) 포럼 2026’ 행사를 찾은 기업 관계자들이 행사장 앞에 마련된 전시 부스 인근에서 대화를 하고 있다. 이번 행사에서 삼성전자는 인공지능(AI) 반도체 생태계 협력 확대 방안과 차세대 파운드리 기술 전략을 공개했다. 2026.7.1/뉴스1 황진중 기자삼성전자 파운드리는 늘어나고 있는 선단 공정 수요를 뒷받침하기 위해 인프라 확장에 속도를 낸다. 삼성전자는 평택 캠퍼스에 이어 미국 텍사스주 테일러에 최첨단 파운드리 라인을 구축 중이다. 테일러 팹은 지난해 테슬라와 맺은 22조 7000억원 규모의 초대형 AI 칩 위탁생산 계약을 완수할 전초기지 역할을 맡는다.글로벌 확장과 동시에 국내 생태계를 품어 안으려는 노력도 강조됐다. 제조 AI 전환(M.AX) 얼라이언스에 적극적으로 참여해 저전력·고성능 온디바이스 AI 반도체 생태계를 이끌고, 초기 개발 비용 부담이 큰 국내 중소 팹리스를 위해 MPW(Multi Project Wafer) 프로그램 지원을 대폭 늘려 기초 체력을 키워주겠다는 구상이다.4나노 풀캐파 달성이라는 든든한 배경을 등에 업고 열린 이번 세이프 포럼은 파트너사들이 만들어낸 북적거림 속에서 글로벌 AI 칩 넥서스(연결망) 역할을 담당하는 삼성전자와 생태계의 결속력을 내보였다.삼성전자 관계자는 ""설계와 공정을 최적화하는 DTCO 전략과 고성능 S램 기술을 통해 전력, 성능, 면적 경쟁력을 지속 향상시키고 있다""면서 ""AI 반도체 고객들이 요구하는 차세대 제품 개발을 지원하고 있다""고 전했다.",True,파운드리,"서울 서초구 삼성전자 서초사옥에서 열린 ‘세이프 포럼 2026’에는 400여 명의 업계 관계자와 21개 파트너사가 참여해 협력 생태계를 강화하는 다양한 기술과 전략을 논의했다. 전시 부스에는 엔비디아 ‘그록 3’ LPU가 탑재된 4나노 웨이퍼가 전시됐으며, 삼성전자는 4나노 공정 수주 증가와 풀 캐파 생산, 2나노 공정 개발 등을 공개했다. 또한, DTCO 설계기술, 초고속 S램, 차세대 공정기술 등 차세대 반도체 전략을 발표하며 글로벌 AI 칩 생태계와 국내 팹리스를 지원하는 방안을 강조했다.",파운드리,2.0
2026-07-01,"""파운드리 넘어 플랫폼으로""...삼성, 2나노 앞세워 AI 생태계 키운다",정보 없음,https://n.news.naver.com/mnews/article/092/0002428773,"1일 '세이프 포럼'서 로드맵 공개…리벨리온 4나노 NPU 등 선단공정·협력사례 포함삼성전자가 차세대 2nm(나노미터, 10억분의 1m) 공정과 설계·공정 동시 최적화(DTCO) 기술, 고성능 S램 로드맵을 공개했다. 정부 '제조 AI 전환(M.AX) 얼라이언스'와 연계해 온디바이스 인공지능(AI) 칩을 개발하는 등 국내 시스템반도체 플랫폼 역할을 강화할 계획이다.삼성전자는 1일 서울 서초사옥에서 파운드리 생태계 프로그램 '세이프(SAFE, Samsung Advanced Foundry Ecosystem) 포럼 2026'을 열고, 국내 AI 반도체 생태계 협력 확대 방안과 차세대 파운드리 기술 전략을 공개했다.삼성 SAFE포럼 행사장 전경.(사진=지디넷코리아)신종신 삼성전자 파운드리사업부 디자인플랫폼(DP) 개발실장은 기조연설에서 ""삼성전자는 AI 수요 대응 역량을 높이는 동시에 SAFE 포럼을 활용해 고객·파트너사와 적극 소통하겠다""며 ""고객사와 협력을 본격화하는 한편, 파운드리 생산을 넘어 국내 시스템반도체 산업의 플랫폼 역할을 강화하겠다""고 밝혔다.국내 대표 AI 팹리스 리벨리온의 박성현 최고경영자(CEO)는 ""삼성전자 4나노 파운드리 공정과 첨단 패키징을 기반으로 '리벨100' 신경망처리장치(NPU)를 개발했다""며 ""향후 AI 반도체 영역에서 협력하며 소버린 AI를 구축하겠다""고 말했다.글로벌 전자설계자동화(EDA) 기업 지멘스 EDA의 진 마리 브루넷 수석 부사장 역시 삼성의 선단 공정을 활용한 AI·고성능컴퓨팅(HPC) 반도체의 고속 구현 지원 방안을 소개했다.삼성전자는 반도체 생태계 협력과 더불어 AI 반도체 수요에 대응하기 위한 맞춤형 공정 로드맵도 공개했다. 설계와 공정 기술을 동시에 최적화해 칩 성능을 극대화하는 DTCO(Design Technology Co-Optimization) 기술, 차세대 2나노 공정 기술과 고성능 S램 경쟁력 강화 방안 등을 소개했다. 전력·성능·면적(PPA) 경쟁력을 높일 계획이다.삼성전자는 정부·학계와 공조해 국내 시스템반도체 생태계 인프라 확대에도 속도를 내고 있다. 산업통상부가 추진하는 '제조 AI 전환(M.AX) 얼라이언스'에 참여해 자동차·가전·로봇·방산용 저전력·고성능 온디바이스 AI 반도체 개발을 추진 중이다. 국내 팹리스의 초기 시제품 제작 부담을 낮추는 멀티 프로젝트 웨이퍼(MPW) 프로그램 지원을 지속하는 한편, 석·박사급 인재 양성 사업 'K-CHIPS' 사업에도 동참하고 있다.'실리콘 인텔리전스의 연결점'을 주제로 열린 이번 행사에는 글로벌 고객사와 파트너사 관계자 400여 명이 참석했다. 전자설계자동화(EDA), 설계자산(IP), 디자인솔루션(DSP), 가상설계(VDP), 첨단패키징(MDI) 분야 21개 파트너사가 부스에서 솔루션을 선보였다.삼성전자 관계자는 ""최근 AI 반도체 시장이 확대됨에 따라 첨단 공정 기술뿐만 아니라 생태계 구축 역량이 핵심 경쟁력으로 부상했다""며 ""국내 시스템반도체 생태계 발전과 파운드리 경쟁력 강화를 위해 SAFE와 MPW 프로그램을 중심으로 고객, 파트너, 정부와 협력을 이어가겠다""고 말했다.",True,파운드리,"삼성전자는 1일 '세이프 포럼'에서 2nm 공정, DTCO 기술, 고성능 S램 로드맵 등을 공개하며 차세대 반도체 전략을 발표했다. AI 반도체 개발과 협력 강화를 위해 국내 팹리스 리벨리온과 협력하며, 정부와 함께 제조 AI 전환 얼라이언스, MPW 프로그램, 인재양성 사업 등에 참여 중이다. 글로벌 파트너사와의 협력을 통해 첨단 공정 기술과 생태계 구축을 추진하며, 국내 시스템반도체 경쟁력 강화를 목표로 하고 있다.",파운드리,2.0
2026-07-01,"[현장] ""이게 젠슨 황이 서명한 웨이퍼인가요?""…삼성 SAFE 포럼 파운드리 부스 '북새통'",정보 없음,https://n.news.naver.com/mnews/article/003/0014041277,"'젠슨 황 서명' 그록3 웨이퍼 전시…고객사 관심 쏠려삼성전자, 엔비디아와의 협력관계 강조 풀이한진만 사장, 핵심 고객사 만찬…흑전 해법 언급했을 듯[서울=뉴시스]이지용 기자 = 1일 삼성전자 서초사옥 5층 다목적홀에서 삼성전자 파운드리(반도체 위탁생산) 연례행사 '세이프(SAFE·Samsung Advanced Foundry Ecosystem) 포럼 2026'이 개최됐다. 2026.07.01. leejy5223@newsis.com *재판매 및 DB 금지[서울=뉴시스]이지용 기자 =""이게 젠슨 황이 직접 서명한 삼성전자 웨이퍼예요?""""삼성전자가 어떤 기술을 활용해 엔비디아와 협력 하나요?""1일 삼성전자 서초사옥 5층 다목적홀에서 삼성전자 파운드리(반도체 위탁생산) 연례행사 '세이프(SAFE·Samsung Advanced Foundry Ecosystem) 포럼 2026'이 개최됐다.이날 다목적홀 앞 로비에는 삼성전자의 파운드리 파트너사 21곳이 부스를 마련, 최신 기술 및 제품들을 소개했다.전자설계자동화, 설계자산(IP), 디자인솔루션, 가상설계, 첨단패키징 등 다양한 전시가 이뤄졌다.고객·파트너사 관계자들 수십여명이 각 부스를 돌며 기술 설명을 듣고 명함을 주고 받으면서 협력 방안을 논의하는 등 네트워킹을 하는 모습도 포착됐다.이날 고객·파트너사들 사이에서 가장 큰 관심을 받은 것은 삼성전자와 엔비디아가 최근 협력을 시작한 '그록3 언어처리장치(LPU)'였다.삼성전자는 행사장 앞 가장 눈에 띄는 위치에 그록3 LPU 웨이퍼 실물을 전시했다.이는 젠슨 황 엔비디아 최고경영자(CEO)가 지난 3월 'GTC 2026' 당시 서명한 웨이퍼다.삼성전자는 최근 들어 부쩍 강화된 엔비디아와의 파운드리 협력 관계를 강조하기 위해 이날 그록3 LPU 웨이퍼 실물을 선보인 것으로 풀이된다.[서울=뉴시스]이지용 기자 = 1일 삼성전자 서초사옥 5층 다목적홀에서 삼성전자 파운드리(반도체 위탁생산) 연례행사 '세이프(SAFE·Samsung Advanced Foundry Ecosystem) 포럼 2026'이 개최됐다. 사진은 삼성전자의 파운드리 기술을 설명하는 부스. 이 부스에는 젠슨 황 엔비디아 CEO가 서명한 그록3 LPU 웨이퍼가 전시되어 있다. 2026.07.01. leejy5223@newsis.com *재판매 및 DB 금지고객·파트너사들은 삼성전자 관계자에게 ""삼성의 어떤 기술이 적용되나요?"", ""현재 양산 중인가요?"" 등의 질문을 하며 관심을 보이기도 했다.그록3는 엔비디아가 지난해 인수한 스타트업 '그록'이 개발한 추론용 AI 칩으로, AI 추론 성능을 강화하기 위해 도입했다.삼성전자는 그록3를 4나노 공정으로 생산하고 있다.전영현 삼성전자 부회장은 지난달 8일 황 CEO와 서울 신라호텔에서 비공개 회동을 한 뒤 취재진을 만나 ""저희가 4나노와 8나노 공정에서 필요한 자율주행 칩, 그록칩에서 엔비디아와 같이 협력하고 있고 그 다음 세대의 협력도 같이 논의하고 있다""고 말했다.전 부회장의 발언을 감안하면 4나노 공정 뿐 아니라 향후 엔비디아와 차세대 공정에서도 협력을 확대할 가능성이 높다.당시 두 사람은 메모리 분야를 넘어 파운드리에서 협력 외연을 넓히는 방안을 논의한 것으로 알려졌다.향후 삼성전자가 엔비디아의 칩을 최첨단 2나노 공정을 활용해 생산을 확대할 수 있다.현재 빅테크들을 중심으로 인공지능(AI) 연산 수요가 폭증하고 있는 반면, 전력 부족과 메모리 병목 등의 문제에 직면해있어 향후 LPU가 AI 시장에서 중요한 역할을 할 것으로 평가 받는다.삼성전자는 고대역폭메모리(HBM)와 파운드리, 첨단 패키징을 함께 제공할 수 있다는 점을 앞세우고 있다.AI 반도체는 연산 칩 성능뿐 아니라 메모리와의 연결, 패키징, 전력 효율이 중요해지고 있어 삼성의 종합 반도체 역량이 고객사 확보에 활용될 수 있다는 평가다.이날 저녁 삼성 파운드리 수장인 한진만 파운드리사업부장(사장)을 비롯한 삼성전자의 주요 경영진은 서초사옥에서 주요 고객사 및 파트너사와 함께 만찬을 진행한다.한 사장은 이 자리에서 삼성 파운드리 사업의 흑자전환을 위한 전략과 해법에 대해 언급할 것으로 보인다.앞서 삼성전자는 이날 세이프 포럼에서 AI 반도체 생태계 협력 확대 방안과 차세대 파운드리 기술 전략을 공개했다. 또한 AI 반도체 수요 대응을 위한 공정·설계 혁신 방안도 소개했다.올해 행사에는 고객·파트너사 관계자 400여 명이 참석했다.한편, 세이프 포럼은 삼성전자의 파운드리 고객사 및 파트너사들과 업계 최신 기술 동향을 공유하는 행사다. 여러 파트너사들과 함께 파운드리 생태계를 강화하기 위한 방안을 논의한다.[서울=뉴시스]전영현 삼성전자 부회장과 젠슨 황 엔비디아 CEO가 함께 기념촬영을 하고 있다. (사진=삼성전자 제공) 2026.06.08. photo@newsis.com *재판매 및 DB 금지",True,파운드리,"삼성전자는 1일 서초사옥에서 '세이프 포럼 2026'을 열고 엔비디아와 협력한 그록3 AI 칩 웨이퍼를 전시하며, 양사 간 협력 강화 의지를 드러냈다. 그록3는 엔비디아 인수 스타트업이 개발한 AI 추론 칩으로, 삼성은 4나노 공정으로 생산 중이다. 전영현 부회장은 향후 차세대 공정에서 협력 확대를 시사했으며, 행사에는 고객사와 파트너사 400여 명이 참석해 AI 반도체 생태계와 차세대 기술 전략을 논의했다. 한진만 파운드리사업부장은 흑자전환 방안도 언급할 것으로 예상된다.",파운드리,1.0
2026-07-01,"[단독] HPSP, 삼성·SK에 D램용 장비 납품한다",정보 없음,https://n.news.naver.com/mnews/article/215/0001257224,"<앵커>반도체 장비 업체 HPSP가 내년에 삼성전자와 SK하이닉스에 D램용 장비 납품이 유력한 것으로 한국경제TV 취재 결과 확인됐습니다.HPSP는 ""현재 테스트 중이며, 내년에 긍정적인 결과가 나올 것으로 기대한다""고 밝혔습니다.메모리 3사에 장비 공급이 확대되면서 5년 연속 영업이익률 50% 달성에도 청신호가 켜졌습니다.자세한 내용 취재기자와 살펴보겠습니다. 산업부 김대연 기자 나와 있습니다.김 기자, 삼성전자와 SK하이닉스에 납품하게 될 장비는 구체적으로 어떤 건가요?<기자>고압수소어닐링(HPA) 장비입니다.고압 수소를 활용해 반도체 웨이퍼 표면의 미세한 결함을 개선하는 장비인데요.D램과 HBM, 파운드리 공정은 미세화될수록 높은 온도에 취약해지거든요.HPA는 압력을 활용하기 때문에 열 손상이 적어 첨단 공정에 유리합니다.현재 삼성전자와 SK하이닉스는 HBM4E 샘플 출하를 마치고 양산을 준비하고 있는데요.HBM4E에 적용되는 1d(10나노급 7세대) D램용 HPA 장비를 테스트 중인 것으로 확인됐습니다.HPSP는 ""현재 국내 메모리사와 테스트를 진행 중""이라며 ""내년에는 협력이 가능할 것으로 기대한다""고 밝혔습니다.<앵커>그동안 삼성과 SK가 HPA 장비를 안 썼던 이유가 있나요?<기자>우선 HPA 장비의 용도가 크게 세 가지입니다. 파운드리용, D램용, 낸드플래시용으로 나뉘는데요.삼성전자와 SK하이닉스가 낸드플래시용 HPA 장비만 쓰고 있었습니다.HPSP가 D램용 HPA 장비는 메모리 3사 중 북미 빅테크 기업에만 납품해왔는데요.HPSP는 ""고객사마다 D램 구조와 공정이 다른데, 공정이 미세화하면서 장비의 필요성이 커진 것으로 보인다""고 설명했습니다.그동안 HPSP의 HPA 장비는 주로 파운드리와 로직 공정에서 쓰였습니다.최근에는 메모리 반도체 분야까지 적용 범위를 넓히고 있는 건데요.실제로 올해 낸드플래시용 HPA 장비를 4개 고객사에 공급할 예정이고요.HPSP는 파운드리는 10나노 이하, D램은 1d 이하 공정으로 적용이 확대될 것으로 보고 있습니다.<앵커>HPSP가 테라팹 프로젝트에도 참여하죠. 언제 납품을 시작하게 됩니까?<기자>HPSP가 내년 상반기 테라팹에 HPA 장비를 공급하는 것으로 확인됐습니다.테라팹은 일론 머스크 테슬라 CEO가 AI 반도체 자체 생산을 위해 추진하는 초대형 프로젝트인데요.내년부터 미국 텍사스주에 시범 생산(파일럿) 라인을 구축하고요. 내후년 가동이 목표입니다.HPSP는 ""테라팹 초기 연구개발(R&D) 라인에 HPA 장비 1대가 들어간다""고 밝혔는데요.아직은 테스트용이지만, 테라팹이 본격 가동되면 HPSP가 양산 장비를 공급할 가능성이 큽니다.통상 반도체 팹은 파일럿 라인에서 검증된 장비를 양산 라인에도 그대로 적용하기 때문인데요.HPSP 관계자는 ""고압 수소를 다루는 게 위험한 공정인데 사고가 단 한 건도 없었다""며 ""높은 안정성이 가장 큰 경쟁력""이라고 설명했습니다.<앵커>그런데 경쟁사와 특허 소송을 진행 중이라고요? 실적에 부담 요인으로 작용할 가능성은 없습니까?<기자>반도체 장비 업체 예스티와 HPA 장비 관련 특허 소송을 진행 중인데요. 총 6건입니다.최근 법원은 HPSP 특허가 유효하다고 판단했지만, 예스티 장비에는 해당 특허가 적용되지 않는다고 봤는데요.HPSP는 ""실제 양산 장비를 비교한 것이 아닌, 기술 개념에 대한 판결""이라고 전했습니다.특히 HPSP는 실적 성장세에도 영향이 없을 것이라는 입장입니다.HPSP는 지난 2022년부터 4년째 영업이익률이 50%가 넘었습니다.매출의 절반이 영업이익으로 남는다는 뜻인데요. 원가와 고정비 부담이 큰 반도체 장비 업계에서는 보기 드문 수치입니다.HPSP가 글로벌 HPA 시장을 사실상 독점하고 있기 때문인데요.글로벌 파운드리 상위 20개 업체와 모두 거래할 정도입니다.HPSP는 올해 매출이 지난해(1,730억 원)보다 20% 이상 늘어날 것으로 기대하는데요.증권가에서도 올해 영업이익률 역시 50%를 넘어설 것으로 전망합니다.메모리 3사가 차세대 1d D램 투자를 본격화하면서 HPA 장비 수요도 확대될 것이라는 분석입니다.<앵커>잘 들었습니다. 산업부 김대연 기자였습니다.",True,디램,"반도체 장비 업체 HPSP는 내년 삼성전자와 SK하이닉스에 D램용 고압수소어닐링(HPA) 장비를 납품할 가능성이 높아지고 있습니다. HPA는 미세공정에서 열 손상을 줄이고 결함을 개선하는 첨단 장비로, HPSP는 현재 테스트를 진행 중이며 내년 양산이 기대됩니다. HPSP는 글로벌 시장을 독점하며 영업이익률 50% 이상을 유지하고 있으며, 테라팹 프로젝트에도 장비를 공급할 예정입니다. 다만, 특허 소송이 진행 중이지만 실적에 큰 영향을 미치지 않을 것으로 전망됩니다.",파운드리,2.0
2026-07-01,"삼성전자, AI 파운드리 승부수..1.4나노 순항중",정보 없음,https://n.news.naver.com/mnews/article/008/0005380237,"2나노 경쟁력도 강화삼성전자가 1일 삼성전자 서초사옥에서 '세이프 포럼 2026(SAFE Forum 2026)'를 개최했다. 삼성전자 파운드리 사업부 Design Platform 개발실 신종신 부사장이 기조연설을 하고 있다. /사진제공=삼성전자삼성전자가 오는 2029년 양산 목표로 차세대 파운드리(반도체위탁생산) 공정인 1.4나노(㎚) 공정을 개발 중이라고 밝혔다. 2나노 공정 고도화 계획도 제시하며 AI(인공지능) 반도체 시장 선점을 위한 선단 공정 경쟁력 강화에 나섰다.삼성전자는 1일 서울 서초구 삼성전자 서초사옥에서 열린 '세이프(SAFE) 포럼 2026'에서 이같은 방향의 차세대 공정 로드맵을 발표했다. 구체적으로 이 자리에서 2나노 공정과 설계·공정 동시 최적화 기술, 1.4나노 공정 개발 현황 등을 소개했다.신종신 삼성전자 파운드리사업부 디자인플랫폼개발실장은 ""AI·고성능컴퓨팅(HPC) 글로벌 고객사와의 협력을 본격화하는 한편 국내 시스템반도체 고객사와의 협력도 강화하고 있다""며 ""파운드리 생산을 넘어 국내 시스템반도체 산업 플랫폼 역할을 강화하겠다""고 말했다.이어 ""가장 앞선 1.4㎚ 공정(SF1.4)은 2029년 양산을 목표로 순조롭게 개발 중""이라며 ""수율과 성능을 한층 더 끌어올린 개량형 노드 SF1.4 플러스는 2030년에 선보일 예정""이라고 밝혔다.2나노 공정도 단계적으로 성능을 개선한다. 삼성전자는 2027~2028년 성능 개선 버전인 SF2P 플러스를 적용한 뒤 차세대 공정인 SF2X로 확대할 계획이다. SF2X는 기존 SF2P 계열과 설계자산(IP) 호환성을 유지하는 차세대 공정이다.신 실장은 ""현재 2나노에서 HBM(고대역폭메모리)4E, HBM5, HBM5E까지의 3D D램 파일을 열심히 개발하고 있다""며 AI 메모리 대응을 위한 차세대 공정 개발도 함께 진행하고 있다고 강조했다.이날 행사에는 고객사와 협력사 관계자 400여명이 참석했다. 전자설계자동화(EDA), 설계자산(IP), 디자인솔루션 파트너(DSP), 가상설계 파트너(VDP), 첨단 패키징(MDI) 분야 기업들이 파운드리 설계 지원 기술과 협력 사례를 선보였다.",True,파운드리,"삼성전자는 2029년 양산 목표로 1.4나노 공정을 개발 중이며, 2나노 공정도 성능 개선을 단계별로 추진하고 있다. 2027~2028년 SF2P 플러스, 이후 SF2X 공정으로 확대하며 AI·고성능컴퓨팅 시장 경쟁력을 강화한다. 또한, HBM 메모리 개발과 국내 시스템반도체 협력도 확대하며 차세대 공정 기술을 선도하는 전략을 발표했다.",파운드리,3.0
2026-07-01,"삼성전자 ""1.4 나노 공정, 2029년 양산 목표로 순항 중""",정보 없음,https://n.news.naver.com/mnews/article/014/0005542327,"삼성전자 '세이프 포럼 2026' 열어차세대 파운드리 기술 대거 공개1일 서울 서초구 삼성전자 서초사옥에서 열린 '세이프 포럼 2026'에서 신종신 삼성전자 파운드리 사업부 디자인 플랫폼 개발실 부사장이 기조연설을 하고 있다. 삼성전자 제공[파이낸셜뉴스] 삼성전자가 1일 2나노(㎚)공정 및 설계와 공정 기술 동시 최적화(DTCO)기술 등 차세대 파운드리 기술 전략을 대거 공개하면서,최첨단 1.4 ㎚ 공정(SF1.4)도 오는 2029년 양산을 목표로 순조롭게 개발 중이라고 밝혔다.삼성전자는 이날 서울 서초구 삼성전자 서초사옥에서 '세이프 포럼 2026'을 열어 ""인공지능(AI)업계의 중심 연결고리가 되겠다""다고 강조했다. 국내 시스템 반도체 산업의 플랫폼 역할을 강화하겠다는 목표다.신종신 삼성전자 파운드리사업부 디자인 플랫폼 개발실장은 기조연설에서 ""AI·고성능컴퓨팅(HPC) 글로벌 고객사와의 협력을 본격화하는 한편 국내 시스템반도체 고객사와의 협력도 강화하고 있다""며 ""파운드리 생산을 넘어 국내 시스템반도체 산업 플랫폼 역할을 강화하겠다""고 밝혔다. 신 부사장은 ""가장 앞선 1.4㎚ 공정(SF1.4)은 2029년 양산을 목표로 순조롭게 개발 중이고, 수율과 성능을 한층 더 끌어올린 개량형 노드 SF1.4 플러스는 2030년에 선보일 예정""이라고 말했다. 시장 수요가 높은 2나노 공정 역시 2027년에서 2028년 사이 성능 개량 버전인 SF2P 플러스로 전환되고, 이후 후속 공정 SF2X로 진화한다. SF2X는 SF2P, SF2P 플러스와 IP 호환성을 유지하는 차세대 공정이다.1일 서울 서초구 삼성전자 서초사옥에서 열린 ‘세이프(SAFE) 포럼 2026’에 참가한 유관 기업 관계자가 반도체 칩을 설명하고 있다. 이번 행사에서 삼성전자는 인공지능(AI) 반도체 생태계 협력 확대 방안과 차세대 파운드리 기술 전략을 공개했다. 뉴스1이번 행사에는 고객사와 파트너사 관계자 400여명이 참석했다. 전자설계자동화(EDA), 설계자산(IP), 디자인솔루션 파트너(DSP), 가상설계 파트너(VDP), 첨단패키징(MDI) 분야 21개 기업이 부스를 마련해 삼성전자 파운드리 고객을 지원하는 솔루션을 소개했다.AI 팹리스 기업 리벨리온과 EDA 기업 지멘스EDA도 연사로 참여했다. 두 회사는 삼성전자 파운드리 공정을 활용한 AI 반도체 개발 사례와 2.5D·3D 칩 설계 지원 방안을 발표했다. 박성현 리벨리온 대표는 ""삼성전자 4나노 파운드리 공정과 첨단 패키징 등을 기반으로 '리벨100' 신경망처리장치(NPU)를 개발했다""며 ""향후 AI 반도체 영역에서 협력하며 소버린 AI를 구축할 것""이라고 말했다. 소버린 AI는 특정 국가나 기업에 대한 기술 종속을 줄이고, 자국 데이터와 알고리즘에 대한 통제권을 확보하려는 전략을 뜻한다.장마리 브루네 지멘스EDA 수석부사장은 ""2.5D·3D 이종 칩 통합에서는 수율, 설계검증, 신뢰성, 패키징 분야의 폭넓은 지원이 필수""라며 ""지멘스EDA는 고객들이 삼성의 선단 공정을 활용해 AI·HPC 반도체를 빠르게 구현할 수 있도록 지원할 것""이라고 말했다.",True,반도체,"삼성전자는 '세이프 포럼 2026'에서 2나노 공정과 설계기술, 공정 최적화 전략을 공개하며, 2029년 양산 예정인 1.4㎚ 공정을 비롯해 차세대 기술 개발 현황을 발표했다. AI·HPC 고객사와 협력 확대를 목표로 국내 시스템반도체 산업 강화에 주력하며, AI 반도체 생태계 구축 방안도 소개했다. 행사에는 400여 기업 관계자가 참석해 첨단 반도체 설계·패키징 솔루션을 논의했고, 삼성은 첨단 공정을 활용한 AI 반도체 개발과 협력 방안을 모색하고 있다.",파운드리,2.0
2026-07-01,"삼성전자, 차세대 파운드리 전략 공개… “시스템반도체 플랫폼 역할 강화”",정보 없음,https://n.news.naver.com/mnews/article/366/0001175771,"신종신 삼성전자 파운드리사업부 디자인 플랫폼 개발실장(부사장)이 삼성전자 서초사옥에서 1일 개최된 ‘세이프 포럼 2026’(SAFE Forum 2026)에서 기조연설을 하고 있다./삼성전자삼성전자가 국내 인공지능(AI) 반도체 생태계 협력 확대와 차세대 파운드리 기술 전략을 공개했다. 고객사와 설계·패키징 파트너를 연결하는 세이프(SAFE) 프로그램을 중심으로 국내 시스템반도체 산업의 플랫폼 역할을 강화하겠다는 구상이다.삼성전자는 1일 서울 서초구 삼성전자 서초사옥에서 ‘세이프 포럼 2026’을 개최했다. 세이프는 ‘삼성 어드밴스트 파운드리 에코시스템’(Samsung Advanced Foundry Ecosystem)의 약자로, 삼성전자 파운드리 생태계 프로그램이다. 올해 행사 주제는 ‘실리콘 인텔리전스의 연결점’(The Nexus for Silicon Intelligence)이다.신종신 삼성전자 파운드리사업부 디자인 플랫폼 개발실장은 기조연설에서 “삼성전자는 AI 수요에 대한 대응 역량을 높이는 동시에 SAFE 포럼을 활용해 고객·파트너사와 적극 소통하겠다”고 말했다. 그러면서 “AI·고성능컴퓨팅(HPC) 글로벌 고객사와의 협력을 본격화하는 한편 국내 시스템반도체 고객사와의 협력도 강화하고 있다”며 “파운드리 생산을 넘어 국내 시스템반도체 산업 플랫폼 역할을 강화하겠다”고 덧붙였다.이번 행사에는 고객사와 파트너사 관계자 400여명이 참석했다. 전자설계자동화(EDA), 설계자산(IP), 디자인솔루션 파트너(DSP), 가상설계 파트너(VDP), 첨단패키징(MDI) 분야 21개 기업이 부스를 마련해 삼성전자 파운드리 고객을 지원하는 솔루션을 소개했다.진 마리 브루넷 지멘스 EDA 수석 부사장이 1일 삼성전자 서초사옥에서 개최된 ‘세이프 포럼 2026’(SAFE Forum 2026)에서 발표하고 있다./삼성전자AI 팹리스 기업 리벨리온과 EDA 기업 지멘스EDA도 연사로 참여했다. 두 회사는 삼성전자 파운드리 공정을 활용한 AI 반도체 개발 사례와 2.5D·3D 칩 설계 지원 방안을 발표했다.박성현 리벨리온 대표는 “삼성전자 4나노 파운드리 공정과 첨단 패키징 등을 기반으로 ‘리벨100’ 신경망처리장치(NPU)를 개발했다”며 “향후 AI 반도체 영역에서 협력하며 소버린 AI를 구축할 것”이라고 말했다. 소버린 AI는 특정 국가나 기업에 대한 기술 종속을 줄이고, 자국 데이터와 알고리즘에 대한 통제권을 확보하려는 전략을 뜻한다.진 마리 브루넷 지멘스EDA 수석부사장은 “2.5D·3D 이종 칩 통합에서는 수율, 설계검증, 신뢰성, 패키징 분야의 폭넓은 지원이 필수”라며 “지멘스EDA는 고객들이 삼성의 선단 공정을 활용해 AI·HPC 반도체를 빠르게 구현할 수 있도록 지원할 것”이라고 말했다.삼성전자는 AI 반도체 수요에 대응하기 위한 공정·설계 혁신 전략도 제시했다. 설계와 공정 기술을 동시에 최적화하는 DTCO(Design Technology Co-Optimization), 차세대 2나노 공정, AI 반도체에 맞춘 공정 혁신 방향을 공개했다.정적램(SRAM) 기술 경쟁력 강화 방안도 소개했다. SRAM은 전원이 공급되는 동안 데이터를 유지하는 휘발성 메모리로, D램보다 처리 속도가 빠르다. 삼성전자는 DTCO 전략과 고성능 SRAM 기술을 통해 전력, 성능, 면적 경쟁력을 높이고 AI 반도체 고객사의 차세대 제품 개발을 지원하고 있다고 설명했다.국내 시스템반도체 생태계 조성 계획도 발표했다. 삼성전자는 산업통상부가 추진하는 제조 AI 전환(M.AX) 얼라이언스에 참여하고 있다. 파운드리사업부는 자동차, 가전, 로봇, 방산 분야에 필요한 저전력·고성능 온디바이스 AI 반도체 개발을 추진한다.삼성전자는 멀티프로젝트웨이퍼(MPW) 프로그램을 통해 국내 팹리스 기업의 초기 개발 부담을 줄이고 있다. MPW는 한 장의 웨이퍼에 여러 종류의 반도체 제품을 함께 생산해 시제품 제작과 검증을 지원하는 방식이다.차세대 반도체 연구개발과 인재 양성 사업에도 참여한다. 삼성전자는 산업통상부, 한국산업기술기획평가원, 한국반도체연구조합이 운영하는 K-CHIPS 사업에 참여해 국내 반도체 기술 기반을 넓히고 있다.삼성전자는 AI 반도체 시장이 확대되면서 첨단 공정뿐 아니라 설계, IP, 패키징을 연결하는 생태계 구축 역량이 파운드리 경쟁력의 핵심으로 떠오르고 있다고 봤다. 회사는 SAFE와 MPW 프로그램을 중심으로 고객사, 파트너사, 정부와 협력을 이어갈 방침이다.",True,파운드리,"삼성전자는 ‘세이프 포럼 2026’에서 AI 반도체 생태계 확대와 차세대 파운드리 기술 전략을 공개하며, 국내 시스템반도체 산업 플랫폼 강화를 추진했다. SAFE 프로그램을 통해 고객사와 파트너사 간 협력을 강화하고, AI·HPC 수요 대응, 공정·설계 혁신, SRAM 기술 경쟁력 확보, 국내 반도체 생태계 조성 등을 추진한다. 또한 MPW 프로그램과 K-CHIPS 사업 참여로 국내 반도체 기술 발전과 인재 양성에 힘쓰고 있다.",파운드리,2.0
2026-07-01,"""韓은 美 SMR 산업의 '파운드리'…원전 르네상스 좌우할 것""",정보 없음,https://n.news.naver.com/mnews/article/018/0006319952,"前코리아소사이어티 회장, 美원전 韓역할 강조""美 SMR 상용화 걸림돌은 제조역량·인력 부족""두산·현대·SK, 뉴스케일·홀텍·테라파워와 협력뉴욕주 원전 폐쇄 후 전력요금 128% 폭등한국 제조역량·미국 기술 결합이 최종 관건[이데일리 성주원 기자] 미국의 소형모듈원자로(SMR) 상용화가 제조 역량과 숙련 인력 부족이라는 구조적 한계에 부딪힌 가운데, 한국이 이를 해결할 핵심 파트너로 떠올랐다는 분석이 나왔다. 미국 코리아소사이어티 회장을 역임한 토마스 번 법무법인 태평양 고문은 1일 ‘BKL 퍼스펙티브스’ 기고문에서 “미국이 기술적 청사진을 제시한다면, 한국은 그 설계를 실물로 구현할 압도적인 제조 파운드리”라고 밝혔다.코리아소사이어티 회장을 역임한 토마스 번 법무법인 태평양 고문. 번 고문은 현재 컬럼비아대학교 및 조지타운대학교에서 겸임교수·교수자문으로도 활동하고 있다. (사진=법무법인 태평양)번 전 회장은 탄소중립과 인공지능(AI) 시대의 전력 수요 급증에 대응하기 위해 SMR이 필수 대안으로 떠올랐지만, 미국은 폐기물 규제와 부지 갈등에 더해 제조 역량·숙련 인력 부재라는 ‘구조적 벽’에 가로막혀 있다고 진단했다. 전문가들은 2050년까지 200GW(기가와트) 규모의 신규 원전 용량을 달성하려면 37만명 이상의 전문 인력이 추가로 필요하다고 보고 있다.두산·현대건설·SK, 美 원전기업과 잇따라 협력번 전 회장은 이러한 공급망 공백을 메울 열쇠가 한국에 있다고 짚었다. 지난해 8월 이재명 대통령의 미국 방문 당시 엑스에너지, 아마존, 한국수력원자력, 두산에너빌리티는 미국 내 첨단 원자로 배치를 가속화하기 위한 전략적 협약을 체결했다. 2039년까지 5GW 이상의 신규 원전을 배치하고, 이를 위해 최대 500억달러(약 77조8000억원)를 투자한다는 내용이다.경상남도가 ‘글로벌 SMR 제조 센터’로 자리매김하는 가운데 개별 기업 차원의 협력도 이어지고 있다. 두산에너빌리티(034020)는 창원 공장에서 SMR 원자로·증기발생기 모듈을 제조하기 위해 뉴스케일과 손잡았고, 현대건설(000720)은 홀텍 인터내셔널과 전 세계 SMR-160 프로젝트의 플랜트 건설·공급 협약을 맺었다. SK(034730)㈜와 SK이노베이션(096770)은 빌 게이츠가 설립한 테라파워와 나트리움(Natrium) SMR 원자로 및 통합 에너지시스템 상용화를 위해 협력하기로 했다. 두산에너빌리티와 현대건설은 대형 원자로 분야에서도 미국 페르미 아메리카의 텍사스 AP1000 원자로 4기 건설 프로젝트에 참여하고 있다.특히 지난해 12월 엑스에너지가 두산에너빌리티 창원 공장의 생산 역량 확보를 위해 대규모 투자를 단행한 것을 두고 번 전 회장은 “결정적 이정표가 될 가능성이 크다”고 평가했다. 창원 공장은 미국 내 설치될 11GW급 SMR 파이프라인의 핵심 부품을 생산하는 전진기지로 거듭나고 있다는 설명이다. 그는 반도체 산업에서 TSMC와 삼성전자(005930)가 글로벌 파운드리로 자리매김한 것에 빗대, 한국의 원자력 제조사들도 SMR 시장의 핵심 파운드리를 꿈꾸고 있다고 표현했다.두산에너빌리티 스팀터빈. (사진=두산에너빌리티)뉴욕주 원전 폐쇄 후유증이 정치적 동력으로번 전 회장은 미국 원자력 르네상스의 지속가능성을 뒷받침하는 근거로 뉴욕주 사례를 들었다. 앤드루 쿠오모 전 뉴욕주지사는 2017년 인디언포인트 원전을 ‘시한폭탄’이라 지칭하며 2021년 폐쇄를 강행했다. 당시 연방 규제기관(NRC)이 2035년까지 운영 허가 갱신을 추진하던 것과는 배치되는 결정이었다.그 결과 뉴욕주는 2041MW(메가와트)의 발전 용량 순손실을 기록했고, 재생에너지가 공백을 메우지 못하면서 변동성 큰 천연가스 의존도가 높아졌다. 2025년 뉴욕의 평균 도매 전력 가격은 2019년 대비 128.3% 폭등했다. 같은 기간 미국 전체 소비자물가지수(CPI) 상승률(25%)을 크게 웃도는 수준이다. 캐시 호컬 현 뉴욕주지사는 “우리는 플랜B 없이 뉴욕시 전력의 25%를 잃었다”고 정책 실패를 인정하며 대규모 원전 건설 추진 방침을 밝혔다.번 전 회장은 현재 24개 주와 워싱턴DC가 자체적인 탄소 감축 목표나 무탄소 전력 목표를 채택한 상태이며, 중국이 이미 올해 두 번째 SMR을 상업 운전 단계에 올리는 등 글로벌 경쟁이 격화하고 있다고 지적했다. 그는 “미국의 원자력 르네상스는 한국의 산업적 역량과 미국의 혁신적 기술이 결합할 때 비로소 완성된다”며 양국이 차세대 원전을 통한 에너지 안보와 새로운 경제 질서의 동반자로 자리매김하고 있다고 밝혔다.서울 강남구 코엑스에서 열린 ‘스마트에너지플러스 2025’에서 관람객들이 소형모듈원전(SMR) 모형을 둘러보고 있다. (사진=연합뉴스)",True,파운드리,"미국의 SMR(소형모듈원자로) 상용화는 제조 역량과 인력 부족으로 어려움을 겪고 있으며, 한국이 핵심 파트너로 부상하고 있다. 한국 기업들은 미국 원전 기업과 협력해 SMR 제조와 플랜트 건설에 참여하며 글로벌 공급망 확보에 나서고 있다. 특히, 두산·현대·SK는 미국 내 원전 프로젝트에 적극 참여 중이다. 뉴욕주 원전 폐쇄 후 전력 가격이 급등하며 원전의 중요성이 부각되고 있으며, 미국과 한국의 협력은 차세대 원전 시장 경쟁에서 핵심 역할을 할 전망이다.",파운드리,2.0
2026-07-01,‘파운드리 2.0’ 1분기 매출 133조원… AI 붐 타고 전년 동기대비 23% 급증,정보 없음,https://n.news.naver.com/mnews/article/020/0003730569,"기사 내용과 직접적인 관련이 없는 자료사진. 게티이미지뱅크글로벌 인공지능(AI) 반도체 수요가 가파르게 뛰면서 파운드리(반도체 위탁생산)와 후공정을 아우르는 ‘파운드리 2.0’ 시장이 덩치를 키우고 있다.30일 시장조사 업체 카운터포인트리서치에 따르면 올 1분기(1∼3월) 글로벌 파운드리 2.0 시장 매출은 860억 달러(약 133조 원)로 전년 동기 대비 23% 급증했다. 파운드리 2.0이란 파운드리 업체를 포함해서 비메모리 종합반도체기업(IDM), 외주 반도체 조립·테스트 기업(OSAT), 포토마스크 공급업체까지 범위를 확대한 시장을 의미한다. AI 그래픽처리장치(GPU)와 주문형반도체(ASIC) 수요가 첨단 공정 및 패키징 가동률을 단숨에 끌어올린 결과다. 대만 TSMC는 1분기 매출이 41% 늘며 시장 점유율 38%로 압도적 1위를 차지했다. 삼성전자는 2위로 4%가량의 시장점유율을 확보했다.",True,파운드리,"글로벌 인공지능(AI) 반도체 수요 증가로 파운드리 2.0 시장이 급성장하고 있다. 2023년 1분기 시장 매출은 860억 달러로 전년 대비 23% 늘었으며, 이는 파운드리, IDM, OSAT, 포토마스크 업체 등을 포함한 시장이다. AI GPU와 ASIC 수요가 첨단 공정과 패키징 가동률을 높였으며, 대만 TSMC가 41% 성장하며 38% 시장 점유율 1위를 기록했고, 삼성전자는 2위다.",파운드리,2.0
2026-07-01,"삼성전자, 1.4나노 2029년 양산 목표… “순항 중”",정보 없음,https://n.news.naver.com/mnews/article/366/0001175931,"삼성전자가 1일 2나노(㎚) 공정과 설계·공정 동시 최적화(DTCO) 기술 등 차세대 파운드리 기술 전략을 대거 공개했다. 최첨단 1.4㎚ 공정(SF1.4)도 오는 2029년 양산을 목표로 순조롭게 개발 중이라고 밝혔다.1일 서울 서초구 삼성전자 서초사옥에서 열린 ‘세이프(SAFE) 포럼 2026’ 행사를 찾은 기업 관계자들이 행사장 앞에 마련된 전시 부스를 살펴보고 있다. 이번 행사에서 삼성전자는 인공지능(AI) 반도체 생태계 협력 확대 방안과 차세대 파운드리 기술 전략을 공개했다./뉴스1삼성전자는 이날 서울 서초구 삼성전자 서초사옥에서 ‘세이프(SAFE) 포럼 2026’을 열고 “AI 업계의 중심 연결고리가 되겠다”고 강조했다. 국내 시스템반도체 산업 전반을 아우르는 플랫폼 역할을 강화하겠다는 구상이다.신종신 삼성전자 파운드리사업부 디자인플랫폼개발실장은 기조연설에서 “AI·고성능컴퓨팅(HPC) 글로벌 고객사와의 협력을 본격화하는 한편 국내 시스템반도체 고객사와의 협력도 강화하고 있다”며 “파운드리 생산을 넘어 국내 시스템반도체 산업 플랫폼 역할을 강화하겠다”고 밝혔다. 신 부사장은 “가장 앞선 1.4㎚ 공정(SF1.4)은 2029년 양산을 목표로 순조롭게 개발 중이고, 수율과 성능을 한층 더 끌어올린 개량형 노드 SF1.4 플러스는 2030년에 선보일 예정”이라고 말했다.시장 수요가 높은 2나노 공정도 지속적으로 고도화된다. 삼성전자는 2027~2028년 사이 성능 개선 버전인 SF2P 플러스를 선보인 뒤, 후속 공정인 SF2X로 진화시킬 계획이다. SF2X는 SF2P 및 SF2P 플러스와 IP 호환성을 유지하는 차세대 공정이다.이번 행사에는 고객사와 파트너사 관계자 400여명이 참석했다. 전자설계자동화(EDA), 설계자산(IP), 디자인솔루션 파트너(DSP), 가상설계 파트너(VDP), 첨단 패키징(MDI) 등 21개 기업은 부스를 마련해 삼성전자 파운드리 고객을 지원하는 다양한 솔루션을 소개했다.AI 팹리스 기업 리벨리온과 EDA 기업 지멘스EDA도 연사로 참여했다. 두 회사는 삼성전자 파운드리 공정을 활용한 AI 반도체 개발 사례와 2.5D·3D 칩 설계 지원 방안을 발표했다.박성현 리벨리온 대표는 “삼성전자 4나노 파운드리 공정과 첨단 패키징 등을 기반으로 ‘리벨100’ 신경망처리장치(NPU)를 개발했다”며 “향후 AI 반도체 영역에서 협력하며 소버린 AI를 구축할 것”이라고 말했다. 소버린 AI는 특정 국가나 기업에 대한 기술 종속을 줄이고 자국 데이터와 알고리즘에 대한 통제권을 확보하려는 전략을 의미한다.장마리 브루네 지멘스EDA 수석부사장은 “2.5D·3D 이종 칩 통합에서는 수율, 설계검증, 신뢰성, 패키징 분야의 폭넓은 지원이 필수”라며 “지멘스EDA는 고객들이 삼성의 선단 공정을 활용해 AI·HPC 반도체를 빠르게 구현할 수 있도록 지원할 것”이라고 말했다.",True,반도체,"삼성전자는 1일 ‘세이프 포럼 2026’에서 2나노 공정과 설계·공정 동시 최적화(DTCO) 등 차세대 파운드리 기술 전략을 공개했다. 1.4㎚ 공정(SF1.4)은 2029년 양산 목표로 개발 중이며, 성능 향상 버전도 2030년에 선보인다. 시장 수요에 맞춰 2나노 공정도 지속 고도화하며, SF2P·SF2X 등 성능 개선 버전을 계획하고 있다. 행사에는 400여 기업 관계자가 참여해 AI 반도체 개발과 첨단 패키징, 설계 지원 솔루션을 논의했으며, 삼성은 AI·HPC 시장에서 글로벌 협력 강화와 국내 산업 플랫폼 역할을 확대하고 있다.",파운드리,2.0
2026-07-01,"SK하이닉스, 하반기에도 가격상승 모멘텀…목표가 400만↑-교보",정보 없음,https://n.news.naver.com/mnews/article/008/0005379708,"경기 이천 SK하이닉스 본사 모습. /사진=뉴스1교보증권이 1일 SK하이닉스의 목표주가를 기존 190만원에서 400만원으로 올렸다. 투자의견은 매수를 유지했다.최보영 교보증권 연구원은 ""동종업계 최고 수준의 지위를 핵심 투자 포인트로 목표주가를 400만원으로 상향 조정한다""며 ""에이전틱 AI(인공지능) 확산으로 DRAM(디램)·NAND(낸드) 전방위 수요가 확대되고 구조적 공급 부족이 2028년까지 지속돼 하반기에도 가파른 가격 상승 모멘텀을 통한 실적개선이 이어질 전망""이라고 말했다.이어 ""사실상 HBM3E 독점, HBM4 60% 이상 점유율 기반의 고부가 제품 믹스 개선, LTA(장기공급계약) 확대를 통한 실적 변동성 축소와 사이클 장기화 가시성 확보, 오는 10일 예정된 미국 ADR(주식예탁증서) 상장을 통한 글로벌 투자자 저변 확대로 밸류에이션(실적대비 주가수준)이 재평가될 것""이라고 했다.SK하이닉스의 올해 2분기 매출액은 전년대비 275% 증가한 83조5000억원, 영업이익은 589% 늘어난 63조5000억원으로 컨센서스(평균 증권사 추정치)에 부합하는 실적을 시현할 것으로 예상된다.올해 매출 추정치는 전년보다 268% 증가한 358조원, 영업이익은 461% 늘어난 279조1000억원(영업이익률 78%)이다. 하반기 디램 가격이 LPDDR(저전력 디램) 중심으로 상향되고 HBM4 기여도가 확대되며 3·4분기 이익 모멘텀이 더욱 가속할 거란 분석이다. 더불어 내년 HBM 가격 협상이 진행되고 있어 협상 결과에 따라 추가적인 전망치 상향 여지도 있다고 설명했다.",True,반도체,"교보증권은 SK하이닉스의 목표주가를 기존 190만원에서 400만원으로 상향하며 투자의견 매수를 유지했다. 인공지능 확산으로 DRAM과 NAND 수요가 증가하고 공급 부족이 2028년까지 지속될 전망으로 실적 개선이 기대된다. HBM3E 독점과 HBM4 점유율 확대, 장기 공급계약, 글로벌 투자자 유입으로 밸류에이션이 재평가될 것으로 보인다. SK하이닉스는 올해 2분기에 매출 83조5000억 원, 영업이익 63조5000억 원을 기록하며 예상에 부합했고, 하반기 디램 가격 상승과 HBM4 기여 확대, 내년 HBM 가격 협상으로 실적이 더욱 좋아질 전망이다.",디램,2.0
2026-07-01,6월 D램 값 5% 상승…낸드 18개월 연속 강세 지속 '최고가 행진',정보 없음,https://n.news.naver.com/mnews/article/421/0009034198,"트렌드포스 ""3분기에도 가격 상승세 이어질 것""22일 서울 강남구 코엑스에서 열린 제27회 반도체 대전(SEDEX 2025)을 찾은 관람객들이 전시를 둘러보고 있다. 한국반도체산업협회가 오는 24일까지 개최하는 이 행사는 국내 최대 반도체 전문전시회로 메모리 반도체, 시스템 반도체, 장비·부분품, 재료, 설비, 센서 분야 등 반도체 산업 생태계 전 분야가 참가했다. 2025.10.22 ⓒ 뉴스1 박지혜 기자(서울=뉴스1) 김진희 기자 = 메모리 반도체 D램 가격이 6월에도 전달 대비 소폭 상승했다. 지난 4월과 5월 두 자릿수 상승세를 이어갔으나 6월에는 5%로 증가율이 주춤했다. 낸드플래시 가격 역시 18개월 올랐다.1일 시장조사업체 D램익스체인지에 따르면 6월말 기준 PC용 D램 범용 제품(DDR4 8Gb 1Gx8)의 평균 고정거래가격은 21달러로 전월(20달러)에 비해 5% 올랐다.DDR4 평균가는 2025년 4월(1.65달러) 이후 11개월 연속 상승했다. 지난 3월에는 2월과 같은 가격을 기록하며 상승세가 주춤했다가 4월 16달러, 5월 20달러, 6월 21달러로 3개월 연속 상승했다.D램익스체인지 모회사 트렌드포스는 올해 3분기 D램 가격이 2분기 대비 15~20% 인상하는 등 상승세가 이어질 것으로 예상했다. 트렌드포스는 3분기 PC용 D램 계약 가격의 직전 분기 대비(QoQ) 상승률을 종전 8~13%에서 15~20%로 상향 조정했다. 4분기에도 QoQ 가격 인상률을 0~5%에서 3~8%로 상향 조정했다.트렌드포스는 ""D램 공급업체와 PC OEM은 이미 4월과 5월에 전분기 대비 45~50% 계약 가격 인상에 합의한 바 있다""며 ""따라서 6월의 활동은 주로 하반기와 2027년의 조달 물량 협상에 집중됐다""고 설명했다.이어 ""수요 측면에서 PC OEM은 여전히 시장 점유율 확대를 우선시하고 있는 상황에서 CPU와 메모리 조달 비용은 꾸준히 상승하고 있지만 이런 가격 인상이 완전히 반영되지 못했다""며 ""디바이스 출하량 감소폭은 당초 예상보다 완만해졌고 D램 재고 소진을 가속화하고 있다""고 말했다.6월 기준 메모리카드·USB용 낸드 범용제품(128Gb 16Gx8 MLC) 고정거래가격은 전월 대비 8.72% 증가한 28.82달러로 집계됐다. 낸드 공급사의 생산 조절이 계속되면서 역대 최고가를 기록했다.트렌드포스는 ""3분기 전통적인 성수기 시즌이 전개됨에 따라 자동차, 통신 네트워크, 산업 자동화 등 분야에서 주문이 증가할 것""이라며 ""성수기 수요 증가와 용량 부족으로 인한 극심한 불균형으로 인해 공급이 지나치게 제한된 SLC 제품은 2분기 대비 60~70% 가격이 추가 상승할 수 있다""고 내다봤다.또 ""이에 비해 MLC 제품은 3분기 가격 인상 모멘텀이 다소 감소할 수 있다""며 ""이전 기간의 장기간 급등 이후 가격이 구매자의 비용 상한선에 도달했기에 높은 가격 수준을 유지할 것""이라고 전망했다.",True,메모리,"트렌드포스는 3분기에도 반도체 가격이 계속 상승할 것으로 예상하며, 특히 D램 가격은 15~20% 인상될 전망이다. 6월 D램 가격은 전달보다 5% 상승했고, 낸드플래시 가격도 18개월 만에 최고치를 기록했다. 공급업체와 PC OEM 간 가격 협상이 이미 이루어진 가운데, 수요 증가와 공급 제한으로 가격 강세가 지속될 것으로 보인다. 특히 SLC 낸드 제품은 60~70% 가격 상승이 예상되며, 시장은 성수기와 산업 수요 증가로 인해 공급 부족이 심화될 것으로 전망된다.",낸드,2.0
2026-07-01,D램·낸드 또 최고가…AI發 공급난에 하반기 더 오른다,정보 없음,https://n.news.naver.com/mnews/article/018/0006320030,"PC용 D램 21달러…2016년 집계 이후 최고낸드도 18개월 연속 상승…28.8달러 기록AI 서버·HBM 수요에 범용 메모리 공급 부족트렌드포스, 3분기 D램 가격 전망 상향[이데일리 송재민 기자] 인공지능(AI) 데이터센터 투자 확대에 힘입어 메모리 반도체 가격이 다시 역대 최고치를 갈아치웠다. PC용 D램은 21달러를 돌파하며 최고가를 경신했고, 낸드플래시도 18개월 연속 상승세를 이어갔다.서울 시내 대형마트에 PC, 노트북 판매대 모습. (사진=연합뉴스)1일 시장조사업체 D램익스체인지에 따르면 6월 PC용 범용 D램(DDR4 8Gb 1Gx8)의 평균 고정거래가격은 21달러로 전달(20달러)보다 5% 상승했다. 관련 조사가 시작된 2016년 6월 이후 가장 높은 가격이다.DDR4 가격은 지난해 4월 이후 올해 2월까지 11개월 연속 상승한 뒤 올해 3월에는 보합세를 보였다. 이후 4월 16달러, 5월 20달러, 6월 21달러를 기록하며 다시 가파른 상승세를 이어가고 있다.낸드플래시 가격도 상승 흐름을 이어갔다. 메모리카드와 USB용 범용 낸드(128Gb 16Gx8 MLC)의 6월 평균 고정거래가격은 28.8달러로 전월(26.5달러)보다 8.7% 올랐다. 지난해 초부터 18개월 연속 상승세다.가격 상승 배경으로는 AI 인프라 투자 확대에 따른 메모리 수요 증가가 꼽힌다. 글로벌 빅테크들의 AI 데이터센터 구축 경쟁이 이어지는 가운데 삼성전자와 SK하이닉스, 마이크론 등 주요 메모리 업체들이 HBM 생산 비중을 확대하면서 범용 D램과 낸드 공급은 상대적으로 빠듯해진 상황이다. 여기에 PC 제조사들의 선제적인 재고 확보 수요까지 더해지며 가격 상승을 뒷받침하고 있다.특히 산업용과 자동차용 등에 주로 사용되는 싱글레벨셀(SLC) 낸드는 공급 부족이 더욱 심화되고 있다. 트렌드포스에 따르면 6월 SLC 평균판매가격(ASP)은 전월 대비 28~31% 상승해 전달(3~16%)보다 가격 인상 폭이 크게 확대됐다. 반면 멀티레벨셀(MLC)은 8~12% 수준으로 상승세를 이어갔다.하반기에도 가격 상승세는 이어질 전망이다. 트렌드포스는 PC용 D램의 3분기 고정거래가격 상승률 전망치를 기존 8~13%에서 15~20%로 상향 조정했다. 4분기 전망 역시 기존 0~5%에서 3~8%로 높였다.낸드 가격도 추가 상승 가능성이 제기된다. 트렌드포스는 “3분기는 전통적인 재고 비축 성수기로 주문이 더 늘어나는 반면 생산능력 부족에 따른 수급 불균형은 지속될 것”이라며 “SLC 제품 가격은 전 분기 대비 60~70% 상승할 수 있다”고 전망했다. 이어 “PC용 D램 역시 공급업체들의 가격 인상 기조가 이어지면서 7~8월에도 상승 흐름을 이어갈 것”이라고 내다봤다.",True,메모리,"인공지능 데이터센터 투자 증가로 메모리 반도체 가격이 최고치를 기록했다. PC용 D램은 21달러로 2016년 이후 최고가를 경신했고, 낸드플래시도 18개월 연속 상승세를 보이며 28.8달러를 기록했다. 공급 부족과 수요 증가, 주요 업체들의 HBM 생산 확대가 가격 상승을 견인했으며, 특히 산업용 SLC 낸드의 가격은 28~31% 급등했다. 트렌드포스는 하반기에도 가격 상승이 지속될 전망이라고 밝혔다.",낸드,3.0
2026-07-01,PC용 D램 21달러 역대 최고가 경신…낸드도 18개월 연속 상승,정보 없음,https://n.news.naver.com/mnews/article/001/0016169886,"D램익스체인지 시장 조사…6월 DDR4 8Gb 5% 올라낸드 가격 8.7%↑…""3분기 SLC 전분기 대비 60∼70% 오를 듯""PC용 D램 21달러 역대 최고가 경신…낸드는 18개월 연속 상승[연합뉴스 자료사진](서울=연합뉴스) 임성호 기자 = 세계적인 인공지능(AI) 열풍에 메모리 반도체 D램과 낸드플래시의 월평균 가격이 함께 상승세를 이어가며 역대 최고가를 찍었다.범용 D램 제품인 DDR4 가격은 한 달 새 5% 상승하며 21달러를 기록했고, 낸드 가격도 10% 가까이 오르며 28달러를 넘어섰다.1일 시장조사업체 D램익스체인지에 따르면 6월 PC용 D램 범용 제품(DDR4 8Gb 1Gx8)의 평균 고정거래가격은 21달러로 전달(20달러)과 비교해 5% 올랐다. 2016년 6월 조사 시작 당시(2.9달러)보다 7배 넘게 오른 것으로 역대 최고치다.DDR4 평균가는 2025년 4월(1.65달러) 이후 올해 2월까지 11개월 연속 상승하다가 3월에는 전달과 동일한 가격을 유지하며 상승세가 주춤했다.그러나 지난 4월에는 다시 가격이 전월 대비 23.1% 오른 16달러였다가 5월 25%의 상승세를 보였다.D램익스체인지 모회사 트렌드포스는 ""7∼8월에도 (PC용 D램) 공급업체들이 번갈아 가며 가격을 올리고 서로의 가격 인상에 보조를 맞출 것으로 예상한다""며 3분기 PC용 D램 고정거래가격의 전분기 대비 인상률 전망치를 8∼13%에서 15∼20%로 높였다. 4분기 상승률도 0∼5%에서 3∼8%로 상향 조정했다.메모리카드·USB용 낸드 범용제품(128Gb 16Gx8 MLC)의 6월 평균 고정거래가격은 28.8달러로, 전월(26.5달러) 대비 8.7% 올랐다. 18개월 연속 상승세다.1년 전인 2025년 6월(3.1달러)과 비교하면 1년 만에 9배 넘게 급등했다.6월 싱글레벨셀(SLC)의 평균판매가격(ASP)은 극도의 재고 부족과 견고한 수요 효과로 28∼31% 상승하며 전달(3∼16%) 대비 가격 인상 속도가 크게 빨라졌다. 멀티레벨셀(MLC)은 8∼12%로 전달과 비슷한 상승세를 유지했다.트렌드포스는 ""3분기는 전통적인 비축 성수기 시즌을 맞아 주문이 더 늘어나지만 생산 능력 부족에 따른 극심한 불균형으로 SLC 제품 가격이 전 분기 대비 60∼70% 상승할 수 있다""며 ""반면 MLC 제품은 3분기에 가격 상승세가 다소 주춤할 것""이라고 전망했다.sh@yna.co.kr",True,디램,"세계적 AI 열풍으로 D램과 낸드플래시 가격이 역대 최고치를 기록했다. 6월 PC용 DDR4 8Gb는 21달러로 5% 상승했으며, 낸드 가격도 8.7% 오른 28.8달러를 기록했다. 낸드 가격은 18개월 연속 상승세이며, SLC는 재고 부족과 수요 증가로 60∼70% 급등할 전망이다. 3분기에는 가격 상승이 지속될 것으로 예상된다.",낸드,1.0
2026-07-01,"교보證 ""삼성전자, 목표가 50만원 제시…사상 최대 분기 실적 전망""",정보 없음,https://n.news.naver.com/mnews/article/003/0014038739,"""2분기 매출액 176조2000억원, 영업이익 80조3000억원 예상""[수원=뉴시스] 김종택기자 = 경기 수원시 영통구 삼성전자 수원본사 모습. 2026.05.27. jtk@newsis.com[서울=뉴시스]송혜리 기자 = 교보증권은 삼성전자에 대해 사상 최대 분기 실적을 시현할 전망이라며 투자의견 '매수' 목표가는 50만원으로 상향했다.최보영 교보증권 연구원은 1일 리포트를 통해 ""에이전틱 AI 확산으로 메모리 전방위 수요가 확대되고 구조적 공급 부족이 2028년까지 지속되는 가운데, 삼성전자는 범용 D램·낸드 가격 급등을 주도하며 D램·낸드 시장 점유율 1위(각 38%·29%)를 유지하고 있다""면서 ""아울러 엔비디아향 HBM4 첫 납품으로 HBM 추격을 본격화하며, 비메모리 적자 축소로 종합 반도체 경쟁력을 회복하고 있다""고 설명했다.최 연구원은 삼성전자의 2분기 매출액 176조2000억원, 영업이익 80조3000억원을 예상했다. 충당금 반영으로 영업이익은 시장 기대치(86조원)를 다소 밑돌겠지만, 메모리 가격 강세와 원화 약세에 힘입어 사상 최대 분기 실적을 달성할 것으로 전망했다. 올해 연간 실적은 매출 732조7000억원, 영업이익 366조4000억원으로 제시했다.최 연구원은 ""하반기 들어 성과급 충당금 부담이 완화되고 D램·낸드 가격이 추가 상향되며 DS 영업이익률이 75% 수준까지 회복될 것""이라며 ""HBM4 기여도 확대와 맞물려 3~4분기 이익 모멘텀은 더욱 가속화될 전망""이라고 설명했다.",True,삼성전자,"교보증권은 삼성전자가 2분기 사상 최대 실적을 기록할 것으로 예상하며, 매출 176조2000억 원, 영업이익 80조3000억 원을 전망합니다. 에이전틱 AI 확산과 공급 부족, 메모리 가격 강세, 원화 약세가 실적 호조를 이끌고 있으며, 하반기에는 가격 상승과 수익성 회복이 기대됩니다. 올해 연간 매출은 732조7000억 원, 영업이익은 366조4000억 원으로 예상됩니다.",낸드,3.0
2026-07-01,"""역대급 베팅""…삼전닉스 '800조' 초대형 승부수에 전세계 들썩",정보 없음,https://n.news.naver.com/mnews/article/015/0005304940,"삼성·SK, 서남권 반도체 투자에""AI 붐에 건 가장 큰 베팅"" 반응호황기 이후 공급 과잉 우려도사진=한경DB삼성전자와 SK하이닉스가 새로운 반도체 거점으로 호남을 점찍으면서 해외 시장까지 들썩이고 있다. ""인공지능(AI) 반도체 패권을 지키기 위한 초대형 베팅""이란 반응이 나오는 가운데 메모리 호황기 이후 사이클 하락기를 맞을 경우 수백조원대 투자가 공급 과잉으로 되돌아올 수 있다는 경고도 함께 나왔다.로이터통신은 30일(현지시간) 삼성전자·SK하이닉스의 서남권 투자 계획에 대해 ""AI 붐에 건 가장 큰 베팅 중 하나""라고 보도했다. 호남을 포함한 국내 반도체 생산 거점에 대규모 투자를 약속하면서 한국 정부의 AI·반도체 전략에 힘을 실었다는 관측이다.삼성전자는 광주광역시에 반도체 팹 2기를 시작으로 약 400조원 투자한다. SK하이닉스도 서남권에 400조원을 들여 팹 2기를 건설하기로 했다. 파이낸셜타임스(FT)는 이를 ""6000억달러 규모의 반도체 제조 확장""이라고 언급했다.해외 매체들은 호남 투자를 산업정책의 전환점으로 보고 있다. 블룸버그통신은 한국이 삼성·SK 등 주요 기업을 앞세워 메모리칩·데이터센터·로봇 등에 최소 약 1350조원을 투입하는 구상이라고 설명했다. 사우스차이나모닝포스트(SCMP)도 지역 균형발전 공약과 AI·반도체 전략이 맞물린 ""가장 과감한 추진책""이라고 평가했다.다른 한편에선 우려의 목소리도 나온다. 해외 애널리스트들은 가장 큰 변수로 공급 과잉을 꼽았다. 투자정보업체 모닝스타의 징제위 애널리스트는 로이터를 통해 ""향후 10년간 설비투자가 빨라지면 장기적으로 공급과잉 위험이 더 커진다""고 했다. 그는 FT에서도 ""초기에는 수요가 공급을 앞선다""면서도 막상 신규 생산시설이 본격 가동되는 시점에 수요가 둔화해 공급 과잉으로 이어질 수 있다고 짚었다.정창원 노무라증권 아시아리서치 공동대표는 로이터에 ""다른 지역에 투자하는 것은 용인 반도체 클러스터를 둘러싼 불확실성을 '헤지'하는 방법일 수 있다""고 말했다. 호남 투자가 용인 반도체 클러스터의 인허가·인프라 불확실성을 분산하는 성격도 있다는 분석이다.홍콩 증권사 CLSA의 산지브 라나 선임 애널리스트도 신중론을 폈다. 그는 ""메모리 산업 침체는 이 계획에 분명한 리스크""면서 다만 ""메모리 업체들은 투자 속도를 조절할 수 있는 유연성을 유지하고 있다""고 덧붙였다. 메모리 업황 침체가 현실화할 경우 기업들이 투자 속도를 조절할 여지는 있다는 얘기다.시장조사업체 트렌드포스는 장비 공급망 측면으로 이번 투자를 조명했다. 이 업체는 삼성전자와 SK하이닉스의 800조원 규모 투자 계획이 글로벌 반도체 산업을 ""새로운 전국시대""로 밀어넣고 있다고 분석했다. 특히 TSMC·인텔의 2나노 이하 공정 확대 속도에도 부담을 줄 수 있다고 내다봤다.한국 반도체 공급망엔 긍정적 효과가 예상된다는 평이 나왔다. 블룸버그가 인용한 씨티그룹 보고서는 한국 정부 주도의 대규모 투자가 반도체 장비를 포함한 국내 공급망 성장에 도움이 될 것으로 전망했다. 씨티그룹은 '유망한 AI 수요 전망과 가속화된 신규 생산거점 확장 계획'을 근거로 한국 반도체 장비주에 우호적 시각을 유지했다.김대영/홍민성 한경닷컴 기자",True,삼성전자,"삼성전자와 SK하이닉스는 호남에 각각 400조원 규모의 반도체 투자 계획을 발표하며 AI 반도체 시장 선점을 위해 대규모 베팅을 하고 있다. 이는 글로벌 반도체 산업의 경쟁력 강화를 목표로 하지만, 공급 과잉 우려도 제기되고 있다. 전문가들은 투자 확대가 장기적으로 공급 과잉과 시장 불확실성을 초래할 가능성을 지적하며, 투자 속도 조절과 유연성이 중요하다고 분석한다. 이번 투자는 한국 반도체 공급망 강화와 산업 정책의 전환점으로 평가받고 있다.",반도체 공급망,3.0
2026-07-01,"이상일 용인특례시장, 민선9기 첫날 ‘반도체산업 육성 계획’ 서명",정보 없음,https://n.news.naver.com/mnews/article/009/0005701372,"클러스터 조성 등 11개사업 포함산단 현장 방문해 신속지원 약속이 시장 “정부도 행동 보여달라”이상일 시장이 용인반도체클러스터 일반산단 현장사무실을 방문해 SK하이닉스측과 의견을 교환하고 있다. [용인특례시]이상일 용인특례시장이 용인에서 진행되는 초대형 반도체 프로젝트를 성공적으로 추진하기 위해 민선9기 출범 첫날인 1일 첫번째 결재로 ‘용인 르네상스 2.0 용인시 반도체산업 육성 및 클러스터 조성 종합계획’에 서명했다.클러스터 조성 종합계획은 삼성전자와 SK하이닉스 등 두 반도체 앵커기업과 함께 용인을 세계 반도체 중심도시로 만들기 위한 3대 추진 전략과 11개 세부 사업으로 구성됐다.3대 추진 전략은 △클러스터 적기 가동을 통한 핵심 동력 확보 △실리콘 용인 생태계 고도화 및 소재·부품·장비(소부장) 혁신 지원 △지(지자체)·산·학 융합 글로벌 반도체 인재 양성 등이다.클러스터 조성 종합계획에 따라 시는 2023년 7월 20일 정부의 ‘반도체 국가첨단전략산업 특화단지’ 지정을 받은 첨단시스템반도체 국가산단(삼성전자), 용인반도체클러스터 일반산단(SK하이닉스), 삼성전자 기흥캠퍼스 미래연구단지(NRD-K)의 기반시설 조성에 대한 행정적 지원을 강화할 계획이다.시는 우선 3개 단지에 대해 반도체지원특별법상의 ‘반도체클러스터’로 지정하는 노력을 전개할 방침이다. 시는 클러스터 지정을 위한 세부추진 계획을 수립해 실행할 계획이다.반도체 소부장 기업의 신기술을 실증하고 양산 가능성을 검증하는 양산연계형 트리니티팹(반도체 테스트베드) 기반구축 사업도 지원한다. 1조원이 투입되는 트리니티팹은 2027년 5월 원삼면 용인반도체클러스터에 준공될 예정이다. 이는 반도체 소부장 개발제품의 성능·검증·평가 등으로 상용화 속도 향상, 초격차 기술 확보 및 공급망 안정화 등 반도체 산업 생태계 강화에 기여할 것으로 보인다.시는 용인에 우수한 소부장 기업과 설계기업을 전략적으로 유치하기 위한 맞춤형 인센티브를 제공하고 정기 소통 창구를 마련해 경영 애로사항을 모니터링하는 등 기업 정주 지원도 병행한다.시는 이상일 시장의 민선8기 공약인 ‘용인반도체고등학교’ 설립도 준비한다. 이 학교는 처인구 남곡분교장 폐교 부지에 24학급 규모로 설립된다. 2027년 3월 반도체특성화고로 우선 개교하며 2028년 3월 마이스터고로 전환된다. 시는 산학연 연계 맞춤형 교육과정 운영을 위한 교육경비 40억원을 지원키로 했다.시는 고교-대학-산업체가 유기적으로 연계된 지산학 협력 인재 양성 거버넌스를 구축하고 정부 출연 연구기관 분원 등 반도체 공공 연구 기관 유치에도 적극 나서 지산학 융합 글로벌 반도체 인재 양성 생태계를 체계적으로 조성해 나가기로 했다.한편 이 시장은 이날 이동·남사읍 용인 첨단시스템반도체 국가산단과 원삼면 용인반도체클러스터 일반산단 현장사무실을 찾았다. 이 시장은 먼저 국가산단 보상이 이뤄지고 있는 현장사무실을 방문해 토지·지장물 보상 현황을 점검했다. 현재 보상은 전체 보상금액 대비 47%, 면적 대비 40% 진행됐다.이 시장은 “국가산단 부지 조성을 위한 토목공사가 계획보다 많이 지연되고 있다”며 “터를 닦는 일을 하기 위해서는 LH가 1, 2공구 입찰공고를 내야 하는데 최소 6개월 가량 늦어졌으니 속히 공고를 해서 사업자를 선정하기 바란다”고 주문했다. LH 측은 “이달 중에는 공고가 나갈 수 있도록 하겠다”고 답했다.이어 원삼면에 위치한 용인반도체클러스터 현장사무소로 이동해 SK하이닉스측으로부터 2027년 가동 예정인 1기 팹 건설 공정률과 부지 조성 상황에 대한 설명을 들었다. 이 시장은 “SK하이닉스 팹 4기를 다 짓는데 속도를 내려면 3, 4기에 대한 전력·용수공급 계획을 서둘러 실행에 옮겨야 하므로 기후에너지환경부에 빠른 지원을 부탁해야 한다”며 “용인시는 지금까지 해왔던 것처럼 필요한 행정지원을 신속히 하도록 하겠다”고 했다.이 시장은 “국제 반도체 패권 경쟁 속에서 반도체 초격차를 유지하며 우위를 점하기 위해서는 용인 국가산단과 일반산단 조성에 속도가 더 붙어야 한다”며 “정부도 강력한 지원 의지를 밝히고 행동으로 의지를 보여주길 기대한다”고 강조했다.",True,반도체,"이상일 용인시장은 반도체 산업 육성을 위해 클러스터 조성, 인프라 지원, 기업 유치, 인재 양성 등 11개 사업을 추진하는 종합계획에 서명했다. 그는 SK하이닉스와 삼성전자와 협력하며, 반도체 지원특별법 지정, 양산형 테스트베드 구축, 반도체고 설립 등 다양한 지원책을 마련 중이다. 또한, 국가산단과 클러스터 현장도 방문해 보상 및 공사 지연 문제를 점검하며, 정부의 적극적 지원과 신속한 행동을 촉구했다. 용인 반도체 프로젝트의 성공을 위해 민관 협력과 정부의 강력한 지원이 중요하다고 강조했다.",반도체 공급망,2.0
2026-07-01,"TIGER 차이나반도체FACTSET, 연초 이후 121%↑…순자산 5배 증가",정보 없음,https://n.news.naver.com/mnews/article/018/0006319957,"중국 반도체 밸류체인 투자…팹리스·파운드리·장비 기업 편입반도체 자립 정책·AI 칩 수요 확대에 성장 기대[이데일리 김윤정 기자] 미래에셋자산운용의 ‘TIGER 차이나반도체FACTSET 상장지수펀드(ETF)’가 연초 이후 국내 상장 중국 투자 ETF 가운데 가장 높은 수익률을 기록했다. 수익률 개선에 힘입어 순자산도 반년 만에 5배 이상 늘었다.(자료 제공=미래에셋자산운용)미래에셋자산운용은 TIGER 차이나반도체FACTSET ETF가 국내 상장 중국 투자 ETF 54종 가운데 연초 이후 수익률 1위를 기록했다고 1일 밝혔다.해당 ETF의 연초 이후 수익률은 지난달 30일 수정 기준가 기준 121.4%를 기록했다. 최근 1년 수익률은 239.2%다. 순자산은 지난해 말 1265억원에서 지난달 30일 기준 6533억원으로 증가해 약 반년 만에 5배 이상 늘었다. 이에 따라 국내 상장 중국 투자 ETF 가운데 순자산 2위 규모를 기록했다.‘TIGER 차이나반도체FACTSET ETF’는 FactSet China Semiconductor 지수를 추종해 중국 반도체 밸류체인 전반에 투자하는 상품이다. 반도체 설계(팹리스), 파운드리, 장비, 메모리 등 주요 분야 기업을 편입한다. 기가디바이스, 캠브리콘, 나우라, 하이곤 등이 대표 편입 종목이다.운용사 측은 중국 정부의 반도체 자립 정책과 인공지능(AI) 산업 확대에 따른 AI 칩 수요 증가가 중국 반도체 산업 성장세를 이끌고 있다고 설명했다. 미국의 대중국 반도체 규제 이후 공급망 내재화가 빨라지면서 설계와 장비, 메모리 등 반도체 밸류체인 전반에서 실적 개선 기대가 커지고 있다는 분석이다.정의현 미래에셋자산운용 ETF운용본부장은 “중국 정부의 반도체 자립 정책과 AI 칩 국산화 수요가 본격화되며 중국 반도체 기업들의 성장세가 두드러지고 있다”며 “중국 반도체 밸류체인에 효율적으로 투자할 수 있는 상품”이라고 말했다.",True,반도체,"미래에셋자산운용의 ‘TIGER 차이나반도체FACTSET ETF’가 연초 이후 121.4%, 1년간 239.2%의 높은 수익률을 기록하며 국내 상장 중국 투자 ETF 가운데 선두를 달리고 있다. 이 ETF는 중국 반도체 밸류체인 전반에 투자하며, 설계, 파운드리, 장비, 메모리 등 주요 분야 기업에 편입되어 있다. 중국 정부의 반도체 자립 정책과 AI 칩 수요 확대, 미국 규제에 따른 공급망 내재화 기대가 성장의 배경이다. 이에 따라 순자산도 5배 이상 증가하며 규모가 커지고 있다.",반도체 공급망,1.0
2026-07-01,소기업 단체협상 담합 면책 추진에…공급망 차질 우려는?,정보 없음,https://n.news.naver.com/mnews/article/003/0014038551,"소기업 단협 통지만으로 5년간 면책담합 금지 원칙 예외 확대 논란 여지소비자 피해·공급망 차질 사후통제 관건중기업 요건·노조 적용 제외 경계 숙제[서울=뉴시스] 홍효식 기자 = 9일 오후 서울 영등포구 국회 인근에서 열린 생존권 사수와 고용 정책 대전환 촉구 범 소상공인 결의대회에서 소상공인연합회 등 참가자들이 생존권 보장을 촉구하는 구호를 외치고 있다. 2026.06.09. yesphoto@newsis.com[세종=뉴시스]여동준 기자 = 정부가 소기업·소상공인의 단체협상에 대해 공정거래법상 담합 규정 적용을 원칙적으로 면제하기로 하면서 경제적 약자의 협상력 강화에 힘이 실릴 전망이다.개별 사업자만으로는 대기업·중견기업과 대등하게 거래조건을 협상하기 어렵다는 점에서 소기업·소상공인의 공동 대응을 허용하겠다는 취지다.다만 가격·거래조건 공동 결정이라는 담합의 핵심 요소를 예외적으로 허용하는 만큼, 제도 남용과 소비자 피해를 막을 세부 기준을 얼마나 촘촘하게 설계할지가 관건으로 꼽힌다.1일 정부 등에 따르면 공정거래위원회는 소기업·소상공인이 대기업이나 중견기업을 상대로 단체협상에 나서는 경우 공정거래법상 담합 규정 적용을 면제하는 내용의 제도 개편을 추진한다.협상 참가자가 모두 소기업·소상공인인 경우 공정위에 협상 참가자, 상대방, 행위 내용을 통지하면 즉시 담합 규정 적용이 면제된다. 효력은 5년간 유지된다.중기업이 포함된 단체협상은 거래의존도 등 형식적 요건을 확인한 뒤 신고 수리 방식으로 허용한다. 이 경우 효력은 3년이다.허용되는 행위에는 가격, 거래조건, 거래량, 거래지역 등에 관한 합의가 포함된다. 공동 납품거부 등 단체행동도 원칙적으로 허용된다.제도가 바뀔 경우 하도급업체가 원청 대기업의 납품단가 인하 요구에 개별적으로 대응하기 어렵거나, 배달앱 입점상인이 플랫폼 수수료·정산주기 등을 혼자 협상하기 어려운 경우 단체협상을 통해 거래조건 개선을 시도할 수 있다.그동안 공정거래법상 담합 규정은 사업자 간 가격·거래조건 합의를 폭넓게 금지해왔다. 이 때문에 경제적 약자들이 공동 대응에 나서려 해도 담합 제재 가능성을 우려할 수밖에 없었다.그러나 이번 개편은 공정위가 지켜온 담합 금지 원칙에 예외를 넓히는 성격도 갖는다. 을의 협상력 보완이라는 정책 목적은 명확하지만, 가격과 거래조건 공동 결정을 어디까지 정당한 단체협상으로 볼지에 따라 공정거래법의 기준선이 달라질 수 있다.특히 소기업·소상공인 단체협상은 사전 심사 없이 통지만으로 5년간 면책된다. 이는 제도 이용자의 예측가능성을 높이는 장점이 있지만, 공정위의 사전 통제력은 약해지는 구조다.통지 단계에서 실질 심사를 하지 않는 만큼 허용 범위를 넘어서는 행위가 단체협상 형식을 빌려 이뤄질 가능성을 배제하기 어렵다. 문제가 발생하더라도 공정위의 조치는 원칙적으로 향후 금지명령에 그친다. 사후통제 전 행위는 제재하지 않아 법적 안정성을 보장하겠다는 취지지만, 초기 남용에 대한 억지력이 약해질 수 있다는 지적이 나올 수 있다.【세종=뉴시스】강종민 기자 = 세종시 어진동 정부세종청사 공정거래위원회. 2019.09.05 ppkjm@newsis.com소기업·소상공인의 시장 영향이 항상 제한적이라고 보기 어렵다는 점도 쟁점이다.공정위는 소기업·소상공인의 연합 필요성은 큰 반면 시장에 미치는 영향은 제한적이라고 보고 통지제를 설계했다. 적용 대상은 국내 사업자의 98.2%인 816만개사에 달한다.하지만 전체 시장에서는 규모가 작더라도 특정 지역, 특정 원재료, 특정 납품망에서는 영향력이 클 수 있다. 몇몇 소기업이 특정 대기업의 핵심 부품을 공급하는 구조라면 공동 납품거부만으로도 생산 차질이 발생할 수 있다.공동 납품거부 등 단체행동 허용은 을의 협상력을 끌어올리는 강한 수단이지만, 동시에 공급망 리스크로 이어질 가능성도 있다. 자동차·배터리·반도체 등 일부 산업에서는 특정 부품 공급이 며칠만 중단돼도 전체 생산라인에 영향을 줄 수 있다.공정위는 소비자 피해 등 중대한 부작용 우려가 있으면 임시중지 명령 등을 통해 신속히 대응하겠다는 방침이다. 다만 현장에서 공급 차질과 소비자 피해가 빠르게 확산될 수 있다는 점을 고려하면 사후 대응의 속도와 기준이 중요해진다.사후통제 기준인 '소비자 이익의 현저한 침해'도 구체화가 필요하다.공정위는 중간재 공급 중단으로 최종재 생산이 불가능해지는 경우, 소비자가격이 크게 오르는 경우 등을 예로 들고 있다. 하지만 실제 사건에서는 가격 상승이나 공급 차질의 원인을 특정하기 쉽지 않다.원재료 가격, 환율, 인건비, 물류비 등 여러 요인이 동시에 작용하는 상황에서 소비자가격 상승이 단체협상 때문인지 입증해야 한다. 어느 정도 가격 상승을 '현저한 침해'로 볼지, 공급 차질이 어느 수준에 이르면 금지명령 대상이 되는지도 하위규정에서 명확히 정해야 한다.[서울=뉴시스] 김근수 기자 = 9일 서울 시내에서 한 배달 라이더가 음식 배달을 하고 있다. 2025.06.09. ks@newsis.comB2B와 B2C의 경계도 현실에서는 복잡할 수 있다.공정위는 소비자를 상대로 한 담합은 허용하지 않고, 이번 제도가 B2B 거래에서 을의 협상력을 높이기 위한 것이라고 설명했다. 그러나 배달앱 입점상인, 가맹점주, 플랫폼 입점업체처럼 거래 구조가 다층적인 경우 비용 전가 경로가 소비자로 이어질 수 있다.입점상인이 플랫폼을 상대로 수수료 인하나 정산주기 개선을 요구하는 것은 B2B 협상이다. 하지만 협상 결과가 배달비, 상품 가격, 서비스 품질 등에 영향을 미치면 최종 소비자에게도 파급될 수 있다. 가맹점주가 대기업 가맹본부를 상대로 필수품목 가격이나 수수료를 협상하는 경우도 마찬가지다.중기업이 포함된 단체협상 요건이 형식화될 수 있다는 점도 살펴볼 대목이다.공정위는 중기업이 포함된 경우 참가사업자들의 연 매출 또는 매입 합산액이 협상 상대방보다 작고, 각 참가사업자의 상대방에 대한 거래의존도가 30% 이상이어야 한다는 요건을 두기로 했다.거래의존도 30%는 상대방에게 경제적으로 종속돼 있는지를 확인하기 위한 기준이다. 다만 이 수치가 실제 협상력 열위를 충분히 보여주는지는 별도 문제다. 거래의존도가 30% 미만이어도 대체 거래처가 없어 협상력이 약할 수 있고, 반대로 30% 이상이어도 해당 시장에서 상당한 지위를 가진 사업자가 있을 수 있다.노동조합과 노무제공자에 대한 공정거래법 적용 제외 역시 경계 설정이 중요하다.공정위는 설립신고된 노동조합과 소속 노동자, 법원 판결이나 노동위원회 결정으로 지위를 인정받은 노동조합과 소속 노동자, 노무제공자 행위를 공정거래법 적용 대상에서 제외하기로 했다.이는 헌법상 노동 3권을 보장하고 최근 판례 흐름을 반영하는 조치다. 다만 특수고용직, 플랫폼 노동, 자영업자의 경계가 흐려지는 상황에서 어떤 행위가 노동권 행사이고 어떤 행위가 사업자 간 경쟁제한 행위인지 판단이 쉽지 않을 수 있다.공정위는 이르면 이달부터 본격적인 입법 준비에 들어갈 계획이다. 보다 구체적인 내용은 입법 이후 시행령 등 하위 법령을 통해 확정될 예정이다.주병기 공정위 위원장은 ""국무회의 논의 결과를 토대로 관련 법의 개정안을 마련하고 신속히 법 집행을 추진하겠다""고 설명했다.선중규 공정위 경쟁정책국장도 ""현저한 침해 등의 내용은 하위 규정을 통해 더 구체적으로 마련할 예정""이라고 전했다.[세종=뉴시스] 강종민 기자 = 주병기 공정거래위원장이 지난 26일 세종시 정부세종청사에서 열린 국민주권정부 1주년 출입기자단 간담회에서 기자 질문에 답변하고 있다. 2026.05.27. ppkjm@newsis.com",True,반도체 공급망,"정부는 소기업·소상공인의 공동협상에 대해 공정거래법상 담합 규정을 원칙적으로 면제하는 제도를 추진한다. 5년간 면책되며, 가격·거래조건 합의도 허용된다. 이는 대기업과의 협상력 강화를 위한 조치로, 사전 심사 없이 통지만으로 가능하다. 그러나 담합 남용과 소비자 피해 우려, 공급망 차질 등 부작용이 제기돼 세부 기준 마련이 중요한 과제로 남아있다.",반도체 공급망,1.0
2026-07-01,"이상일 용인시장, 민선9기 첫 결재는 '반도체 종합계획'",정보 없음,https://n.news.naver.com/mnews/article/008/0005379964,"이상일 용인특례시장이 민선9기 출범 첫날인 1일 첫번째로 결재한 '용인 르네상스 2.0 용인시 반도체산업 육성 및 클러스터 조성 종합계획' 서류./사진제공=용인시이상일 경기 용인특례시장이 1일 민선 9기 시정 첫 결재로 '용인 르네상스 2.0 반도체산업 육성 및 클러스터 조성 종합계획'에 서명했다.이 시장은 이날 새벽 동백지역 환경미화원과 생활폐기물 수거를 마친 뒤 집무실에서 1호 결재를 처리했다. 이번 종합계획은 삼성전자와 SK하이닉스 등 앵커기업과 연계해 용인을 세계적인 반도체 거점으로 육성하기 위한 정책 구상이다. △클러스터 적기 가동을 통한 동력 확보 △실리콘 용인 생태계 고도화 및 소부장(소재·부품·장비) 혁신 지원 △지·산·학 융합 글로벌 인재 양성 등 3대 전략과 11개 세부 사업으로 구성됐다.시는 2023년 정부의 국가첨단전략산업 특화단지로 지정된 이동·남사읍 첨단시스템반도체 국가산단(삼성전자), 원삼면 반도체클러스터 일반산단(SK하이닉스), 삼성전자 기흥캠퍼스 미래연구단지(NRD-K) 기반시설 조성에 행정력을 집중한다. 반도체지원특별법에 따른 '반도체클러스터'로 지정받기 위한 세부 추진계획도 수립한다.반도체 산업 생태계 강화를 위한 인프라도 확충한다. 2027년 5월 원삼면 용인반도체클러스터에는 약 1조원 규모의 양산연계형 '트리니티팹' 기반 구축 사업을 적극 지원한다. 이를 통해 소부장 기업의 신기술 실증과 양산 검증을 돕고 공급망을 안정화한다. 전략적 기업 유치를 위한 맞춤형 인센티브 제공 등 정주 여건 개선도 병행한다.반도체 인재 양성을 위한 교육 기반을 마련한다. 처인구 남곡분교장 폐교 부지에 24학급 규모의 '용인반도체고등학교' 설립을 추진한다. 2027년 3월 반도체특성화고로 개교해 2028년 마이스터고로 전환할 계획이며, 시는 산학연 연계 교육과정 운영에 40억원을 지원한다. 정부 연구기관 분원 등을 유치해 지·산·학 연계 협력 거버넌스를 구축한다.이상일 용인특례시장이 1일 이동·남사읍 첨단시스템반도체 국가산단 보상이 이뤄지고 있는 현장사무실을 방문했다./사진제공=용인시이 시장은 결재 직후 이동·남사읍 국가산단과 원삼면 일반산단 현장사무실을 연이어 방문했다. 국가산단 현장에서는 토지·지장물 보상 현황을 점검하고 원활한 이주 대책 실행을 당부했다. 원삼면 현장에서는 2027년 가동을 앞둔 SK하이닉스 1기 팹(Fab) 건설 공정률을 살폈다.이 시장은 ""국제 반도체 패권 경쟁에서 초격차 우위를 점하기 위해서는 국가산단과 일반산단 조성에 더 속도가 붙어야 한다""면서 ""용인시가 최선을 다해 지원한 만큼, 정부도 용인시만큼의 강력한 지원 의지를 행동으로 보여주길 기대한다""고 말했다.",True,반도체,"이상일 용인특례시장은 민선 9기 출범 첫날, 반도체 산업 육성 계획인 '용인 르네상스 2.0'을 결재하며 반도체 클러스터 조성과 인프라 확충을 추진한다. 삼성전자와 SK하이닉스와 연계한 정책으로, 첨단시스템반도체 국가산단과 일반산단 조성, 인재 양성, 기업 유치, 보상 현황 점검 등을 통해 글로벌 반도체 경쟁력 강화를 목표로 한다. 2027년까지 약 1조원 규모의 지원과 반도체 특성화고 설립도 추진한다.",반도체 공급망,2.0
2026-07-01,통합의회 1호 조례는 반도체…91명 만장일치 가결,정보 없음,https://n.news.naver.com/mnews/article/079/0004163490,"첫 입법부터 첨단산업 선택…800조 반도체 프로젝트 뒷받침 제도 마련전남광주통합특별시의회 남악청사 전경. 광주특별시의회 제공전국 최초의 통합 광역의회인 전남광주통합특별시의회가 출범 첫날 첫 조례안으로 반도체 전략투자 지원 조례를 처리했다. 통합의회가 1호 조례로 반도체 산업 지원을 선택하면서 전남광주통합특별시의 첫 의정 방향도 첨단산업 육성과 미래 성장동력 확보에 맞춰졌다는 평가가 나온다.1일 오전 0시 무안 남악청사에서 열린 제1회 전남광주통합특별시의회 임시회에서 '전남광주통합특별시 글로벌 반도체 전략투자 지원 조례안'이 재석 의원 91명 전원 찬성으로 가결됐다.이번 조례안은 송형곤 의장이 대표 발의하고 순천 출신 김진남 의원이 공동 발의했다. 통합특별시의회 출범 이후 처음 상정된 조례안이라는 점에서 상징성이 크다.김진남 의원은 제안설명에서 ""반도체 산업은 국가 전략산업이자 미래 성장동력으로서 글로벌 공급망 재편과 인공지능 산업의 급속한 성장 속에 국가 경쟁력을 좌우하는 핵심 산업으로 부상하고 있다""고 밝혔다.특히 정부가 지난달 29일 전남광주통합특별시를 수도권에 이은 제2의 반도체 생산거점으로 공식화하고 800조원 규모 투자와 삼성전자·SK하이닉스 생산시설 구축, 전력·용수·교통 기반시설 지원 방침을 발표한 점이 조례 제정의 배경이 됐다.조례안은 통합특별시장이 반도체 산업 투자 유치와 투자 이행 지원을 위한 시책을 수립·시행하도록 규정했다. 관계 기관과 협력 체계를 구축해 국가 반도체 전략사업을 차질 없이 추진하도록 하는 내용도 담았다.또 투자 유치와 투자 이행 점검, 기반시설 지원 등을 종합적으로 심의·조정할 반도체 전략위원회 설치 근거를 마련했다. 위원회 산하에 분과위원회와 실무협의회를 둘 수 있도록 해 실무 지원 체계도 구축했다.기업 지원 체계도 포함됐다. 조례안은 투자 기업의 요청 사항을 신속하게 처리하기 위해 기업별 전담 대응팀을 구성할 수 있도록 했다. 관련 부서와 관계 기관이 참여하는 원스톱 지원 체계도 구축할 수 있게 했다. 투자 기업의 기술 정보와 경영 정보 보호를 위한 정보 보안과 비밀 준수 의무도 규정했다.김 의원은 ""이번 조례안은 전남광주통합특별시가 수도권에 이은 대한민국 제2의 반도체 생산거점으로 자리매김하기 위한 제도적 기반""이라며 ""반도체 산업 생태계 조성과 양질의 일자리 창출, 지역경제 활성화와 국가 첨단산업 경쟁력 강화에 기여할 수 있을 것""이라고 말했다.전남광주통합특별시의회가 출범 첫날 첫 조례안으로 반도체 지원 조례를 처리하면서 통합특별시의 핵심 성장 전략인 반도체 산업 육성에도 속도가 붙을 전망이다.※CBS노컷뉴스는 여러분의 제보로 함께 세상을 바꿉니다. 각종 비리와 부당대우, 사건사고와 미담 등 모든 얘깃거리를 알려주세요.이메일 :jebo@cbs.co.kr카카오톡 :@노컷뉴스사이트 :https://url.kr/b71afn",True,반도체,"전남광주통합특별시의회는 출범 첫날 반도체 산업 지원을 위한 조례안을 만장일치로 통과시켰다. 이 조례는 정부의 800조원 반도체 투자 계획과 삼성전자·SK하이닉스 등 생산시설 구축을 지원하며, 투자 유치와 이행, 기반시설 지원, 전략위원회 설치 등을 규정한다. 이를 통해 지역이 제2의 반도체 생산거점으로 자리매김하며 첨단산업 육성과 일자리 창출에 기여할 전망이다.",반도체 공급망,2.0
2026-07-01,"이상일, 민선 9기 첫 결재는...‘반도체 산업 클러스터 조성 종합계획’",정보 없음,https://n.news.naver.com/mnews/article/468/0001251218,"-클러스터 적기 가동, 실리콘 용인 생태계 고도화, 지·산·학 융합 글로벌 반도체 인재 양성 등 담겨- 클러스터 지정 신청, 반도체마이스터고 운영 등 민선9기서 추진할 11개 세부 추진 사업 방안도- 첨단시스템반도체 국가산단, 용인반도체클러스터 일반산단 현장 방문해 신속 지원 의지 표명 -이상일 시장이 민선9기 출범 첫날인 1일 첫번째 결재로 ‘용인 르네상스 2.0 용인시 반도체산업 육성 및 클러스터 조성 종합계획’에 서명하고 있다. 제공=용인시〔스포츠서울│용인=좌승훈기자〕이상일 용인특례시장은 민선9기 출범 첫날인 1일 첫 번째 결재로 ‘용인 르네상스 2.0 용인시 반도체산업 육성 및 클러스터 조성 종합계획’에 서명했다.민선9기 첫 결재인 ‘용인 르네상스 2.0 용인시 반도체산업 육성 및 클러스터 조성 종합계획’에는 민선 8기부터 추진해 온 용인의 초대형 반도체 프로젝트를 민선9기에서 속도감 있게 실행하겠다는 정책 의지가 담겼다.클러스터 조성 종합계획은 삼성전자와 SK하이닉스 등 두 반도체 앵커기업(선도기업)과 함께 용인을 세계 반도체 중심도시로 만들기 위한 3대 추진 전략과 11개 세부 사업으로 구성됐다.3대 추진 전략은 ▲클러스터 적기 가동을 통한 핵심 동력 확보 ▲실리콘 용인 생태계 고도화 및 소부장 혁신 지원 ▲지·산·학 융합 글로벌 반도체 인재 양성 등이다.클러스터 조성 종합계획에 따라 시는 2023년 7월 20일 정부의 ‘반도체 국가첨단전략산업 특화단지’ 지정을 받은 첨단시스템반도체 국가산단(삼성전자), 용인반도체클러스터 일반산단(SK하이닉스), 삼성전자 기흥캠퍼스 미래연구단지(NRD-K)의 기반시설 조성에 대한 행정적 지원을 강화한다.시는 첨단시스템반도체 국가산단, 용인반도체클러스터 일반산단, 삼성전자 기흥캠퍼스를 반도체지원특별법상의 ‘반도체클러스터’로 지정하는 노력을 전개하고, 클러스터 지정을 위한 세부추진계획을 수립해 실행한다.또 반도체 소재‧부품‧장비(소부장) 기업의 신기술을 실증하고 양산 가능성을 검증하는 양산연계형 트리니티팹 기반구축 사업도 지원한다. 약 1조 원이 투입되는 트리니티팹은 내년 5월 원삼면 용인반도체클러스터에 준공될 예정이다. 이는 반도체 소부장 개발제품의 성능·검증·평가 등으로 상용화 속도 향상, 초격차 기술 확보 및 공급망 안정화 등 반도체 산업 생태계 강화에 기여할 것으로 기대된다.시는 용인에 우수한 반도체 소재‧부품‧장비(소부장)기업과 설계기업을 전략적으로 유치하기 위한 맞춤형 인센티브를 제공하고, 정기 소통 창구를 마련해 경영 애로사항을 모니터링하는 등 기업 정주 지원 노력도 병행한다.시는 이와 함께 이 시장의 민선8기 공약인 ‘용인반도체고등학교’ 설립을 준비하고 있다. 이 학교는 처인구 남곡분교장 폐교 부지에 24학급 규모로 설립된다. 2027년 3월 반도체특성화고로 우선 개교하며, 2028년 3월 마이스터고로 전환된다. 시는 산학연 연계 맞춤형 교육과정 운영을 위한 교육경비 40억 원을 지원한다.시는 고교-대학-산업체가 유기적으로 연계된 지산학 협력 인재 양성 거버넌스를 구축하고, 정부 출연 연구기관 분원 등 반도체 공공 연구 기관 유치에도 적극 나서 지산학 융합 글로벌 반도체 인재 양성 생태계를 체계적으로 조성해 나간다.이상일 시장이 1일 원삼면 용인반도체클러스터 일반산단 현장사무실을 방문해 SK하이닉스 관계자로부터 설명을 듣고 있다. 제공=용인시이 시장은 결재를 마친 뒤 이동·남사읍 용인 첨단시스템반도체 국가산단과 원삼면 용인반도체클러스터 일반산단 현장사무실을 방문했다.이 시장은 먼저 국가산단과 관련해 보상이 이뤄지고 있는 현장사무실을 방문해 토지‧지장물 보상 현황을 점검했다. 현재 보상은 전체 보상금액 대비 47%, 면적 대비 40% 진행됐다.이 시장은 주민과 기업의 이주 계획이 원활하게 실행될 수 있도록 관계자들에게 노력해달라고 당부했다.또 “국가산단 부지 조성을 위한 토목공사가 당초 계획보다 많이 지연되고 있다”며 “터를 닦는 일을 하기 위해서는 LH가 1, 2공구 입찰공고를 내야 하는 데 최소 6개월가량 늦어졌으니 속히 공고를 해서 사업자를 선정하기 바란다”고 주문했다. 이에 대해 LH 측은 “신임 사장 취임후 보고절차를 거쳐 신속히 추진하겠다”고 답했다.이 시장은 이어 원삼면에 위치한 용인반도체클러스터 현장사무소로 이동해 SK하이닉스 관계자로부터 내년 가동 예정인 SK하이닉스 1기 팹 건설 공정률과 부지 조성 상황에 대한 설명을 들었다.이 시장은 “SK하이닉스 팹 4기를 다 짓는 데 속도를 내려면 3,4기에 대한 전력ㆍ용수공급 계획을 실행에 옮기는 일에도 속도가 나야 하므로 기후에너지환경부에 신속한 지원을 부탁해야 한다”며 “용인시는 지금까지 해왔던 것처럼 필요한 행정지원을 신속히 하도록 하겠다”고 말했다.그러면서“SK하이닉스 1,2기 팹에 공급될 공업용수 관로를 시험운전한 결과 유수율이 91% 밖에 되지 않은 것으로 안다”며 “여주보에서 오는 물의 손실을 최대한 줄여야 하는 만큼 유수율을 99%로 올리도록 노력해 달라”고 주문했다.박정호 용인반도체클러스터 일반산단 대표는 “관로를 잘 점검하고 관리해서 유수율을 99%까지 올리도록 하겠다”고 답했다.이상일 시장은 “국제 반도체 패권 경쟁 속에서 반도체초격차를 유지하며 우위를 점하기 위해서는 용인 국가산단과 일반산단 조성에 속도가 더 붙어야 한다“며 ”용인시는 그동안 최선을 다해 지원해 온 만큼 계속적으로 행정지원을 할 것이며, 정부도 용인시처럼 강력한 지원 의지를 밝히고 행동으로 의지를 보여주길 기대한다“고 말했다.hoonjs@sportsseoul.com",True,반도체,"이상일 용인시장은 민선9기 출범 첫날 ‘용인 르네상스 2.0 반도체산업 육성 및 클러스터 조성 종합계획’에 서명하며, 반도체 산업 생태계 강화를 추진한다. 계획에는 클러스터 적기 가동, 실리콘 생태계 고도화, 글로벌 인재 양성 등이 포함되며, 정부와 협력해 첨단시스템반도체 국가산단, 용인반도체클러스터 등 기반시설 조성에 속도를 내고 있다. 또한 반도체 고교 설립과 연구기관 유치로 인재 양성도 강화하며, 현장 방문을 통해 사업 진행 상황을 점검하고 행정 지원을 약속했다.",반도체 공급망,2.0
2026-07-01,"‘40주년’ 한국머크 안산사업장 ""반도체 핵심 파트너 될 것""",정보 없음,https://n.news.naver.com/mnews/article/029/0003034590,"한양기공 출범 후 머크 편입반도체 소재·공정 솔루션 확대""글로벌 공급망 앞세워 역량 강화""경기 안산시에 위치한 한국머크 안산사업장에서 지난달 30일 열린 한국머크 안산사업장 40주년 기념식에서 롭 모르텐슨(왼쪽부터) 머크 일렉트로닉스 글로벌 장비 클러스터 부문 총괄, 김우규 한국머크 대표, 허남석 안산시 부시장, 이경재 한국머크 최고안전책임자, 김상엽 안산 사이트디렉터가 기념촬영을 하고 있다. 한국머크 제공한국머크 안산사업장이 창립 40주년을 맞아 반도체 산업 핵심 파트너로서의 역할을 강화하겠다는 비전을 제시했다.반도체 제조 공정에 필요한 소재 공급과 공정 솔루션 역량을 바탕으로 국내외 고객사 지원을 확대한다는 계획이다.한국머크는 지난달 30일 경기 안산사업장에서 창립 40주년 기념식을 열고 지난 40년간의 성과와 향후 사업 전략을 공유했다고 1일 밝혔다.한국머크 안산사업장에서 지난달 30일 열린 40주년 기념식에서 김우규(왼쪽 네번째) 한국머크 대표 등 관계자들이 케이크 커팅식을 하고 있다. 한국머크 제공행사에는 허남석 안산시 부시장, 김우규 한국머크 대표, 롭 모르텐슨(Rob Mortensen) 머크 렉트로닉스 글로벌 장비 클러스터 총괄 등이 참석했다.안산사업장은 1986년 한양기공으로 출범한 이후 에어프로덕트와 버슘을 거쳐 2019년 머크에 편입됐다.현재는 반도체 제조에 필요한 가스와 화학물질 공급 장비, 딜리버리 시스템 앤드 서비스(Delivery Systems & Services·DS&S) 분야의 기술력을 바탕으로 국내외 반도체 프로젝트를 수행하고 있다. 허남석 안산시 부시장은 ""머크는 지난 40년간 반도체 산업 발전과 지역사회 공헌에 기여해 왔다""며 ""안산에서 더 많은 글로벌 소재·부품·장비 기업이 성장할 수 있도록 적극 지원하겠다""고 말했다.김우규 한국머크 대표는 ""고순도 첨단 소재와 가스 공급을 위한 맞춤형 솔루션, 통합 공정 솔루션을 기반으로 고객사의 경쟁력 향상을 지원하고 있다""며 ""앞으로도 기술 혁신과 글로벌 공급망을 바탕으로 반도체 제조공정 전반의 핵심 파트너 역할을 이어가겠다""고 말했다.한국머크 안산사업장은 2023년 대한민국 가스안전대상에서 국무총리 표창을 받는 등 안전 분야 성과를 인정받았다. 지역 아동센터 후원과 연탄 나눔, 기부 캠페인 등 사회공헌 활동도 지속하고 있다.",True,반도체,"한국머크 안산사업장은 40주년을 맞아 반도체 소재와 공정 솔루션 강화를 통해 국내외 고객 지원을 확대할 계획이다. 1986년 한양기공으로 출범 후 머크에 편입된 이후, 가스와 화학물질 공급 장비 등 핵심 기술력을 바탕으로 반도체 산업 발전에 기여하고 있다. 안전성과 사회공헌 활동도 지속하며 글로벌 공급망과 기술 혁신을 통해 핵심 파트너 역할을 강화하고 있다.",반도체 공급망,1.0
2026-07-01,"배터리 이어 AI칩까지…中 전기차, 반도체 자립 가속",정보 없음,https://n.news.naver.com/mnews/article/003/0014039744,"BYD·니오 등 자체 설계 확대美 제재 리스크에 공급망 내재화글로벌 車 반도체 시장 재편 예고[카마사리(브라질)=AP/뉴시스] 30일(현지 시간) 파이낸셜타임스(FT)에 따르면 세계 최대 전기차 업체인 중국 선전의 BYD는 지난 5월 7000명 규모의 반도체 연구팀이 설계한 첫 자율주행용 칩 '쉬안지(Xuanji) A3'를 공개했다. 사진은 브라질 바히아주 카마사리의 중국 전기차 대기업 BYD 대리점에 BYD 차량이 전시돼 있는 모습. 2026.07.01.[서울=뉴시스]박미선 기자 = 중국 자동차 업체들이 해외 반도체 의존도를 줄이기 위해 자체 칩 개발에 속도를 내고 있다. 배터리 기술을 앞세워 전기차 경쟁력을 키웠던 것처럼 차량용 반도체에서도 자립을 추진하며 글로벌 공급망 재편에 나서는 모습이다.30일(현지 시간) 파이낸셜타임스(FT)에 따르면 세계 최대 전기차 업체인 중국 선전의 BYD는 지난 5월 7000명 규모의 반도체 연구팀이 설계한 첫 자율주행용 칩 '쉬안지(Xuanji) A3'를 공개했다.왕촨푸 BYD 창업자는 ""BYD는 이제 지능형 차량에 필요한 핵심 칩을 모두 자체 공급할 수 있다""며 ""앞으로 어떤 수준의 컴퓨팅 성능이 필요하든 우리 스스로 제공할 수 있을 것""이라고 말했다.중국 기업들은 차량용 AI 칩을 직접 설계하고 있지만 실제 생산은 대만 TSMC와 삼성전자, 독일 인피니언 등 해외 업체에 의존하고 있다. FT는 차량용 반도체 설계 역량이 수년간 중국 정부 산업정책의 핵심 목표였던 반도체 자립으로 가는 중요한 단계라고 평가했다.BYD뿐 아니라 니오·샤오펑·상하이자동차(SAIC)·창안자동차·창청자동차(GWM)·리오토·지리자동차 등도 AI 기능을 갖춘 차량용 칩을 자체 설계하고 있다. 화웨이와 호라이즌 로보틱스·블랙세서미·오리텍 등 중국 반도체 기업과의 협력도 확대하고 있다.FT는 이 같은 움직임이 장기적으로 미국·유럽·일본 반도체 업체들의 중국 자동차 시장 매출을 위협할 수 있다고 분석했다.현재 중국에는 순수전기차와 플러그인하이브리드(PHEV)를 포함해 5000만 대 이상의 전기차가 운행 중이다. 성장세는 둔화됐지만 올해도 1400만 대가 추가될 것으로 예상된다. 중국의 신형 전기차에는 내연기관차보다 약 두 배 많은 반도체가 탑재되며, 차량 한 대당 반도체 가치도 최대 2000달러에 달한다.UBS의 기술 담당 애널리스트 지미 유는 ""향후 3~5년 동안 자동차용 반도체가 중국 반도체 설계 산업의 핵심 성장 동력이 될 것""이라고 전망했다. 중국 정부가 자동차 업체들에 중국산 반도체 사용을 강제하지 않고 있지만, 앞으로 해외 반도체 접근이 차단될 수 있다는 잠재적 위험이 업계를 움직이고 있다는 분석이다.익명을 요구한 한 일본 반도체 업체 임원은 ""중국은 매우 큰 위협""이라며 ""자동차 분야에서는 개발 속도가 두 배는 빠르다. 아직은 전력 반도체에서 뒤처져 있지만 시간문제일 뿐""이라고 말했다.AI용 반도체를 포함한 최첨단 반도체 시장은 여전히 미국·유럽·일본 기업들이 주도하고 있다. 업계 관계자들은 자율주행 AI 기능을 적용하는 대부분의 중국 전기차 업체가 현재 엔비디아가 설계한 칩을 사용하고 있다고 설명했다. 그러나 대량 생산 단계로 접어들면서 자동차 업체들은 자체 소프트웨어에 최적화되고 비용도 낮출 수 있는 전용 칩 개발에 집중하고 있다.실제 BYD는 쉬안지 A3가 엔비디아 제품을 포함한 경쟁 제품과 동일한 연산 성능에서 전력 소비를 20% 줄였다고 주장했다. 니오는 자체 AI 칩을 사용할 경우 차량 한 대당 약 1만 위안의 비용을 절감할 수 있다고 밝혔다.한 유럽 자동차업체 임원은 ""엔비디아 칩에는 사용하지 않는 기능이 많지만 그 비용까지 모두 지불해야 한다""고 말했다.S&P 글로벌 자동차산업 인텔리전스는 지난해 보고서에서 ""중국 자동차 산업의 반도체 독립 움직임이 글로벌 자동차 전자부품 공급망을 크게 재편할 수 있다""고 전망했다．",True,반도체,"중국 전기차 업체들이 미국·유럽·일본 반도체 업체에 대한 의존도를 줄이기 위해 자체 차량용 반도체 개발에 박차를 가하고 있다. BYD는 자율주행용 칩 ‘쉬안지 A3’를 공개했고, 니오·샤오펑 등도 자체 설계에 나섰다. 이들은 해외 업체와 협력도 확대하며 공급망 내재화를 추진 중이다. 이러한 움직임은 글로벌 자동차 반도체 시장 재편과 중국 내 전기차 수요 증가에 따른 산업 경쟁력 강화를 목표로 하며, 미국·유럽 기업들의 시장 점유율에 영향을 미칠 전망이다.",반도체 공급망,2.0
2026-07-01,"추미애, 1호 결재로 'K-반도체 혁신'…. 민선 9기 성장 드라이브 시동",정보 없음,https://n.news.naver.com/mnews/article/047/0002521187,"경기도지사 직속 반도체전략위원회 구성... 정부·기업 협력체계 구축, 초격차 속도전 본격화▲추미애 경기도지사가 1일 오후 경기도청 집무실에서 제1호 결재를 마치고 기자들 질문에 답변 하고 있다.ⓒ 경기도민선 9기 경기도정의 첫 번째 행정명령은 '반도체'였다. 추미애 경기도지사가 취임 첫날 1호 결재로 '반도체 초격차를 위한 K-반도체 혁신 대책'에 서명하면서 향후 4년간 경기도정의 핵심 축을 경제 성장과 첨단산업 육성에 두겠다는 의지를 분명히 했다.첫 결재는 새 도지사의 도정 철학을 상징적으로 보여주는 행위다. 추미애 지사가 복지나 조직개편이 아닌 반도체 정책을 가장 먼저 선택한 것은 민선 9기 핵심 비전인 '강한 성장, 반도체로 경제1번지 구현'을 도정 최우선 과제로 삼겠다는 선언으로 읽힌다. 특히 정부가 추진하는 반도체 특별법 시행과 국가 반도체 전략에 발맞춰 경기도가 주도권을 확보하겠다는 의미도 담겼다.추미애 지사는 1일 결재를 마친 뒤 ""이번 대책은 민선 9기 정책 목표인 '강한 성장 반도체로 경제1번지 구현'을 실현하기 위한 것""이라며 ""정부의 대한민국 대도약 3대 메가 프로젝트 가운데 반도체 분야 전략과 연계해 신속한 반도체 클러스터 조성과 기업 투자 지원 체계를 구축하는 데 목적이 있다""고 밝혔다.이어 ""경기도지사 제1호 결재로 이렇게 직접 도정에 반영할 수 있게 된 것을 큰 영광으로 생각한다""며 ""대한민국이 목표하는 글로벌 초격차 유지에 선제적으로 대응할 수 있도록 차질 없이 준비하겠다""고 말했다.▲추미애 경기도지사가 1일 오후 경기도청 집무실에서 AI국장에게 보고를 받고 있다.ⓒ 경기도'속도'와 '실행력'에 방점 찍은 반도체 전략이번 혁신 대책은 단순한 산업 육성 계획이 아니라 정부 정책과 기업 투자, 지방정부의 행정 지원을 하나의 체계로 묶는 실행 계획이라는 점이 특징이다.경기도는 우선 ▲세계 최대 K-반도체 생태계 조기 완성 ▲팹(Fab) 건설 기간 단축과 생산능력 5년 내 2배 확대를 목표로 한 '반도체 속도전' ▲팹리스 육성과 정주여건 개선을 통한 미래 성장기반 구축 등 3대 추진 전략을 제시했다.핵심은 '속도'다.수원의 연구개발(R&D), 성남의 팹리스, 용인·평택·화성·이천의 제조, 안성·오산의 소재·부품·장비 산업을 하나의 거대한 산업벨트로 연결하는 동시에 기업 투자 일정에 맞춰 전력·용수·도로 등 기반시설을 적기에 공급하겠다는 구상이다. 반도체 산업의 경쟁력이 기술력뿐 아니라 투자 속도와 공급망 안정성에서 결정되는 만큼, 행정이 병목 현상을 최소화하는 역할을 맡겠다는 것이다.이를 위해 추미애 지사는 도지사 직속 반도체전략위원회를 즉시 구성하기로 했다. 정부, 중앙부처와의 협의를 상시화하고, 대통령 주재 반도체 경쟁력 강화 특별위원회와 정례 협의를 추진하는 한편 국회와 기초지자체, 기업이 함께 참여하는 'K-반도체 클러스터 완성 협의체'도 제안했다.이는 지방정부가 단순한 인허가 기관을 넘어 중앙정부와 기업을 연결하는 정책 플랫폼 역할까지 수행하겠다는 의미로 해석된다.▲추미애 경기도지사가 1일 오후 경기도청 집무실에서 제1호 결재 서류를 살펴보고 있다ⓒ 경기도▲추미애 경기도지사가 1일 오후 경기도청 집무실에서 제1호 결재를 하고 있다.ⓒ 경기도""반도체는 산업정책이자 지역발전 전략""이번 대책에는 산업 경쟁력뿐 아니라 인재와 생활환경을 함께 고려한 내용도 포함됐다.경기도는 가칭 '경기미래투자공사' 설립 등을 통해 팹리스 기업 200개 육성을 추진하고, 용인 이동지구와 오산 세교3지구 등에 기숙사와 임대주택을 공급하는 등 교육·의료·주거를 포함한 정주여건 개선에도 나설 계획이다.이는 반도체 산업을 공장 유치에만 머물지 않고 연구개발과 창업, 인재 정착까지 연결되는 산업생태계로 확대하겠다는 전략이다.이번 1호 결재는 추미애 지사가 인수위원회 단계부터 강조해 온 '반도체 초격차 전략'을 실제 행정으로 옮긴 첫 사례이기도 하다. 앞서 경기준비위원회는 여러 차례 반도체 특별위원회를 운영하며 특별법 대응과 클러스터 조성, 팹리스 육성 등을 핵심 정책으로 제시해 왔다.결국 이번 첫 결재의 의미는 단순히 반도체 정책 하나를 승인했다는 데 있지 않다. 민선 9기 경기도가 중앙정부의 산업정책을 기다리는 수동적 지방정부가 아니라, 국가 반도체 전략을 주도적으로 견인하는 실행 주체가 되겠다는 메시지를 공식화한 데 있다.향후 반도체 특별법 시행과 함께 반도체전략위원회, K-반도체 클러스터 협의체가 실제 가동되고 기업 투자와 기반시설 구축이 속도를 낼 수 있을지가 '추미애표 경제도정'의 성패를 가를 첫 시험대가 될 것으로 보인다.",True,반도체,"경기도는 추미애 지사 취임 후 첫 결재로 반도체 초격차 전략을 추진하는 행정명령을 내렸다. 반도체 산업 육성, 클러스터 조성, 팹 건설 속도전 등을 핵심으로 하며, 정부와 기업, 지방정부 간 협력체계를 구축한다. 반도체 산업을 지역경제 성장의 핵심 축으로 삼아 인재 육성, 정주환경 개선 등 종합적 지원을 계획하며, 지방정부가 산업 정책의 주도권을 잡겠다는 의지를 드러냈다. 이를 통해 전국 반도체 경쟁력 강화를 선도하는 것이 목표다.",반도체 공급망,1.0
2026-07-01,미래에셋 'TIGER 차이나반도체FACTSET' 상반기 수익률 121%,정보 없음,https://n.news.naver.com/mnews/article/003/0014041032,"[서울=뉴시스] 강수윤 기자 = 미래에셋자산운용은 'TIGER 차이나반도체FACTSET ETF(상장지수펀드)'가 국내 상장 중국 투자 ETF 54종 중 연초 이후 수익률 1위를 기록했다고 1일 밝혔다.이 상품의 연초 이후 수익률은 121.4%(전일 수정 기준가 기준), 최근 1년 수익률도 239.2%에 달한다. 수익률 호조에 힘입어 지난해 말 1265억원이었던 순자산은 전날 6533억원으로 반년 만에 약 5배로 늘었다. 이에 따라 이 ETF는 국내 상장 중국 투자 ETF 가운데 순자산 2위 규모로 성장했다.이 ETF는 FactSet China Semiconductor 지수를 추종하는 상품으로, 중국 반도체 밸류체인 전반에 투자한다. 반도체 설계(Fabless), 파운드리, 장비, 메모리 등 핵심 분야의 대표 기업을 편입하고 있으며, 주요 구성 종목으로는 기가디바이스(GigaDevice), 캠브리콘(Cambricon), 나우라(NAURA), 하이곤(Hygon) 등이 있다.최근 중국 반도체 산업은 정부의 반도체 자립(국산화) 정책과 인공지능(AI) 산업 확대에 따른 AI 칩 수요 증가를 바탕으로 성장세를 이어가고 있다. 미국의 대중국 반도체 규제 강화 이후 중국은 반도체 공급망 내재화에 속도를 내고 있으며, 설계·장비·메모리 등 반도체 밸류체인 전반에서 경쟁력을 갖춘 기업들의 실적 개선 기대가 확대되고 있다.정의현 미래에셋자산운용 ETF운용본부장은 ""중국 정부의 반도체 자립 정책과 AI 칩 국산화 수요가 본격화되며 중국 반도체 기업들의 성장세가 두드러지고 있다""며 ""TIGER 차이나반도체FACTSET ETF는 중국 반도체 밸류체인 성장에 효율적으로 투자할 수 있는 상품""이라고 말했다.",True,반도체,"미래에셋자산운용의 'TIGER 차이나반도체FACTSET ETF'가 국내 상장 중국 투자 ETF 중 연초 이후 수익률 1위(121.4%)를 기록하며 큰 성장세를 보이고 있다. 최근 1년 수익률은 239.2%에 달하며, 순자산도 1265억 원에서 6533억 원으로 약 5배 증가했다. 이 ETF는 중국 반도체 산업 전반에 투자하며, 정부의 자립 정책과 AI 산업 확대로 성장하는 중국 반도체 기업의 실적 개선 기대가 높아지고 있다.",반도체 공급망,2.0
2026-07-01,D램값 6월에도 5% 상승…“3분기 최대 20% 더 오른다”,정보 없음,https://n.news.naver.com/mnews/article/011/0004637116,"■ 월평균 가격 역대 최고치낸드도 8.7%↑…전년比 9배 급등‘칩플레이션 현상’ 장기화 가능성삼성전자의 DDR5 모습. DDR5는 대표적인 범용 D램 중 하나다. 삼성전자인공지능(AI) 시장 확대에 따라 메모리반도체인 D램과 낸드플래시 범용 제품의 월평균 가격이 역대 최고가를 기록했다. 공급 부족과 견조한 수요가 맞물리며 하반기에도 가격 상승세가 이어질 것이라는 분석이다. ‘칩플레이션(반도체+인플레이션)’ 현상이 장기화할 가능성이 크다는 전망이 나온다.1일 시장조사 업체 D램익스체인지에 따르면 올 6월 PC용 D램 범용 제품(DDR4 8Gb 1Gx8)의 평균 고정거래가격은 5월(20달러)보다 5% 상승한 21달러를 기록했다. 이는 관련 조사를 시작한 2016년 6월(2.9달러)보다 7배 이상 높은 수치로 사상 최고치다.D램 가격은 지난해 4월 1.65달러를 기록한 후 올 2월까지 11개월 연속 올랐다. 올 3월(13달러)에는 전월과 동일한 가격을 유지하며 잠시 숨을 골랐으나 4월 16달러(전월 대비 상승률 23.08%), 5월 20달러로 치솟은 뒤 6월에도 견조한 오름세를 이어갔다.낸드플래시 가격 역시 꾸준한 상승 곡선을 그리고 있다. 메모리카드 및 USB용 낸드 범용 제품(128Gb 16Gx8 MLC)의 6월 평균 고정거래가격은 28.8달러로 집계돼 전월 대비 8.7% 상승했다. 낸드 가격은 18개월 연속 상승 흐름을 유지하고 있다. 1년 전인 2025년 6월(3.1달러)과 비교하면 9배 이상 오른 셈이다.세부적으로 6월 싱글레벨셀(SLC)의 평균 판매가격(ASP)은 재고 부족과 수요 증가로 전월 대비 28~31% 올라 이전 달(3~16%)보다 인상 폭이 커졌다. 멀티레벨셀(MLC) 제품도 8~12% 오르며 안정적인 상승세를 보였다.메모리반도체 가격 오름세는 당분간 지속될 것으로 전망된다. 트렌드포스는 D램 공급 업체들이 7~8월에도 번갈아가며 가격을 올리고 서로의 인상 기조에 보조를 맞출 것으로 내다봤다. 이에 따라 올 3분기 PC용 D램 고정거래가격의 전 분기 대비 인상률 전망치를 기존 8~13%에서 15~20%로 상향 조정했다. 4분기 상승률 전망치도 0~5%에서 3~8%로 높였다.트렌드포스는 낸드 시장에 대해서도 “3분기는 전통적인 재고 비축 성수기를 맞아 주문량이 늘어날 것”이라며 “생산 능력 부족에 따른 수급 불균형으로 SLC 제품 가격은 3분기에 60~70%가량 급등할 수 있다”고 분석했다. 다만 “MLC 제품은 3분기 들어 상승세가 다소 둔화할 것”이라고 덧붙였다.SK하이닉스 DDR5 기반 RDIMM(D램 모듈) 모습. SK하이닉스",True,디램,"메모리반도체 가격이 공급 부족과 수요 증가로 역대 최고치를 기록하며 ‘칩플레이션’ 현상이 장기화될 전망이다. 6월 PC용 D램 가격은 21달러로 2016년 이후 7배 이상 급등했고, 낸드플래시 가격도 9배 오른 28.8달러를 기록했다. 18개월 연속 상승세를 보이며, 3분기에도 가격 인상 기조가 이어질 것으로 예상된다. 전문가들은 공급 부족과 수요 강세로 가격 상승이 지속될 가능성을 높게 보고 있다.",플래시,2.0
2026-07-01,"번스타인, 샌디스크 목표주가 1700→3000달러로 높여",정보 없음,https://n.news.naver.com/mnews/article/015/0005305043,"이 기사는 국내 최대 해외 투자정보 플랫폼한경 글로벌마켓에 게재된 기사입니다.미국의 낸드플래시 기업 샌디스크의 제품군. 사진=샌디스크 홈페이지미국의 투자은행(IB) 번스타인이 낸드플래시 기업 샌디스크의 투자의견을 ‘시장수익률 상회’로 유지하고, 목표주가를 1700달러에서 3000달러로 기존보다 76% 상향조정했다고 CNBC가 6월 30일(현지시간) 보도했다.마크 뉴먼 번스타인 애널리스트는 이날 투자노트에서 “과거 메모리 반도체 시장의 장기공급계약은 철저하게 대형 고객사에 일방적으로 유리한 구조였지만 최근은 완전히 달라졌다”고 짚었다.뉴먼은 3가지 요인으로 정리했다. 첫 번째는 계약을 할 때 미리 가격을 고정해 시장에서 반도체 가격이 하락해도 영향을 받지 않을 수 있다. 두 번째는 장기공급계약 조건을 미리 맞추기 때문에 예전처럼 고객사 마음대로 계약을 파기할 수 없다. 세 번째는 계약 기간을 최소 3~5년으로 묶기 때문이다.샌디스크의 주가는 나스닥에서 최근 6개월 간 857.84% 폭등했다. 6월 30일 종가인 2273.73달러에서 약 46% 더 오를 가능성이 있다는 게 번스타인 측의 전망이다.번스타인은 “기존과 달라진 칩 장기공급계약이 향후 닥칠 수 있는 반도체 불황의 위험 우려를 없애지는 못하겠지만, 기업의 갑작스러운 적자 추락은 획기적으로 줄어들 것”이라고 밝혔다. 또 샌디스크의 2030회계연도(2029년 6월~2030년 5월) 주당순이익(EPS)을 214달러로 추정했다.향후 도래할 반도체 다운사이클(불황기)의 리스크를 완전히 없앨 수는 없겠지만 과거처럼 회사가 순식간에 적자로 추락하는 하방 위험은 획기적으로 경감시켰다""고 강조했다.번스타인의 시뮬레이션 결과, 신규 장기공급계약 시스템 덕분에 샌디스크의 2030회계연도 주당순이익(EPS)은 214달러에 달할 것으로 추정됐다.",True,샌디스크,"번스타인은 샌디스크의 투자의견을 ‘시장수익률 상회’로 유지하며, 목표주가를 1700달러에서 3000달러로 상향 조정했습니다. 최근 샌디스크의 주가가 6개월 만에 857.84% 급등했으며, 장기공급계약의 변화로 반도체 시장의 불확실성을 일부 해소했다고 평가했습니다. 새 계약 방식은 가격 고정, 계약 기간 확보, 계약 조건의 미리 정립으로, 반도체 불황 시 리스크를 줄이고 기업의 안정성을 높인다는 분석입니다. 2030년 예상 주당순이익은 214달러로 전망됩니다.",플래시,1.0
2026-07-01,"""글로벌 위상 높인다""…간암학회장에 박희철 교수",정보 없음,https://n.news.naver.com/mnews/article/003/0014038825,"차세대 방사선 치료 '플래시' 분야 연구 주도지방간 환자 증가…국민과 소통 강화할 것[서울=뉴시스] 박희철 삼성서울병원 방사선종양학과 교수. (사진= 삼성서울병원 제공)[서울=뉴시스] 류난영 기자 = 대한간암학회 제28기 회장으로 박희철 삼성서울병원 방사선종양학과 교수가 1일 취임했다. 임기는 2027년 6월까지 1년간이다.대한간암학회는 1999년 간암연구회로 출범해 30년 가까이 다학제에 기반을 두고 한마음으로 간암을 연구하고, 적정 진료에 뜻을 모아 왔다.또 만 40세 이상 고위험군을 대상으로 '1년에 2번, 2가지 검사(간 초음파, 혈액검사)를 정기적으로 받아 간암을 조기 진단하자'는 의미를 담아 2월 2일을 간암의 날로 제정해 대국민 홍보에도 적극 나섰다.박희철 신임 회장은 임기 중 학회의 글로벌 위상을 강화하고, 국민 곁에 한 발 더 다가서는 데 집중할 계획이다.2027년 국제간암학회의 전문 교육 프로그램(ILCA School of Liver Cancer)을 한국에 유치하고, 내년 7월에 개최 예정인 아시아태평양 간암전문가회의(Asia-Pacific Primary Liver Cancer Expert Meeting 2027) 역시 성공적으로 치러질 수 있도록 지원하겠다는 계획이다.또 만성 바이러스성 간염 환자는 감소하는 반면 대사이상지방간질환 환자는 증가하는 추세로 간암의 주요 발생 원인이 바뀌는 과정임을 고려해 홈페이지 및 소셜네트워크(SNS) 채널을 적극 활용해 국민과의 소통을 강화하겠다고 했다.박 회장은 ""인공지능 등 하루가 다르게 변화하는 기술 발전을 발판 삼아 오늘을 잘 준비한다면 차원이 다른 새로운 내일을 맞이할 수 있을 것이라 생각한다""며 ""여러 분야의 전문가들이 시너지를 내며 다학제 학회의 모범이 되었듯 모두와 함께 학회의 새 미래를 만들어가겠다""고 말했다.박희철 대한간암학회 신임 회장은 1992년 연세대 의대를 졸업했으며, 2005년부터 삼성서울병원 방사선종양학과 교수로 재직 중이다. 현재 양성자치료센터장을 맡고 있다.박희철 교수는 간암의 비수술적 국소 치료인 방사선 수술과 양성자 치료를 주요 진료 및 연구 분야로 하고 있다.표준 치료가 어려운 간암 환자들을 위한 근치적 양성자 방사선 수술 적용 확대, 면역항암제 병용 '개인 맞춤형 초분할 정위적응방사선치료'(PULSAR) 기술 개발 등을 통해 환자의 삶의 질 향상에 힘쓰고 있다.2024년에는 단일 병원 국내 최초 간암 양성자 치료 2000례 달성에 기여했으며, 현재는 차세대 방사선 치료인 '플래시'(FLASH) 분야의 양성자 치료 연구를 주도하고 있다.2023년부터 2025년까지는 대한방사선종양학회 회장을 역임하기도 했다.",True,플래시,"대한간암학회 제28기 회장으로 박희철 삼성서울병원 방사선종양학과 교수가 취임했으며, 임기 동안 글로벌 위상 강화와 국민 소통을 확대할 계획이다. 간암 원인 변화에 대응해 SNS와 홈페이지를 활용한 홍보를 추진하며, 차세대 방사선 치료인 '플래시' 양성자 치료 연구를 주도하고 있다. 박 회장은 간암 비수술적 치료와 맞춤형 정위적 방사선치료 개발에 힘쓰며, 2024년 국내 최초 간암 양성자 치료 2000례 달성에 기여했다.",플래시,1.0
2026-07-01,D램 가격 숨고르기… 6월 5% 올라 상승폭 둔화,정보 없음,https://n.news.naver.com/mnews/article/023/0003985146,"하반기에 다시 급등 가능성도낸드플래시 가격은 18개월째 상승삼성전자가 개발한 32Gb DDR5 D램./삼성전자최근 큰 폭으로 오르던 D램 상승세가 6월 들어 다소 둔화했다. 다만 인공지능(AI) 서버용 메모리 수요가 늘면서 PC용 D램 공급이 줄 수 있어, 3분기에는 다시 두 자릿수 상승률을 기록할 것이란 전망이 나온다. 낸드플래시 가격도 자동차와 통신 장비, 산업용 기기 등에 쓰이는 저용량 제품 공급이 부족해지며 상승세를 이어갔다.1일 시장조사 업체 D램익스체인지에 따르면, 6월 PC용 D램 범용 제품(DDR4 8Gb 1Gx8)의 평균 고정 거래 가격은 21.00달러로, 전월보다 5% 올랐다. 전달 상승률이 10%였던 것과 비교해 상승폭은 절반으로 줄었다. 고정 거래 가격은 삼성전자·SK하이닉스 같은 메모리 업체가 PC 제조사 등 대형 고객사에 장기 공급할 때 적용하는 가격이다.상승폭은 줄었지만, 가격 상승 압력은 하반기에도 이어질 가능성이 크다. 트렌드포스는 “AI 서버를 중심으로 서버용 메모리 수요가 늘면서 메모리 업체들이 고용량 서버용 제품에 공급을 우선 배정하고 있다”고 분석했다. 이에 PC 제조사에 돌아가는 범용 D램 물량은 상대적으로 제한되고, 낮은 재고와 재고 보충 수요가 맞물리며 가격을 밀어 올리고 있다는 것이다.이에 트렌드포스는 3분기 PC용 D램 고정 거래 가격 상승률 전망치를 기존 8~13%에서 15~20%로 상향 조정했다. 4분기 가격 상승률 전망치도 기존 0~5%에서 3~8%로 올려 잡았다. 트렌드포스는 “일부 D램 공급 업체가 6월 말부터 가격 인상 가능성을 열어둔 견적을 제시했다”며 “7~8월 공급 업체가 순차적으로 가격을 올릴 가능성이 있다”고 했다.낸드플래시 가격도 상승세를 이어갔다. 6월 메모리카드·USB용 낸드플래시 범용 제품(128Gb 16x8 MLC)의 평균 고정 거래 가격은 28.82달러로, 전월보다 8.72% 올랐다. 낸드 가격은 지난해 1월 이후 18개월 연속 상승세를 이어가고 있다.낸드 가격 상승은 저용량 제품 공급 부족이 심해진 영향으로 분석된다. 트렌드포스는 메모리 업체들이 고적층 3D 낸드 제품을 우선 생산하면서 성숙 공정 기반 저용량 제품 공급이 제한되고 있다고 봤다.반면 자동차와 통신 장비, 산업용 기기에서는 안정성이 검증된 저용량 낸드 수요가 이어지고 있다. 특히 SLC(Single-Level Cell) 낸드는 차량용 보조 주행 시스템, 통신 장비, 데이터센터 인프라 수요가 겹치며 6월 한 달 새 평균 판매 가격이 28~31% 올랐다.",True,디램,"반도체 시장에서 D램과 낸드플래시 가격이 상승세를 지속하고 있다. 6월 PC용 D램 가격은 전월보다 5% 올랐으며, 하반기에는 인공지능 서버 수요 증가로 3분기 두 자릿수 상승이 예상된다. 낸드플래시 가격도 8.72% 상승했고, 공급 부족으로 18개월 연속 상승 중이다. 특히 저용량 제품 공급이 제한되면서 가격이 오르고 있으며, 자동차·통신·산업용 기기 수요도 안정적이다. 일부 공급업체는 하반기 가격 인상을 검토 중이다.",플래시,1.0
2026-07-01,"삼성·SK 성과급 대란…일본 ""인재 다 뺏길라"" 비상",정보 없음,https://n.news.naver.com/mnews/article/437/0000498907,"삼전닉스 성과급 대란에 일본""이러다 한국에 인재 다 뺏겨""반도체 초호황기를 맞아 삼성전자와 SK하이닉스가 파격적인 성과급을 지급하면서, 일본 반도체 업계에 인재 유출 위기감이 번지고 있습니다. 니혼게이자이신문은 최근 일본 시가총액 1위 낸드플래시 반도체 업체 키옥시아홀딩스를 분석했습니다. 한국 기업들처럼 영업이익의 10%를 성과급으로 지급할 경우, 직원 한 명당 약 5천만엔, 우리 돈 4억7700만원가량을 받을 수 있다는 계산입니다. 하지만 도시바메모리 시절부터 굳어진 보수적인 임금 체계 탓에, 이런 성과급은 현실적으로 어려울 거란 관측이 나옵니다.반도체 호황기를 맞아 삼성전자와 SK하이닉스가 파격적인 성과급을 지급하면서, 일본 반도체 업계에 인재 유출 위기감이 번지고 있습니다.니혼게이자이신문(닛케이신문)은 최근 일본 시가총액 1위 낸드플래시 반도체 업체 키옥시아홀딩스를 분석했습니다.그 결과 한국 기업들처럼 영업이익의 10%를 성과급으로 지급할 경우 직원 한 명당 약 5천만엔, 우리 돈 4억7700만원가량을 받을 수 있다고 계산했습니다.하지만 도시바메모리 시절부터 굳어진 보수적인 임금 체계 탓에, 이런 성과급은 현실적으로 어려울 거란 관측이 나옵니다.처우 격차는 이미 뚜렷합니다.삼성전자는 사업 성과의 10.5%, SK하이닉스는 영업이익의 10%, 대만 TSMC는 순이익의 약 12%를 성과급으로 배분합니다.닛케이는 이 격차가 더 벌어지면서, 아시아 반도체 인재 쟁탈전이 한층 치열해질 거라고 봤습니다.일본이 이 격차를 좁히지 못하는 데는 경직된 조직 문화가 꼽힙니다.한 엔지니어는 획일적인 일본 기업 문화로는성과 연동형 보상 체계를 짜기 어렵다며, 대응이 늦으면 우수 인재가 빠져나갈 거라고 경고했습니다.이런 우려는 주주총회에서도 터져 나왔습니다.한 주주는 직원들에게 이익을 나눠주지 않으면 다른 회사로 떠날 거라고 지적했고, 또 다른 주주도 최소한 글로벌 경쟁사와 같은 수준은 돼야 한다고 목소리를 높였습니다.",True,삼성전자,"반도체 호황으로 삼성전자와 SK하이닉스가 파격적 성과급을 지급하면서 일본 반도체 업계의 인재 유출 우려가 커지고 있습니다. 한국 기업들은 영업이익의 10% 이상을 성과급으로 배분하는 반면, 일본 기업들은 보수적 임금 체계로 어려움을 겪고 있어 경쟁력이 떨어지고 있습니다. 이로 인해 일본 인재들이 한국 기업으로 이동할 가능성이 높아지고 있으며, 조직 문화와 보상 체계 개선이 시급하다는 지적이 제기되고 있습니다.",플래시,1.0
2026-07-01,정부 “삼성전자·SK하이닉스 ‘성과급 백지화 공문설’은 허위”,정보 없음,https://n.news.naver.com/mnews/article/056/0012209619,"정부가 삼성전자와 SK하이닉스에 ‘반도체 초과이익 공유제’를 위한 기존 성과급 협약 백지화 공문을 보냈다는 의혹에 대해 정부가 전면 부인했습니다.오늘(1일) 고용노동부는 “현재 온라인상에 유포되고 있는 ‘반도체 초과 이익 공유제’ 및 ‘성과급 협약 백지화’ 관련 글은 전혀 근거 없는, 사실과 다른 내용”이라며 “허위사실”이라고 규정했습니다.그러면서 악의적인 유포 행위에 대해 강력히 대처하겠다고 경고했습니다.최근 직장인 익명 커뮤니티 등에서 ‘정부가 삼성전자와 SK하이닉스에 공문을 보내 기존의 성과급 협정을 전면 재검토하게 하고, 내년부터 정부 주도 초과이익 공유 정책에 맞춰 보상·배분 방식을 설계 운영할 것’이라는 내용의 글이 퍼졌습니다.이에 대해 노동부는 실제 공문을 발송한 사실이 없다고 밝혔습니다.노동부는 “향후 이 같은 잘못된 글을 악의적으로 유포하는 경우에 대해서는 수사기관 신고 등을 통해 강력히 대처할 계획”이라고 밝혔습니다.산업통상부 역시 같은 날 공지를 통해 “온라인상 유포되고 있는 초과이익 공유제 관련 정부 주도 싱크탱크 구성 등을 위해 정부가 삼성전자, 하이닉스에 공문을 발송했다는 글은 전혀 사실과 다르다”고 밝혔습니다.산업부는 “향후 이 같은 잘못된 글을 악의적으로 유포하는 경우에 대해서는 수사기관 신고 등을 통해 강력히 대처할 계획”이라고 강조했습니다.한편, 노동부는 이달 중에 반도체 이익 배분 등을 주제로 토론회를 개최한다는 계획입니다. 현재 구체적 의제와 시기에 대해 조율 중인 것으로 전해졌습니다.[사진 출처 : 연합뉴스]■ 제보하기▷ 전화 : 02-781-1234, 4444▷ 이메일 : kbs1234@kbs.co.kr▷ 카카오톡 : 'KBS제보' 검색, 채널 추가▷  유튜브, 다음에서도 KBS뉴스를 구독해주세요!",True,삼성전자,"정부는 삼성전자와 SK하이닉스에 ‘반도체 초과이익 공유제’ 관련 성과급 협약 백지화 공문을 보냈다는 의혹을 전면 부인했습니다. 온라인에 퍼진 허위사실에 대해 강력히 대처하겠다고 밝혔으며, 산업통상부도 관련 공문 발송 사실이 없다고 강조했습니다. 노동부는 이달 중 반도체 이익 배분 토론회를 계획하고 있으며, 허위 유포에 대한 법적 대응도 예고했습니다.",삼성전자,1.0
2026-07-01,"삼성전자, 올해 폴더블폰 라인업 재편 방향 공개...'와이드폴드' 출시 시사",정보 없음,https://n.news.naver.com/mnews/article/092/0002428785,"올해 라인업 방향성 담은 영상 공개삼성전자가 이달 하순 공개 예정인 올해 폴더블폰 신제품 라인업 방향성을 담은 영상을 1일 공개했다.삼성전자가 1일 공식 인스타그램, 유튜브 등 계정에 공개한 8세대 폴더블폰 티저 영상은 길쭉한 초콜릿을 부러뜨리거나 스티커 사진을 찢는 등 일상 소재를 활용해 새로운 폴더블폰 비율을 부각했다.삼성전자는 올해 기존 북 타입 폴더블폰 갤럭시Z폴드보다 위아래 길이가 짧고 좌우 폭이 넓은 '와이드 폴드' 제품을 폴더블폰 라인업에 추가할 예정이다. 이 제품은 좌우 비율이 여권과 비슷해 '여권 형태 제품'으로 불린다.올해 삼성전자 폴더블폰 라인업은 기존 북 타입 갤럭시Z폴드8, 클램셸 타입 Z플립8, 그리고 올해 처음 선보이는 와이드 폴드 등 3종으로 구성된다.삼성전자 8세대 폴더블폰 라인업 영상 이미지 (사진=삼성전자)삼성전자는 ""1일 공개한 영상은 인공지능(AI) 활용이 일상으로 확대되고 AI 경험의 핵심 진입점으로 모바일 기기가 자리잡는 변화에 맞춰, 기존 폼팩터 핵심 경험을 강화하면서 새로운 선택지를 더해 경험의 폭을 확대한다는 의미를 담았다""고 설명했다.삼성전자는 지난 2019년 첫 번째 폴더블폰인 '갤럭시폴드'를 출시한 뒤, 폴더블폰 카테고리를 확대했다. 북 타입 갤럭시Z폴드는 대화면 기반 멀티태스킹과 생산성을 강조했고, 클램셸 타입 Z플립은 콤팩트한 휴대성 등을 부각했다.삼성전자는 ""7세대에 걸쳐 제품 사용성과 성능을 혁신했고, 폴더블폰을 실험적 폼팩터를 넘어 사용자 필요에 따라 선택할 수 있는 프리미엄 모바일 카테고리로 성장시켰다""고 자평했다.올해 8세대 폴더블폰 라인업에 대해 삼성전자는 ""폴드 성능을 강화하고, 플립의 독창적 사용성을 고도화하는 동시에 더 넓고 자연스러우며, 몰입감 있는 경험을 제공하는 새로운 선택지를 더한다""고 말했다. 삼성전자가 직접 밝히진 않았지만 '새로운 선택지'는 와이드 폴드 제품을 시사한 것으로 보인다.삼성전자는 ""단순히 제품 수를 늘리는 것이 아니라, 7세대 동안 쌓은 기술과 사용자 이해를 바탕으로 AI 시대에 맞춰 폴더블 경험의 폭을 넓힐 것""이라며 ""서로 다른 수요에 대응하는 선택지를 제공하며 폴더블폰 라인업을 재편한다""고 밝혔다. 이어 ""8세대 라인업은 '왜 폴더블인가'를 넘어 '나에게 맞는 폴더블은 무엇인가'라는 질문에 답한다""며 ""폴더블 카테고리의 새 기준을 제시하고, 다음 성장을 이끌 예정""이라고 기대했다.애플이 올해 하반기 출시하는 첫 번째 폴더블 제품도 삼성전자가 준비하는 와이드 폴드와 비슷한 형태 제품으로 설계했다.",True,삼성전자,"삼성전자는 1일 공식 영상 공개를 통해 올해 폴더블폰 신제품 라인업의 방향성을 제시했습니다. 기존 갤럭시Z폴드8과 Z플립8에 더해, 새롭게 '와이드 폴드'라는 여권 모양의 넓은 비율 제품을 추가하며 총 3종으로 구성됩니다. 이번 영상은 AI 시대에 맞춘 폴더블폰의 경험 확장과 사용자 맞춤형 선택지를 강조하며, 와이드 폴드를 포함한 다양한 폼팩터로 고객 요구에 부응할 계획입니다. 삼성전자는 이를 통해 폴더블폰의 프리미엄 시장 지위를 강화하고, 미래 성장 기반을 마련하려 하고 있습니다.",삼성전자,1.0
2026-07-01,"삼성전자, SAFE 포럼서 2나노 전략 공개한다",정보 없음,https://n.news.naver.com/mnews/article/374/0000519269,"지난해 협력 중심에서 올해 AI 맞춤형 공정 로드맵으로 확대삼성전자가 인공지능(AI) 반도체 생태계 확대를 위해 국내 팹리스와 설계·패키징 협력사를 아우르는 파운드리 협력 강화에 나섰습니다. 지난해 SAFE 포럼이 생태계 협력 확대에 초점을 맞췄다면, 올해는 2나노 공정과 설계 최적화 기술, AI 반도체용 SRAM 등 구체적인 기술 로드맵을 전면에 내세운 것이 특징입니다.삼성전자는 오늘(1일) 서울 서초사옥에서 '세이프(SAFE·Samsung Advanced Foundry Ecosystem) 포럼 2026'을 열고 AI 반도체 생태계 협력 전략과 차세대 파운드리 기술 로드맵을 공개했습니다.올해 포럼 주제는 'The Nexus for Silicon Intelligence'입니다. 고객사와 협력사 관계자 400여 명이 참석했으며, 전자설계자동화(EDA), 설계자산(IP), 디자인솔루션(DSP), 가상설계(VDP), 첨단패키징(MDI) 등 21개 파트너사가 부스를 마련했습니다.지난해 SAFE 포럼의 주제가 'Alliance for Smarter Silicon'으로 파트너 협력 확대에 방점이 찍혔다면, 올해 주제는 'The Nexus for Silicon Intelligence'로 AI 반도체 생태계의 중심 역할을 강조했습니다.특히 올해는 DTCO, 2나노 공정, SRAM 등 AI 반도체 성능과 직결되는 기술 전략이 구체적으로 소개되며 행사 무게중심이 협력 생태계에서 AI 맞춤형 기술 로드맵으로 확장됐습니다.신종신 삼성전자 파운드리사업부 디자인플랫폼 개발실장은 기조연설에서 ""AI 수요 대응 역량을 높이는 동시에 SAFE 포럼을 통해 고객과 파트너사와의 협력을 더욱 확대하겠다""며 ""글로벌 AI·HPC 고객뿐 아니라 국내 시스템반도체 기업과의 협력도 강화해 국내 시스템반도체 산업 플랫폼 역할을 확대하겠다""고 말했습니다.행사에서는 AI 팹리스 기업 리벨리온과 Siemens EDA도 연사로 참여했습니다. 리벨리온은 삼성 4나노 공정을 활용한 대표적인 국내 AI 팹리스 고객사입니다. 박성현 리벨리온 대표는 ""삼성전자 4나노 공정과 첨단 패키징을 기반으로 '리벨100' NPU를 개발했다""며 ""앞으로도 AI 반도체 분야에서 협력해 소버린 AI 구축을 추진하겠다""고 밝혔습니다.Siemens EDA는 2.5D·3D 이종 칩 설계 과정에서 수율과 설계 검증, 신뢰성, 패키징 지원이 중요하다며 삼성전자 선단 공정을 활용한 AI 반도체 개발을 적극 지원하겠다고 설명했습니다.삼성전자는 이날 AI 반도체 수요 확대에 대응하기 위한 차세대 공정 전략도 공개했습니다. 설계와 공정을 동시에 최적화하는 DTCO 전략과 차세대 2나노 공정, 고성능 SRAM 기술을 소개하며 AI 반도체의 전력·성능·면적 경쟁력을 높이기 위한 기술 로드맵을 제시했습니다.또 산업통상자원부가 추진하는 제조 AI 전환(M.AX) 얼라이언스와 K-CHIPS 사업에 참여해 국내 시스템반도체 생태계 조성에도 협력을 확대하고 있다고 밝혔습니다.아울러 MPW 프로그램을 통해 국내 팹리스 기업의 시제품 제작과 검증 비용 부담을 낮추고, 디자인 솔루션 협력 체계를 기반으로 AI 반도체 생태계 경쟁력을 강화해 나갈 계획입니다.당신의 제보가 뉴스로 만들어집니다.SBS Biz는 여러분의 제보를 기다리고 있습니다.홈페이지 = https://url.kr/9pghjn",True,반도체,"삼성전자는 지난해 협력 확대에서 올해 AI 맞춤형 공정 로드맵으로 전략을 전환하며, 인공지능 반도체 생태계 강화를 추진하고 있습니다. 1일 서울 서초사옥에서 열린 SAFE 포럼 2026에서는 2나노 공정, 설계 최적화 기술, SRAM 등 구체적 기술 로드맵을 공개하며, 글로벌 및 국내 파트너와 협력을 강화하는 방안을 제시했습니다. AI 팹리스 기업 리벨리온과 Siemens EDA도 참여해 협력 방안을 논의했으며, 차세대 공정 전략과 국내 생태계 조성 계획도 발표됐습니다. 이를 통해 삼성전자는 AI 반도체 경쟁력 확보와 국내 산업 생태계 강화를 목표로 하고 있습니다.",삼성전자,2.0
2026-07-01,삼성전자·SK하이닉스 호남권 반도체 팹 입지 발표 언제쯤,정보 없음,https://n.news.naver.com/mnews/article/421/0009033222,"천문학적인 800조 투자에 기업 내부 논의 절차 진행 중청와대 ""이 대통령 임기 내 가동"" 공언…조만간 발표 전망이재명 대통령이 30일 광주 서구 김대중컨벤션센터에서 열린 '서남권 첨단산업 발전비전 국민보고회'에서  삼성전자, SK하이닉스, 앰코테크놀러지 관계자 등과 투자양해각서 서명 뒤 기념촬영을 하고 있다. 2026.6.30 ⓒ 뉴스1 광주전남사진기자단(광주=뉴스1) 박영래 기자 = 삼성전자와 SK하이닉스가 800조 원 규모 호남권 반도체 팹(Fab·제조공장) 투자계획을 발표했지만 아직 구체적인 입지 발표는 미뤄지고 있다.정부가 반도체 클러스터 예정부지로 7곳을 압축했고, 청와대는 ""4년 내 가동이 목표""라고 공언한 상황이라 해당 기업들은 내부 논의를 거쳐 조만간 공식 발표할 것으로 전망된다.지난달 29일 청와대, 30일 광주 김대중컨벤션센터에서 열린 호남권 반도체 투자 관련 국민보고회는 이재명 대통령이 사실상 이틀 연속 주재했다.공개된 투자계획은 삼성전자가 광주에 글로벌 최첨단 반도체 클러스터(400조 원), 삼성SDS가 해남 솔라시도에 'AI 데이터센터' 구축 등 첨단산업 분야를 중심으로 잠재력이 풍부한 호남에 총 425조 원을 투자한다는 구상이다.SK그룹은 SK하이닉스가 서남권에 2기의 반도체 팹(400조 원)을 구축하고 1기가와트(GW)급 AI 데이터센터(70조 원) 건립 등 총 470조 원을 서남권에 투자한다는 방침이다.이들 기업의 구체적인 투자금액이 발표되면서 가장 큰 관심사는 총 4기의 반도체 팹이 들어설 구체적인 위치다. 특히 해당 기업들이 이를 언제쯤 확정 발표할지도 주목된다.반도체 클러스터 입지 관련해 지난달 29일 이재용 삼성전자 회장은 ""여러 지역 중 전력, 용수, 인력 확보 등 인프라에서 많은 인센티브가 기대되는 '광주'를 후보지로 계획 중""이라고 말했고, 최태원 SK 회장은 ""SK하이닉스는 제반여건을 충족하는 곳에 공장을 건설할 것이고 이러한 조건을 만족할 것으로 기대되는 '서남권'에 400조 원을 투자해 클러스터를 조성하겠다""고 설명했다.송형곤 전남광주통합특별시의회 초대 의장이 1일 0시 전남도의회 본회의장에서 열린 제1회 임시회 제1차 본회의에서 의사일정을 진행하고 있다. 2026.7.1 ⓒ 뉴스1 박지현 기자하루 뒤 광주에서 열린 국민보고회 자리에서 해당 기업 관계자들은 반도체 클러스터 투자계획을 다시 한번 발표했지만 입지와 관련해서는 더 이상 진척된 발언이 나오지 않았다.현재 정부가 기업들에게 추천한 반도체 클러스터 입지 후보지는 모두 7곳이다.김윤덕 국토교통부 장관이 30일 광주 보고회 자리에서 밝힌 7곳은 △미래차 국가산단(102만평) △빛그린국가산단(123만평) △첨단3지구(102만평) △나주 에너지국가산단(38만평) △영암·해남 솔라시도(107만평) △광주 군공항 종전부지 △무안 국가산단 후보지 등이다.정부는 기업이 선호하는 입지를 우선 검토한 뒤 전력이나 용수, 도로 등 핵심 인프라를 패키지로 지원한다는 계획이다.삼성과 SK하이닉스은 이미 입지 검토를 마쳤으며, 이사회 등 내부 결정 단계를 거쳐 구체적인 입지와 조성 일정 등을 조만간 내놓을 것으로 알려졌다.글로벌 메모리 반도체 공급난에 따른 생산시설 구축의 시급성, 여기에 정부와 지자체가 전폭적인 지원을 약속하면서 발표시기를 서둘 것이란 전망이 나온다.이재명 대통령이 반도체 클러스터 조성과 관련해 ""정부 재정 지원이든지, 인프라 구축이든지, 거주·교육 여건이든지 최대로 잘 만들어내겠다""고 약속한 상황이고, 강훈식 대통령 비서실장도 ""이재명 정부 임기 내 서남권 반도체 클러스터를 완공시키는 것이 목표다. 이를 위해 대통령이 직접 회의를 주재하며 사업을 챙길 것""이라고 공언한 상황이다.1일 전남광주통합특별시 출범과 동시에 특별시의회는 이재명 정부와 삼성전자·SK하이닉스의 800조 원 규모 반도체 산업단지 투자계획을 지원하는 조례안을 의결했다.",True,반도체,"삼성전자와 SK하이닉스는 각각 400조 원 규모의 호남권 반도체 클러스터 투자 계획을 발표했으며, 정부는 7개 후보지 중 최적 입지를 선정 중입니다. 청와대는 4년 내 가동을 목표로 하고 있으며, 구체적 입지와 일정은 내부 논의 후 곧 공개될 전망입니다. 이번 투자는 글로벌 반도체 공급난 대응과 인프라 지원을 위해 신속히 추진되고 있으며, 대통령과 정부는 임기 내 완공을 강력히 추진하고 있습니다.",삼성전자,2.0
2026-07-01,"삼성전자 초기업노조 ""광주 팹, 인재·인프라 투자 함께 가야""",정보 없음,https://n.news.naver.com/mnews/article/031/0001038870,"정부 메가 프로젝트 발표에 입장문 발표""노사정 협의체 구성…반도체 경쟁력 키워야""삼성그룹 초기업노동조합 삼성전자지부가 정부의 광주 반도체 메가 프로젝트와 관련해 인재와 산업 인프라 투자 중요성을 강조했다. 정부와 기업, 노동조합이 참여하는 노사정 협의체도 구성해야 한다고 제안했다.삼성전자지부는 1일 '메가 프로젝트에 대한 초기업 노조 입장'을 발표하고 ""대한민국 반도체 산업의 발전을 기원하며 우리 산업의 경쟁력을 지키기 위한 정부의 관심과 지원을 요청한다""고 밝혔다.여명구(왼쪽부터) 삼성전자 DS부문 부사장, 김영훈 고용노동부 장관, 최승호 초기업노조 위원장이 지난 5월 20일 수원 경기고용노동청에서 열린 노사 대화를 마치고 손을 맞잡고 있다. [사진=권서아 기자]노조는 글로벌 반도체 경쟁이 갈수록 치열해지는 만큼 메모리와 파운드리, 시스템반도체 전 분야의 경쟁력을 높여야 한다고 강조했다. 특히 ""천금매골(千金買骨)의 자세로 핵심 인재와 기술 확보에 과감히 투자해야 한다""고 밝혔다.이번 입장문에는 정부가 전날 발표한 '대한민국 대도약 3대 메가 프로젝트'에 대한 제언이 담겼다.정부는 삼성전자와 함께 광주에 400조원을 투입해 메모리 반도체 생산공장(팹) 2기를 건설하는 계획을 공개했다.삼성 주요 계열사들은 향후 10년간 총 2655조원을 투자해 반도체와 인공지능(AI), 로봇, 배터리 등 미래 산업을 육성할 계획이다.노조는 메가 프로젝트는 장기적인 관점에서 추진해야 한다고 밝혔다. 반도체 생산라인 구축에는 부지 선정부터 인허가, 전력·용수 등 기반시설 확보까지 최소 5년 이상이 걸리는 만큼 철저한 준비가 필요하다고 설명했다.전영현 삼성전자 부회장이 지난달 30일 이재명 대통령 주재로 광주 김대중컨벤션센터에서 열린 서남권 첨단산업 발전비전 국민보고회에서 투자계획을 발표하고 있다.또 산업안전과 주거환경, 교통 등 정주 인프라를 함께 갖추고 이에 걸맞은 처우도 뒷받침돼야 한다고 강조했다. ""좋은 근무환경과 정당한 대우가 우수 인재를 지키는 가장 확실한 길""이라고도 했다.노사정 협의체 구성도 공식 제안했다. 노조는 정부와 기업, 노동조합이 함께 참여하는 협의체를 통해 메가 프로젝트를 논의해야 한다며 ""현장을 가장 잘 아는 노동조합이 건설적인 대화의 주체로 역할을 하겠다""고 밝혔다. 이어 ""국가적 과제가 대한민국의 새로운 도약으로 이어지길 기대한다""고 덧붙였다.",True,반도체,"삼성전자 초기업노조는 정부의 광주 반도체 메가 프로젝트와 관련해 인재 확보와 산업 인프라 투자의 중요성을 강조하며, 정부·기업·노동계가 참여하는 노사정 협의체 구성을 제안했다. 노조는 글로벌 경쟁이 치열한 반도체 산업의 경쟁력 강화를 위해 핵심 인재와 기술 확보에 과감히 투자해야 한다고 주장하며, 프로젝트 추진 시 장기적 계획과 인프라, 정주환경 개선이 필요하다고 강조했다.",삼성전자,2.0
2026-07-01,“삼전 지분가치만 14조”…삼성화재 목표주가 91만원 찍었다,정보 없음,https://n.news.naver.com/mnews/article/009/0005701052,"NH투증, 목표가 74만→91만원 상향견조한 보험업 실적 + 삼전지분 1.5%도수치료 관리급여, 손해율 개선 기대삼성화재.삼성화재가 보유한 삼성전자 지분 가치의 재평가 기대감이 높아지면서 증권가에서 목표가를 역대 최고 수준으로 끌어올렸다.1일 NH투자증권은 삼성화재의 목표주가를 기존 74만원에서 91만원으로 23% 상향 조정하고 투자의견 ‘매수’를 유지했다. 지난 30일 종가 기준 삼성화재의 주가는 61만8000원으로 에프앤가이드에 따르면 최근 3개월간 국내 증권가의 평균 목표주가는 68만7471원이다.이번 목표가 상향은 견조한 보험업 실적에 더해 삼성화재가 보유한 삼성전자 지분 1.5%의 가치가 과거 대비 큰 폭으로 상승한 점을 반영한 결과다.이를 위해 NH투자증권은 기존에는 보험부문 실적만으로 목표주가를 산출했지만 이번에는 보험 부문과 삼성전자 지분 가치를 각각 산출해 합산하는 부분합산가치평가(SOTP) 방식을 새롭게 도입했다.정준섭 NH투자증권 연구원은 “삼성전자 지분 가치가 큰 폭으로 증가함에 따라 목표주가 산출 방식을 SOTP로 변경했다”며 “보험 기업가치 24조원과 할인율 50%를 적용한 삼성전자 지분가치 14조5000억원을 합산한 기업가치는 총 38조5000억원”이라고 진단했다.또한 그는 “삼성화재 기업가치에서 삼성전자 지분가치 비중이 37.7%로 상당한 데다 예상 배당수익률도 낮지 않아 삼성전자 프리미엄과 배당수익을 동시에 향유할 수 있는 보험주”라고 분석했다.NH투자증권은 삼성화재의 올해 배당수익률을 3.6%, 내년에는 4%대로 전망했고 배당성향은 41% 안팎을 유지할 것으로 내다봤다.삼성화재는 본업인 보험 영업 부문에서도 양호한 실적을 기록할 것으 예상된다. 삼성화재의 올해 2분기 지배순이익은 전년 동기 대비 11.9% 증가한 7136억원을 기록하며 시장의 예상을 웃돌 전망이다.보험손익은 장기보험의 부진 폭 축소와 일반보험·자동차보험의 실적 개선에 힘입어 전년 동기 대비 23.4% 증가한 5928억원을 달성할 것으로 추정된다.특히 7월부터 도수치료, 체외충격파 등 일부 항목에 대해 관리급여가 시행될 예정이어서 연간 수백억원 수준의 보험금 누수 감소 효과가 발생할 것으로 관측된다.투자손익의 경우 캐노피우스의 양호한 실적과 지분 확대에 따른 기여도 상승을 비롯해 우호적인 주식시장 환경의 영향으로 전년 동기 대비 8.6% 증가한 3851억원을 기록할 것으로 예상된다.",True,삼성전자,"NH투자증권은 삼성화재의 목표주가를 기존 74만원에서 91만원으로 상향 조정하며 ‘매수’ 추천을 유지했다. 이는 견조한 보험업 실적과 함께 삼성전자 지분 1.5%의 가치 상승을 반영한 결과로, 새롭게 도입된 부분합산가치평가(SOTP) 방식을 통해 기업가치를 산출했다. 삼성화재는 보험 부문 실적 호조와 도수치료 등 관리급여 도입으로 수익 개선이 기대되며, 올해 2분기 순이익은 전년 대비 11.9% 증가할 전망이다. 배당수익률도 높아 투자 매력도가 부각되고 있다.",삼성전자,1.0
2026-07-01,비자·삼성전자·두나무 뭉쳤다…'오픈USD'로 테더·서클에 도전장,정보 없음,https://n.news.naver.com/mnews/article/003/0014040359,"140여개 기업 참여한 연합형 스테이블코인 출범…발행사 중심 시장 판도 변화 예고[그래픽=뉴시스] 재판매 및 DB금지. hokma@newsis.com[서울=뉴시스]송혜리 기자 = 글로벌 결제·금융 기업들이 손잡고 달러 기반 스테이블코인 '오픈USD(OUSD)'를 선보이면서 테더와 서클이 양분해온 스테이블코인 시장에 변화가 예상된다. 국내에서도 두나무를 비롯해 삼성전자와 주요 금융사들이 연합체에 참여하면서 향후 국내 결제·송금 시장에도 영향을 미칠 것이란 전망이 나온다.1일 가상자산 업계에 따르면 글로벌 스테이블코인 연합체 오픈스탠다드는 지난달 30일(현지시각) 달러 기반 스테이블코인 오픈USD(OUSD)를 공개하고 올해 안에 출시할 계획이라고 밝혔다.오픈스탠다드는 비자와 마스터카드, 스트라이프, 블랙록 등 글로벌 금융·결제 기업을 포함해 140여개 기업이 참여하는 컨소시엄이다. 국내에서는 두나무를 비롯해 삼성전자와 신한금융그룹, 카카오뱅크, 케이뱅크, 현대카드, KB국민카드, BC카드, 하나카드, 삼성카드, 우리카드, NH농협카드, 한화생명 등 총 13개 기업이 참여한 것으로 알려졌다.그동안 스테이블코인 시장은 테더와 서클이 각각 USDT와 USDC를 발행하는 구조였다. 반면 OUSD는 특정 기업이 단독으로 운영하는 방식이 아니라 실제 결제와 송금, 정산 서비스를 제공하는 기업들이 공동으로 운영하는 개방형 인프라를 지향한다.수익 구조도 차별화했다. 참여 기업은 OUSD를 무료로 발행·상환할 수 있으며, 준비자산에서 발생하는 운용 수익도 일정 관리 수수료를 제외하고 참여사들이 공유하는 구조다. 기존에는 발행사가 준비금 운용 수익을 대부분 가져갔다면, OUSD는 참여 기업들과 이를 함께 나누는 방식이다.시장에서는 테더와 서클이 주도해온 스테이블코인 시장이 발행사 경쟁에서 실제 결제·송금 등 활용처 경쟁으로 전환점을 맞고 있다는 분석이 나온다.윤승식 타이거리서치 리서치센터장은 ""참여사가 워낙 많다보니 실생활에서 하반기 출시 시점부터 바로 적용 가능성이 기대되는 모습""이라며 ""테터·서클 양강 구도에 큰 파장을 일으키는 모습으로, 서클은 17% 가량 하락하기도 했다""고 설명했다. 이어 ""스테이블코인이 발행사에서 사용처 위주로 바뀌는, 마치 인프라에서 애플리케이션 위주로 바뀌는 모습""이라고 분석했다．",True,삼성전자,"글로벌 결제·금융 기업들이 참여하는 연합형 스테이블코인 '오픈USD'가 오는 하반기 출시를 앞두고 있다. 오픈스탠다드 컨소시엄은 140여개 기업이 참여하며, 국내에서도 두나무, 삼성전자, 금융사들이 참여한다. 기존 시장은 테더와 서클이 주도했으나, OUSD는 참여 기업이 공동 운영하고 수익도 공유하는 개방형 인프라로 차별화된다. 이는 스테이블코인 시장의 경쟁 구도와 활용처 확대를 예고하며, 시장에 큰 변화를 가져올 전망이다.",삼성전자,2.0
2026-07-01,"삼성전자 5억 투자해 30억?…수익률 491% ""20년차 학원강사 은퇴 선언""",정보 없음,https://n.news.naver.com/mnews/article/448/0000623509,"출처:온라인커뮤니티삼성전자 주가 상승 덕분에 20여년의 학원강사 생활을 청산하고 은퇴하겠다는 글이 온라인에서 확산하고 있다.4년 전 5만4000원에 삼성전자 9563주를 매입한 기록과 해당 주식의 현재 가치가 30억 원이 넘는다는 계좌 내역도 함께 공개됐다.1일 온라인 커뮤니티에 따르면 전날 “오늘 드디어 은퇴한다”는 제목의 글이 올라왔다.해당 글의 작성자는 삼성전자 주식을 평단가 5만4014원에 9563주 보유한 계좌를 공개했다.계좌에 따르면, 작성자가 투자한 원금 5억1654만491원은 현재 30억5298만7750원으로 불어나 있었다.총 수익률은 491.05%에 이른다.작성자는 “학원강사로 20년 넘게 일하다 드디어 오늘 은퇴한다”고 전했다.그러면서 “강사생활 막판에 일이 잘 풀려 4년간 돈을 많이 벌어서 삼성전자 주식을 5만4000원에 다 때려 넣었다""며 운 좋게 잘 터져서 덕분에 은퇴한다”고 했다.또 “내가 열정을 갖고 일했던 걸 갑자기 놓으려고 하니 마음이 뒤숭숭하긴 한데, 그래도 인생 2막 잘 마무리 지었으니 인생 3막도 멋지게 살아보련다”고 덧붙였다.",True,삼성전자,"한 온라인 커뮤니티에 20년 넘게 학원강사로 일한 작성자가 삼성전자 주식 투자 덕분에 은퇴를 선언했다. 그는 4년 전 5만4000원에 9563주를 매수했으며, 현재 계좌 가치는 30억 원이 넘는 것으로 확인됐다. 원금 5억1654만 원이 30억5298만 원으로 불어나 수익률이 491%에 달한다. 강사 생활 막판에 주식을 잘 맞혀 은퇴를 맞이하게 됐으며, 앞으로 인생 3막을 멋지게 살아가겠다고 밝혔다.",삼성전자,1.0
2026-07-01,삼성전자 “차세대 2나노 공정 기술로 AI 반도체 협력 확대”,정보 없음,https://n.news.naver.com/mnews/article/032/0003455392,"삼성전자가 인공지능(AI) 반도체 생산을 위한 차세대 2나노 파운드리 공정 기술을 공개하며 AI 반도체 생태계 협력을 확대하겠다고 밝혔다.삼성전자는 1일 삼성전자 서초사옥에서 파운드리 고객사·파트너사들이 참석한 가운데 ‘세이프(SAFE·삼성전자 파운드리 생태계 프로그램) 포럼 2026’을 개최했다. 2019년부터 시작된 세이프 포럼은 파운드리 파트너사들과 최신 기술 동향을 공유하고 협력을 강화하는 자리다. 이날 400여명이 참석한 포럼에는 전자설계자동화(EDA), 설계자산(IP), 디자인솔루션(DSP), 첨단패키징(MDI) 등 21개 파트너사가 부스를 운영했다.삼성전자는 이날 차세대 2나노 공정과 설계·공정 동시 최적화를 구현하는 DTCO 기술 로드맵을 공개했다. 또한 AI 반도체 성능 향상의 핵심 요소로 주목받는 SRAM 경쟁력 강화 방안도 소개했다.신종신 삼성전자 파운드리사업부 디자인플랫폼개발실장은 기조연설에서 “AI·고성능컴퓨팅(HPC) 글로벌 고객사뿐 아니라 국내 시스템반도체 기업과의 협력도 강화하고, 국내 시스템반도체산업 플랫폼 역할을 확대해 나가겠다”고 말했다.AI 확산으로 고객 니즈에 맞춘 AI 반도체를 개발하는 선단 공정 파운드리 시장도 빠르게 성장하는 추세이다. 3나노 이하 파운드리 시장은 2028년 1019억달러로 지난해 대비 4배 가량 성장할 것으로 옴디아는 전망하고 있다.삼성전자는 2022년 세계 최초로 GAA(게이트 올 어라운드) 기술을 적용한 3나노 양산에 성공한 데 이어 평택, 미국 테일러를 중심으로 생산라인을 확대하고 있다.최근 대만 TSMC 공정 포화로 인해 빅테크 등 대형 고객사들이 삼성전자 파운드리 협력을 모색하는 흐름도 이어지고 있다. 삼성전자는 현재 테슬라, 엔비디아의 AI칩 생산에 협력하고 있으며 퀄컴, AMD 등 글로벌 고객사와의 협력 확대 가능성도 거론된다.미국 텍사스주 테일러시에 건설 중인 삼성전자 반도체 공장 전경. 삼성전자 제공",True,AI 반도체,"삼성전자는 차세대 2나노 AI 반도체 공정 기술을 공개하며 파운드리 생태계 협력을 강화하고 있다. ‘세이프 포럼 2026’에서 21개 파트너사와 최신 기술 동향을 공유했고, DTCO 기술과 SRAM 경쟁력도 소개했다. 글로벌 고객사와 국내 반도체 기업과의 협력 확대를 추진하며, AI·HPC 시장 성장에 대응하고 있다. 특히 TSMC 공정 포화로 삼성의 파운드리 수요가 증가하는 가운데, 테슬라, 엔비디아 등 글로벌 고객사와 협력 관계를 넓히고 있다.",삼성전자,1.0
2026-07-01,"노동부 ""삼성전자·SK하이닉스 '성과급 백지화 공문설' 허위""",정보 없음,https://n.news.naver.com/mnews/article/001/0016169067,"""악의적 유포행위 강력대처""…이달 중 반도체 이익배분 토론회 개최 예정삼성전자·SK하이닉스[촬영 홍기원](서울=연합뉴스) 옥성구 기자 = 정부가 삼성전자와 SK하이닉스에 '반도체 초과이익 공유제'를 위한 기존 성과급 협약 백지화 공문을 보냈다는 온라인에서 확산한 의혹에 대해 고용노동부가 1일 전면 부인했다.노동부는 이를 ""허위 사실""로 규정하며, 악의적인 유포 행위에 대해 강력히 대처하겠다고 경고했다.이날 노동부는 ""현재 온라인상에 유포되고 있는 '반도체 초과 이익 공유제' 및 '성과급 협약 백지화' 관련 글은 전혀 근거 없는, 사실과 다른 내용""이라고 밝혔다.최근 직장인 익명 커뮤니티 등에서 '정부가 삼성전자와 SK하이닉스에 공문을 보내 기존의 성과급 협정을 전면 재검토하게 하고, 내년부터 정부 주도 초과이익 공유 정책에 맞춰 보상·배분 방식을 설계 운영할 것'이라는 내용의 글이 퍼졌다.노동부는 실제 공문을 발송한 사실이 없다고 밝혔다.노동부는 ""향후 이같은 잘못된 글을 악의적으로 유포하는 경우에 대해서는 수사기관 신고 등을 통해 강력히 대처할 계획""이라고 밝혔다.한편, 노동부는 이달 중에 반도체 이익 배분 등을 주제로 토론회를 개최한다는 계획이다. 현재 구체적 의제와 시기에 대해 조율 중인 것으로 전해졌다.ok9@yna.co.kr",True,삼성전자,"정부는 온라인에 확산된 삼성전자와 SK하이닉스에 대한 '반도체 초과이익 공유제' 관련 허위사실을 강력히 부인하며, 악의적 유포에 대해 법적 조치를 검토 중이다. 최근 커뮤니티에 정부가 성과급 협약 백지화 공문을 보냈다는 내용이 퍼졌으나, 노동부는 사실이 아니라고 밝혔다. 또한, 이달 중 반도체 이익 배분을 주제로 토론회를 개최할 예정이며, 구체적 일정은 조율 중이다.",삼성전자,1.0
2026-07-01,"삼성전자, '세이프 포럼 2026' 개최…""반도체 생태계 핵심 허브""",정보 없음,https://n.news.naver.com/mnews/article/008/0005379762,"(서울=뉴스1) 안은나 기자 =삼성전자 서초사옥 전경. 2026.5.27/뉴스1  Copyright (C) 뉴스1. All rights reserved. 무단 전재 및 재배포,  AI학습 이용 금지. /사진=(서울=뉴스1) 안은나 기자삼성전자가 차세대 2나노 공정 등 혁신 기술을 중심으로 AI(인공지능) 반도체 생태계의 핵심 허브로 자리잡겠다는 비전을 제시했다. 선단공정 기술력 등을 앞세워 파운드리(반도체 위탁생산) 시장 공략에 박차를 가한다는 계획이다.삼성전자는 1일 서울 서초사옥에서 '세이프(SAFE) 포럼 2026'을 개최하고 국내 AI 반도체 생태계 협력 확대 방안과 차세대 파운드리 기술 전략을 공개했다. 세이프는 삼성전자의 파운드리 생태계 프로그램이다. 이날 행사에는 고객·파트너사 관계자 400여 명이 참석했으며 전자설계자동화(EDA), 설계자산(IP), 디자인솔루션(DSP), 가상설계(VDP), 첨단패키징(MDI) 분야 21개 파트너사가 부스를 마련했다.신종신 삼성전자 파운드리사업부 디자인플랫폼 개발실장은 기조연설에서 ""삼성전자는 AI 수요에 대한 대응 역량을 높이는 동시에 SAFE 포럼을 활용해 고객·파트너사와 적극 소통하겠다""며 ""AI·HPC(고성능 컴퓨팅) 글로벌 고객사와 협력을 본격화하는 한편 국내 시스템반도체 고객사와 협력도 강화하고 있으며 파운드리 생산을 넘어 국내 시스템반도체산업 플랫폼 역할을 강화하겠다""고 말했다.AI 팹리스(반도체 설계) 기업 리벨리온과 EDA 기업 지멘스 EDA 등 주요 파트너도 연사로 참여해 삼성전자 파운드리 공정을 활용한 AI 반도체 개발 사례와 2.5D·3D 칩 설계 지원 방안을 소개했다. 박성현 리벨리온 CEO(최고경영자)는 ""삼성전자 4나노 파운드리 공정과 첨단패키징 등을 기반으로 '리벨100' NPU(신경망처리장치)를 개발했다""며 ""향후 AI 반도체 영역에서 협력하며 소버린(자국에 대한 통제권 유지) AI를 구축할 것""이라고 밝혔다.진 마리 브루넷 지멘스 EDA 수석 부사장은 ""2.5 D·3 D 이종 칩 통합에서는 △수율 △설계검증 △신뢰성 △패키징 분야의 폭넓은 지원이 필수""라며 ""고객들이 삼성의 선단 공정을 활용해 AI·HPC 반도체를 빠르게 구현할 수 있도록 지원할 것""이라고 말했다.삼성전자가 1일 삼성전자 서초사옥에서 '세이프 포럼 2026(SAFE Forum 2026)'를 개최했다. 신종신 삼성전자 파운드리 사업부 디자인플랫폼 개발실 부사장이 기조연설을 하고 있다./사진제공=삼성전자삼성전자는 반도체 생태계 협력과 함께 AI 반도체 수요 대응을 위한 공정·설계 혁신 전략도 소개했다. DTCO(설계와 공정 기술을 동시에 최적화해 칩의 성능을 극대화하는 기술)를 비롯해 차세대 2나노 공정 기술과 AI 반도체에 최적화된 공정 혁신 방향을 공개하며 고객의 제품 경쟁력 향상을 위한 기술 로드맵을 제시했다.특히 AI 반도체 성능 향상의 핵심 요소로 주목받고 있는 SRAM(전원이 공급되는 동안만 데이터를 유지하는 휘발성 메모리) 기술 경쟁력 강화 방안도 내놨다. 삼성전자는 DTCO 전략과 고성능 SRAM 기술을 통해 전력, 성능, 면적 경쟁력을 향상시키고 있다고 밝혔다.이같은 기술력을 바탕으로 폭발적으로 성장하는 파운드리 시장에서 입지를 강화할 계획이다. 삼성전자는 2022년 세계 최초로 GAA(게이트올어라운드) 기술을 적용한 3나노 양산에 성공하는 등 선단 공정 기술 경쟁력을 확보해왔다.시장조사업체 옴디아에 따르면 향후 3나노 이하 파운드리 시장 성장률은 2025년 257억 달러(약 40조원)에서 2028년 1019억 달러(약 158조7000억원)로 연평균 58.3% 성장이 예상돼 이 기간 파운드리 전체 시장 성장률(연평균 22.3%)을 크게 웃돌 전망이다. 초미세공정 경쟁력을 보유한 삼성의 수혜가 더욱 커질 수 있다는 의미다. 삼성전자는 평택과 미국 테일러에 첨단 파운드리 생산라인을 구축하며 생산 역량을 확대하고 있다.한편 삼성전자는 이날 산업통상부·업계와 협력해 국내 시스템반도체 생태계 조성에도 주력하고 있다고 설명했다. 삼성전자는 산업통상부가 추진하는 제조 AI 전환(M.AX) 얼라이언스에 참여하고 있으며 파운드리사업부는 자동차·가전·로봇·방산 분야에 필요한 저전력·고성능 온디바이스 AI 반도체 개발을 추진하고 있다.",True,반도체,"삼성전자는 차세대 2나노 공정과 AI 반도체 개발에 주력하며, 글로벌 파운드리 시장에서 핵심 역할을 강화하겠다는 비전을 발표했다. '세이프 포럼 2026'을 통해 파트너사와 협력 확대, 첨단 공정 기술, 설계 혁신 전략을 공개했고, AI 반도체 수요 대응과 국내 산업 생태계 조성에 힘쓰고 있다. 3나노 이하 시장 성장 전망도 밝아, 생산 역량 확대와 글로벌 경쟁력 강화를 추진 중이다.",삼성전자,2.0
2026-07-01,[단독] 지열 이용한 냉난방 실증 연구 단지에 삼성 제품 들어간다,정보 없음,https://n.news.naver.com/mnews/article/009/0005701319,"LH 경기 군포 ZEB 실증단지 착공삼성전자 ‘히트펌프 솔루션’ 채택경기 군포 대야미 일대에 조성되는 378가구 규모의 국내 최초의 최고층형 ZEB 3등급 공동주택 단지에 삼성전자 히트펌프 솔루션(모델명 AM040KXWDBH1)이 채택됐다.[전종헌 기자]탄소 배출 저감 등 친환경 에너지에 대한 정부의 지원이 강화되는 가운데 최고층형 제로에너지건축물(ZEB) 3등급 공동주택 단지 핵심기술개발 사업 및 실증에 삼성전자의 히트펌프 솔루션이 채택됐다. ZEB 3등급은 공동주택이 냉난방, 조명 등 에너지의 60% 이상을 자체 신재생에너지로 조달하는 수준을 목표로 하는 등급이다.치열한 경쟁을 뚫고 솔루션이 선정된 만큼 실증 단계를 거쳐 향후 삼성전자는 정부를 비롯해 민간에서 발주하는 대규모 프로젝트에서 유리한 고지를 밟을 전망이다.1일 산업계에 따르면 경기 군포 대야미 일대에 조성되는 378가구 규모의 국내 최초의 최고층형 ZEB 3등급 공동주택 단지에 삼성전자 히트펌프 솔루션(모델명 AM040KXWDBH1)이 설치된다. 삼성전자가 국내에서는 아직 출시하지 않은 땅속 지열을 이용한 냉난방 솔루션이다. 이미 유럽 등에서는 제품을 출시한 바 있다.히트펌프 솔루션은 외부의 열 에너지를 흡수해 내부의 열 에너지원으로 활용하는 에너지 전환 솔루션으로 에너지 효율성이 높다.이번 사업은 국토교통부가 주관하고 한국토지주택공사(LH)가 시행하는 국가 연구개발(R&D) 과제로, 25층 이상 최고층 공동주택에서도 ZEB 3등급을 구현할 수 있도록 고단열 외피(패시브), 고효율 설비(액티브), 태양광 등 신재생에너지 기술을 통합하는 핵심 기술을 개발·실증하는 것이 목적이다. 현재 실증 단지가 조성 중에 있으며 연구 기간은 2029년 12월까지다.기존 고층형 ZEB 공동주택은 중저층 사례에 머물러 있어 25층 이상 최고층형 공동주택에 적용 가능한 기술 확보가 필요한 상황이다. 실증 단지에는 고성능 창호, 지열 히트펌프, 태양광 등이 들어간다. 이를 통해 에너지자립률을 기존 27.74%(고층형 ZEB 5등급)에서 61.26%(3등급)까지 끌어올리는 게 목표다.LH에 따르면 목표 수준으로 에너지자립률을 높일 경우 기존 ZEB 5등급 대비 세대당 연간 에너지 비용은 59만원에서 25만원으로 58% 절감되며, 단지 전체로는 연간 2억원에서 절반 수준인 1억원으로 내려간다. 이는 냉난방과 급탕, 조명, 환기 비용 기준으로 기타 가전 사용 등에 따른 비용은 제외다.ZEB는 건물이 사용하는 에너지를 최대한 줄이고, 부족한 에너지는 태양광 등 신재생에너지로 직접 생산해 에너지 소비를 최소화한 건축물이다. 우리나라에서는 에너지자립률에 따라 1등급부터 5등급까지 나뉘며, 등급 숫자가 작을수록 성능이 더 우수하다.한편, 지난 4월 정부는 2035년까지 온실가스 518만톤 감축을 목표로 히트펌프 제품 350만대 보급 계획을 발표했다. 이를 위해 올해 144억원 규모의 예산을 투입하고 가구당 설치비의 최대 70%를 보조금으로 지원한다.",True,삼성전자,"경기 군포 대야미 일대에 378가구 규모의 최고층형 ZEB 3등급 공동주택 단지 착공이 시작되며, 삼성전자 히트펌프 솔루션(모델명 AM040KXWDBH1)이 채택됐다. 이 솔루션은 지열을 이용한 냉난방 기술로, 정부 R&D 과제의 일환으로 2029년까지 실증하며, 고단열 외피와 태양광 등 신재생에너지 기술을 통합한다. 목표는 에너지자립률을 27.74%에서 61.26%로 높여 연간 에너지 비용을 크게 절감하는 것이다. 이 사업은 친환경 에너지 정책과 온실가스 감축 목표 달성에 기여할 전망이다.",삼성전자,1.0
2026-07-01,"삼성전자, 차세대 폴더블폰 티저 영상 공개…'와이드 폴드' 예고",정보 없음,https://n.news.naver.com/mnews/article/079/0004163554,"갤럭시 8세대 폴더블폰 티저 영상. 삼성전자 제공삼성전자가 오는 22일 영국 런던에서 공개할 차세대 폴더블 스마트폰 '갤럭시 Z 폴드8'의 디자인 방향성을 담은 영상을 공개했다.삼성전자는 1일 오전 글로벌 공식 인스타그램, 유튜브 등 계정에 해당 티저 영상을 올렸다. 길쭉한 초콜릿을 부러뜨리거나 스티커 사진의 윗 부분을 잘라내는 등의 장면이 담겼다. 기존보다 가로가 넓어진 화면 비율을 암시한 것으로 해석된다.갤럭시 Z 폴드8은 기존 모델 대비 세로 길이를 줄이고, 가로 폭을 넓혀 펼쳤을 때 약 4대 3 비율의 화면이 적용될 것으로 알려졌다. 기존 폴드 시리즈의 화면비는 새롭게 추가되는 '울트라' 라인업에 적용될 예정으로 파악됐다.삼성전자는 2018년 첫 번째 '갤럭시 폴드'를 선보인 이후 폴더블 카테고리를 지속적으로 개척해 왔다. 갤럭시 Z 폴드로는 대화면을 기반으로 한 멀티태스킹과 생산성을 강조하고, 갤럭시 Z 플립으로는 콤팩트한 휴대성과 개성 있는 사용성을 부각하며 폴더블 카테고리의 두 축을 만들어왔다.삼성전자 관계자는 ""폴드의 성능을 한층 강화하고, 플립의 독창적인 사용성을 더욱 고도화하는 동시에 더 넓고, 더 자연스러우며, 더 몰입감 있는 경험을 제공하는 새로운 선택지를 더할 것""이라고 밝혔다.갤럭시 Z 폴드8은 퀄컴 스냅드래곤 8 엘리트 5세대 칩셋과 12GB 램, 최대 1TB 저장공간을 지원할 전망이다.※CBS노컷뉴스는 여러분의 제보로 함께 세상을 바꿉니다. 각종 비리와 부당대우, 사건사고와 미담 등 모든 얘깃거리를 알려주세요.이메일 :jebo@cbs.co.kr카카오톡 :@노컷뉴스사이트 :https://url.kr/b71afn",True,삼성전자,"삼성전자는 22일 영국 런던에서 공개할 차세대 폴더블 스마트폰 '갤럭시 Z 폴드8' 티저 영상을 공개했다. 영상은 가로 화면 비율이 넓어진 디자인을 암시하며, 기존보다 세로 길이를 줄이고 가로 폭을 늘린 4:3 비율의 화면이 예상된다. 갤럭시 Z 폴드8은 성능 강화와 더 넓고 자연스러운 사용자 경험을 제공하며, 퀄컴 스냅드래곤 8 엘리트 5G 칩셋과 12GB 램, 최대 1TB 저장공간을 지원할 전망이다. 삼성은 폴더블 카테고리의 지속적 발전을 목표로 하고 있다.",삼성전자,1.0
2026-07-01,"“차세대 파운드리 기술 전략 공개”…삼성전자, ‘세이프 포럼 2026’ 개최",정보 없음,https://n.news.naver.com/mnews/article/009/0005701060,"AI 시대 시스템반도체 협력 전략 공유설계 체적화·S램·2나노 기술 소개삼성전자 클린룸 반도체 현장 모습.[삼성전자]삼성전자가 국내 인공지능(AI) 반도체 생태계 협력 확대 방안과 차세대 파운드리 기술 전략을 공개했다.삼성전자는 1일 서울 서초사옥에서 ‘세이프 포럼 2026’을 개최했다. 세이프 포럼(SAFE, Samsung Advanced Foundry Ecosystem)은 삼성전자 파운드리 생태계 프로그램이다.삼성전자는 포럼에서 반도체 기술과 인공지능이 융합되는 시대에 SAFE를 중심으로 고객·파트너사와의 협력을 강화하는 한편, AI 반도체 생태계의 핵심 허브로 자리매김해 나가겠다는 비전을 제시했다.신종신 삼성전자 파운드리사업부 디자인 플랫폼 개발실장은 기조연설에서 “삼성전자는 AI 수요에 대한 대응 역량을 높이는 동시에 SAFE 포럼을 활용해 고객·파트너사와 적극 소통하겠다”며 “AI·HPC(고성능 컴퓨팅) 글로벌 고객사와의 협력을 본격화하는 한편, 파운드리 생산을 넘어 국내 시스템반도체산업 플랫폼 역할을 강화하겠다”고 말했다.삼성전자는 반도체 생태계 협력과 함께 AI 반도체 수요 대응을 위한 공정·설계 혁신 전략도 소개했다.삼성전자는 설계 기술 최적화(DTCO)를 비롯해 차세대 2나노 공정 기술과 AI 반도체에 최적화된 공정 혁신 방향을 공개하며, 고객의 제품 경쟁력 향상을 위한 기술 로드맵을 제시했다.이와 함께 AI 반도체 성능 향상의 핵심 요소로 주목받고 있는 데이터를 전기 신호로 유지하는 초고속 메모리 S램(SRAM) 기술 경쟁력 강화 방안도 소개했다. S램은 D램보다 데이터 처리 속도가 빠르지만 데이터를 저장하는 셀의 크기가 크고 회로 구조가 복잡해 대용량으로 만들기 어렵다.이번 세이프 포럼 2026 행사에는 고객·파트너사 관계자 400여명이 참석했으며, 전자설계자동화(EDA), 설계자산(IP), 디자인솔루션(DSP), 가상설계(VDP), 첨단패키징(MDI) 분야 21개 파트너사가 부스를 마련해 삼성의 파운드리 고객들을 지원하는 다양한 솔루션을 선보였다.또한, AI 팹리스 기업 리벨리온과 EDA 기업 지멘스 EDA 등 주요 파트너사가 연사로 참여해 삼성전자 파운드리 공정을 활용한 AI 반도체 개발 사례와 2.5D·3D 칩 설계 지원 방안을 소개했다.AI 팹리스 기업 리벨리온의 박성현 CEO는 “삼성전자 4나노 파운드리 공정과 첨단 패키징 등을 기반으로 ‘리벨100’ NPU(신경망처리장치)를 개발했다”며 “향후 AI 반도체 영역에서 협력하며 소버린 AI를 구축할 것”이라고 말했다.",True,파운드리,"삼성전자는 ‘세이프 포럼 2026’에서 AI 반도체 생태계 협력 확대와 차세대 파운드리 기술 전략을 공개했다. 포럼에서는 2나노 공정, 설계 최적화, 초고속 S램 등 혁신 기술과 함께 글로벌 고객사와 파트너와의 협력 강화 방안을 제시했다. 또한, AI 반도체 개발 사례와 첨단 패키징 기술도 소개하며, 국내 시스템반도체 산업 발전과 글로벌 경쟁력 강화를 목표로 하고 있다.",삼성전자,2.0
2026-07-01,"삼성전자, 8세대 폴더블폰 라인업 재편 예고… AI 시대 맞춤형 선택지 확대",정보 없음,https://n.news.naver.com/mnews/article/366/0001175750,"삼성전자 제공삼성전자가 차기 갤럭시 언팩을 앞두고 8세대 폴더블폰 라인업의 변화를 예고했다.삼성전자는 1일 오전 글로벌 공식 인스타그램과 유튜브 등을 통해 새로운 폴더블폰 티저 영상을 공개했다. 영상에는 길게 이어진 초콜릿을 꺾거나 스티커 사진을 나누는 장면 등 일상적인 소재가 등장한다. 이를 통해 기존과 다른 화면 비율과 폼팩터를 암시하며, 새 폴더블 제품군의 방향성을 시각적으로 드러냈다.이번 영상은 인공지능(AI) 활용이 일상 전반으로 확산되는 가운데, 모바일 기기가 AI 경험의 핵심 접점으로 자리 잡고 있다는 점을 반영했다. 삼성전자는 기존 폴더블 제품의 강점을 강화하는 동시에 새로운 형태의 선택지를 더해 사용자 경험의 범위를 넓히겠다는 구상이다.삼성전자는 그동안 갤럭시 Z 폴드와 갤럭시 Z 플립을 중심으로 폴더블 시장을 개척해왔다. 폴드는 대화면 기반의 생산성과 멀티태스킹을, 플립은 휴대성과 개성 있는 사용성을 앞세우며 폴더블 카테고리의 양대 축을 형성했다.8세대 라인업은 7세대에 걸쳐 축적한 기술력과 소비자 사용 데이터를 바탕으로 추진된다. 삼성전자는 폴드의 성능을 높이고 플립의 차별화된 사용성을 고도화하는 한편, 더 넓고 자연스러운 몰입형 경험을 제공하는 새 모델을 추가할 계획이다.이번 라인업 재편은 단순한 제품 확대가 아니라 AI 시대에 맞춘 폴더블 경험의 확장이라는 점에서 의미가 있다. 삼성전자는 “왜 폴더블인가”를 넘어 “나에게 맞는 폴더블은 무엇인가”에 답하는 제품군을 통해 시장의 다음 성장을 주도한다는 전략이다.업계에서는 이번 변화가 폴더블폰의 대중화 속도를 가늠할 분기점이 될 것으로 보고 있다. AI 기능이 기기 안에서 즉각 실행되는 온디바이스 AI 경쟁이 본격화한 만큼, 화면 크기와 휴대성, 사용 목적에 따라 세분화된 폴더블 수요가 커질 수 있다는 분석이다.",True,삼성전자,"삼성전자가 차기 갤럭시 언팩을 앞두고 8세대 폴더블폰 라인업의 변화를 예고하며, 새로운 폴더블 디자인과 AI 기능 확장을 암시하는 티저 영상을 공개했다. 기존 갤럭시 Z 폴드와 Z 플립의 강점을 강화하면서, 사용자 맞춤형 경험과 자연스러운 몰입감을 제공하는 제품을 선보일 계획이다. 이번 라인업 재편은 AI 시대에 맞춘 폴더블 경험 확장으로, 폴더블폰의 대중화와 시장 성장을 이끌 것으로 기대된다.",삼성전자,1.0
2026-07-01,"""호남 반도체, 삼성전자와 함께""…초기업노조, 새 변수 만드나",정보 없음,https://n.news.naver.com/mnews/article/243/0000099874,"지난 6월 30일 오후 광주 김대중컨벤션센터에서 열린 서남권 첨단산업 발전비전 국민보고회에서 삼성전자와 SK하이닉스는 호남권에 반도체 생산공장(팹)을 만들겠다는 투자 계획을 발표했다. 사진은 반도체 공장 후보지 가운데 한 곳으로 거론되는 광주 첨단 3지구 일원. [사진 연합뉴스][이코노미스트 김기론 기자] 삼성전자의 최대 노조인 삼성그룹 초기업노동조합 삼성전자지부(이하 초기업노조)가 회사의 호남 대규모 투자 계획과 관련해 정부와 회사, 노동조합이 함께 참여하는 '노사정 협의체' 구성을 전격 제안했다. 재계에서는 올해 시행된 개정 노동조합법(노란봉투법)의 영향으로 노조의 영향력이 '경영상의 결정'까지 확대된 가운데, 대규모 반도체 투자에 노사 협의가 새로운 변수로 부상할 수 있다는 관측이 나온다.1일 유통 및 산업계에 따르면 초기업노조는 이날 '메가 프로젝트에 대한 초기업 노조 입장' 성명을 발표하고 ""정부와 회사, 노동조합이 한자리에 모이는 노사정 협의의 장을 제안한다""며 ""건설적인 대화를 통해 이 국가적 과제가 대한민국의 새로운 도약으로 이어지기를 기대한다""고 밝혔다.노조는 삼성이 추진하는 메가 프로젝트를 ""대한민국 반도체 산업의 미래를 좌우할 과제""로 평가하면서도, 라인 하나를 가동하는 데 최소 5년 이상이 걸리는 만큼 조급함보다는 철저한 준비가 필요하다고 짚었다. 특히 경쟁력 강화를 위해 인재 유치가 중요함을 역설하며 ""경쟁력을 지키기 위해서는 '천금매골(千金買骨·값비싼 대가를 치르더라도 인재를 구함)'의 자세가 필요하다""고 강조했다.노조가 이번 협의체 구성을 제안한 핵심 배경에는 '현장 노동자의 처우와 정주 여건'이 자리 잡고 있다. 노조는 ""조합원이 앞으로 일하게 될 현장의 산업 안전, 주거 환경, 인프라가 충실히 갖춰지고 그에 걸맞은 처우가 뒷받침되기를 바란다""며 ""좋은 근무 환경과 정당한 대우가 우수 인재를 지키는 가장 확실한 길이자 반도체 경쟁력의 토대""라고 주장했다.재계에서는 이번 제안을 사실상 호남 반도체 프로젝트 추진 과정에서 노조의 지분과 목소리를 반영하겠다는 요구로 해석하고 있다. 앞서 삼성그룹은 호남 지역에 총 425조 원을 투자해 광주에 신규 반도체 팹(FAB) 2기를 건설하고, 해남 솔라시도에 AI 데이터센터를 구축하는 등 대대적인 '서남권 메가 프로젝트'를 발표한 바 있다. 정부 역시 부지 조성과 인허가, 전력·용수 등 기반 시설을 전폭 지원하기로 공언한 상태다.특히 재계가 이번 노조의 움직임을 예의주시하는 이유는 지난 3월 시행된 개정 노동조합법(노란봉투법) 때문이다. 개정법에 따라 노조의 쟁의 대상이 기존의 단순 '근로조건'에서 '사업 경영상 결정'까지 확대되면서, 신규 공장 건설이나 생산 라인 배치 등이 노동 환경과 밀접하다고 판단될 경우 노조가 합법적으로 교섭을 요구하거나 쟁의에 나설 수 있게 됐다.이에 따라 대규모 반도체 공장 건설 과정에서 전력과 용수, 지자체 인허가 등 기존의 인프라 변수 외에 '노사 협의'라는 고차방정식이 추가됐다는 분석이 나온다. 한 재계 관계자는 ""현장을 가장 잘 아는 노조의 참여가 인프라 구축에 시너지를 낼 수도 있지만, 메가 프로젝트를 고리로 향후 임금이나 처우 협상에서 노조가 요구 수위를 높이는 지렛대로 활용할 가능성도 배제할 수 없다""며 우려를 표시했다.",True,삼성전자,"지난 6월 광주에서 열린 국민보고회에서 삼성전자와 SK하이닉스는 호남권에 반도체 공장 투자를 발표했고, 삼성 초기업노조는 정부, 회사, 노동조합이 참여하는 노사정 협의체 구성을 제안했다. 노조는 현장 노동자 처우와 정주 여건 개선을 요구하며, 이번 협의체 구성을 통해 인재 유치와 경쟁력 강화를 기대하고 있다. 재계는 개정 노동조합법으로 노조의 영향력이 확대되면서, 향후 임금·처우 협상에서 노조의 요구가 높아질 우려를 표하고 있다.",삼성전자,2.0
2026-07-01,"삼성전자 초기업노조 ""메가 프로젝트, 우리와도 논의해야""",정보 없음,https://n.news.naver.com/mnews/article/421/0009034097,"1일 입장문 통해 노사정 협의 제안""조급함보다는 철저한 준비 필요""최승호 삼성그룹 초기업노동조합 삼성전자지부 위원장.  ⓒ 뉴스1 김기남 기자(서울=뉴스1) 박기호 기자 = 삼성전자 DS(디바이스솔루션, 반도체)부문이 주축이 된 삼성그룹 초기업노동조합 삼성전자 지부는 1일 정부와 삼성전자 등이 추진 중인 대한민국 대도약 메가 프로젝트와 관련 노사정 협의를 제안했다.초기업노조는 이날 입장문을 통해 ""정부와 회사, 노동조합이 한자리에 모이는 노사정 협의의 장을 제안하며 건설적인 대화를 통해 이 국가적 과제가 대한민국의 새로운 도약으로 이어지길 기대한다""고 밝혔다.초기업노조는 ""대한민국 반도체 산업의 경쟁력을 지키기 위해선 천금매골의 자세가 필요하다""며 ""핵심 인재와 기술을 확보하는 데 망설임 없는 과감한 투자가 뒷받침돼야 한다""고 강조했다.이어 ""메가 프로젝트는 대한민국 반도체 산업의 미래를 좌우할 과제""라며 ""라인 하나를 가동하기 위해 부지 선정, 인허가, 전력, 용수 등 기반 인프라 확보를 포함하면 최소 5년 이상 걸리는 긴 여정""이라고 주장했다.초기업노조는 ""그만큼 조급함보다는 철저한 준비가 필요하며 긴 호흡으로 미래를 내다보며 차근차근 대비해 나갔으면 한다""고도 했다.또한 ""이 모든 것의 근본에는 사람이 있다""며 ""초기업노조는 조합원이 앞으로 일하게 될 현장의 산업 안전, 주거 환경, 인프라가 충실히 갖춰지고 그에 걸맞은 처우가 뒷받침되길 바란다""고 했다.초기업노조는 ""이런 과제는 우리 모두가 뜻을 모을 때 해결할 수 있다""며 ""현장을 가장 잘 아는 노동조합이 그 역할을 다하겠다""고 강조했다.앞서 삼성은 평택캠퍼스와 용인 국가산업단지, 광주 반도체 클러스터 육성 등 반도체 분야만 총 2430조 원을 투자하겠다고 밝혔다.",True,삼성전자,"삼성전자 초기업노동조합은 정부와 삼성전자 등이 추진하는 대한민국 대도약 메가 프로젝트와 관련해 노사정 협의를 제안했다. 조합은 긴 준비와 철저한 인프라 확보가 필요하다고 강조하며, 산업 안전과 처우 개선 등 현장 중심의 과제 해결에 협력하겠다고 밝혔다. 삼성은 반도체 분야에 2430조 원을 투자하며 미래 경쟁력 강화를 추진하고 있다.",삼성전자,1.0
2026-07-01,글로벌 140社 '달러코인 동맹'…삼성전자·신한·두나무 참여,정보 없음,https://n.news.naver.com/mnews/article/015/0005305206,"스테이블코인 '오픈 USD' 출격비자, 마스터카드 등 글로벌 결제기업과 금융회사가 결성한 ‘달러코인 동맹’에 삼성전자, 신한금융그룹 등 국내 기업 13곳이 합류했다. 테더와 서클 같은 가상자산기업이 주도해온 스테이블코인 시장에서 전통 금융회사가 반격에 나선 것이다. 글로벌 달러 결제망을 둘러싼 주도권 경쟁이 본격화했다는 분석이 나온다.1일 금융권과 외신에 따르면 비자, 마스터카드, 블랙록, 구글 등으로 구성된 컨소시엄 오픈스탠더드는 이르면 10월께 달러 스테이블코인 오픈USD(OUSD)를 출시한다. 참여 기업은 140여 곳이다. 결제기업, 금융회사뿐만 아니라 빅테크, 가상자산기업도 대거 참여했다.국내에서는 삼성전자와 신한금융그룹, KB국민카드, 두나무 등 13곳이 이름을 올렸다. 신한금융 고위 관계자는 “OUSD는 사실상 전통 금융권이 공동 구축한 달러 스테이블코인 인프라”라며 “국내에서 관련 법이 마련되는 대로 글로벌 지급결제 질서 변화에 대응할 수 있도록 컨소시엄에 참여했다”고 설명했다.OUSD는 달러 가치에 1 대 1로 연동되는 스테이블코인이다. 테더(USDT), 서클의 USDC와 달리 발행·상환 수수료를 없애고 준비자산에서 발생하는 수익을 컨소시엄 참여 기업과 나누는 방식으로 사업 구조를 짰다. 테더와 서클이 사실상 독점해온 달러 스테이블코인 시장을 공동 인프라로 흔들겠다는 전략이다.시장은 즉각 반응했다. OUSD 출시 예고에 USDC 발행사 서클 주가는 전날 17% 넘게 급락했다. 세계적으로 구축된 결제망을 기반으로 한 OUSD가 단숨에 기존 스테이블코인을 위협할 것이라는 전망에서다. 김민승 코빗 리서치센터장은 “스테이블코인 주도권 경쟁이 발행 중심에서 결제망, 플랫폼 등 유통 중심으로 옮겨갈 것”으로 내다봤다.전통 금융사의 반격…테더·서클 대항마로 뜬 '오픈 USD'비자·마스터카드·코인베이스 주도…블랙록·구글까지 가세해 '막강'세계 스테이블코인시장에서 테더와 서클의 아성은 좀처럼 흔들리지 않았다. 테더가 발행하는 USDT와 서클의 USDC가 글로벌 시장에서 차지하는 비중은 90%에 육박한다. 후발주자가 잇달아 ‘달러코인’을 내놨지만 대부분 힘을 쓰지 못하고 있다. 스테이블코인은 발행보다 유통이 핵심이기 때문이다. 거래소와 지갑, 결제망, 은행 계좌까지 연결된 기존 강자의 자리를 넘보기 어려운 이유다.◇테더·서클 아성 무너질까비자와 마스터카드, 스트라이프, 코인베이스 등이 주도하는 ‘오픈USD’(OUSD)가 주목받는 것은 이 지점에서다. OUSD는 단순히 또 하나의 달러코인이 아니다. 기존 금융·결제 인프라를 등에 업은 공동 지급결제망에 가깝다. 글로벌 카드망을 장악한 비자와 마스터카드, 온라인 결제 강자인 스트라이프, 글로벌 가상자산거래소 코인베이스가 한 테이블에 앉았다. 여기에 블랙록, 스탠다드차타드(SC), 구글, IBM 등 전통 금융회사와 빅테크까지 가세했다.김민승 코빗리서치센터장은 “새로 시장에 들어오는 사업자는 코인을 받아줄 거래처와 결제처를 확보하지 못하면 발행 규모를 키우기 어렵다”며 “OUSD는 시작부터 140여 개 기업의 참여를 이끌어내 이 약점을 보완했다”고 평가했다.OUSD가 기존 스테이블코인과 차별화되는 또 다른 이유는 수익 구조다. 테더와 서클은 이용자가 맡긴 달러를 미 국채와 현금성 자산 등으로 운용해 얻는 준비자산 이자수익을 핵심 수익원으로 삼고 있다. 발행 규모가 커질수록 준비자산이 늘고, 금리 상승기에는 이자수익도 함께 커진다.OUSD는 발행·상환 수수료를 없애고 준비자산에서 발생하는 수익을 컨소시엄 참여 기업과 나누는 방식을 내세웠다. OUSD 사용이 늘어날수록 참여 기업이 나눠 받는 수익도 증가할 수 있다. 기존 발행사가 독점해온 수익을 결제망과 플랫폼 참여자에게 배분해 생태계 확산을 유도하겠다는 전략으로 풀이된다.시장에서는 OUSD가 스테이블코인 경쟁의 축을 바꿀 것이란 관측이 나온다. 지금까지 경쟁의 핵심은 누가 더 신뢰도 높은 스테이블코인을 발행하느냐였다. 앞으로는 결제처와 정산망, 플랫폼을 얼마나 촘촘하게 연결하느냐가 경쟁력을 좌우할 것이라는 전망이다.◇韓기업도 선점 경쟁국내 기업의 참여도 이런 흐름과 맞닿아 있다. 삼성전자는 삼성월렛을 통해 글로벌 결제 접점을 확보하고 있다. 신한금융그룹은 은행·카드 계열사를 통해 해외 결제와 정산망 변화에 대응할 사업 기회를 엿보고 있다. KB국민카드 등 국내 카드사가 대거 이름을 올린 것도 같은 맥락이다. OUSD가 카드 결제망과 결합하면 결제는 기존 카드처럼 이뤄지지만 뒷단에서 정산은 달러 스테이블코인으로 처리되는 구조가 가능해질 것이란 예상에서다.케이뱅크와 카카오뱅크는 모바일 기반 금융 플랫폼을 통해 디지털자산 결제·송금 서비스로 확장할 여지가 있다. 두나무는 가상자산 거래와 지갑, 원화 입출금 인프라를 갖추고 있어 스테이블코인 유통 환경 변화에 민감할 수밖에 없다. 한화생명은 해외 자산 운용과 글로벌 금융 서비스 확장 관점에서 스테이블코인 기반 정산 인프라를 주시하는 것으로 알려졌다.다만 국내에서 당장 OUSD 기반 서비스가 시작되는 것은 아니다. 스테이블코인을 규율할 디지털자산기본법이 먼저 마련돼야 한다. 카드업계 관계자는 “지금은 실제 사업보다 글로벌 지급결제 질서 변화에 대비해 초기 네트워크에 들어가는 의미가 크다”고 말했다.",True,삼성전자,"글로벌 결제기업과 금융회사가 결성한 ‘달러코인 동맹’에 삼성전자, 신한금융그룹 등 국내 기업 13곳이 참여하며, 비자·마스터카드 주도 OUSD(오픈 USD) 출시를 앞두고 있다. OUSD는 기존 스테이블코인과 달리 결제망과 플랫폼을 통합한 인프라로, 수익 구조를 차별화하며 시장 경쟁 구도를 바꾸려 한다. 기존 테더·서클의 독점에 도전하는 전략으로, 글로벌 결제망과 연계해 유통 경쟁력을 확보하려는 움직임이 활발하다. 국내 기업들도 결제·송금 인프라 확장 기대와 함께, 관련 법제 마련 후 본격 서비스가 추진될 전망이다.",삼성전자,1.0
2026-07-01,"삼성전자, 8세대 폴더블폰 티저 공개…'와이드폴드' 등장 예고",정보 없음,https://n.news.naver.com/mnews/article/629/0000512197,"8세대 폴더블폰 라인업 방향성 담은 영상 공개""새로운 선택지 더해 경험의 폭 확대할 것""삼성전자가 1일 8세대 폴더블폰 라인업에 대한 새로운 방향성을 담은 영상을 공개했다. /삼성전자[더팩트ㅣ이성락 기자] 삼성전자가 새로운 폼팩터(기기의 물리적 형태)인 '갤럭시Z와이드폴드' 출시를 사실상 공식화했다.삼성전자는 이달 갤럭시 언팩에서 공개되는 8세대 폴더블폰 라인업에 대한 새로운 방향성을 담은 영상을 1일 공개했다.8세대 폴더블폰 티저 영상에는 길쭉한 초콜릿을 부러뜨리거나 스티커 사진을 찢는 등 새로운 폴더블폰의 특정 비율과 형태가 드러나는 순간이 담겼다. 가로 비율이 더 긴 '와이드폴드' 제품을 암시한 셈이다.삼성전자는 해당 영상에 대해 ""인공지능(AI) 활용이 일상 전반으로 확대되고 AI 경험의 핵심 진입점으로 모바일 기기가 자리 잡는 변화에 맞춰, 기존 폼팩터의 핵심 경험을 한층 강화하는 동시에 새로운 선택지를 더해 경험의 폭을 확대할 것이라는 의미를 담고 있다""고 설명했다.삼성전자는 기존 '갤럭시Z폴드'와 '갤럭시Z플립' 라인업에 '갤럭시Z와이드폴드'를 추가할 전망이다. '와이드폴드'는 더 넓은 화면을 통해 동영상 시청·게임·멀티태스킹(다중작업) 경험을 더욱 확장할 것으로 기대된다.삼성전자는 ""더 넓고 더 자연스러우며 더 몰입감 있는 경험을 제공하는 새로운 선택지를 더한다""며 ""서로 다른 니즈에 대응하는 다양한 선택지를 제공하며 갤럭시 폴더블폰의 라인업을 재편할 것""이라고 밝혔다.발로 뛰는 더팩트는 24시간 여러분의 제보를 기다립니다.▶카카오톡: '더팩트제보' 검색▶이메일: jebo@tf.co.kr▶뉴스 홈페이지: http://talk.tf.co.kr/bbs/report/write",True,삼성전자,"삼성전자는 8세대 폴더블폰 라인업의 방향성을 담은 영상을 공개하며 '갤럭시Z와이드폴드' 출시를 사실상 예고했다. 이번 영상은 가로 비율이 긴 '와이드폴드'의 디자인을 암시하며, AI 활용과 경험 확대를 목표로 기존 폼팩터를 강화하고 새로운 선택지를 더하는 전략을 보여준다. 이를 통해 더 넓은 화면과 몰입감 있는 사용자 경험을 제공하며, 갤럭시 폴더블 제품군을 재편할 계획이다.",삼성전자,1.0
2026-07-01,"삼성전자, 여권 모양 새 폴더블폰 티저 공개... 이달 말 런던서 언팩",정보 없음,https://n.news.naver.com/mnews/article/469/0000939675,"SNS에 8세대 폴더블폰 영상 올려기존보다 가로 넓어진 화면비 암시삼성전자 ""폴더블 경험 한층 확장""삼성전자가 1일 공개한 8세대 폴더블폰 티저 이미지. 삼성전자 제공이달 하순 영국 런던에서 열리는 갤럭시 언팩 행사를 앞두고 삼성전자가 '여권 형태'의 새 폴더블폰 폼팩터(기기의 물리적 형태)를 암시했다. 기존 Z플립·Z폴드 시리즈에 이은 삼성전자의 새 폴더블폰은 업계에서 여러 관측이 나왔지만, 삼성전자가 공식적으로 새 폴더블폰 형태의 방향성을 꺼내 든 것은 이번이 처음이다.1일 삼성전자는 공식 인스타그램 등 사회관계망서비스(SNS)에서 22일 갤럭시 언팩 행사 때 선보일 8세대 폴더블폰 티저 영상을 공개했다. 영상에는 길쭉한 초콜릿을 부러뜨리거나 퍼즐을 떼어내는 등 일상의 소재를 활용해 기존보다 가로가 넓어진 화면 비율을 암시했다.업계에서는 이 신제품이 '갤럭시 Z 폴드8'이 될 것이라고 보고 있다. 접었을 때 세로가 긴 기존 형태의 폴더블폰은 '갤럭시 Z 폴드8 울트라' 제품군에 적용될 전망이다. 업계에 따르면 갤럭시 Z 폴드8은 퀄컴 스냅드래곤 8 엘리트 5세대 칩셋과 12기가바이트(GB) 램, 최대 1테라바이트(TB) 저장공간을 지원할 것으로 전망된다. 배터리 용량은 4,800밀리암페어(mAh), 유선 충전은 최대 45와트(W)를 지원하며, 후면에는 2억 화소 메인 카메라를 포함한 트리플 카메라가 탑재될 것으로 알려졌다.삼성전자는 ""이번 라인업 확장은 삼성전자가 7세대에 걸쳐 축적해온 폴더블 기술 리더십과 소비자 인사이트를 바탕으로 추진됐다""고 밝혔다. 폴드의 성능을 한층 강화하고, 플립의 독창적인 사용성을 더욱 고도화하는 동시에 더 넓고 더 자연스러운 새 선택지를 제공하겠다는 것이다. 삼성전자는 ""단순히 제품 수를 늘리는 것이 아니라 7세대 동안 축적한 기술력과 사용자 이해를 바탕으로 AI 시대에 맞는 폴더블 경험을 한층 확장하는 것""이라고 덧붙였다.",True,삼성전자,"삼성전자는 8세대 폴더블폰 티저 영상을 공개하며 새 폼팩터를 암시했다. 이번 제품은 기존보다 가로 화면 비율이 넓어지고, ‘여권 형태’의 디자인이 특징으로 예상된다. 갤럭시 Z 폴드8로 불리며, 강력한 성능과 12GB 램, 최대 1TB 저장공간, 2억 화소 카메라 등을 탑재할 전망이다. 삼성은 이번 라인업 확장을 통해 폴더블 기술 리더십을 강화하며, 사용자 경험을 한층 높이겠다는 목표를 밝혔다.",삼성전자,1.0
2026-07-01,"SK하이닉스, 나스닥 등록서 수정 제출…EUV 장비에 11.9조 투자(종합)",정보 없음,https://n.news.naver.com/mnews/article/001/0016169744,"SK하이닉스[연합뉴스 자료사진. 재판매 및 DB 금지](서울=연합뉴스) 정주호 조성흠 기자 = SK하이닉스가 미국 나스닥 상장을 위해 미국 증권거래위원회(SEC)에 냈던 등록서(Form F-1)를 수정해 지난달 30일(현지시간) 다시 제출하고 신청 절차를 완료했다.경제 전문매체 인베스팅닷컴 등에 따르면 회사는 24일 이사회에서 신주 최대 1천779만주(발행주식의 약 2.50%)를 미국주식예탁증서(ADS)로 발행하기로 의결한 바 있으며, 공모 규모는 294억7천만달러(약 45조4천500억원)다.이는 모두 최초 등록서(6월24일) 제출 당시 이미 공개된 내용으로, 수정본에서 달라지지 않았다.SEC 전자공시시스템을 보면 이번 수정본에서도 공모가, ADS 발행 물량, 보통주 대비 ADS 환산비율 등 핵심 공모 조건은 빈칸으로 남아 아직 확정되지 않았다. 공모가는 SK하이닉스와 주관사 간 협의를 거쳐 직전 거래가와 시장 상황을 반영해 최종 결정될 예정이라고 등록서는 밝혔다.이번 수정본에서 새로 확인되는 내용은 위험요인(Risk Factors) 항목에 추가된 소송 리스크다. 지난달 25일 범용 D램 간접구매자들이 캘리포니아 북부연방지법에 반독점 집단소송을 제기했다는 내용이 신규로 명시됐다.미국 소비자 14명과 중소 PC 제조업체 3곳이 삼성전자·SK하이닉스·마이크론을 상대로 낸 소송으로 메모리 가격 상승이 맥북·아이패드 등 IT 완제품 가격 상승으로 이어지면서 소비자들이 직접적인 금전적 피해를 봤다는 게 원고 측 논리다.SK하이닉스는 2026년 1분기 기준 IDC 집계로 HBM 시장 글로벌 점유율 56.4%로 1위, D램(HBM 포함) 시장 점유율 29.1%로 2위를 각각 기록했다고 등록서에서 밝혔다.아울러 SK하이닉스는 이번에 조달한 자금을 차세대 공정을 위한 장비 도입 등 국내 생산시설 확대와 첨단 패키징 설비 등 투자에 사용할 계획이다.2027년 말까지 전달받을 EUV 노광장비 스캐너 도입에 약 11조9천억원을 투자할 계획이라고 SK하이닉스는 밝혔다.jooho@yna.co.krjosh@yna.co.kr",True,EUV,"SK하이닉스는 미국 증권거래위원회(SEC)에 미국 상장 신청서(Form F-1)를 수정해 제출했으며, 이달 30일 신청 절차를 완료했다. 회사는 최대 1,779만 ADS 발행과 45조원 규모 공모를 결정했으며, 공모가와 상세 조건은 아직 확정되지 않았다. 새 위험요인으로 미국 법원에 제기된 반독점 소송이 포함됐으며, 이는 소비자와 중소업체가 삼성전자·SK하이닉스 등을 상대로 제기한 소송이다. SK하이닉스는 2026년까지 글로벌 시장 점유율 1위 및 2위 기록을 유지하며, 차세대 공정과 첨단 설비 투자에 약 11조9천억 원을 투입할 계획이다.",SK하이닉스,2.0
2026-07-01,"""하이닉스 덕분에"" SK그룹, 작년 영업익 50조 돌파…2년 연속 수익성 1위도",정보 없음,https://n.news.naver.com/mnews/article/003/0014039479,"한국CXO연구소 분석 결과 발표HBM 등 AI 반도체 호황에 힘입어그룹 전체 영업이익 50.1조원 돌파[서울=뉴시스]서울 종로구 SK서린빌딩. (사진 = SK) 2024.03.27. photo@newsis.com  *재판매 및 DB 금지[서울=뉴시스]이지용 기자 = 지난해 SK그룹이 2년 연속 '수익성 1위' 자리를 지킨 것으로 나타났다.고대역폭메모리(HBM) 등 인공지능(AI) 반도체 호황을 등에 업은 SK하이닉스의 폭발적인 성장이 그룹 전체의 호실적을 견인한 결과로 풀이된다.기업분석 전문 한국CXO연구소는 1일 이 같은 내용을 담은 '2025년 그룹 총수 경영 성적 분석' 결과를 발표했다.조사 대상은 자산 5조원 이상 102개 대기업 집단(그룹)이다.분석 결과 삼성은 지난해 계열사 전체 매출과 순이익, 고용 규모에서 모두 1위를 유지했다.삼성의 국내 계열사가 올린 매출은 432조233억원으로 조사 대상 102개 그룹 전체 매출(2404조원)의 약 18%를 차지했다.계열사 전체 순이익은 49조217억원으로 가장 많았고, 국내 고용 인원도 28만3830명으로 1위를 기록했다.삼성은 지난해 102개 그룹 전체 순이익의 27.5%, 전체 고용의 14.8%를 차지했다.수익성 경쟁에서는 SK그룹이 돋보였다.SK그룹은 지난해 그룹 전체 영업이익 50조1912억원을 기록하며 2024년에 이어 2년 연속 1위에 올랐다.이는 삼성의 영업이익(36조6181억원)보다 약 27% 높은 규모다.지난 2024년 두 그룹의 영업이익 격차가 0.4%에 불과했던 것과 비교하면 불과 1년 만에 격차가 크게 벌어졌다.SK그룹의 수익성 급증은 SK하이닉스가 이끌었다. SK하이닉스의 영업이익은 2024년 21조3314억 원에서 지난해 44조74억 원으로 1년 새 106.3% 증가했다.SK하이닉스는 102개 그룹 내 3500곳이 넘는 계열사 가운데 별도 기준 영업이익 1위에 올랐다.SK그룹은 그룹 전체 순이익에서도 44조9105억 원으로 삼성에 바짝 다가섰다.오일선 한국CXO연구소 소장은 ""AI 반도체 호황으로 SK의 수익성이 크게 개선되고 삼성도 반도체 업황 회복세에 올라탄 만큼 올해 두 그룹이 전체 대기업 순이익에서 차지하는 비중은 60%를 넘어설 가능성이 크다""고 말했다.한편, 삼성전자와 SK하이닉스는 올 2분기에도 나란히 역대급 실적을 쓸 것으로 전망되고 있다．",True,반도체,"한국CXO연구소는 AI 반도체 호황에 힘입어 SK그룹이 2024년 그룹 전체 영업이익 50.1조원을 돌파하며 2년 연속 1위를 기록했다고 발표했다. SK하이닉스의 영업이익이 106.3% 증가하며 그룹 수익성을 견인했고, 전체 그룹 영업이익은 삼성(36.6조원)을 크게 앞섰다. 삼성은 매출과 순이익, 고용 규모에서 1위를 유지했으며, 두 그룹의 전체 대기업 순이익 점유율은 60%를 넘을 전망이다. 양사 모두 올해 2분기 역대급 실적이 기대되고 있다.",SK하이닉스,3.0
2026-07-01,"나스닥 향하는 SK하이닉스…등록서 수정했는데, 공모가는?",정보 없음,https://n.news.naver.com/mnews/article/009/0005701022,"[연합뉴스]SK하이닉스가 미국 증권시장에 상장하기 위한 등록 절차를 마무리했다.1일 연합뉴스에 따르면 SK하이닉스는 미국 증권거래위원회(SEC)에 미국주식예탁증서(American Depositary Share, ADS) 발행을 위한 등록서를 수정해 재제출하면서 나스닥 상장 신청 절차를 마쳤다.앞서 SK하이닉스는 지난주 이사회에서 발행주식 총수의 약 2.50%에 해당하는 최대 1779만주의 신주를 미국주식예탁증서(ADS)로 발행하기로 의결한 바 있다. 총 공모 규모는 294억7000만달러(약 45조4500억원)다. 이는 모두 최초 등록서 제출 당시 공개된 내용과 동일하다.공모가와 ADS 발행 물량, 보통주 대비 ADS 환산비율 등 핵심 공모 조건은 아직 확정되지 않았다. 공모가는 SK하이닉스와 상장주관사단이 협의해 직전 거래 가격과 시장 상황을 종합적으로 반영해 결정할 방침이다.등록서 수정본에서 변경된 부분은 위험요인(Risk Factors) 항목에 새롭게 추가된 소송 상황이다. SK하이닉스는 지난달 소비자 14명과 개인용컴퓨터(PC) 제조업체 3곳이 삼성전자·SK하이닉스·마이크론을 상대로 메모리 가격 상승이 전자기기 완제품 가격 상승으로 이어지면서 금전적 피해를 입었다며 미국 캘리포니아 북부연방지방법원에 반독점 집단소송을 제기했다는 내용을 리스크로 명시했다.그럼에도 불구하고 SK하이닉스는 글로벌 메모리시장에서 압도적인 지배력을 행사하고 있다. 시장조사업체 IDC에 따르면 올해 1분기 기준 고대역폭메모리(HBM) 시장 점유율은 56.4%로 1위다. D램 시장 점유율은 29.1%로 2위를 기록했다.",True,반도체,"SK하이닉스는 미국 증권시장 상장을 위해 SEC에 ADS 발행 등록서를 수정·재제출하며 나스닥 상장 절차를 완료했다. 최대 1779만주의 ADS를 발행하며 공모 규모는 약 45조원에 달하지만, 공모가와 조건은 아직 확정되지 않았다. 최근에는 소송 위험요인을 추가했으며, SK하이닉스는 글로벌 메모리 시장에서 압도적인 점유율(HBM 56.4%, D램 29.1%)으로 강세를 보이고 있다.",SK하이닉스,1.0
2026-07-01,"코스피 2% 하락한 8,303...삼성전자·SK하이닉스 약세",정보 없음,https://n.news.naver.com/mnews/article/052/0002373372,"코스피가 2% 넘게 하락하며 8,300대로 밀려 마감했습니다.오늘 코스피는 어제보다 173.07포인트, 2.04% 내린 8,303.41에 거래를 마쳤습니다.지수는 장 초반 8,600선을 회복하기도 했지만, 상승 폭을 반납한 뒤 하락 전환해 장중 한때 8,143.33까지 떨어졌습니다.반면 코스닥지수는 13.17포인트, 1.44% 오른 929.35에 장을 마감했습니다.반도체 종목도 약세를 보였습니다.삼성전자는 5.84% 내린 31만4천500원에 거래를 마쳤고, 장중 한때 6.74% 하락한 31만1천500원까지 밀렸습니다.SK하이닉스도 3.40% 내린 256만 원에 마감했으며, 장중에는 5.58% 하락한 250만2천 원까지 떨어졌습니다.유가증권시장에서는 외국인과 기관이 각각 1조 7천억 원과 704억 원을 순매도했고, 개인은 1조 7천억 원을 순매수했습니다.시장에서 국민연금의 리밸런싱으로 대규모 매도 물량이 쏟아질 수 있다는 우려가 나오는 가운데, 김성주 국민연금공단 이사장은 리밸런싱이 '매도 폭탄'으로 이어질 가능성은 없다고 밝혔습니다.※ '당신의 제보가 뉴스가 됩니다'[카카오톡] YTN 검색해 채널 추가[전화] 02-398-8585[메일] social@ytn.co.kr",True,반도체,"오늘 코스피는 2% 이상 하락하며 8,300대에 마감했고, 장중 8,143.33까지 떨어졌습니다. 반면 코스닥은 1.44% 상승했습니다. 반도체주도 하락했으며, 삼성전자와 SK하이닉스는 각각 약 6%와 3% 내렸습니다. 외국인과 기관은 각각 1조 7천억 원과 704억 원을 순매도했고, 개인은 1조 7천억 원을 순매수했습니다. 국민연금의 리밸런싱으로 인한 대규모 매도 우려가 제기됐으나, 국민연금공단은 '매도 폭탄' 가능성은 없다고 밝혔습니다.",SK하이닉스,2.0
2026-07-01,"삼성전자·SK하이닉스, 서남권 반도체 팹 위치는?…공장입지 언급 없이 투자계획만 제시",정보 없음,https://n.news.naver.com/mnews/article/629/0000512091,"부동산 투기 방지와 구체적 실행계획 확정 후 발표할 듯정부가 제시한 전남광주통합특별시 관내 7개 산단 또는 후보지. /국토부[더팩트ㅣ전남광주=최치봉 기자] 삼성전자와 SK하이닉스가 총 800조 원 규모의 전남·광주 반도체 클러스터(팹 4기) 조성 계획을 발표했지만 공장입지는 공개하지 않았다. 정부가 제시한 전남광주통합특별시 역내 7개 산업단지 후보지가 반도체 팹 대상지로 떠오를 뿐이다.1일 전남광주통합특별시에 따르면 전날 광주 김대중컨벤션센터에서 열린 '서남권 첨단산업 발전비전 국민보고회'에서 삼성전자와 SK하이닉스는 반도체 공장 설립 후보지에 대해서는 일절 언급하지 않았다. 앞서 지난달 29일 청와대에서 열린 '대한민국 대도약 3대 메가프로젝트 국민보고회'에서도 이와 비슷한 투자계획만 발표했다.구체적인 공장입지는 결정하지 않은 채 정부와의 투자 협력 방향만 공유했다. 입지를 발표하지 않은 것은 주변 토지에 대한 부동산 투기 우려나 후보지 결정시 고려해야할 여러 사정이 해결되지 않았을 거란 추정이다.대형 반도체 팹 1기를 건설하는데 최소 50만㎡(15만평)가량의 부지가 확보돼야 안정적인 운영이 가능하다. 팹 건물은 팹 자체만으로 끝나지 않고, 초순수생산시설(UPW) ,전력공급 및 변전시설, 폐수처리시설, 특수가스 등 화학물질 공급 시설 등 각종 부대시설이 뒤따라야 한다.삼성전자는 광주권 팹 2기 후보로 '광주첨단(장성) 3지구'와 '광주군공항 이전 연계 탄약고 부지' 등을 후보지로 고려 중인 것으로 알려졌다.우선 전남 장성이 포함된 광주 북구 첨단3지구는 전체 면적 362만㎡ 가운데 91만여㎡의 산업용지가 남아 있다. 면적으로만 보면 2기의 전공정 팹 건설이 가능한 규모다. 국가 AI 데이터센터 등 AI 기반 시설과, 광주과학기술원(GIST), 세계적 반도체 패키징(후공정) 기업인 엠코테크놀러지와도 이웃하고 있다.용수는 용연 정수장 계통의 수돗물을 활용하거나 장성호·광주호·담양호 등 팹 후보지 상류에 위치한 영산강 수계 농업용 호숫물 이용도 가능하다. 광주 도심과 가까워 의료·문화·주거 등 정주 여건이 뛰어나고, 호남고속도로·KTX 등 주요 교통망과의 접근성도 우수한 편이다.광주 광산구 광주공항 부지는 두 거대 반도체 기업에 동시에 둥지를 틀어도 부족함이 없다. 공군 비행장과 탄약고 부지를 포함하면 820만㎡ 규모다. 용수도 덕남정수장 계통의 대형 상수도 송수관과 연결돼 있으며, 인근에 KTX가 지나는 광주송정역이 자리하고 있다. 도심에 위치해 정주여건은 거론되는 후보지 중 최고로 꼽힌다.가장 큰 변수는 군 공항과 민간 공항 이전 문제이지만, 설계와 인허가 착공까지의 시기를 감안하면 공항이전과 동시 착공도 가능할 것으로 점쳐진다.서남권 투자를 앞둔 삼성전자와 SK하이닉스. /뉴시스삼성의 광주 투자 발표가 공식화된 만큼 SK하이닉스의 반도체 팹 후보지가 어디로 결정될 지에도 관심이 쏠린다.SK하이닉스는 ""서남권에 반도체 공장을 짓겠다""고만 밝혀 '전남 해남 솔라시도'(구성지구)나 목포 또는 나주 인근 산업단지가 물망에 올랐다.SK하이닉스는 대규모 데이터센터와 연계해 반도체 팹 후보지를 물색하고 있는 만큼 '솔라시도'처럼 대규모 부지가 필요할 것이란 게 업계의 전망이다.솔라시도는 2090만㎡(632만평)의 대규모 부지와 태양광과 해상풍력 발전단지가 집중된 돼 있다. 향후 RE100(재생에너지 100％) 친환경 인프라 산업단지 조성도 가능하다.전력 문제도 산이변전소를 통해 즉시 공급 가능한 전력 400㎿를 확보하고 있다. 2030년까지 9.8GW 전력 공급 체계도 구축 중이다. 영산강·영암호·금호호 3개 호수를 품고 있어 용수도 풍부하다. 솔라시도에는 또 국가 AI 컴퓨팅센터도 건립 중이어서 AI 데이터센터와 연계 효과도 기대된다.다만 정주 여건 등이 문제로 꼽힌다. 통합시 관계자는 ""현재 거론되는 각 후보지별 장단점은 다르다""며 ""어디로 결정되든 신속한 행정적 지원을 통해 반도체 공장이 하루빨리 자리잡을 수 있도록 돕겠다""고 말했다.김윤덕 국토교통부 장관이 보고회에서 제시한 후보 산단은△ 미래차 국가산단(102만평) △빛그린 국가산단(123만평) △나주에너지국가산단( 38만평) △군 공항 종전부지와 무안국가산단 후보지 등이다. 삼성전자와 SK하이닉스는 실사를 거쳐 조만간 팹 최종 후보지를 선택할 것으로 보인다.한상원 광주상의 회장은 ""이번 두 대형 반도체 기업의 서남권 투자로 전남광주가 획기적으로 발전할 수 있는 발판이 마련됐다""며 ""반도체와 AI데이터센터 피지컬AI 등이 결합된 대한민국 초격차 기술력 확보를 위해 애쓰는 이재명 대통령과 삼성전자·SK하이닉스 관계자에게도 존경과 감사를 표한다""고 말했다. 이어 ""반도체산업 발전과 신속한 RE100 실현을 위해 필수적인 송배전망 확충을 위해 정부가 나서 달라""고 요청했다.발로 뛰는 더팩트는 24시간 여러분의 제보를 기다립니다.▶카카오톡: '더팩트제보' 검색▶이메일: jebo@tf.co.kr▶뉴스 홈페이지: http://talk.tf.co.kr/bbs/report/write",True,SK하이닉스,"정부는 전남·광주 반도체 클러스터(800조 원 규모) 조성 계획을 발표했으나, 공장 입지는 아직 공개하지 않았다. 삼성전자와 SK하이닉스는 반도체 공장 후보지로 광주 첨단지구와 광주공항 부지를 검토 중이며, 각각 충분한 부지와 인프라를 갖추고 있다. 정부는 미래차, 빛그린, 나주 에너지 산단 등 후보지 7곳을 제시했고, 최종 입지 선정은 실사 후 결정될 예정이다. 반도체 산업 발전과 부동산 투기 방지, 인프라 확충이 핵심 과제다.",SK하이닉스,1.0
2026-07-01,"SK하이닉스 레버리지 ETF, ‘머니 블랙홀’ 됐다",정보 없음,https://n.news.naver.com/mnews/article/016/0002664119,"KODEX SK하이닉스단일종목레버리지6월 거래대금 84.3조 ETF 전체 ‘1위’국내 최대 KODEX200보다 20조 많아반도체·지수형 ETF서 자금 이탈 가속삼전닉스 레버리지로 자금 쏠림 심화SK하이닉스 단일종목 레버리지 상장지수펀드(ETF)가 6월 ETF 거래대금 1위를 기록했다. 하루 평균 4조원 가까운 자금이 손바뀜하면서 한 달 거래대금이 84조원을 넘어섰다. 인공지능(AI) 반도체 열풍과 SK하이닉스 주가 급등에 개인투자자의 단기 매매가 집중된 결과다. 시장에서는 특정 종목과 레버리지 상품으로의 쏠림이 심화하면서 변동성을 키울 수 있다고 우려한다.1일 한국거래소에 따르면 6월 ETF 거래대금 1위는 ‘KODEX SK하이닉스단일종목레버리지’였다. 이 기간 거래대금은 약 84조3000억원으로 하루 평균으로는 약 4조원씩 거래된 셈이다. 국내 최대 운용자산(AUM)을 자랑하는 대표 지수형 ETF인 KODEX200의 거래대금(약 64조원)을 크게 웃도는 규모다.상위권도 대부분 단일종목 레버리지 ETF가 차지했다. KODEX 삼성전자단일종목레버리지가 47조9000억원으로 4위, TIGER SK하이닉스단일종목레버리지가 46조3000억원으로 5위, TIGER 삼성전자단일종목레버리지가 29조원으로 6위에 올랐다. 하락에 베팅하는 SOL SK하이닉스선물단일종목인버스2X도 23조2000억원이 거래되며 7위를 기록했다.단일종목 레버리지 ETF가 ETF 시장 거래대금을 장악한 배경으론 우선 AI 반도체 투자 열기가 있다. SK하이닉스가 고대역폭메모리(HBM) 시장의 최대 수혜주로 부상하며 주가가 가파르게 상승한 데다 삼성전자 역시 반등 기대감이 커지면서 개인투자자들이 상승폭을 두 배로 추종하는 레버리지 ETF로 대거 몰렸다.실제로 자본시장연구원의 ‘단일종목 레버리지ㆍ인버스 ETF 출시 전후 주식시장 동향 및 시사점’ 보고서에 따르면 5월 27일 삼성전자와 SK하이닉스를 기초자산으로 하는 단일종목 레버리지·인버스 ETF가 상장된 이후 개인투자자의 자금이 빠르게 유입됐다. 출시일부터 6월 19일까지 개인투자자의 누적 순매수 규모는 레버리지 ETF가 약 8조2000억원, 인버스 ETF는 약 3000억원에 달했다.기존 반도체 ETF에서 자금이 이동하는 모습도 나타났다. 자본시장연구원은 단일종목 ETF 출시 이후 국내 반도체 ETF가 순매도로 전환됐고, 코스피 지수형 ETF에서도 레버리지 상품을 중심으로 자금 이탈이 나타났다고 분석했다.거래대금이 폭증한 이유는 상품 구조와도 관련이 있다. 레버리지 ETF는 하루 수익률의 두 배를 추종하는 상품인 만큼 단기 매매가 빈번하게 이뤄진다. 일반 ETF보다 회전율이 높아 실제 유입 자금보다 거래대금이 훨씬 크게 집계되는 특성이 있다.시장에서는 개인투자자의 투자 성향도 바뀌고 있다고 본다. 장기 투자 중심의 지수형 ETF보다 특정 종목의 방향성에 베팅하는 단기 트레이딩 수요가 크게 늘었다는 것이다.단일종목 레버리지 ETF는 구조적으로 매일 목표 수익률을 맞추기 위한 리밸런싱 거래를 실행하기 때문에 주가 변동성이 추가로 키울 수 있다. 특히 주가가 오를수록 ETF 순자산(NAV)도 함께 증가해 AUM이 커지고, 이에 따라 리밸런싱 거래 규모 역시 점차 확대하면서 변동성이 변동성을 부르는 악순환에 빠질 수 있다.장근혁 자본시장연구원 선임연구위원은 “단일종목 ETF는 그 구조적 특성상 리밸런싱 거래가 변동성을 추가로 확대할 수 있다”며 “최근 레버리지 ETF의 AUM이 증가하고 있는 점을 감안하면 그 영향이 점차 커질 수 있다”고 강조했다.이어 “향후 AUM 증가 추이와 변동성 국면에서의 리밸런싱 거래 영향에 대한 지속적인 모니터링이 필요하다”며 “투자자들도 주가 상승 이후 위험이 더 커질 수 있다는 점과 종목 쏠림 위험을 감안해 위험관리에 유의할 필요가 있다”고 덧붙였다. 홍태화 기자",True,SK하이닉스,"6월 SK하이닉스 단일종목 레버리지 ETF가 거래대금 84조원으로 시장 1위를 기록하며, 하루 평균 4조원씩 거래됐다. AI 반도체 기대감과 SK하이닉스 주가 급등이 개인투자자들의 단기 매매를 부추긴 결과다. 이 ETF는 반도체 관련 기대감과 함께 레버리지 구조로 인해 변동성과 위험이 커지고 있으며, 자금이 기존 반도체 ETF에서 이탈하는 현상도 나타나고 있다. 전문가들은 단기 트레이딩과 리밸런싱 거래가 변동성을 확대할 수 있어 주의가 필요하다고 지적한다.",SK하이닉스,1.0
2026-07-01,"SK하이닉스, 美 나스닥 상장처·심볼 확정…조달자금은 EUV에 집중 투입",정보 없음,https://n.news.naver.com/mnews/article/030/0003443157,"SK하이닉스가 미국 증권거래위원회(SEC)에 유상증자를 위한 등록신청서(Form F-1) 수정본을 제출하며 나스닥 상장 절차에 속도를 내고 있다. 〈이미지 출처=미국 SEC 전자공시시스템(EDGAR)〉SK하이닉스가 미국 증권거래위원회(SEC)에 유상증자를 위한 등록신청서(Form F-1) 수정본을 제출하며 나스닥 상장에 속도를 냈다. 이사회 의결 당시 베일에 싸여 있던 상장 거래소와 심볼(종목 코드), 자금 사용처, 락업(보호예수) 기간 등 구체적인 조건이 공개됐다.미국 SEC 전자공시시스템(EDGAR)에 따르면 SK하이닉스는 지난달 30일(현지시간) 이 같은 내용이 담긴 F-1 수정본(Amendment No. 1)을 공시했다.처음 제출하는 F-1 서류에는 대략적인 개요만 적고, 거래소나 자금 용도 등 민감하고 구체적인 수치는 공란으로 두는 경우가 일반적이다. 이번 수정본 제출은 SEC의 1차 피드백 혹은 시장 변수를 반영했거나, 시장 조율이 끝나 구체적인 조건을 확정해 공시한다는 의미다.공시 서류에 따르면 SK하이닉스는 이번 주식예탁증권(ADS)을 나스닥 내에서도 요건이 가장 까다로운 '나스닥 글로벌 셀렉트 마켓'에 상장할 계획이다. 거래 심볼은 'SKHY'다.상장 예정 시기는 “등록 효력 발생 후 가능한 한 빠른 시일 내(As soon as practicable)”로 명시됐다. 당초 시장에서 거론되던 7월 10일이라는 특정 날짜 대신, SEC 심사 및 수요예측 일정에 맞춰 조율할 가능성을 열어뒀다. 또한 공모 후 주가 안정을 위해 회사와 일부 계열사는 90일간의 보호예수 약정을 체결하기로 동의했다.단순 '설비투자'로만 알려졌던 자금 사용처도 명확해졌다. SK하이닉스는 조달 자금을 국내 생산시설 확대와 첨단 패키징 설비 투자 등 자본 지출에 사용할 계획이다. 특히 차세대 공정에 필수적인 극자외선(EUV) 장비 도입에 상당 부분을 배정한다. 약 11조9000억원 규모로 예상되는 EUV 노광장비 스캐너 구매에 자금을 배정할 계획으로, 해당 장비는 2027년 12월까지 납품받을 예정이다.SK하이닉스는 이번 서류를 통해 인공지능(AI) 반도체 시장에서의 압도적인 지배력을 전면에 내세웠다. 시장조사업체 IDC의 올해 1분기 기준 데이터를 인용해 “글로벌 HBM 시장 매출 기준 56.4%의 점유율로 세계 1위”라고 공언했다. 일반 D램 시장과 낸드 플래시 시장에서도 각각 매출 기준 점유율 29.1%, 18.5%를 기록하며 글로벌 2위 지위를 확고히 했다.글로벌 투자자를 대상으로 하는 공모인 만큼 잠재적 위험 요인(Risk Factors)도 체계적으로 정리했다. 빅테크 기업들의 AI 인프라 투자 둔화 가능성, HBM 등 핵심 제품 공급 부족 시 고객사 배분 과정에서 발생할 수 있는 정치·법적 스크루티니(조사) 및 소송 리스크, 미·중 무역 갈등 고조에 따른 중국 내 생산시설(우시·다롄 팹)의 공급망 불확실성 등을 상세히 기술하며 투자자 고지 의무를 강화했다.SK하이닉스는 향후 SEC 심사 결과와 시장 상황을 종합 고려해 최종 공모가와 발행 주식 수(최대 1779만주)를 결정할 예정이다. 공모가는 향후 글로벌 기관투자자들을 대상으로 수요예측(북빌딩)을 진행한 뒤 최종 확정된다.",True,EUV,"SK하이닉스는 미국 SEC에 유상증자 등록신청서 수정본을 제출하며 나스닥 상장 절차를 가속화하고 있다. 이번에 공개된 내용에는 상장 거래소, 심볼(‘SKHY’), 자금 사용처(국내 설비 확대와 EUV 장비 구매) 등이 포함되었으며, 상장 시기는 빠른 시일 내로 예정돼 있다. 조달 자금은 첨단 공정과 인공지능 반도체 시장에서의 경쟁력 강화를 위해 활용될 예정이다. 또한, 시장 위험요인과 잠재적 변수도 상세히 공개하며 투자자 보호에 힘쓰고 있다.",SK하이닉스,1.0
2026-07-01,"SK하이닉스, 나스닥 등록서 수정 제출…공모 조건은 미정",정보 없음,https://n.news.naver.com/mnews/article/024/0000106578,"ADS 형태로 신주 최대 1779만주 발행공모가 등 핵심 공모 조건 추후 공개위험 요인에 ‘美 반독점 집단소송’ 추가경기 이천시 SK 하이닉스 본사 모습. (뉴시스)SK하이닉스가 미국 나스닥 상장을 위한 신청 절차를 마무리했다. 미국 증권거래위원회(SEC)에 냈던 등록서(Form F-1)를 수정해 다시 제출하고 등록 절차를 완료한 것으로 전해졌다.1일 인베스팅닷컴 등에 따르면 SK하이닉스는 지난달 30일(현지 시간) SEC에 미국주식예탁증서(ADS) 발행을 위한 기존 등록서를 수정해 제출했다.앞서 SK하이닉스는 지난 5월 24일 이사회에서 발행주식 전체의 약 2.5%에 해당하는 신주를 ADS 형태로 최대 1779만주 발행하기로 결정했다. 공모 규모는 294억7000만달러(약 45조4500억원)이다. 이는 지난 6월 24일 첫 등록서 제출 당시 공개한 내용으로, 수정본에서도 이 내용은 달라지지 않았다.다만 공모가와 ADS 발행 물량, 보통주 대비 ADS 환산 비율 등 핵심 공모 조건은 아직 빈칸으로 남은 상태다. 공모가는 SK하이닉스와 주관사가 협의를 통해 직전 거래가격과 시장 상황 등을 반영한 뒤 최종 결정할 방침이다.수정본에는 신규 위험 요인(Risk Factors)이 추가됐다. 지난 5월 25일 범용 D램 간접구매자들이 제기한 ‘반독점 집단소송’이 위험 요인 항목에 새롭게 포함됐다.해당 소송은 미국 소비자 14명과 중소 PC 제조업체 3곳이 삼성전자, SK하이닉스, 마이크론을 상대로 제기한 사건이다. 원고는 메모리반도체 가격 상승이 맥북, 아이패드 등 IT 완제품 가격 인상으로 이어지면서 소비자들이 직접적인 금전 피해를 입었다고 주장했다.한편 SK하이닉스는 글로벌 메모리 시장에서 독보적인 입지를 굳히고 있다. 시장조사업체 IDC에 따르면 SK하이닉스는 올 1분기 고대역폭메모리(HBM) 시장 점유율 56.4%를 기록해 세계 1위를 차지했다. HBM을 포함한 전체 D램 시장에서는 점유율 29.1%로 세계 2위에 올랐다.",True,SK하이닉스,"SK하이닉스는 미국 나스닥 상장을 위해 SEC에 ADS 발행 신청을 완료했으며, 공모 규모는 약 45조원으로 최대 1779만주 발행 예정이다. 공모 조건인 공모가와 발행 물량은 아직 확정되지 않았으며, 신규 위험 요인으로 미국 반독점 집단소송이 포함됐다. 이 소송은 삼성전자, SK하이닉스 등을 상대로 메모리반도체 가격 인상으로 소비자 피해를 주장하는 사건이다. SK하이닉스는 글로벌 메모리 시장에서 HBM 점유율 56.4%, 전체 D램 시장 점유율 29.1%로 1위와 2위를 기록 중이다.",SK하이닉스,2.0
2026-07-01,"SK하이닉스, 나스닥 등록서 수정 제출… 1100조 투자·EUV 도입 계획 포함",정보 없음,https://n.news.naver.com/mnews/article/366/0001175985,"SK하이닉스 경기 이천 사업장./뉴스1SK하이닉스가 미국 나스닥 상장을 위한 미국예탁주식(ADS) 발행으로 조달한 자금을 국내 생산 시설 확대와 첨단 패키징 설비, 극자외선(EUV) 노광장비 도입에 투입한다. 2027년 말까지 도입할 극자외선(EUV) 노광장비 구매에 약 11조9000억원을 투자한다는 계획도 미국 증권거래위원회(SEC)에 제출한 수정 등록서에 담았다.1일 반도체 업계에 따르면 SK하이닉스는 지난달 30일(현지시각) SEC 전자공시시스템에 나스닥 상장을 위한 등록서(Form F-1) 수정본을 제출했다. 수정본에는 ADS 발행을 통해 확보하는 자금의 사용처와 중장기 국내 투자 계획, 반독점 소송 리스크 등이 포함됐다.SK하이닉스는 조달 자금을 차세대 공정을 위한 장비 도입, 국내 생산 시설 확충, 첨단 패키징 설비 투자 등에 사용할 계획이다. AI 반도체 수요 확대에 대응해 고대역폭메모리(HBM) 등 첨단 메모리 생산 역량을 키우겠다는 취지다.최근 발표한 1100조원 규모 국내 반도체 투자 계획도 등록서에 반영됐다. 다만 회사는 해당 계획이 시장 수요, 고객사 투자 일정, 정부와 지방자치단체의 인허가 및 인프라 구축 협의 등에 따라 규모와 일정이 달라질 수 있다고 설명했다. 투자 재원은 영업활동으로 확보한 현금을 우선 활용하고, 필요하면 차입이나 증자 등 외부 조달도 검토할 수 있다고 밝혔다.SK하이닉스는 중장기 투자 계획이 이번 ADS 발행 자금의 사용 목적에는 영향을 미치지 않는다고 덧붙였다. 즉, 나스닥 상장을 통한 조달 자금은 국내 생산 시설과 장비 투자에 쓰되, 1100조원 규모 투자 계획은 별도 중장기 경영 계획으로 제시한 것이다.ADS 발행 규모 등 기존 공모 구조는 유지됐다. SK하이닉스는 신주 최대 1779만주를 ADS 형태로 발행할 계획이다. 이는 발행 주식의 약 2.50%에 해당한다. 공모 규모는 최대 294억7000만달러로 제시됐다.다만 핵심 공모 조건은 아직 확정되지 않았다. 수정본에서도 공모가, ADS 발행 물량, 보통주 대비 ADS 환산 비율은 빈칸으로 남았다. 공모가는 SK하이닉스와 주관사가 직전 거래가와 시장 상황을 반영해 협의한 뒤 최종 결정한다.위험 요인에는 미국 반독점 집단소송이 새로 추가됐다. 지난달 25일 미국 소비자 14명과 중소 PC 제조업체 3곳은 삼성전자, SK하이닉스, 마이크론을 상대로 캘리포니아 북부연방지방법원에 소송을 제기했다. 원고 측은 범용 D램 가격 인상이 맥북과 아이패드 등 IT 완제품 가격 상승으로 이어져 금전적 피해를 입었다고 주장하고 있다.SK하이닉스는 등록서에서 HBM 시장 지위도 제시했다. 시장조사업체 IDC 기준으로 회사는 올해 1분기 HBM 시장에서 글로벌 점유율 56.4%로 1위를 기록했다. HBM을 포함한 전체 D램 시장에서는 점유율 29.1%로 2위에 올랐다.이번 수정 등록서는 SK하이닉스가 AI 메모리 수요 확대에 대응해 자금 조달과 생산 능력 확충 계획을 투자자에게 설명하는 성격이 크다. 공모 조건은 아직 확정되지 않았지만, 회사는 조달 자금을 국내 제조 기반과 첨단 공정 투자에 집중하겠다는 방향을 제시했다.",True,반도체,"SK하이닉스는 미국 나스닥 상장을 위해 ADS를 발행하며 조달한 자금을 국내 생산시설 확장, 첨단 패키징 설비, EUV 노광장비 도입 등에 사용할 계획이다. 2027년까지 약 11조9000억 원을 EUV 노광장비 구매에 투자하며, 1100조 원 규모 국내 반도체 투자 계획도 포함됐다. 이번 공모는 최대 1779만주, 최대 294억7000만 달러 규모로, 공모가는 아직 확정되지 않았다. 반독점 소송과 시장 경쟁 요인도 위험 요소로 지적됐다. SK하이닉스는 AI 반도체 수요 대응과 글로벌 시장 점유율 확대를 목표로 하며, 이번 자금 조달은 중장기 투자 계획과 별도로 진행된다.",SK하이닉스,2.0
2026-07-01,“HBM 1위” 전면에 내세운 SK하이닉스…나스닥 조달 자금은 EUV 투자로,정보 없음,https://n.news.naver.com/mnews/article/117/0004080349,"거래코드 'SKHY'·나스닥 글로벌 셀렉트 상장 추진…90일 보호예수도 공개AI 메모리 지배력 앞세워 자금 유치…조달 자금은 EUV·첨단 패키징 투자SK하이닉스 전경 /뉴시스[마이데일리 = 최주연 기자] SK하이닉스가 미국 증권거래위원회(SEC)에 제출한 나스닥 상장 신고서 수정본을 통해 글로벌 투자자들에게 던진 메시지를 분명히 했다. 단순 메모리 제조업체가 아니라 인공지능(AI) 시대 핵심 인프라인 고대역폭메모리(HBM) 시장의 절대 강자라는 점이다.1일 미국 SEC 전자공시시스템(EDGAR)에 따르면 SK하이닉스는 최근 유상증자를 위한 등록신청서(Form F-1) 수정본(Amendment No.1)을 제출했다.통상 최초 제출하는 F-1 서류에는 상장 거래소나 자금 사용처, 공모 조건 등 민감한 사항을 공란으로 남겨두는 경우가 많다. 이번 수정본 제출은 SEC 피드백 반영과 함께 상장 구조와 투자 스토리가 상당 부분 구체화됐다는 의미로 해석된다.공시에 따르면 SK하이닉스는 미국 기술주 중심 시장인 나스닥 가운데서도 상장 요건이 가장 엄격한 '나스닥 글로벌 셀렉트 마켓' 상장을 추진한다. 거래 심볼은 'SKHY'로 결정됐다.상장 시점은 ""등록 효력 발생 후 가능한 한 빠른 시일 내(As soon as practicable)""로 명시됐다. 시장에서 거론되던 특정 일정 대신 SEC 심사와 기관투자자 대상 수요예측 결과 등을 반영해 최종 시점을 조율하겠다는 의미다.또 공모 이후 주가 안정을 위해 회사와 일부 계열사는 90일간의 보호예수(락업) 약정을 체결하기로 했다.◇ 미국 투자자들에게 내세운 첫 문장은 'HBM 1위'이번 신고서에서 가장 눈에 띄는 부분은 SK하이닉스가 스스로를 정의한 방식이다. SK하이닉스는 시장조사업체 IDC 자료를 인용해 올해 1분기 기준 글로벌 HBM 시장에서 매출 기준 56.4% 점유율로 세계 1위를 기록하고 있다고 밝혔다.일반 D램 시장 점유율은 29.1%, 낸드플래시 시장 점유율은 18.5%로 각각 글로벌 2위를 기록하고 있다는 점도 강조했다.AI 서버 투자 확대와 함께 HBM 수요가 폭증하는 상황에서 단순 메모리 업체가 아니라 AI 인프라 핵심 공급업체라는 점을 글로벌 투자자들에게 적극적으로 설명한 셈이다.◇ 미국서 조달한 자금, EUV 투자로그동안 단순 설비투자로 알려졌던 자금 사용처 역시 보다 구체적으로 공개됐다. SK하이닉스는 이번 상장을 통해 조달한 자금을 국내 생산시설 확대와 첨단 패키징 설비 투자 등 자본적 지출(CAPEX)에 활용할 계획이다.특히 차세대 메모리 생산 경쟁력 확보를 위한 극자외선(EUV) 노광장비 확보에 상당 부분을 투입한다.회사는 약 11조9000억원 규모의 EUV 스캐너 구매 자금을 집행할 계획이며, 해당 장비는 오는 2027년 말까지 순차적으로 납품받을 예정이다.결국 미국 투자자들에게 AI 메모리 시장 지배력이라는 성장 스토리를 제시해 확보한 자금이 다시 HBM 생산능력 확대와 차세대 공정 투자로 이어지는 구조다.◇ 성장 스토리와 함께 리스크도 공개글로벌 투자자를 대상으로 한 공모인 만큼 잠재적 위험요인도 상세히 기재됐다. SK하이닉스는 빅테크 기업들의 AI 인프라 투자 둔화 가능성과 HBM 공급 부족 시 고객사 배분 과정에서 발생할 수 있는 법적·정치적 리스크를 주요 위험 요인으로 꼽았다.또 미·중 갈등 심화에 따른 중국 우시 D램 공장과 다롄 낸드 공장의 공급망 불확실성 역시 투자자가 고려해야 할 위험 요소로 제시했다.SK하이닉스는 향후 SEC 심사 결과와 시장 상황을 종합적으로 고려해 최종 공모가와 발행 주식 수를 확정할 계획이다. 현재 공모 규모는 최대 1779만주 수준으로 알려졌다.",True,SK하이닉스,"SK하이닉스는 미국 SEC에 나스닥 글로벌 셀렉트 마켓 상장 신청서를 제출하며 글로벌 투자자에게 AI 인프라 핵심인 HBM 시장 1위 기업임을 강조했다. 상장 거래심볼은 'SKHY'이며, 조달 자금은 EUV 노광장비 등 첨단 설비 투자와 생산능력 확대에 사용될 예정이다. 또한, 90일간 보호예수와 리스크 요인도 공개하며, 최종 상장 시기와 규모는 시장 상황에 따라 결정될 예정이다.",SK하이닉스,3.0
2026-07-01,"SK하이닉스, 메가프로젝트 반영 증권신고서 정정…투자위험 추가",정보 없음,https://n.news.naver.com/mnews/article/001/0016169372,"삼성전자도 2040년까지 총 2천655조원 국내 투자 비전 공시SK하이닉스 이천캠퍼스[연합뉴스 자료사진](서울=연합뉴스) 강태우 기자 = SK하이닉스가 최근 발표한 1천100조원 규모의 국내 반도체 투자 계획을 반영해 미국주식예탁증서(ADR) 발행을 위한 증권신고서를 정정 제출했다.1일 업계에 따르면 SK하이닉스는 전날 증권신고서를 정정 공시하고 투자위험 항목에 중장기 투자 전략 관련 내용을 추가했다.SK하이닉스는 ""중장기 투자 전략은 단계별 이사회 결의를 거쳐 구체화될 예정""이라며 ""구체적인 추진 일정과 규모는 글로벌 메모리 반도체 수요와 주요 고객사 투자 계획, 재무 여건, 정부·지방자치단체와의 인허가 및 인프라 구축 협의 등에 따라 달라질 수 있다""고 밝혔다.또 투자 재원은 기본적으로 영업활동을 통해 창출되는 현금흐름으로 충당하되 필요할 경우 차입이나 증자 등 외부 자금조달도 검토할 수 있다고 설명했다. 다만 현재 자금조달 방식과 시기는 확정되지 않았으며, 이번 중장기 투자 계획이 ADR 발행 및 신주 유상증자 자금의 사용 목적에는 영향을 미치지 않는다고 덧붙였다.메모리 반도체 산업의 경기 변동성과 중장기 투자 전략 추진 과정에서 발생할 수 있는 투자 위험도 제시했다.SK하이닉스는 생산시설이 확충되는 시점에 수요가 둔화할 경우 공급 과잉으로 재무건전성에 부정적 영향을 받을 수 있으며, 투자 일정과 규모도 시장 수요와 고객사 투자 계획, 인허가 및 인프라 구축 협의 등에 따라 달라질 수 있다고 설명했다.앞서 SK하이닉스는 지난달 29일 용인·청주·호남권에 반도체 생산시설을 확충하는 내용의 총 1천100조원 규모 중장기 투자 계획을 발표했다.삼성전자도 지난달 29일 올해부터 2040년까지 총 2천655조원 규모의 국내 투자 비전을 공시한 뒤 정정공시를 통해 ""중장기 투자 계획은 현재 시황에 근거한 가이드라인으로 향후 시장 상황과 경영환경 변화에 따라 변동될 수 있다""는 내용을 추가했다.burning@yna.co.kr",True,SK하이닉스,"SK하이닉스는 1,100조원 규모의 국내 반도체 투자 계획을 발표하며, ADR 발행을 위한 증권신고서를 정정 제출했다. 중장기 투자 전략은 이사회 결의를 거쳐 구체화되며, 수요와 고객사 투자, 인허가, 재무상황에 따라 달라질 수 있다. 투자 재원은 주로 영업현금으로 충당하며, 필요시 차입이나 증자도 검토한다. 생산시설 확충 시 수요 둔화 시 공급 과잉 위험이 있으며, 삼성전자도 2040년까지 2,655조원 투자 비전을 공시하며 시장 환경 변화 가능성을 언급했다.",SK하이닉스,2.0
2026-07-01,"SK하이닉스, '메가프로젝트' 반영해 ADR 증권신고서 정정 제출",정보 없음,https://n.news.naver.com/mnews/article/421/0009034132,"이재명 대통령과 이재용 삼성전자 회장, 최태원 SK그룹 회장이 29일 청와대 영빈관에서 열린 대한민국 대도약 3대 메가프로젝트 국민보고회에서 파이팅 포즈를 취하고 있다. 2026.6.29 ⓒ 뉴스1 허경 기자(서울=뉴스1) 양새롬 기자 = SK하이닉스(000660)가 최근 발표한 총 1100조원 규모의 국내 반도체 투자 계획을 반영해 미국주식예탁증서(ADR) 발행을 위한 증권신고서를 정정 제출한 것으로 1일 확인됐다.금융감독원 전자공시시스템에 따르면 SK하이닉스는 전날 증권신고서를 정정 공시하고 투자위험 항목에 중장기 투자 전략 관련 내용을 추가했다.SK하이닉스는 ""중장기 투자 전략은 향후 단계별 이사회 결의를 거쳐 구체화될 예정""이라며 ""구체적인 추진 일정과 규모는 글로벌 메모리 반도체 시장 수요와 주요 고객사의 투자 계획, 재무 여건, 정부·지방자치단체와의 인허가 및 인프라 구축 협의 등에 따라 달라질 수 있다""고 적시했다.또 투자 재원은 기본적으로 영업이익에서 창출되는 현금흐름으로 충당하되 필요할 경우 차입이나 증자 등 외부 자금조달도 검토할 수 있다고 설명했다.다만 현 시점에서 자금조달 방식과 시기는 확정되지 않았으며, 이번에 발표한 중장기 투자 전략은 신규 유상증자 및 ADR 발행을 통해 조달한 자금의 사용 목적에는 영향을 미치지 않는다고 덧붙였다.SK하이닉스는 메모리 반도체 산업의 경기 변동성과 중장기 투자 전략 추진 과정에서 발생할 수 있는 투자 위험도 제시했다.앞서 이재용 삼성전자 회장과 최태원 SK그룹 회장은 지난달 29일 '대한민국 대도약 3대 메가프로젝트 국민보고회'에서 글로벌 인공지능(AI)·반도체, 배터리, 조선, 바이오 등 신성장동력 분야에서 초격차 경쟁력을 갖추기 위해 총 4755조 원에 달하는 대규모 투자를 단행한다고 밝힌 바 있다.삼성전자(005930)도 2026~2040년 국내 투자 비전을 공시하며 ""중장기 투자 계획은 현재 시황에 근거한 장래 계획으로 이해를 돕기 위해 제공하는 가이드라인으로, 향후 시장 상황 및 경영 환경 변화에 따라 변동될 수 있다""고 밝혔다.",True,SK하이닉스,"SK하이닉스는 1100조원 규모의 반도체 투자 계획에 따라 미국 ADR 발행을 위한 증권신고서를 정정 제출했으며, 중장기 투자 전략을 이사회 결정을 거쳐 구체화할 예정입니다. 투자 재원은 주로 영업이익 현금흐름으로 충당하며, 필요시 차입이나 증자도 검토합니다. 이번 전략은 글로벌 시장 수요와 고객사 투자, 정부 인허가 등에 따라 달라질 수 있으며, 투자 위험도 함께 제시됐습니다. 한편, 삼성전자와 SK그룹은 4755조원 규모의 신성장 분야 투자 계획을 발표하며, 시장 변화에 따라 전략이 변동될 수 있다고 밝혔습니다.",SK하이닉스,2.0
2026-07-01,"SK하이닉스, 美 증권신고서에 '1100조 투자' 반영…""시황 따라 조절""",정보 없음,https://n.news.naver.com/mnews/article/277/0005784004,"ADR 발행 신고서 정정 공시""영업 현금흐름 중심 재원 조달""'공급 과잉' 리스크도 선제 고지SK하이닉스가 미국 주식예탁증서(ADR) 발행을 앞두고 최근 발표한 총 1100조원 규모의 국내 반도체 중장기 투자 계획을 반영해 미국 증권신고서를 정정 제출했다.경기도 이천시 SK하이닉스 본사 모습. 연합뉴스1일 업계에 따르면 SK하이닉스는 전날 정정 공시를 통해 투자위험 항목에 중장기 투자 전략에 따른 변동성과 잠재적 리스크 요인을 추가했다.SK하이닉스는 ""중장기 투자 전략은 단계별 이사회 결의를 거쳐 구체화될 예정""이라며 ""구체적인 추진 일정과 규모는 글로벌 메모리 반도체 수요, 주요 고객사의 투자 계획, 자사 재무 여건은 물론 정부 및 지방자치단체와의 인허가·인프라 구축 협의 등에 따라 유연하게 달라질 수 있다""고 밝혔다.투자 재원에 대해서는 기본적으로 영업활동을 통해 창출되는 자체 현금흐름을 최우선으로 충당하겠다고 밝혔다. 다만 필요할 경우 차입이나 증자 등 외부 자금 조달 가능성도 열어뒀다. 회사 측은 ""현재 추가적인 자금 조달 방식과 시기는 확정되지 않았으며, 이번 투자 계획이 ADR 발행 및 신주 유상증자 자금의 사용 목적(용인·청주 팹 건설 및 EUV 도입)에는 영향을 미치지 않는다""고 부연했다.메모리 반도체 산업 특유의 사이클 변동성에 따른 투자 위험도 제시했다. 생산시설이 확충되는 시점에 글로벌 수요가 예상을 밑돌 경우, 공급 과잉으로 인해 재무 건전성에 부정적인 영향을 미칠 수 있다는 점을 선제적으로 밝혔다.앞서 SK하이닉스는 지난달 29일 용인 클러스터와 청주, 그리고 호남권에 걸쳐 반도체 생산시설을 확충하는 총 1100조원 규모의 중장기 청사진을 발표한 바 있다.삼성전자역시 지난달 29일 오는 2040년까지 총 2655조원을 국내에 투자하겠다는 비전을 공시한 직후, 정정 공시를 통해 ""중장기 투자 계획은 현재 시황에 근거한 가이드라인이며 경영 환경 변화에 따라 변동될 수 있다""고 밝혔다.",True,반도체,"SK하이닉스는 미국 ADR 발행을 앞두고 1100조원 규모의 국내 반도체 중장기 투자 계획을 반영해 증권신고서를 정정 제출했다. 투자 위험 요소로 수요 부진 시 공급 과잉과 재무 악화 가능성을 사전 고지했으며, 투자 재원은 주로 영업현금흐름으로 충당하되 필요 시 차입과 증자도 검토한다. 구체적 일정과 규모는 시장 상황, 고객사 투자, 정부 협의 등에 따라 유연하게 조정될 예정이다.",SK하이닉스,2.0
2026-07-01,"GPU 아닌 ‘CPU’가 장악…美 반도체 3총사, 2분기 시총 2조달러 증가",정보 없음,https://n.news.naver.com/mnews/article/009/0005701012,"마이크론 240%, 시총 9200억弗 늘어인텔·AMD도 3배 안팎 상승하며 반등“AI 하이퍼스케일러에서 AI 인프라로”마이크론의 대만 타이중 팹(공장). [마이크론]인공지능(AI) 투자 열풍이 엔비디아 중심에서 메모리와 중앙처리장치(CPU) 업체로 빠르게 확산하고 있다. 올해 2분기 마이크론과 인텔, AMD 등 3개 반도체 기업의 시가총액은 모두 2조달러(약 2700조원) 가까이 불어나며 AI 투자 지형이 바뀌고 있다는 분석이 나온다.올해 2분기 미국 반도체 업종에서는 엔비디아보다 마이크론과 인텔, AMD가 더 높은 주가 상승률을 기록했다. 세 회사의 시가총액 증가분은 약 2조달러에 달한다.가장 큰 수혜를 본 곳은 메모리 반도체 업체 마이크론이다. 마이크론 주가는 2분기에 240% 이상 급등했고 시가총액은 약 9200억달러 늘었다. AI 데이터센터 확산으로 D램과 고대역폭메모리(HBM) 등 메모리 가격이 급등하면서 실적도 폭발적으로 개선됐다.마이크론은 최근 발표한 2026 회계연도 3분기 실적에서 매출이 전년 동기 대비 4배 이상 증가했다고 밝혔다. 매출총이익률은 1년 전 39%에서 84.9%까지 뛰었다. 제품을 팔고 남는 이익이 두 배 이상 늘어난 것으로, AI 메모리 부족 현상이 실적에 그대로 반영됐다는 평가다.인텔본사 사옥인텔도 2분기 주가가 216% 상승하며 시가총액이 4800억달러 증가했다. 미국 내 반도체 공장 투자와 함께 AI 기능이 PC와 서버 등 기기로 확대되면서 CPU 수요가 살아날 것이라는 기대가 반영됐다.AMD 역시 주가가 약 186% 오르며 시가총액이 6150억달러 늘었다. AMD는 CPU뿐 아니라 AI용 그래픽처리장치(GPU)도 생산하고 있지만 GPU 시장에서는 여전히 엔비디아와 큰 격차가 있다.반면 AI 대표 종목인 엔비디아는 여전히 세계 시가총액 1위 기업 자리를 유지했지만 2분기 주가 상승률은 15%에 그쳤다. 주요 고객인 아마존, 알파벳, 메타, 마이크로소프트 등 대형 클라우드 기업들의 주가도 엇갈렸다. 알파벳은 24% 상승했지만 메타는 약 2% 하락했다.CNBC는 “시장에서는 투자자들의 관심이 AI 서비스를 운영하는 기업보다 AI 인프라를 공급하는 기업으로 옮겨가고 있다”고 분석했다. 안슐 굽타 바클레이스 애널리스트는 “AI 하이퍼스케일러에서 AI를 가능하게 하는 반도체 기업으로 투자 열기가 이동하면서 반도체 업종의 강력한 랠리가 나타났다”고 말했다.AI 투자 확대의 수혜는 메모리와 CPU에만 그치지 않았다. 네트워크 반도체 업체 마벨은 2분기 약 200% 상승했고 반도체 설계 기술을 제공하는 Arm은 134% 올랐다. 미국 대표 반도체 상장지수펀드(ETF)인 SMH도 71% 상승하며 2000년 상장 이후 가장 높은 분기 수익률을 기록했다. [실리콘밸리 원호섭 특파원]",True,반도체,"AI 투자 열풍이 엔비디아 중심에서 메모리와 CPU 업체로 확산되며 반도체 시장에 큰 변화가 일어나고 있다. 2분기 마이크론은 주가 240% 이상 급등, 시가총액이 9200억달러 늘었으며, 실적도 크게 개선됐다. 인텔과 AMD도 각각 216%, 186% 상승하며 시총이 크게 증가했다. 반면 엔비디아는 주가 상승률이 낮았지만 여전히 시장 1위를 유지하고 있다. 투자자들은 AI 인프라 공급업체에 관심을 돌리고 있으며, 관련 반도체 기업과 ETF의 수익률도 높게 나타나고 있다.",마이크론,2.0
2026-07-01,AI 데이터센터 투자 5년간 7.2배 팽창…반도체 증설 '쩐의 전쟁' 개시,정보 없음,https://n.news.naver.com/mnews/article/421/0009033151,"삼성·SK 비수도권에 '4755조' 베팅…TSMC·마이크론도 맞불5240조 AI DC 시장 선점 경쟁 각축전…전력·용수 인프라 필요SK하이닉스의 'HBM4' 제품 모습.(SK하이닉스 제공)/뉴스1(서울=뉴스1) 황진중 기자 = 글로벌 인공지능(AI) 데이터 투자가 5년간 7.2배 성장할 것으로 전망됐다. 빅테크 기업의 주문이 몰리며 대량의 데이터를 처리하는 고대역폭메모리(HBM) 품귀 현상이 고착화하고 있다. 기존 공장의 가동률 상향만으로는 구조적인 수급 불균형을 해결하기 어려운 것으로 보인다.삼성전자와 SK그룹은 첨단 칩 선점을 위해 총 4755조 원을 투입하는 사상 최대 규모의 투자 프로젝트를 시작했다. 수도권을 벗어나 비수도권에 특화 거점을 조성할 방침이다. 대만 TSMC와 미국 마이크론 등 글로벌 경쟁사 역시 천문학적 자금을 쏟아부으며 증설 경쟁에 뛰어들었다.폭발하는 AI 연산 시장…데이터센터 연평균 48% 성장 예상1일 노무라증권에 따르면 글로벌 AI 데이터센터 투자는 2025년 4660억 달러(약 723조 원)에서 연평균 48% 성장해 2030년 3조 3790억 달러(약 5241조 원) 규모로 증가할 전망이다. 업계는 AI 산업 패러다임이 하드웨어 인프라 중심으로 재편되고 있다고 본다.투자를 견인하는 핵심 동력은 북미 빅테크 기업들의 공격적인 설비 확장이다. 구글, 마이크로소프트, 메타 등 선도 기업들이 구축하는 생성형 AI 모델이 고도화할수록 천문학적인 연산 능력이 요구된다. 이에 따라 방대한 데이터를 병목현상 없이 처리할 고성능 칩 수요가 급증했다.수요 폭증은 고대역폭메모리(HBM) 등 핵심 부품의 품귀 현상으로 이어졌다. 업계는 AI 반도체 시장의 팽창 속도가 기존 반도체 생산 라인의 공급 여력을 뛰어넘은 것으로 본다. 안정적인 HBM 확보 여부가 빅테크의 미래 경쟁력을 가르는 지표로 자리 잡고 있다는 평가다. 수요 급증에 따라 반도체 기업들에 더 큰 생산능력이 요구되고 있다.삼성전자 임직원이 클린룸 반도체 생산 현장을 지나가고 있다.(삼성전자 제공)/뉴스1삼성·SK, 전국 곳곳에 4755조 초대형 투자 예고삼성전자와 SK그룹 등 국내 기업들은 대규모 반도체 거점 다변화로 승부수를 던졌다. 두 기업은 광주 등 서남권 반도체 생산거점 800조 원, 충청권 HBM 패키징 거점 81조 원 등 비수도권 일대에 향후 10년간 총 4755조 원을 투입할 방침이다.삼성은 기흥·화성, 평택, 용인 이후 차기 반도체 클러스터를 당초 예정보다 앞당겨 조성하면서 새 생산거점으로 인프라와 정주 여건이 우수할 수 있는 광주를 고려하고 있다. 또 천안·온양에 최첨단 HBM 팹을 구축하는 데 56조 원을 투입한다.SK그룹은 반도체 생산능력 확장에 1100조 원, AI 데이터센터 구축에 1000조 원 등 총 2100조 원을 투자하는 중장기 로드맵을 마련했다. 국내에 지능 생산 인프라를 선제 구축하고 만성적인 반도체 공급 부족을 해결해 글로벌 생태계를 주도하겠다는 구상이다.SK는 글로벌 수요 폭발에 맞춰 용인·청주·서남권을 아우르는 총 1100조 원 규모의 'AI 메모리 생산 벨트'를 구축한다. 극심한 공급 부족으로 인한 가격 폭등과 미래 시장 축소 우려를 해소하기 위한 선제 조치다.일각에서 초대형 청사진이 실제 공장 가동으로 이어지기까지는 넘어야 할 난제가 적지 않다는 우려가 나온다. 신규 부지 조성부터 전력, 용수 등 핵심 기반 시설을 속도감 있게 구축하는 것이 최우선 과제로 꼽힌다. 신속한 인허가와 정부 차원의 전폭적인 금융·세제 지원책이 뒷받침돼야 한다는 의견이다.또 우수한 전문 인력의 지방 유치 역시 성공을 가를 핵심 열쇠다. 지방 대학과 긴밀히 연계해 현장 맞춤형 인재를 집중적으로 육성하고, 이들이 지역에 정착할 수 있도록 정주 여건을 대폭 개선해야 한다는 분석이다.앞서 경제계 6개 단체는 ""반도체와 피지컬 AI, 데이터센터 간 시너지가 극대화되기 위해서는 기업의 과감한 투자와 더불어 정부의 적극적인 뒷받침이 필요하다""며 ""정부는 계획된 기업 투자가 차질 없이 집행될 수 있도록 현장 애로를 세심하게 살피고 전력·용수·부지 등 필수 인프라와 제도적 기반을 적기에 지원해 줄 것으로 기대한다""고 강조했다.삼성전자 임직원이 HBM4E 12단 제품을 선보이고 있다.(삼성전자 제공)/뉴스1TSMC 81조·마이크론 28조 투입…글로벌 증설 '맞불'경쟁사들도 시장 주도권을 지키기 위해 막대한 자금을 투입하며 전례 없는 증설 경쟁에 돌입했다. AI 반도체 시장을 선점하기 위한 글로벌 '쩐의 전쟁'이 본격화했다는 평가다. 압도적인 생산능력이 기업의 시장 지배력으로 직결될 것으로 보인다.파운드리 1위 기업인 대만 TSMC는 올해 설비투자액을 역대 최대 규모인 560억 달러(약 87조 원)로 확정했다. 전체 투자의 70%가량을 2나노·3나노 등 첨단 팹 건설과 클린룸 구축에 집중 배정했다. 대만을 비롯해 미국, 일본 등 5개국에서 신규 공장 착공에 나서며 공격적인 확장을 이어가고 있다.마이크론은 HBM 공급 능력 확대와 선단 공정 전환을 위해 올해 설비투자액을 기존 가이던스보다 높은 약 200억 달러(약 31조 원)로 상향 조정했다. 올해 생산 예정인 HBM 물량의 공급 계약을 모두 완료했다고 발표하는 등 강력한 시장 수요에 적극 대응하고 있다.글렌 범(Glenn Burm) 삼일회계법인 글로벌 반도체 섹터 리더는 ""반도체가 전략적 자산으로 부상함에 따라 각국 정부는 첨단 로직 반도체 생산에 막대한 인센티브를 제공하고 있다""면서 ""미국은 보조금, 세제 혜택, 인프라 투자 등 정부 지원을 전략적으로 활용해 첨단 칩 제조시설을 유치하고 있다""고 설명했다.",True,반도체,"글로벌 AI 데이터센터와 반도체 시장 경쟁이 치열해지고 있다. AI 투자가 연평균 48% 성장하며 2030년 5241조 원 규모에 이를 전망으로, 빅테크 기업들의 설비 확장과 핵심 부품 수요 급증이 반도체 공급 부족을 야기하고 있다. 삼성·SK는 각각 4755조 원을 전국 비수도권에 투자하며 반도체·AI 인프라를 확장하고, 글로벌 경쟁사인 TSMC와 마이크론도 수조 원대 설비 투자를 통해 시장 주도권 확보에 나섰다. 정부와 지방자치단체의 적극적 지원과 인력 확보가 성공의 핵심으로 평가된다.",마이크론,3.0
2026-07-01,"마이크론·인텔·AMD 3사, 2분기 시총 2조달러 늘어",정보 없음,https://n.news.naver.com/mnews/article/023/0003985122,"마이크론 로고/마이크론올해 2분기 미국 주요 반도체 기업인 마이크론, 인텔, AMD 3사의 시가총액이 총 2조달러 늘어난 것으로 나타났다. 엔비디아 중심이던 인공지능(AI) 투자 열기가 메모리·CPU·네트워크 등 반도체 전반으로 확산하고 있다는 분석이 나온다.30일(현지 시각) CNBC에 따르면 마이크론은 올해 2분기 240% 상승했다. 인텔과 AMD도 각각 216%, 186% 상승했다. 세 기업은 현재 미국 기술주 시총 순위 10~12위권까지 올라섰다. 반도체 ETF인 SMH도 71% 상승하며 2000년 상장 이후 최고 분기 성과를 기록했다.마이크론은 AI 반도체 수요 급증에 따른 메모리 가격 상승 수혜를 가장 크게 받았다. 실제 최근 분기 매출은 4배 이상 늘었고, 매출총이익률도 1년 전 39%에서 84.9%로 급등했다. 같은 이유로 한국에서는 삼성전자와 SK하이닉스가 2분기 각각 93%, 228% 상승했다.인텔과 AMD 주가 상승세엔 중앙처리장치(CPU) 수요가 회복된 것이 주로 영향을 미쳤다. 인공지능(AI) 서버가 늘어날수록 그래픽처리장치(GPU)와 함께 고성능 서버 CPU 수요도 증가하고 있기 때문이다. 이에 더해 인텔은 미국 정부가 직접 지분을 매입하는 등 경영 정상화를 지원하면서, 미국의 반도체 생산 확대 정책의 수혜를 입을 것이란 기대감도 주가 상승에 힘을 보탰다.AI 붐 이후 한동안 ‘AI 칩 최강자’ 엔비디아에 집중됐던 투자 열기가 반도체 업종 전체로 확산되고 있다는 분석이다. 미 금융 전문 매체 배런스는 “AI 붐의 ‘곡괭이와 삽’ 역할을 하는 반도체 주가가 오르고 있다”고 보도했고, 로이터통신은 “마이크론이 AI 랠리를 다시 점화해 글로벌 반도체주가 뛰었다”고 했다.",True,반도체,"올해 2분기 미국 주요 반도체 기업인 마이크론, 인텔, AMD의 시가총액이 총 2조달러 증가하며 AI 투자 열기가 반도체 전반으로 확산되고 있다. 마이크론은 AI 반도체 수요 증가 덕분에 매출이 4배 이상 늘었고, 이익률도 급상승했다. 인텔과 AMD도 CPU 수요 회복과 미국 정부의 지원으로 주가가 상승했으며, 한국의 삼성전자와 SK하이닉스도 큰 폭으로 상승했다. 반도체 업종 전체가 AI 붐에 힘입어 강세를 보이고 있다.",마이크론,2.0
2026-07-01,"""삼전닉스 때문에 아이패드 비싸졌잖아""…美 소비자 '집단소송'[이런일이]",정보 없음,https://n.news.naver.com/mnews/article/079/0004163471,"믿기 어려운 이런 일들, 바로 전해드립니다.삼성전자와 SK하이닉스, 마이크론 등 3대 메모리 기업이 미국에서 집단소송을 당했습니다. 세계 D램 시장의 90%를 차지하고 있는 3대 기업이 과점 지위를 악용해 공급량을 조절하며 가격 담합에 나섰고, 이로 인해 애플 아이패드 등의 가격이 오르는 등 소비자가 피해를 입었다는 주장입니다.연합뉴스삼성전자와 SK하이닉스, 마이크론 등 3대 메모리 기업이 미국에서 집단소송을 당했다.28일(현지시간) 미국 기술전문매체 더블유씨씨에프테크(WccFtech)에 따르면 미국 컴퓨터 조립업체 JB테크솔루션스 등 중소 PC조립 및 유통업체 3곳과 미국 소비가 14명을 지난 25일 캘리포니아 연방법원에 담합 및 가격 조작 혐의로 삼성전자와 SK하이닉스, 마이크론에 손해배상을 요구하는 집단소송을 제기했다.이들은 세계 D램 시장의 90%를 차지하고 있는 3대 기업이 과점 지위를 악용해 공급량을 조절하며 가격 담합에 나섰다고 주장했다.원고 측은 3사가 일반 소비자용 D램이 아닌 인공지능(AI)용 고대역폭(HBM) 생산시설에 집중하며 인위적인 공급 부족이 발생했다고 주장했다. 이에 따라 메모리 공급 부족 사태가 일어났고, 지난 4년간 일반 소비자용 메모리 가격이 약 700% 폭등했다는 설명이다.그 결과 애플 맥북과 아이패드 등 전자제품의 가격이 올라 소비자들이 피해를 봤다는 것이다. 이에 대한 근거로 최근 애플이 아이패드와 맥북의 가격을 20% 인상한 사실을 들었다.마이크론이 지난해 12월 소비자용 메모리 브랜드 크루셜(Crucial) 사업을 단계적으로 정리한 점 역시 담합의 근거로 제기됐다. 당시 마이크론은 폭증하는 고부가가치 AI 관련 메모리 수요에 대응하기 위해 상대적으로 수익성이 낮은 소비자용 사업을 정리를 결정했다.원고 측에서는 삼성전자와 하이닉스반도체(SK하이닉스의 전신)가 2000년대 미국 내 가격 담합 혐의로 미국 법무부에 기소당한 뒤 유죄를 받았던 전력을 들며 '반복적인 담합 패턴'이 존재한다고 주장하고 있다.원고 측은 지난 2005년 삼성전자와 하이닉스반도체가 각각 3억 달러(한화 약 4643억 원), 1억 8500만 달러(한화 약 2863억 원)의 벌금을 냈으며 관계자들에 대한 실형 판결이 내려졌던 점도 언급했다.※CBS노컷뉴스는 여러분의 제보로 함께 세상을 바꿉니다. 각종 비리와 부당대우, 사건사고와 미담 등 모든 얘깃거리를 알려주세요.이메일 :jebo@cbs.co.kr카카오톡 :@노컷뉴스사이트 :https://url.kr/b71afn",True,삼성전자,"삼성전자, SK하이닉스, 마이크론 등 3대 글로벌 메모리 기업이 미국에서 집단소송을 당했습니다. 원고들은 이들이 과점 지위를 이용해 공급량을 조절하고 가격 담합을 통해 인공지능용 고대역폭 메모리 집중 공급으로 일반 소비자용 가격을 인위적으로 올리고, 4년간 가격이 700% 폭등했다고 주장합니다. 또한, 애플 제품 가격 인상과 마이크론의 소비자용 사업 정리도 담합 증거로 제시됐으며, 과거에도 이들 기업이 미국 법무부에 유죄 판결을 받은 전력이 있다는 점이 언급됐습니다.",마이크론,1.0
2026-07-01,"마이크론 “칩플레이션, 불황기 때 고객사가 가격 후려친 탓” 애플 저격",정보 없음,https://n.news.naver.com/mnews/article/023/0003985150,"“테크업계 갑을 관계 바뀌어”산제이 메흐로트라 마이크론 최고경영자(CEO). /로이터 연합뉴스미국 메모리 업체 마이크론이 잇따라 애플을 저격하고 있다. 애플이 주요 제품 가격을 올리면서 메모리 가격 급등을 이유로 들자, 메모리 가격이 오른 것은 불황기에 고객사가 과도하게 가격 인하 압박을 넣었고 설비 투자를 저해했다고 맞서는 것이다. 과거 완제품 업체가 메모리 업체의 생살여탈권을 쥐었던 갑을 관계가 역전되고 있다는 평가다.산제이 메흐로트라 마이크론 최고경영자(CEO)는 30일(현지 시각) CNBC 인터뷰에서 현재 메모리 가격 급등의 원인이 메모리 기업에만 있는 것은 아니라고 항변했다. 그는 “(메모리 불황기이던) 2023년 고객사들이 가격을 이전의 3분의 1로 낮췄다”며 “기업들은 손실을 봤고, 업계의 투자 역량에 심각한 영향을 미쳤다”고 했다. 애플을 직접 거론하지는 않았지만, 막강한 구매력을 앞세워 메모리 가격을 후려치던 애플을 간접적으로 비판한 것이다.마이크론이 애플을 저격한 것은 이번이 처음이 아니다. 애플은 지난 25일(현지 시각) 맥북과 아이패드 등 주요 제품 가격을 15~20% 인상하며, 메모리 가격 급등을 이유로 들었다. 가격 인상 직후 수밋 사다나 마이크론 최고사업책임자(CBO)는 월스트리트저널(WSJ)에 “메모리 시장 침체기 동안 회사가 투자를 할 수 없었던 이유 중 하나는 일부 고객이 매우 낮은 가격에 제품을 구매했기 때문”이라고 했다.업계에서는 잇따른 발언을 두고 메모리 업계와 완제품 업체 간 힘의 균형이 바뀌고 있다는 평가가 나온다. 과거 스마트폰 수요가 메모리 시장을 좌우하던 시기에는 애플 같은 대형 고객사가 가격 협상에서 압도적 우위를 가졌다. 메모리 업체들은 고객사의 단가 인하 요구를 거절하기 어려웠다. 하지만 인공지능(AI) 시대에 메모리(HBM)와 서버용 D램 수요가 폭발하면서 모든 메모리의 공급 부족 현상이 극심해졌다. 메모리 업체 입장에서는 애플 등 스마트폰 업체보다 수익성이 높은 AI 서버 제품에 생산 능력을 집중하는 것이 유리해진 것이다.마이크론은 정치권과 접점도 빠르게 넓히고 있다. 마이크론은 30일 트럼프 행정부가 신설한 장기 저축 계좌인 ‘트럼프 계좌’에 2억5000만달러(약 3900억원)를 기부한다고 밝혔다. 트럼프 계좌는 아동 장기 저축·투자 계좌다. 테크 업계에서는 애플이 미국 정부를 상대로 중국 CXMT의 메모리를 쓰게 해달라고 로비를 하고 있는 가운데, 미국 유일의 대형 메모리 업체인 마이크론이 거액을 기부하며 정권과 보조를 맞추는 것이라는 분석이 나온다.",True,마이크론,"마이크론은 애플을 비롯한 완제품 업체들의 가격 인하 압박과 수요 감소로 인해 메모리 가격이 하락했다고 주장하며, 갑을 관계의 역전 현상을 강조하고 있다. 과거에는 대형 고객사들이 가격 협상력을 갖고 있었지만, AI와 서버용 메모리 수요 증가로 공급 부족이 심화되면서 메모리 업체들이 우위에 섰다. 마이크론은 또한 미국 정부와의 관계 강화 차원에서 대규모 기부를 진행하며 정치적 영향력 확대에 나서고 있다.",마이크론,1.0
2026-07-01,"마이크론 CEO ""고객들 칩값 너무 깎아 지금 이 사태""…애플 저격",정보 없음,https://n.news.naver.com/mnews/article/421/0009034230,"""메모리값 급락에 충분한 신규 생산설비 투자 여력 없었다""AI 수요 폭증에 공급난 장기화…""2027년 이후에도 공급 부족""마이크론의 산제이 메흐로트라 최고경영자(CEO)ⓒ 로이터=뉴스1(서울=뉴스1) 신기림 기자 = 미국 최대 메모리 반도체 업체인 마이크론의 산제이 메흐로트라 최고경영자(CEO)가 최근 인공지능(AI) 메모리 공급 부족 사태의 원인으로 과거 애플 등 고객사들의 과도한 가격 인하 압박을 지목했다.메흐로트라 CEO는 30일(현지시간) CNBC방송 간판 프로그램 '매드 머니(Mad Money)'에 출연해 ""최근 몇 년간 일부 고객들이 메모리 가격을 지나치게 낮추도록 압박했다""며 ""그 결과 업계가 AI 시대를 대비한 충분한 투자를 하지 못했다""고 말했다.그는 ""2023년 메모리 가격은 이전의 3분의 1 수준까지 떨어졌다""며 ""기업들이 돈을 벌지 못하는 상황에서 신규 생산설비에 투자할 여력이 없었다. 이로 인해 업계의 투자 능력이 크게 약화했다""고 설명했다.실제로 마이크론의 2023회계연도(2023년 8월 종료) 매출총이익률은 마이너스(-) 7.3%까지 떨어졌다. 설비투자(CAPEX)도 2022회계연도 121억달러에서 2023회계연도 77억달러로 약 36% 감소했다.메흐로트라 CEO는 마이크론이 침체기에도 투자를 완전히 중단하지는 않았다고 강조했다. 그는 ""물론 규모는 전년보다 크게 줄였지만 투자는 계속했다""며 ""그 덕분에 지금의 AI 수요 증가 국면에서 혜택을 보고 있다""고 말했다.AI 서버용 고대역폭메모리(HBM)를 중심으로 메모리 수요가 폭증하면서 공급 부족은 상당 기간 이어질 것으로 메흐로트라 CEO는 내다봤다. 그는 ""새로운 반도체 공장을 건설하는 데는 수년이 걸리고 차세대 메모리는 제조 공정도 훨씬 복잡해졌다""며 ""메모리 공급 부족은 2027년 이후까지 지속될 가능성이 높다""고 전망했다.이를 위해 마이크론은 연구개발(R&D)과 생산시설 확충에 약 2000억달러를 투자하고 있다. 미국 아이다호주 보이시와 뉴욕주 시러큐스에 신규 메모리 공장을 건설 중이며, 보이시 공장에서는 내년 중반 첫 제품 생산을 시작할 예정이다.AI 수요 급증은 이미 소비자 제품 가격에도 영향을 미치고 있다. 애플은 지난주 메모리와 저장장치 가격 상승을 이유로 일부 맥(Mac)과 아이패드(iPad) 가격을 전격 인상했다.팀 쿡 애플 CEO는 당시 ""메모리와 스토리지 비용 상승은 피할 수 없는 수준""이라며 가격 인상의 책임을 메모리 업체들에 돌렸다. 이에 과거 메모리 업체들을 상대로 '가격 후려치기' 갑질을 일삼았던 애플이 결국 부메랑을 맞은 것이라는 지적이 일었다.마이크론은 AI 투자 확대의 최대 수혜주 가운데 하나로 꼽힌다. 주가는 올해 2분기에만 240% 이상 급등했으며, 시가총액은 약 9200억달러 늘어나 현재 약 1조3000억달러 규모로 커졌다.",True,반도체,"마이크론 CEO 산제이 메흐로트라는 AI 수요 급증으로 인한 메모리 공급 부족의 원인으로 과거 고객사의 과도한 가격 인하 압박을 지목하며, 2023년 메모리 가격이 크게 하락해 신규 설비 투자 여력이 부족했다고 밝혔다. 이로 인해 업계의 투자 능력이 약화됐으며, 공급 부족은 2027년 이후까지 지속될 전망이다. 마이크론은 연구개발과 생산시설 확충에 수십억 달러를 투자하며 AI 수요에 대응하고 있으며, AI 수요 증가는 소비자 제품 가격 인상으로도 영향을 미치고 있다.",마이크론,2.0
2026-07-01,"""삼전닉스 때문에 아이패드 비싸졌다""...美서 집단소송",정보 없음,https://n.news.naver.com/mnews/article/052/0002373213,"삼성전자와 SK하이닉스, 미국 마이크론 등 글로벌 3대 메모리 반도체 기업이 D램 공급을 인위적으로 제한해 가격을 조작했다는 혐의로 미국 소비자들에게 집단소송을 당했다.미국 기술전문매체 더블유씨씨에프테크(WccFtech) 등에 따르면, 미국 소비자 14명과 JB테크솔루션스 등 중소 PC 조립업체 3곳은 지난 25일 삼성전자, SK하이닉스, 마이크론을 상대로 미국 캘리포니아 북부 연방법원에 손해배상을 요구하는 집단소송을 제기했다.소장에 따르면, 원고 측은 세계 D램 시장의 90% 이상을 차지하는 3대 기업이 과점 지위를 악용해 조직적인 공급 제한 담합을 벌였다고 주장했다.특히 고부가가치인 인공지능(AI)용 고대역폭메모리(HBM) 생산 확대를 핑계로 PC와 일반 가전제품에 쓰이는 범용 D램(DDR3, DDR4 등) 공급을 줄였으며, 이로 인해 DDR3와 DDR4 등의 가격이 지난 4년간 약 700% 폭등하는 기현상이 발생했다는 지적이다.원고 측은 이러한 메모리 가격 폭등은 완제품 가격 인상으로 이어져 고스란히 소비자 피해로 돌아왔다고 지적하며, 애플이 최근 아이패드와 맥북 가격을 20% 인상한 것을 대표적인 피해 사례로 꼽았다.또한, 마이크론이 소비자용 브랜드인 '크루셜(Crucial)' 사업을 단계적으로 정리한 것 역시 시장 공급을 줄여 D램 가격을 높게 유지하려는 의도적인 담합의 증거로 제시됐다.과거의 담합 전력도 도마 위에 올랐다. 삼성전자와 하이닉스반도체(현 SK하이닉스)는 과거 미국 시장에서 D램 가격을 담합한 혐의로 2005년 각각 3억 달러와 1억 8,500만 달러의 벌금을 부과받은 바 있다. 당시 일부 임원들에게는 실형이 선고됐다.원고 측은 이번 사태 역시 과거와 같은 '반복적인 담합 패턴'이라고 지적하며, 공급 제한 중단 명령과 함께 피해액의 3배 배상을 요구했다. 이번 소송은 가격 급등 기간 동안 범용 D램이 탑재된 제품을 구매한 소비자와 기업 전반을 대상으로 하는 집단소송으로 확대될 가능성도 제기된다.",True,삼성전자,"미국 소비자 14명과 중소 PC업체들이 삼성전자, SK하이닉스, 마이크론을 상대로 집단소송을 제기하며, 이들이 D램 공급을 인위적으로 제한해 가격을 조작했다고 주장했다. 세 기업은 과점 지위를 이용해 공급을 줄였으며, 이로 인해 DDR3·DDR4 가격이 4년간 700% 폭등했고, 이는 소비자와 기업의 피해로 이어졌다는 것이다. 과거에도 이들 기업은 미국 시장에서 D램 담합 혐의로 벌금을 부과받은 바 있으며, 이번 사태 역시 과거와 유사한 담합 패턴으로 보고 있다. 원고들은 공급 제한 중단과 함께 피해액의 3배 배상을 요구하며 소송이 확대될 가능성도 제기되고 있다.",마이크론,1.0
2026-07-01,"“삼전닉스 때문에 아이패드 비싸졌다”…美 소비자들 집단소송 제기, 무슨 일?",정보 없음,https://n.news.naver.com/mnews/article/011/0004636939,"애플이 인공지능(AI) 데이터센터 확산으로 급등한 메모리와 저장장치 비용으로 인해 맥북과 아이패드 등의 가격을 인상한 지난달 26일 서울의 한 대형마트 내 애플 제품 취급 매장인 에이스토어에 아이패드와 맥북 등이 진열되어 있다. 뉴스1삼성전자와 SK하이닉스, 마이크론 등 글로벌 메모리 반도체 3사가 미국에서 D램 가격을 인위적으로 끌어올렸다는 의혹으로 집단소송에 휘말렸다. 원고 측은 인공지능(AI)용 고대역폭메모리(HBM) 생산 확대를 명분으로 범용 D램 공급을 의도적으로 줄여 가격을 급등시켰고 그 부담이 PC와 태블릿 등 소비자용 IT 제품 가격 인상으로 이어졌다고 주장했다.지난달 28일(현지시간) 미국 정보기술(IT) 전문매체 Wccf테크에 따르면 미국 소비자 14명과 컴퓨터 조립·유통업체 3곳은 지난달 25일 미국 캘리포니아 북부 연방법원에 삼성전자, SK하이닉스, 마이크론을 상대로 반독점법 위반 및 가격 담합 혐의에 대한 집단소송을 제기했다.원고에는 JB테크솔루션스와 트로이스 컴퓨터스 등 중소 PC 업체들이 포함됐다. 이들은 세 회사가 세계 D램 시장의 약 90%를 차지하는 과점 구조를 이용해 공급량을 조절하고 가격을 담합했다고 주장했다.소장에 따르면 삼성전자와 SK하이닉스, 마이크론은 AI용 HBM 생산 확대를 추진하는 과정에서 DDR3·DDR4 등 범용 D램 생산을 축소했다. 원고 측은 이 같은 공급 조절이 시장에 인위적인 공급 부족을 만들었고, 그 결과 지난 4년간 범용 D램 가격이 약 700% 급등했다고 주장했다.원고들은 메모리 가격 상승이 PC와 노트북뿐 아니라 맥북, 아이패드 등 메모리를 사용하는 IT 제품 전반의 가격 인상으로 이어졌다고 지적했다. 특히 최근 애플이 일부 제품 가격을 인상한 점도 메모리 가격 상승의 영향을 보여주는 사례라고 주장했다.또 AI 열풍이 가격 인상의 명분으로 활용됐다고도 주장했다. 원고 측은 메모리 업체들이 AI용 HBM 수요 증가를 이유로 들었지만 실제로는 소비자용 D램 공급을 줄여 가격을 끌어올렸다고 소장에서 밝혔다.마이크론의 소비자용 메모리 브랜드 ‘크루셜’ 사업 축소도 담합 정황 가운데 하나로 제시됐다. 마이크론은 지난해 AI용 메모리 수요 확대에 대응하기 위해 상대적으로 수익성이 낮은 소비자용 메모리 사업을 단계적으로 축소하겠다고 밝힌 바 있다.원고 측은 법원에 세 회사의 공급 조절 행위를 중단하도록 명령해 달라고 요청하는 한편, 미국 반독점법에 따라 손해액의 3배를 배상하는 ‘트레블 대미지’를 청구했다. 이번 소송은 가격 상승 기간 동안 범용 D램이 탑재된 제품을 구매한 소비자와 기업 전반으로 확대될 가능성도 제기된다.소장에는 세 회사의 과거 D램 가격 담합 사례도 언급됐다. 삼성전자와 하이닉스반도체(현 SK하이닉스)는 1999~2002년 미국 법무부의 D램 가격 담합 수사를 받았으며, 이후 유죄를 인정했다. 당시 삼성전자는 3억달러, 하이닉스반도체는 1억8500만달러의 벌금을 부과받았고 일부 임원은 실형을 선고받았다. 이후 PC 제조업체와 소비자들을 상대로 별도의 손해배상 소송도 진행됐다.끝장 서바이벌! 삼성과 하이닉스의 잔혹한 시총 1위 싸움 결말",True,삼성전자,"미국 집단소송에서 삼성전자, SK하이닉스, 마이크론이 AI용 HBM 생산 확대를 명분으로 범용 D램 공급을 축소해 가격을 인위적으로 끌어올렸다는 혐의를 받고 있습니다. 이에 따라 지난 4년간 D램 가격이 약 700% 급등했고, 이로 인해 PC, 노트북, 애플 제품 등 IT 제품 가격이 상승했습니다. 원고들은 이들이 가격 담합과 공급 조절로 시장을 지배하며 소비자와 기업에 손해를 끼쳤다고 주장하며, 법원에 공급 중단과 손해배상 청구를 요청했습니다. 과거에도 유사 담합 혐의로 벌금을 부과받은 적이 있어 논란이 계속되고 있습니다.",마이크론,2.0
2026-07-01,"""다 삼전닉스 탓"" 미국서 집단소송…황당한 트집",정보 없음,https://n.news.naver.com/mnews/article/055/0001368763,"삼성전자와 SK하이닉스, 마이크론 등 3대 메모리 기업이 미국에서 집단소송을 당했습니다.세계 D램 시장의 90%를 차지하는 3대 기업이 과점 지위를 악용해 공급량을 조절하며 가격 담합에 나섰고, 이 때문에 애플 아이패드 등의 가격이 오르는 등 소비자가 피해를 입었다는 주장입니다.미술 기술전문매체 더블유씨씨에프테크에 따르면 미국 컴퓨터 조립업체 JB테크솔루션스 등 중소 PC조립 및 유통업체 3곳과 미국 소비자 14명이 지난 25일 캘리포니아 연방법원에 담합 및 가격 조작 혐의로 삼성전자와 SK하이닉스, 마이크론에 손해배상을 요구하는 집단소송을 제기했습니다.이들은 이 기업들이 과점 지위를 악용해 공급량을 조절하며 가격 담합에 나섰다고 주장했습니다.그러면서 3사가 일반 소비자용 D램이 아닌 AI용 고대역폭 메모리 HBM 생산시설에 집중하며 인위적인 공급 부족 사태가 일어났다며, 이 때문에 지난 4년간 일반 소비자용 메모리 가격이 약 700% 폭등했다고 했습니다.그 결과 애플 맥북과 아이패드 등 전자제품의 가격이 잇따라 오르면서 소비자들이 피해를 봤다는 겁니다.그 근거로 최근 애플이 아이패드와 맥북의 가격을 20% 인상한 사실을 들었습니다.마이크론이 지난해 12월 소비자용 메모리 브랜드 크루셜 사업을 단계적으로 정리한 점도 담합의 근거라고 주장했습니다.당시 마이크론은 폭증하는 고부가가치 AI 관련 메모리 수요에 대응하기 위해 상대적으로 수익성이 낮은 소비자용 사업을 정리하는 결정을 내렸습니다.이들은 삼성전자와 SK하이닉스가 2000년대 미국 내 가격 담합 혐의로 미국 법무부에 기소당한 뒤 유죄를 받았던 전력도 거론하며 '반복적 담함 패턴'이 있다는 주장도 하고 있는 걸로 전해졌습니다.(취재 : 김민정, 영상편집 : 서병욱, 디자인 : 육도현, 제작 : 디지털뉴스부)",True,삼성전자,"삼성전자, SK하이닉스, 마이크론 등 글로벌 3대 메모리 기업이 미국에서 집단소송을 당했습니다. 이들은 과점 지위를 악용해 공급량 조절과 가격 담합으로 소비자에게 피해를 주었다는 주장입니다. 특히 AI용 고대역폭 메모리(HBM) 생산에 집중하며 공급 부족을 유발했고, 지난 4년간 일반 소비자용 메모리 가격이 약 700% 폭등했다고 합니다. 이로 인해 애플 제품 가격도 인상됐으며, 과거 미국 법무부의 유죄 판결 사례도 언급돼 담합 반복 패턴이 지적되고 있습니다.",마이크론,2.0
2026-07-01,“삼성 평택-SK 용인 팹 증설해도 2년뒤엔 팹 5기분 공급 부족”,정보 없음,https://n.news.naver.com/mnews/article/020/0003730664,"[치열해지는 메모리 전쟁]삼성-SK, 기존 수도권 팹 추가 건설용인 클러스터 완공도 앞당겼지만 2028년 D램 공급, 수요보다 13% 부족美-中 해외 경쟁사도 공격적 증설… 반도체 업황 따라 공급 과잉 우려도지난달 26일 경기 용인시 처인구 원삼면 SK하이닉스 용인 반도체 클러스터 공사 현장 모습. 용인=양회성 기자 yohan@donga.com인공지능(AI) 산업이 촉발한 메모리 반도체 공급난이 심화되며 앞으로 최소 3년 이상은 공급 부족이 지속될 것이란 분석이 나온다. 삼성전자와 SK하이닉스의 생산시설 증설 필요성이 커지는 가운데 신규 투자를 발표한 광주 반도체 공장(팹)이 메모리 공급난을 해소하고 수익 확대에 기여할 수 있을지 주목된다.● 평택·용인 증설해도 팹 5기분 부족30일 반도체업계와 JP모건이 최근 내놓은 ‘글로벌 메모리 마켓’ 보고서에 따르면 AI로 인한 수요 폭증을 공급이 따라가지 못하면서 2028년 글로벌 D램 시장에서는 웨이퍼 기준 월 약 45만 장(연 약 536만 장) 상당 수요 대비 공급이 부족할 것으로 전망된다. JP모건이 연간 8Gb(기가비트) 칩 기준 107억3600만 개의 공급이 부족하다고 추정한 것을 웨이퍼(웨이퍼 1장에 칩 2000개) 장수로 환산한 수치다. 보통 팹 1기에 웨이퍼 월 7만∼8만 장 규모로 반도체를 생산하기 때문에 45만 장은 팹 5, 6기를 돌려야 나오는 규모다.이는 JP모건이 5월 기준 수요, 공급 변수를 고려해 계산한 수치로 삼성전자와 SK하이닉스를 비롯해 글로벌 반도체 기업들이 내놓은 증설 계획이 반영됐다. D램 기준 삼성전자는 현재 경기 평택에서 P5 팹을 내년 상반기(1∼6월) 준공을 목표로 짓고 있고, 추가로 P5 팹2 착공을 올 하반기(7∼12월) 추진하겠다는 목표다. SK하이닉스는 올 상반기부터 충북 청주 M15X 팹을 가동해 생산량을 확대하고 있다. 여기에 경기 용인 클러스터의 첫번째 팹을 내년 상반기부터 가동할 예정이다.이처럼 당장 올해 신규 가동하기 시작한 팹과 내년 가동을 앞둔 팹들이 있는데도 메모리 공급난이 심화될 것으로 전망되는 것. 글로벌 D램 시장에서 지난해까지만 해도 공급이 수요를 4.4% 초과했지만 올해는 반대로 공급이 5.5% 부족할 것으로 예상되고 있다. 공급 부족분은 2027년 11.4%, 2028년 12.8%로 심화될 전망이다.삼성전자, SK하이닉스가 기존 수도권 팹에 더해 광주에 팹을 추가로 짓기로 한 것도 이 같은 이유에서다. 최태원 SK그룹 회장은 이달 2일 대만에서 열린 정보기술(IT) 박람회 ‘컴퓨텍스 2026’에서 메모리 공급난이 2030년까지 계속될 것으로 내다보며 “향후 5년 내 웨이퍼 생산량을 2배로 늘릴 것”이라고 밝히기도 했다.삼성전자, SK하이닉스는 여기에 더해 정부, 지자체와 추진해 온 용인 클러스터도 일정을 10년가량 앞당기기로 했다. SK하이닉스는 용인 신규 팹 총 4기를 2045년까지 완공할 예정이었지만 이를 12년 더 빠른 2033년에 완료하겠다고 29일 발표했다. 현재 착공을 앞둔 삼성전자 국가 산단도 팹 6기 완공 시점을 2047년에서 2040년으로 7년 단축하기로 했다.● “반도체 업황이 변수”, 일각선 과잉 공급 우려도다만 2028년 이후에도 지금과 같이 삼성전자, SK하이닉스에 유리한 업황이 유지될지 담보할 수 없다는 지적도 나온다. 용인 산단 등 이미 진행 중인 대규모 증설에 광주 팹까지 갑자기 더해지면 자칫 과잉 공급으로 이어질 수 있기 때문이다.변수는 크게 2가지가 꼽힌다. 우선 미국 마이크론, 중국 창신메모리테크놀로지(CXMT) 등 해외 경쟁사가 삼성전자, SK하이닉스를 추격하기 위해 공격적인 증설에 나서고 있다는 점이 부담이다. 특히 CXMT는 현재 기업공개(IPO)까지 추진하며 웨이퍼 월 50만 장 규모로 사업을 키울 계획이다. 또 다른 변수는 지금의 AI발 슈퍼사이클이 얼마나 지속될지 예측하기 어렵다는 점이다. 빅테크들의 투자 부담이 계속해서 커지고 있고, 범용 반도체의 수요처인 스마트폰과 PC 시장도 침체기에 접어들면 수요에도 타격이 불가피하다. 파이낸셜타임스(FT)는 리서치 업체 모닝스타의 평가를 인용해 “AI 기업이 투자를 유치하지 않으면 (한국의) 이번 프로젝트는 장기적인 반도체 공급 과잉으로 이어질 수 있다”고 전했다.이 때문에 투자의 유연성이 필요하다는 의견이 제기된다. 심대용 동아대 전자공학과 교수는 “무리한 공급 확대는 오히려 업계 전반에 독이 될 수도 있다”며 “AI발 시장 수요에 대응하기 위한 증설의 필요성은 있지만 기업들에 가장 유리한 방향으로 신중하게 속도 조절을 해야 할 것”이라고 했다.실제로 삼성전자는 지난달 29일 2040년까지의 투자계획을 공시한 뒤 정정공시를 통해 “상기 중장기 투자 계획은 현재 시황에 근거한 장래계획으로, 향후 시장 상황 및 당사 경영 환경 변화에 따라 변동될 수 있다”는 단서를 달았다.",True,반도체 공급망,"반도체 업황 악화와 AI 수요 증가로 2028년까지 글로벌 D램 공급이 수요보다 13% 부족할 것으로 전망된다. 삼성전자와 SK하이닉스는 증설을 가속화하며 용인·광주 팹 건설 일정을 앞당기고 있지만, 해외 경쟁사와 글로벌 시장 변화에 따라 공급 과잉 우려도 제기된다. 미국·중국 경쟁사 증설과 AI 시장 불확실성으로 공급 과잉 가능성도 존재하며, 기업들은 신중한 투자 조절이 필요하다는 의견이 나오고 있다.",CXMT,3.0
2026-07-01,"""비용 무서워""…AI발 인플레에 다시 중국산 가성비 제품 찾는 기업들",정보 없음,https://n.news.naver.com/mnews/article/018/0006320283,"[글로벌이슈]美 제재의 역설…中 공급 역할 더 커져中 AI 모델 사용료 '20분의 1 수준'압도적인 가격 경쟁력에 중국산 약진애플, 창신 메모리 반도체 구매 추진구글, 中엔비쿨 액체냉각 장비 검토[이데일리 김겨레 기자] 메모리반도체와 전력비용 등 인공지능(AI) 발 가격 상승이 이어지면서 기업이 다시 가성비를 앞세운 중국산에 눈을 돌리고 있다. 이란 전쟁과 관세, 안보 위험 등으로 공급망에서 중국을 배제하려던 흐름이 AI발 인플레이션에 제동이 걸리는 모양새다.[이데일리 김일환 기자]30일(현지시간) 로이터통신 등에 따르면 챗GPT와 클로드, 딥시크 등 여러 AI모델을 단일 API(응용프로그램인터페이스)로 쓸 수 있는 플랫폼 오픈 라우터에서 6월 중국 딥시크의 점유율이 1위를 차지했다. 개발자와 기업이 주로 사용하는 오픈라우터에서 가장 많이 쓰이는 상위 4개 모델 가운데 2개가 중국산인 것으로 나타났다. 기업들이 치솟는 AI 비용에 부담을 느껴 중국 AI 모델 사용을 늘리고 있는 것으로 해석된다. 주요 프리미엄 AI 모델 사용료가 100만 토큰당 4달러 수준인 반면 중국 모델은 0.18달러에 불과했다.애플도 최근 메모리 반도체 공급난으로 중국 창신메모리(CXMT)의 메모리 반도체 구매를 추진한 것으로 알려졌다. CXMT는 미 국방부의 중국군 관련 기업 명단에 오른 업체로, 미 정치권을 중심으로 반발이 일고 있다. 애플은 2022년에도 키옥시아에서 낸드플래시 수급이 원활하지 않자 중국 양쯔메모리테크놀로지스(YMTC) 칩 구매를 추진한 바 있다.구글은 지난 3월 중국 엔비쿨 등에서 데이터센터용 액체냉각 장비 구매를 검토했다. AI 데이터센터의 고밀도 연산으로 발열 문제가 커지면서 기존 공랭식 냉각만으로는 한계가 커졌기 때문이다. 엔비쿨은 구글 사양에 맞춰 제작한 냉각수 분배 장치(CDU)를 바탕으로 올해 액체 냉각 매출이 분기별로 성장할 것으로 예상했다. 구글은 최소 1곳 이상의 다른 중국 공급사와도 유사한 논의를 계획한 것으로 알려졌다.AI 데이터센터 건설 붐으로 인한 전력난도 중국산 의존을 줄이기 어렵게 하는 요인이다. 미국에서 전력 수요가 늘면서 배터리 에너지저장장치(ESS) 수요가 증가하고 있지만, 여전히 중국 의존도가 높다. 2021년부터 2025년 1분기까지 미국이 수입한 ESS의 절반은 중국산이었다. 중국산 ESS는 미국산 제품 대비 30% 이상 저렴한 것으로 나타났다.미국 캘리포니아주 버논의 33메가와트 규모 데이터센터. (사진=AFP)미국 전력망이 불안한 상황에서 중국산 부품에 대한 의존이 좀처럼 개선되지 않자 도널드 트럼프 행정부는 칼을 빼들었다. 로이터통신은 이날 미국 연방통신위원회(FCC)가 태양광 발전 시설과 배터리를 전력망에 연결하는 데 쓰이는 외국산 인버터 수입을 전면 금지하는 방안을 추진하고 있다고 보도했다. 사실상 중국산 인버터를 겨냥한 조치로, 앞서 유럽연합(EU) 집행위원회도 공공 자금으로 지원되는 에너지 프로젝트에서 중국산 인버터 사용을 금지하기로 했다.중국은 세계 최대 인버터 생산국으로 선그로우파워서플라이와 화웨이가 시장을 주도하고 있다. 미 보안업체 스트라우더테크놀로지에 따르면 지난해 말 기준 미국 전력회사 중 85% 이상이 중국산 인버터를 사용하고 있다.로이터는 “AI 인프라 구축을 위한 전 세계적인 경쟁으로 인해 첨단 칩뿐만 아니라 각종 저가 장비 공급까지 부족해지고 있다”며 “미·중 긴장 고조에도 불구하고 글로벌 데이터센터 성장에서 중국 공급업체의 역할이 커지고 있다”고 전했다.",True,CXMT,"미국의 제재와 공급망 문제로 인해 중국산 AI 모델, 반도체, 냉각장비, 에너지 저장장치의 역할이 커지고 있다. 중국 딥시크의 AI 모델 점유율이 높아지고, 애플은 중국 창신메모리에서 반도체 구매를 추진하는 등 중국 공급망 의존도가 증가하고 있다. 구글은 중국 엔비쿨의 냉각장비 도입을 검토하며, 미국은 중국산 인버터 수입 금지를 추진하는 등 에너지·인프라 분야에서도 중국산 제품 사용이 늘어나고 있다. 글로벌 AI·전력 인프라 경쟁 속에서 중국 공급업체의 역할이 강화되고 있다.",CXMT,1.0
2026-07-01,"中 CXMT, 텐센트에 4.5조 규모 D램 공급",정보 없음,https://n.news.naver.com/mnews/article/023/0003984999,"中 메모리 자립 본격화중국 메모리 반도체 기업 창신메모리(CXMT)의 D램. /CXMT 홈페이지 캡처중국 최대 메모리 반도체 기업 창신메모리테크놀로지(CXMT)가 중국 빅테크 기업 텐센트와 200억위안, 우리 돈 약 4조5000억원 규모의 서버용 D램 장기 공급 계약을 맺은 것으로 전해졌다. 전 세계적 인공지능(AI) 투자 확대로 D램 품귀와 가격 급등이 이어지는 가운데, 중국 빅테크들이 삼성전자·SK하이닉스·마이크론에 의존하던 메모리 조달선을 자국 기업으로 돌리기 시작했다는 분석이 나온다.中 빅테크, 자국 D램 조달 본격화로이터통신은 29일(현지 시각) 복수의 소식통을 인용해 CXMT가 텐센트에 200억위안 이상 규모의 서버용 D램을 수년간 공급하기로 했다고 보도했다. 계약 기간은 최대 3년 또는 5년으로 전해졌다. 텐센트는 중국 최대 클라우드·인터넷 기업 중 하나로, 최근 AI 데이터센터 투자를 확대하고 있다. CXMT가 중국 빅테크와 대규모 장기 계약을 맺은 것이 알려진 것은 사실상 처음이다. 중국 내 AI 서버용 메모리 수요 확대가 실제 조달 계약으로 이어지고 있는 것이다.더불어 중국의 반도체 자립 전략이 메모리 분야에서도 본격화했다는 평가가 나온다. 세계 D램 시장은 그동안 삼성전자·SK하이닉스와 미국 마이크론 등 3대 기업이 90% 이상을 장악해 왔다. 중국 빅테크들 역시 서버와 스마트폰 용 D램 상당 부분을 이들 한국과 미국 기업에 의존한다. 그러나 미국의 대중 반도체 제재가 이어지면서, 중국 내에선 CXMT·양쯔메모리테크놀로지스(YMTC) 같은 자국 메모리 업체를 키워야 한다는 압박이 커져왔다.AI발 메모리 대란은 CXMT에는 성장 기회가 되고 있다. 생성형 AI 투자 확대로 D램 수요가 폭증하면서 삼성전자·SK하이닉스·마이크론은 HBM 등 고부가가치 제품과 미국 빅테크 고객의 데이터센터용 물량에 생산 능력을 우선 배분하고 있다. 이로 인해 스마트폰·PC 등에 들어가는 범용 D램과 서버용 D램 수급은 빠듯해졌다. CXMT는 아직 HBM에서는 한국 업체들과 기술 격차가 크다는 평가를 받지만, PC용 일반 DDR5와 저전력 LPDDR5X 등 범용 제품에선 가격과 물량을 앞세워 중국 내 스마트폰·PC, 데이터센터 수요를 빠르게 흡수하고 있다.애플도 눈독 들인 CXMT…中 내부 수요도 빠듯애플도 CXMT 메모리 구매를 검토 중인 것으로 알려지면서 시장의 관심은 더욱 커진 상황이다. 파이낸셜타임스(FT)는 지난 26일 애플이 CXMT의 메모리 칩을 구매하기 위해 트럼프 행정부의 승인을 구하고 있다고 보도했다. 미 국방부는 지난해 초 중국군과의 연계 의혹을 이유로 CXMT를 ‘중국 군사 기업’ 명단에 올렸다. 애플이 CXMT 제품을 사는 것이 법적으로 금지된 것은 아니지만, 향후 제재 리스크를 피하기 위해 행정부의 보증을 구하는 것으로 풀이됐다.애플은 삼성전자와 SK하이닉스 등 기존 공급선의 메모리 가격이 급등하자, 상대적으로 저렴한 CXMT를 대안으로 검토 중인 것으로 보인다. 애플은 지난 25일 주요 제품 가격 인상을 발표하면서 “메모리 반도체와 저장 장치 수요가 비정상적으로 급증해 부품 가격이 급등했다”고 밝혔다. 맥북 프로 가격은 1999달러로 17.7%, 맥북 에어는 1299달러로 18.2% 올랐고, 아이패드 에어와 아이패드 프로 가격도 각각 25.0%, 20.0% 인상됐다.다만 애플이 실제로 CXMT 메모리를 조달하기는 쉽지 않다는 분석도 나온다. 중국 정부가 AI 데이터센터와 클라우드 인프라를 전략 산업으로 키우는 상황에서, 부족한 CXMT D램을 애플 같은 외국 기업에 우선 배정할 가능성은 낮다는 것이다. 테크 업계 관계자는 “CXMT 물량도 중국 내부 수요에 먼저 흡수될 가능성이 크다”고 했다.",True,디램,"중국 최대 메모리 반도체 기업인 CXMT가 텐센트와 200억 위안 규모의 서버용 D램 장기 공급 계약을 체결하며 자국 메모리 자립 전략이 본격화되고 있다. AI 수요 증가로 글로벌 D램 시장이 공급 부족에 시달리는 가운데, 중국 빅테크들은 한국과 미국 기업에 의존하던 메모리 조달선을 자국 기업으로 돌리고 있다. 애플도 CXMT 제품 구매를 검토 중이지만, 중국 정부의 내부 수요 우선 정책으로 외국 기업에 공급이 제한될 가능성도 있다. 이번 계약은 중국 내 AI 서버용 메모리 수요 확대와 함께 글로벌 공급망 재편의 신호로 평가된다.",CXMT,3.0
2026-07-01,차이나 반도체 ETF 질주…한 달 수익률 최고 40%,정보 없음,https://n.news.naver.com/mnews/article/016/0002664122,"TIGER 차이나반도체, 월간 40.32%↑수익률 상위에 中반도체·과창판 차지中 CXMT IPO 앞두고 기술주 신고가국내 상장지수펀드(ETF) 시장에서 중국 투자 열풍이 거세다. 중국 반도체·과창판(중국 과학기술 혁신기업 전용 증시) 관련 상품이 수익률 상위권을 휩쓸었다. 특히, 중국 내 반도체 산업이 급성장하면서 중국 기술주 상승세를 견인하고 있다. 중국 시장 관련 ETF가 대거 고수익을 거두면서 국내 투자자들의 관심도 한층 커질 전망이다.1일 ETF체크에 따르면 지난달 국내 ETF 수익률 1위는 ‘TIGER 차이나반도체FACTSET’(40.32%)이 차지했다. 3위부터 7위까지도 중국 반도체·과창판 상품이다. ‘KODEX 차이나과창판STAR50(합성)’, ‘SOL 차이나육성산업액티브(합성)’, ‘ACE 중국과창판STAR50’, ‘KODEX 차이나AI반도체TOP10’, ‘TIGER 차이나과창판STAR50(합성)’ 등으로, 수익률은 30% 내외에 달했다.중국 반도체 ETF 강세는 중국 기술주 상승세와 맞물려 있다. 여태경 현대차증권 연구원은 “지난달 중국 A증시 주요 지수 가운데 기술주 중심의 창업판지수와 과창50지수가 신고가를 경신했다”며 “최근 중국 A증시는 기술주들의 기업공개(IPO)에 대한 투자자들의 기대감으로 반도체, AI 등 첨단 기술 테마 중심의 차별화된 강세 흐름을 보이고 있다”고 진단했다. 이어 “IPO 대어들의 상장이 완료되는 7월 말까지 이어질 가능성이 높다”고 분석했다.강세의 핵심 재료는 CXMT 상장 기대감이다. CXMT는 삼성전자, SK하이닉스, 마이크론에 이은 글로벌 4위 D램 업체다. 지난달 12일 중국 증권감독관리위원회로부터 IPO 등록 최종 승인을 받았다. 이르면 7월 중 ‘중국판 나스닥’으로 불리는 상하이 과창판에 상장할 전망이다. 업계에 따르면 CXMT의 IPO 조달 규모는 295억위안으로, 중국 최대 파운드리 기업 SMIC에 이어 과창판 역대 2위 규모다.시장은 CXMT 상장으로 중국 A주 시장에 본격적인 메모리 투자 대상이 생긴다는 점에 주목하고 있다. 중국 증시에는 파운드리, 장비, 소재, 설계 기업은 있었지만 메모리 종합반도체기업(IDM)은 부족했다.증권가는 CXMT 상장 기대가 향후 중국 반도체 밸류체인 전반으로 확산될 수 있다고 보고 있다. CXMT가 IPO 조달자금 295억위안 중 약 70%를 메모리 생산라인 고도화와 D램 기술 고도화에 투입할 예정인 만큼, 식각·증착·세정·CMP(화학적기계연마) 등 전공정 장비 발주가 먼저 나타나고 이후 소재·가스와 후공정으로 수혜가 확산될 수 있다는 분석이다.국내 개인 투자자의 직접 투자가 쉽지 않은 과창판 특성상 ETF 상품을 중심으로 한 투자 경로는 더욱 부각될 전망이다. 신승웅 신한투자증권 연구원은 “CXMT 상장이 메모리 슈퍼사이클과 중국 전략자산 프리미엄이 만나는 이벤트”라고 평가했다.중장기 변수는 범용 D램이라는 게 업계 시각이다. CXMT가 당장 HBM 시장을 흔들기보다 향후 메모리 업황이 꺾이는 시점에 일반 D램 가격을 낮추는 요인이 될 가능성이 주목된다. 중국 내수 고객을 확보한 CXMT가 생산을 늘리면, 수요 둔화 국면에서 삼성전자·SK하이닉스·마이크론의 범용 D램 가격 협상력이 약해질 수 있다는 분석이다. 김유진 기자",True,반도체,"중국 반도체와 과창판 관련 ETF가 지난달 국내 수익률 1위(40.32%)를 기록하며 높은 관심을 받고 있다. 특히, 글로벌 4위 D램 업체 CXMT의 IPO 기대와 중국 기술주 강세가 주요 원인이다. CXMT는 상하이 과창판에 상장 예정으로, IPO 조달금액은 295억 위안에 달하며, 메모리 생산라인 고도화에 투자될 예정이다. 이로 인해 중국 반도체 시장의 성장 기대와 함께 관련 ETF의 수익률이 높아지고 있으며, 향후 중국 반도체 밸류체인 확장과 시장 영향이 주목된다.",CXMT,1.0
2026-07-01,"한달만에 ‘40.3%’ 수익률 1위…중국을 몰라봤다, 20%대는 명함도 못 내밀 판 [투자360]",정보 없음,https://n.news.naver.com/mnews/article/016/0002664451,"[연합=로이터][헤럴드경제=김유진 기자] 6월 국내 상장지수펀드(ETF) 시장에서 중국 반도체·과창판(중국 과학기술 혁신기업 전용 증시·STAR Market) 상품이 수익률 상위권을 휩쓸었다. 중국 1위 D램 기업 CXMT가 지난달 과창판 상장 승인을 받으면서 중국 증시에 없던 ‘메모리 반도체 투자처’가 생길 것이란 기대가 반영된 결과다.증권가에서는 CXMT가 당장 삼성전자·SK하이닉스의 고대역폭메모리(HBM) 경쟁력을 위협할 가능성은 제한적이지만, 중장기적으로 범용 D램 가격 변수로 작용할 수 있다고 보고 있다.1일 ETF체크에 따르면 지난달 국내 ETF 수익률 1위는 ‘TIGER 차이나반도체FACTSET’(40.32%)이 차지했다. 3위부터 7위까지도 중국 반도체·과창판 상품이다. ‘KODEX 차이나과창판STAR50(합성)’, ‘SOL 차이나육성산업액티브(합성)’, ‘ACE 중국과창판STAR50’, ‘KODEX 차이나AI반도체TOP10’, ‘TIGER 차이나과창판STAR50(합성)’ 수익률은 28.36~30.22%에 달했다.수익률 상위 ETF중국 반도체 ETF 강세는 중국 기술주 자체의 상승 흐름과 맞물렸다. 여태경 현대차증권 연구원은 “지난달 중국 A증시 주요 지수 가운데 기술주 중심의 창업판지수와 과창50지수가 신고가를 경신했다”며 “최근 중국 A증시는 기술주들의 IPO에 대한 투자자들의 기대감으로 반도체, AI 등 첨단 기술 테마 중심의 차별화된 강세 흐름을 보이고 있다”고 진단했다. 이어 “IPO 대어들의 상장이 완료되는 7월 말까지 이어질 가능성이 높다”고 분석했다.강세의 핵심 재료는 CXMT 상장 기대감이다. 지난달 스페이스X 상장을 앞두고 우주항공 업종과 관련 ETF 상품들이 먼저 상승세를 탄 것과 유사한 흐름이다.CXMT는 삼성전자, SK하이닉스, 마이크론에 이은 글로벌 4위 D램 업체다. 지난달 12일 중국 증권감독관리위원회로부터 기업공개(IPO) 등록 최종 승인을 받았다. 이르면 7월 중 ‘중국판 나스닥’으로 불리는 상하이 과창판에 상장할 전망이다. 업계에 따르면 CXMT의 IPO 조달 규모는 295억위안으로, 중국 최대 파운드리 기업 SMIC에 이어 과창판 역대 2위 규모다.시장은 CXMT 상장으로 중국 A주 시장에 본격적인 메모리 투자 대상이 생긴다는 점에 주목하고 있다. 중국 증시에는 파운드리, 장비, 소재, 설계 기업은 있었지만 메모리 종합반도체기업(IDM)은 부족했다.증권가는 CXMT 상장 기대가 향후 중국 반도체 밸류체인 전반으로 확산될 수 있다고 보고 있다. CXMT가 IPO 조달자금 295억위안 중 약 70%를 메모리 생산라인 고도화와 D램 기술 고도화에 투입할 예정인 만큼, 식각·증착·세정·CMP(화학적기계연마) 등 전공정 장비 발주가 먼저 나타나고 이후 소재·가스와 후공정으로 수혜가 확산될 수 있다는 분석이다.국내 개인 투자자의 직접 투자가 쉽지 않은 과창판 특성상 ETF 상품을 중심으로 한 투자 경로는 더욱 부각될 전망이다. 신 연구원은 “중국 반도체 소부장 기업 상당수는 과창판에 상장돼 외국인 개인의 직접 투자가 제한된다”며 “CXMT 상장 이후 수혜가 특정 기업보다 장비, 소재·가스, 후공정 전반으로 확산될 가능성이 높은만큼 개별 종목 선별보다 ETF를 통한 분산 접근이 효과적”이라고 조언했다.신승웅 신한투자증권 연구원은 CXMT 상장을 “메모리 슈퍼사이클과 중국 전략자산 프리미엄이 만나는 이벤트”라며 “메모리 슈퍼사이클을 누리는 기업은 삼성전자와 SK하이닉스만이 아니며 중국 D램 대표 기업 CXMT도 가격 상승 수혜가 숫자로 확인된다”고 했다.다만 삼성전자와 SK하이닉스에 대한 단기 위협은 제한적이라는 전망이다. HBM 영역에서 CXMT와 삼성전자·SK하이닉스·마이크론 등 글로벌 3사 간 기술 격차가 최소 3년 이상이고, CXMT가 극자외선(EUV) 장비 부재로 양산 수율과 경제성 제약을 받을 가능성이 크다는 이유에서다.신 연구원은 “CXMT HBM의 초기 수요는 화웨이를 비롯한 로컬 AI 가속기와 국유 클라우드·데이터센터향 검증 물량에 집중될 가능성이 높다”며 “공급망 자립 관점에서는 의미가 있지만, 글로벌 3사의 AI 프리미엄을 훼손할 변수는 아니다”고 진단했다.중장기 변수는 범용 D램이라는 게 업계 시각이다. CXMT가 당장 HBM 시장을 흔들기보다 향후 메모리 업황이 꺾이는 시점에 일반 D램 가격을 낮추는 요인이 될 가능성이 주목된다. 중국 내수 고객을 확보한 CXMT가 생산을 늘리면, 수요 둔화 국면에서 삼성전자·SK하이닉스·마이크론의 범용 D램 가격 협상력이 약해질 수 있다는 분석이다.",True,CXMT,"6월 국내 ETF 시장에서 중국 반도체와 과창판 관련 상품이 수익률 상위권을 기록했다. 중국 1위 D램 업체 CXMT의 과창판 상장 기대감이 반영된 결과로, 이 ETF들은 중국 기술주 강세와 맞물려 높은 수익률을 기록했다. CXMT는 글로벌 4위 D램 업체로, 상장 후 메모리 생산라인 고도화에 투자할 계획이다. 전문가들은 단기적으로 삼성전자와 SK하이닉스에 큰 위협은 아니지만, 장기적으로 범용 D램 가격에 영향을 미칠 가능성을 지적한다.",CXMT,2.0
2026-07-01,"에이전트AI, AI 신약 플랫폼 '몰포지' 엔비디아 인셉션 선정",정보 없음,https://n.news.naver.com/mnews/article/277/0005783813,"에이전트AI의 자회사 디지털바이올로지가 개발한 인공지능(AI) 기반 신약 후보물질 발굴 플랫폼 '몰포지(MolForge)'가 엔비디아의 글로벌 스타트업 지원 프로그램에 선정되며 기술 경쟁력을 인정받았다. AI 컴퓨팅 인프라를 활용해 플랫폼 고도화에 나서고 글로벌 제약·바이오 기업과의 협력 확대에도 속도를 낼 계획이다.에이전트AI는 디지털바이올로지의 AI 저분자 신약 개발 플랫폼 몰포지가 엔비디아(NVIDIA)의 스타트업 육성 프로그램 'NVIDIA Inception(엔비디아 인셉션)'에 선정됐다고 1일 밝혔다.이번 선정은 에이전트AI 계열사 중 두 번째 엔비디아 인셉션 합류 사례다. 앞서 AI 로봇 안전 검증 플랫폼 '로보게이트(RoboGate)'를 개발하는 자회사 에이전트AI랩스가 같은 프로그램에 선정된 바 있다.디지털바이올로지는 이번 선정으로 엔비디아의 글로벌 AI 생태계에 참여하게 됐으며, AI 신약 개발 기술력을 기반으로 향후 연구개발 역량 강화와 사업 확장에 나설 예정이다.회사 관계자는 ""자체 개발한 AI 플랫폼이 로보틱스와 신약 개발 등 미래 성장 산업에서 연이어 기술력을 인정받았다는 점에서 의미가 크다""고 밝혔다.엔비디아 인셉션은 AI, 바이오, 로보틱스 등 첨단 기술 분야의 혁신 기업을 대상으로 GPU 컴퓨팅 인프라와 기술 지원, 글로벌 네트워크 등을 제공하는 프로그램이다. 디지털바이올로지는 이번 기회를 활용해 AI 연구 환경을 고도화하고 글로벌 제약·바이오 기업과 공동 연구 및 사업 협력을 확대할 방침이다.신약 개발은 통상 10년 이상의 개발 기간과 막대한 비용이 필요하며, 수많은 후보물질 가운데 실제 치료제로 이어지는 사례는 제한적이다. 이에 따라 최근에는 AI와 고성능 컴퓨팅을 활용해 신약 개발 과정을 혁신하는 '디지털 바이올로지' 분야가 새로운 성장 영역으로 주목받고 있다.몰포지는 저분자 화합물 설계부터 검증, 우선순위 선정까지 신약 후보 발굴 전 과정을 지원하는 AI 기반 플랫폼이다. 특정 신약 개발에만 한정되지 않고 다양한 질환 분야로 확장할 수 있는 플랫폼 구조를 갖춘 것이 특징이다.몰포지는 자체 개발한 생성형 AI 모델 'MolForge-Gen(몰포지 젠)'을 기반으로 약 160만개의 약물 데이터를 학습해 새로운 저분자 화합물을 설계한다. 생성된 분자의 97.5%가 화학적으로 유효한 구조를 보였으며, 분자 생성과 결합 예측, 독성, 약물성, 합성 가능성 등을 평가하는 7개 이상의 독립 AI 모델을 활용한 다중 검증 체계를 적용했다.현재까지 MolForge-Gen을 통해 생성된 후보 분자는 219만168개에 달한다. 이 가운데 약물성(ADMET), 신규성, 합성 가능성 등을 평가해 7만1651개 후보를 선별하고, 최종적으로 2401개의 우선 검토 대상 물질로 압축하는 AI 퍼널(Funnel) 방식을 운영하고 있다.이를 통해 사람이 직접 분석하기 어려운 대규모 화합물 데이터를 AI가 자동으로 검토하고, 개발 가능성이 높은 후보물질을 효율적으로 찾아낼 수 있다는 설명이다.디지털바이올로지는 AI 예측 결과의 신뢰성을 높이기 위한 검증 기술도 적용했다. AI 예측 신뢰도를 함께 제시하는 Conformal Prediction(정합 예측) 기술은 외부 평가에서 86.5%의 적중률을 기록했으며, AI가 예측한 단백질과 분자 결합 구조의 99.5%가 국제 검증 도구인 PoseBusters의 물리화학적 타당성 평가를 통과했다.또한 실험 전 AI 예측 결과를 시간 기록과 함께 공개 저장소에 사전 등록하는 방식을 통해 연구 과정의 투명성과 재현성을 확보하고 있다.몰포지는 생성 후보물질의 95% 이상이 기존 약물과 다른 신규 구조로 구성돼 특허 경쟁력을 확보하고 있으며, TDC, Polaris, PLINDER 등 글로벌 공개 벤치마크를 활용해 AI 성능 검증도 지속하고 있다.현재 디지털바이올로지는 TYK2, TNIK, CDK4, CDK6, EGFR 등 5개 저분자 신약 프로젝트를 동시에 진행하고 있다. 후보물질 생성부터 평가, 재학습까지 전 과정을 자동화한 24시간 AI 연구개발 체계를 구축해 신약 개발 효율성을 높이고 있다.디지털바이올로지 관계자는 ""이번 NVIDIA Inception 선정은 AI 신약 플랫폼 경쟁력이 글로벌 AI 생태계에서 인정받았다는 의미""라며 ""에이전트AI 그룹이 보유한 AI 플랫폼 기술력이 다시 한번 검증된 성과""라고 말했다.이어 ""몰포지는 단일 신약 개발을 넘어 다양한 질환으로 확장 가능한 AI 플랫폼""이라며 ""글로벌 제약사와 공동 연구, 기술이전, 전략적 파트너십을 확대해 글로벌 AI 신약 플랫폼 기업으로 성장하겠다""고 강조했다.에이전트AI는 엔비디아 AI 생태계 합류를 계기로 몰포지 플랫폼의 기술 고도화와 글로벌 협력 확대를 추진하며 AI 기반 신약 개발 시장 경쟁력 강화에 나선다.",True,엔비디아,"에이전트AI의 자회사 디지털바이올로지의 AI 신약 후보물질 발굴 플랫폼 '몰포지'가 엔비디아의 글로벌 스타트업 지원 프로그램인 'NVIDIA Inception'에 선정돼 기술력을 인정받았다. 몰포지는 생성형 AI인 'MolForge-Gen'을 활용해 160만개 이상의 후보 화합물을 설계, 7만여 개를 선별하는 등 신약 개발 과정을 자동화하고 효율화한다. 이번 선정으로 글로벌 AI 생태계에 참여하며, 연구 환경 고도화와 제약사와의 협력을 확대할 계획이다. 디지털바이올로지는 현재 5개 저분자 신약 프로젝트를 진행 중이며, AI 기반 신약 개발 경쟁력 강화를 목표로 글로벌 협력을 추진하고 있다.",엔비디아,1.0
2026-07-01,"KKR-엔비디아, 데이터센터 병목 해소한다… 기존 업체 인수 속도에 방점",정보 없음,https://n.news.naver.com/mnews/article/029/0003034586,"세계 최대 사모펀드와 AI 칩 개발사가 손 잡아시간단축 위해 기존업체 인수해 확장하는 전략AI 인프라 병목, 원스톱으로 해결하겠다는 목표AI, 칩 경쟁서 '전력·데이터센터 경쟁'으로 이동엔비디아와 젠슨 황 CEO. 로이터 연합뉴스인공지능(AI) 열풍으로 가속화된 글로벌 데이터센터 공급 부족 사태를 해결하기 위해 글로벌 사모펀드(PEF) 운용사 KKR과 젠슨 황 최고경영자(CEO)가 이끄는 AI 반도체 선두주자 엔비디아가 손을 잡았다.미국 IT 전문매체 디인포메이션은 지난달 30일(현지시간) 사안에 정통한 임원들의 발언을 인용해, KKR이 주도하고 엔비디아 등이 참여하는 AI 인프라 전문기업 '헬릭스 인프라스트럭처 파트너스'(Helix Infrastructure Partners, 이하 헬릭스)가 빅테크 등 하이퍼스케일러(대규모 클라우드 서비스 공급자)의 수요를 빠르게 충족하기 위해 기존 데이터센터 개발사 인수를 추진하고 있다고 보도했다.현재 글로벌 AI 시장은 이른바 '데이터센터 병목 현상(logjam)'으로 극심한 정체를 겪고 있다.구글, 아마존웹서비스(AWS), 마이크로소프트(MS) 등 글로벌 하이퍼스케일러들이 AI 인프라를 확장하기 위해 천문학적인 자금을 쏟아 붓고 있으나 데이터센터 부지 확보, 전력 공급망 구축, 고속 네트워크 연결 등의 복잡한 인프라 조달 프로세스가 개별적으로 진행되면서 실제 가동까지 심각한 지연이 발생하고 있는 것이다.헬릭스는 바로 이러한 인프라 병목을 원스톱으로 해결하겠다는 목표로 출범했다.보도에 따르면, 헬릭스는 부지 매입과 전력망 연결 등 초기 단계부터 오랜 시간이 소요되는 이른바 '그린필드'(초기 개발) 방식 대신, 맞춤형 데이터센터 시설을 설계·개발해 온 기존 유망 데이터센터 업체를 인수하는 전략을 택했다. 데이터센터를 처음부터 지으려면 부지 선정부터 환경 영향 평가, 특히 전력망 확보에 최소 수년이 걸립니다.이미 헬릭스 경영진은 인수 후보군으로 고려할 만한 미국 내 유망 데이터센터 기업들의 숏리스트를 작성해 정밀 검토에 들어간 것으로 알려졌다.이 같은 공격적인 행보의 배경에는 헬릭스가 보유한 막강한 자금력과 강력한 전략적 동맹이 자리 잡고 있다. 헬릭스는 출범 당시 이미 100억달러(약 15조5000억원) 이상의 막대한 자본금을 확약받았다.KKR의 방대한 제도권 자본과 인프라 전문 자산운용 역량에 더해, 중동의 거대 국부펀드인 쿠웨이트투자청(KIA), 그리고 세계적인 전력 생산 기업 비스트라(Vistra)가 핵심 투자자 및 파트너로 참여하고 있다.특히 글로벌 AI 생태계를 지배하고 있는 엔비디아가 전략적 투자자로 직접 참여함으로써 기술적·운영적 경쟁력을 크게 강화했다.경영진의 면면 또한 시장의 기대를 모으고 있다. 지휘봉은 세계 최대 클라우드 기업인 AWS의 최고경영자(CEO)를 역임했던 아담 셀립스키(Adam Selipsky)가 잡았다. 셀립스키 CEO는 과거 AWS에서 인프라 확장과 클라우드 컴퓨팅 대중화를 이끈 인물로, 물리적 인프라 공급이 컴퓨팅 수요를 따라가지 못할 때 발생하는 병목 현상을 가장 잘 이해하고 있는 전문가로 꼽힌다.여기에 KKR의 글로벌 디지털 인프라 부문 총괄인 발데마르 슬레자크가 최고투자책임자(CIO)로 합류해 자금 집행과 인수합병(M&A) 전략을 진두지휘하고 있다.헬릭스의 비즈니스 모델은 과거 부동산, 전력 수급, 네트워킹 계약을 각기 따로 진행하며 시간을 허비했던 하이퍼스케일러들의 가려운 곳을 긁어주는 데 방점이 찍혀 있다.전력 수급과 인프라 구축을 동시다발적으로 해결해 주는 통합 플랫폼을 제공함으로써, 고객사들이 복잡성을 줄이고 대규모 AI 연산 용량을 신속하게 확보할 수 있도록 돕겠다는 전략이다.업계에서는 글로벌 PEF 선두주자인 KKR의 막강한 자본력과 엔비디아의 칩 공급망 및 기술 영향력, 비스트라의 전력 솔루션이 결합한 만큼, 이번 M&A가 성사될 경우 AI 인프라 시장의 판도가 크게 요동칠 것으로 내다보고 있다.수요가 극도로 과열된 현재의 AI 시장에서 헬릭스가 추진하는 '기존 기업 인수를 통한 신속한 시장 진입' 전략이 데이터센터 공급난을 해소하는 기폭제가 될 수 있을지 글로벌 테크 및 투자업계의 이목이 집중되고 있다.이번 헬릭스의 움직임은 현재 AI 패권 전쟁의 핵심 전선이 반도체 칩 확보경쟁을 넘어 '전력과 데이터센터 인프라 확보 경쟁'으로 이동했음을 보여준다. KKR과 엔비디아의 동맹은 인프라 병목으로 다소 정체됐던 AI 하드웨어 및 클라우드 시장의 확장 속도를 다시 가속화하는 계기가 될 것으로 보인다.",True,반도체 공급망,"세계 최대 사모펀드 KKR과 AI 반도체 선두주자인 엔비디아가 협력하여 AI 인프라 병목 해소에 나섰다. 헬릭스 인프라스트럭처 파트너스는 기존 데이터센터 업체 인수를 통해 부지 확보와 전력 공급 등 복잡한 인프라 구축을 원스톱으로 해결하는 전략이다. 이들은 막대한 자본력과 전략적 파트너십을 바탕으로 시장 확장을 추진하며, AI 시장의 데이터센터·전력 인프라 경쟁이 심화되고 있다. 이번 움직임은 인프라 병목 해소와 AI 패권 경쟁의 핵심 전선이 칩 경쟁에서 인프라 확보로 이동했음을 보여준다.",엔비디아,2.0
2026-07-01,"AI 칩 에치드, 1.2조원 유치…""또다른 엔비디아 대항마""",정보 없음,https://n.news.naver.com/mnews/article/001/0016169690,"제인스트리트·TSMC 연계 VC 투자1.5조원 판매계약 확보에치드의 AI칩 서버랙[에치드 홈페이지 캡처. 재판매 및 DB 금지](서울=연합뉴스) 정주호 기자 = 추론형 인공지능(AI)으로 무게중심이 옮겨가는 과정에서 엔비디아에 도전장을 내민 AI 칩 스타트업들에 대형 투자자들이 잇달아 베팅하고 있다.그중 에치드(Etched)는 월가의 트레이딩회사 제인스트리트와 대만 TSMC와 연계된 벤처캐피탈을 투자자로 확보하며 누적 조달액 8억달러(약 1조2천300억원)를 기록했다고 블룸버그 통신이 지난달 30일(현지시간) 보도했다.에치드는 올여름 일부 고객에게 칩 출하를 시작할 계획이며, 현재 제품 테스트단계에서도 총 10억달러(약 1조5천400억원) 규모의 판매 계약을 확보했다고 로버트 와천 공동창업자 겸 사장이 밝혔다.블룸버그에 따르면 에치드의 누적 조달액 8억달러 중 지난해 12월 마무리된 5억달러(약 7천700억원) 규모 라운드에서는 기업가치 50억달러(약 7조7천100억원)를 인정받았으며, 팔란티어 공동창업자인 억만장자 피터 틸이 투자자로 참여했다.제인스트리트는 이 라운드를 포함해 지금까지 총 1억달러(약 1천500억원) 넘게 투자한 것으로 전해졌다.와천 사장은 제인스트리트가 최근 비공개로 진행된 별도 라운드도 주도했다고 밝혔다.AI의 핵심 개념인 인공신경망과 머신러닝에 대한 연구로 노벨 물리학상을 받은 제프리 힌턴, 컴퓨터 비전 분야 선구자 페이페이 리, 헤지펀드 매니저 스탠리 드러켄밀러 등도 에치드에 투자했다.개빈 우베르티 공동창업자 겸 최고경영자(CEO)는 회사가 자금 조달과 칩 계획을 공개적으로 언급한 게 약 2년 만에 처음이라며 ""보여줄 게 생길 때까지 조용히 지내왔다""고 말했다.에치드는 TSMC와 협력해 칩을 낮은 전압에서 구동해 과열을 막고 성능을 끌어올리는 '저전압 추론' 기술을 개발했다. 또한 고대역폭메모리(HBM)와 S램(SRAM)을 결합한 독자 메모리 시스템도 개발했다.[로이터=연합뉴스 자료사진]에치드는 맞춤형 칩 설계를 넘어 회로기판·냉각판·네트워킹 연결 등 서버랙 전체를 자체 설계한다.와천 사장은 이런 방식을 택한 칩 스타트업은 에치드가 유일하다고 강조했다.에치드라는 사명도 반도체 웨이퍼 표면에 회로 패턴을 깎아 새기는 '식각(etching)' 공정에서 따온 것으로, 특정 AI 모델 구조에 맞춰 회로 자체를 최적화하는 이 회사의 반도체 설계 방식을 함축한다.에치드는 AI 산업의 무게중심이 모델 '학습'에서 '추론'으로 옮겨가는 흐름 속에서 엔비디아에 도전하는 스타트업 그룹 중 하나로 꼽힌다.같은 추론용 칩 업체인 그록(Groq)은 지난해 12월 자사 기술을 엔비디아에 라이선스하는 대가로 200억달러(약 30조8천400억원) 규모 계약을 체결했으며, 이 계약에 따라 엔비디아는 그록 인력 대부분을 흡수하기로 했다. 사실상 엔비디아가 그록을 인수한 셈이다.세레브라스 AI 칩[세레브라스 상장신청서 캡처. 재판매 및 DB 금지]또 다른 사례는 세레브라스가 꼽힌다.아이패드 크기의 반도체 하나를 웨이퍼 전체로 만드는 '웨이퍼 스케일 엔진(WSE)' 방식이 핵심으로, 통상 웨이퍼 한 장에서 수백 개의 작은 칩을 잘라 쓰는 기존 방식과 달리 웨이퍼를 통째로 칩 하나로 쓴다.CNBC 등에 따르면 지난 5월14일 나스닥 상장 당시 55억달러(약 8조4천800억원)를 조달해 역대 최대 규모 반도체 업종 기업공개(IPO)를 기록했으며, 상장 첫날 시가총액이 1천억달러(약 154조2천억원)에 근접하기도 했다.세레브라스 칩 역시 TSMC가 5나노 공정으로 생산한다.업계에서는 그록의 엔비디아 편입, 에치드·세레브라스 등의 잇단 대규모 투자 유치가 엔비디아 중심 AI 반도체 독점 구도에 균열 조짐을 보여준다는 해석이 나온다.다만 이런 스타트업 상당수가 TSMC 파운드리 물량에 의존하고 있어, 어느 쪽이 승자가 되든 TSMC는 파운드리 매출을 확보할 수 있는 구도라는 관측도 함께 제기된다.jooho@yna.co.kr",True,AI 반도체,"AI 추론용 칩 시장에서 엔비디아에 도전하는 스타트업들이 대규모 투자를 유치하며 성장하고 있다. 에치드는 제인스트리트와 TSMC 연계 벤처캐피탈로부터 8억달러를 조달했고, 10억달러 규모의 판매 계약을 확보했다. 회사는 TSMC와 협력해 저전압 기술과 독자 메모리 시스템을 개발하며 서버랙 전체를 설계하는 차별화된 전략을 펼친다. 이와 함께 세레브라스 등도 혁신 기술로 주목받으며 엔비디아 중심 시장에 균열 조짐이 나타나고 있다. 그러나 많은 스타트업이 TSMC 파운드리에 의존하는 구조로, 향후 시장 판도는 관망 중이다.",엔비디아,2.0
2026-07-01,"[뉴욕증시] 다우지수, 5년 만에 최고 상반기…엔비디아, 2.6% 급등",정보 없음,https://n.news.naver.com/mnews/article/014/0005541947,"[파이낸셜뉴스]뉴욕 증시의 다우존스산업평균지수가 6월 30일(현지시간) 이틀 연속 사상 최고 기록을 갈아치우며 상반기에 8.8% 상승했다. 5년 만에 최고의 상반기 상승률이다. AP 연합뉴욕 증시의 다우존스산업평균지수가 5년 만에 최고의 상반기 상승률을 기록했다. 다우 지수는 6월 마지막 날인 30일(현지시간) 이틀 연속 사상 최고 기록을 경신하며 0.3% 더 올라 상반기를 8.8% 상승세로 마감했다.스탠더드앤드푸어스(S&P)500과 나스닥지수는 분기 상승률이 6년 만에 최고를 기록했다.한편 테슬라는 2.1% 더 올랐고, 스페이스X는 급등세를 지속해 4% 넘게 뛰었다.엔비디아도 2.5% 급등하는 등 기술주들이 강세를 보였다.S&P500·나스닥, 6년 만에 최고 분기 수익률다우지수는 이날 전장 대비 136.46p(0.26%) 오른 5만2319.20으로 마감했다. 이틀 연속 사상 최고 기록을 경신했다. 올 상반기 전체로 8.8% 올랐다. CNBC에 따르면 반기 상승률로는 5년 만에 최고다.S&P500은 58.93p(0.79%) 상승한 7499.36, 나스닥은 393.58p(1.52%) 뛴 2만6213.72로 장을 마쳤다.S&P500은 상반기 9.6%, 나스닥은 12.8% 급등했다.두 지수는 2분기 상승률이 각각 14%, 20%로 2020년 이후 6년 만에 가장 높은 분기 상승률을 기록했다.반도체 강세반도체 종목들이 강세를 이어갔다.인텔은 7.91달러(6.01%) 급등한 139.63달러, 샌디스크는 223.34달러(10.89%) 폭등한 2273.73달러로 뛰었다.마이크론은 초반 약세를 딛고 5.49달러(0.48%) 오른 1150.77달러, AMD는 41.42달러(7.68%) 급등한 580.91달러로 치솟았다.대장주 엔비디아는 5.12달러(2.63%) 상승한 200.09달러로 뛰어올랐다.반도체 상장지수펀드(ETF) 아이셰어즈 반도체 ETF(SOXX)는 26.41달러(4.30%) 급등한 640.76달러로 마감했다.SOXX는 올 상반기 113% 폭등했다.빅테크 강세빅테크 종목들은 아마존을 제외하고 모두 강세였다.대장주 엔비디아가 2.6% 급등한 것을 비롯해 알파벳은 3.49달러(0.99%) 상승한 357.14달러로 장을 마쳤다.애플은 7.62달러(2.70%) 급등한 289.36달러, 테슬라는 8.54달러(2.07%) 상승한 420.38달러로 올랐다.마이크로소프트(MS)는 4.45달러(1.21%) 상승한 373.02달러, 스페이스X는 6.67달러(4.06%) 급등한 170.86달러로 거래를 끝냈다.",True,엔비디아,"뉴욕 증시가 6월 30일 이틀 연속 사상 최고 기록을 경신하며 상반기 8.8% 상승해 5년 만에 최고 상승률을 기록했다. 다우지수는 0.3% 오른 5만2319.20으로 마감했고, S&P500과 나스닥은 각각 0.79%, 1.52% 상승해 최고 분기 수익률을 기록했다. 기술주와 반도체 종목이 강세를 보였으며, 엔비디아, 테슬라, 스페이스X 등 주요 기술주와 반도체 ETF도 큰 폭으로 올랐다. 전체적으로 글로벌 경기 회복 기대와 기술주 강세가 증시 상승을 이끌었다.",엔비디아,1.0
2026-07-01,"월가는 지금 ""엔비디아 대항마 찾아라""…TSMC 의존",정보 없음,https://n.news.naver.com/mnews/article/374/0000519319,"[에치드의 AI칩 서버랙 (사진=연합뉴스)]추론형 인공지능(AI)으로 무게중심이 옮겨가는 과정에서 엔비디아에 도전장을 내민 AI 칩 스타트업들에 대형 투자자들이 잇달아 베팅하고 있습니다.이들 스타업들은 TSMC 파운드리 물량에 의존하고 있어, 어느 쪽이 승자가 되든 TSMC는 매출에는 긍정적으로 작용할 것으로 보입니다.그중 에치드(Etched)는 월가의 트레이딩회사 제인스트리트와 대만 TSMC와 연계된 벤처캐피탈을 투자자로 확보하며 누적 조달액 8억 달러(약 1조 2천300억 원)를 기록했다고 블룸버그 통신이 현지시간 지난달 30일 보도했습니다.블룸버그에 따르면 에치드의 누적 조달액 8억달러 중 지난해 12월 마무리된 5억달러(약 7천700억 원) 규모 라운드에서는 기업가치 50억 달러(약 7조 7천100억 원)를 인정받았으며, 팔란티어 공동창업자인 억만장자 피터 틸이 투자자로 참여했습니다.AI의 핵심 개념인 인공신경망과 러닝머신에 대한 연구로 노벨 물리학상을 받은 제프리 힌턴, 컴퓨터 비전 분야 선구자 페이페이 리, 헤지펀드 매니저 스탠리 드러켄밀러 등도 에치드에 투자했습니다.또 다른 사례는 세레브라스가 꼽힙니다.아이패드 크기의 반도체 하나를 웨이퍼 전체로 만드는 '웨이퍼 스케일 엔진(WSE)' 방식이 핵심으로, 통상 웨이퍼 한 장에서 수백 개의 작은 칩을 잘라 쓰는 기존 방식과 달리 웨이퍼를 통째로 칩 하나로 씁니다.CNBC 등에 따르면 지난 5월14일 나스닥 상장 당시 55억달러(약 8조 4천800억 원)를 조달해 역대 최대 규모 반도체 업종 기업공개(IPO)를 기록했으며, 상장 첫날 시가총액이 1천억달러(약 154조 2천억 원)에 근접하기도 했습니다.세레브라스 칩 역시 TSMC가 5나노 공정으로 생산합니다.업계에서는 그록의 엔비디아 편입, 에치드·세레브라스 등의 잇단 대규모 투자 유치가 엔비디아 중심 AI 반도체 독점 구도에 균열 조짐을 보여준다는 해석이 나옵니다.다만 이런 스타트업 상당수가 TSMC 파운드리 물량에 의존하고 있어, 어느 쪽이 승자가 되든 TSMC는 파운드리 매출을 확보할 수 있는 구도라는 관측도 함께 제기됩니다.당신의 제보가 뉴스로 만들어집니다.SBS Biz는 여러분의 제보를 기다리고 있습니다.홈페이지 = https://url.kr/9pghjn",True,TSMC,"AI 칩 스타트업들이 엔비디아에 도전하며 대규모 투자를 유치하고 있습니다. 에치드는 TSMC와 협력하여 8억 달러를 조달했고, 피터 틸 등 유명 투자자들이 참여했습니다. 세레브라스도 웨이퍼 전체를 하나의 칩으로 활용하는 기술로 주목받으며 상장했고, TSMC의 5나노 공정으로 생산됩니다. 이러한 흐름은 엔비디아 중심의 AI 반도체 시장에 균열 조짐을 보이지만, 대부분 스타트업이 TSMC 파운드리에 의존해 있어 TSMC의 매출에는 긍정적일 전망입니다.",엔비디아,2.0
2026-07-01,삼성전자에서 생산하는 엔비디아 그록 3 LPU,정보 없음,https://n.news.naver.com/mnews/article/421/0009034869,(서울=뉴스1) 김진환 기자 = 1일 서울 서초구 삼성전자 서초사옥에서 열린 '세이프(SAFE) 포럼 2026' 행사장 앞에 마련된 전시 부스에 젠슨 황 엔비디아 최고경영자(CEO)의 친필 서명이 적힌 언어처리장치(LPU) '그록 3' 생산용 웨이퍼가 전시돼 있다.그록3 LPU는 대형언어모델(LLM)에 최적화된 처리장치로 미국 텍사스주 테일러 공장의 삼성전자 파운드리가 위탁생산하고 있다. 2026.7.1/뉴스1,True,엔비디아,"서울 서초구 삼성전자 서초사옥에서 열린 '세이프 포럼 2026' 행사에서 엔비디아 CEO 젠슨 황의 서명이 담긴 언어처리장치 '그록 3' 생산용 웨이퍼가 전시됐다. 이 장치는 대형언어모델(LLM)에 최적화된 처리장치로, 미국 텍사스의 삼성전자 파운드리에서 위탁생산되고 있다.",엔비디아,1.0
2026-07-01,"화웨이 AI칩, 4분기 韓 상륙…엔비디아에 도전장",정보 없음,https://n.news.naver.com/mnews/article/030/0003443542,"어센드 시리즈·AI 컴퓨팅시스템 출시 목표中 제품 도입 부담 상존…안착 걸림돌 관측화웨이가 오는 4분기 한국 시장에 인공지능(AI) 가속 칩을 처음 출시한다. 국내 유통을 전담할 총판 계약을 완료한 데 이어 기술 교육, 가격정책 개발 등 영업 채비에 들어간 것이 포착됐다. AI 인프라 수요 폭증 속에 엔비디아 종속성 해소, 가격 경쟁력 등을 대안으로 제시하며 한국 시장 문을 두드릴 것으로 예상된다.1일 관련 업계에 따르면 한국화웨이는 오는 4분기 중 AI 가속 칩 '어센드' 시리즈와 이를 탑재한 컴퓨팅 시스템 '아틀라스 950 슈퍼포드' 출시를 목표로 영업 전략을 수립하고 있는 것으로 확인됐다. 한국화웨이는 국내 시장에 맞춘 가격·마케팅 전략과 함께 별도 브랜드명을 검토하는 등 다양한 로컬화 전략도 고심 중이다.MWC26 상하이 전시장 내 화웨이 부스어센드 시리즈는 화웨이가 독자 개발한 AI 연산용 신경망처리장치(NPU)다. 지난해 처음으로 어센드 910C 모델을 출시한 데 이어 지난 4월 후속 모델 어센드 950PR 양산에 들어갔다. 올해 4분기 중에는 AI 학습에 특화된 어센드 950DT까지 내놓을 계획이다. 자체 개발한 고대역폭메모리(HBM)를 탑재하는 등 미국의 대중국 고립 정책 속 중국 반도체 산업의 성과로 꼽히는 제품이다.한국 시장에서는 오는 4분기 어센드 950DT, 950PR 동시 출시가 유력하다. 화웨이는 단일 칩은 물론 이를 탑재한 AI 컴퓨팅 시스템 아틀라드 950 슈퍼포드까지 올인원으로 제공할 계획이다. 이 제품은 어센드 칩을 최대 8192장까지 탑재, 하나의 거대 AI 컴퓨팅 인프라로 구성된다.한국 시장 판매 채널로는 기존 파트너사인 SK쉴더스 포함 2개사를 낙점한 것으로 알려졌다. 화웨이 주요 제품 유통 경험과 기술 노하우가 있는 만큼 국내 NPU 시장 진출 파트너로 적합하다는 판단이다.MWC26 상하이 전시장 내 화웨이 부스에서 관계자가 아틀라스 950 슈퍼포드를 소개하고 있다.한국화웨이는 어센드 칩을 탑재한 아틀라스 950 슈퍼포드의 성능과 가격 경쟁력을 내세워 '탈엔비디아' 마케팅에 나설 것으로 보인다. 실제 화웨이는 어센드 950PR 모델을 기준으로 엔비디아 그래픽처리장치(GPU) 'H20'과 비교해 추론 영역에서 약 2.87배 높은 연산 성능을 제공하며, 가격은 약 4분의 1 수준이라고 밝힌 바 있다. 엔비디아 주력 GPU인 'H200'과 비교할 경우 성능은 떨어지지만 수 천장의 칩을 연결한 아틀라스 950 시리즈를 통해 이를 해소할 수 있다고 강조한다.어센드 950PR은 '딥시크v4'에 활용되는 등 빅테크 기업에서 도입이 이어지고 있다. 화웨이는 확산에 걸림돌이던 엔비디아 프로그래밍 언어 '쿠다(CUDA)' 호환성을 자체 네트워크기술로 개선하면서 자신감을 얻고 있다. 이를 바탕으로 AI 인프라 수요가 급증하는 한국 시장까지 눈을 돌려 엔비디아 종속성과 가격 부담을 해소할 대안으로 자리매김한다는 구상이다.업계 일각에선 중국 기술·제품 도입에 민감한 국내 정서, 발열에 따른 전력 소모 문제 등이 화웨이의 한국 AI 시장 안착에 걸림돌이 될 것이라는 관측도 나온다.한국화웨이는 본지 취재요청에 “제품 출시와 관련해 언급할 수 없다”고 답했다.",True,AI 반도체,"화웨이는 4분기 한국 시장에 AI 가속 칩 '어센드' 시리즈와 컴퓨팅 시스템 '아틀라스 950 슈퍼포드'를 출시한다. 이 제품은 독자 개발한 NPU와 고대역폭메모리(HBM)를 탑재해 엔비디아 대비 가격 경쟁력과 성능 향상을 목표로 한다. 국내 유통은 기존 파트너사와 협력하며, 탈엔비디아 전략을 추진 중이다. 그러나 중국 제품에 대한 민감한 정서와 전력 소모 문제 등 도입 걸림돌도 존재한다.",엔비디아,1.0
2026-07-01,"[유미's 픽] ""엔비디아 쿠다 장벽 넘자""…AI 반도체, SW 경쟁 불붙었다",정보 없음,https://n.news.naver.com/mnews/article/092/0002428783,"퀄컴·리벨리온 인수전에 노타 NPU 최적화까지…AI칩 경쟁력, 하드웨어서 실행 효율로 이동인공지능(AI) 반도체 기업들이 잇따라 모델 최적화 소프트웨어 역량 확보에 나서고 있다. 칩 설계만으로는 AI 인프라 경쟁에서 우위를 점하기 어려워지면서 한정된 컴퓨팅·메모리 자원으로 더 많은 연산을 처리하는 소프트웨어 기술의 가치가 부각되는 분위기다.퀄컴은 지난달 24일 AI 소프트웨어 기업 모듈러를 약 40억 달러 규모 주식 거래로 인수하겠다고 발표했다. 모듈러는 AI 모델을 다양한 칩에서 실행할 수 있도록 돕는 소프트웨어 기업이다. 로이터는 이번 인수가 퀄컴을 엔비디아 '쿠다(CUDA)'와 경쟁하는 소프트웨어 플랫폼 경쟁에 올려놓는 움직임이라고 평가했다.국내에서도 비슷한 흐름이 나타났다. AI 반도체 기업 리벨리온은 지난달 30일 AI 추론 최적화 기업 스퀴즈비츠 인수를 발표했다. 스퀴즈비츠는 대형 AI 모델을 더 적은 연산·메모리 자원으로 구동하기 위한 모델 압축과 양자화, 추론 최적화 기술을 보유한 기업이다.리벨리온은 이번 인수를 통해 신경망처리장치(NPU) 하드웨어와 소프트웨어 최적화, 추론 서빙을 함께 제공하는 통합 AI 인프라 기업으로 사업 범위를 넓힌다는 계획이다.업계 관계자는 ""AI 반도체 기업 입장에선 자체 칩 위에서 고객 모델을 빠르고 안정적으로 실행시키는 역량이 영업 경쟁력과 직결된다""며 ""칩을 공급하는 데 그치지 않고 실제 워크로드 성능까지 입증해야 하는 수요가 커진 셈""이라고 설명했다.AI 모델 최적화 기업 노타도 같은 날 퓨리오사AI의 데이터센터용 NPU 환경에서 LG AI연구원의 엑사원 236B 최적화 결과를 공개해 주목받았다. 엑사원 236B는 약 2360억 개 파라미터 규모의 대형 AI 모델로, 노타는 모델 크기를 약 71% 줄이면서도 주요 평가 항목에서 원본과 유사한 수준의 정확도를 유지했다.(사진=리벨리온)데이터센터 인프라 최적화 기업 망고부스트도 AI 실행 효율 경쟁의 한 축으로 꼽힌다. 망고부스트는 데이터처리장치(DPU)를 앞세워 네트워킹·스토리지·보안 등 데이터센터 인프라 작업을 중앙처리장치(CPU)에서 분리하는 기술을 개발해왔다. AI 모델 자체를 줄이는 방식은 아니지만 GPU와 서버 자원을 AI 연산에 더 집중시키는 구조라는 점에서 모델 최적화 기업들과 같은 수요를 겨냥하고 있다는 평가를 받는다.이처럼 AI 반도체 시장에서 성능 최적화 소프트웨어 기업들이 주목받게 된 것은 생성형 AI 활용 방식이 달라지면서 모델 실행 능력이 더욱 중요해지고 있어서다. 대형언어모델(LLM)이 단순 실험 단계를 넘어 서비스와 업무 시스템에 적용되면서, 기업들은 칩의 이론 성능보다 실제 운영 환경에서 응답 속도와 처리량을 유지하면서 비용을 낮추는 역량을 더 중시하고 있다.하지만 모델 규모가 커질수록 기업들의 비용 부담은 갈수록 늘어나는 추세다. 특히 LLM은 파라미터 규모가 클수록 추론 과정에서 많은 메모리와 연산 자원을 필요로 한다. 여기에 긴 문맥 처리, 검색증강생성(RAG), AI 에이전트처럼 반복 호출이 많은 서비스가 늘면서 데이터 이동량과 지연시간 관리 부담도 함께 증가하고 있다.이로 인해 메모리 효율도 AI 인프라 경쟁의 핵심 변수로 떠오르고 있다. 고성능 메모리 확보 경쟁이 이어지고 있지만 모든 기업이 충분한 GPU와 메모리를 확보하기는 어렵다. 같은 하드웨어라도 모델 압축, 양자화, 컴파일러, 런타임, 추론 서빙 구조에 따라 필요한 서버 수와 운영비가 달라질 수 있어 최적화 소프트웨어의 중요성이 커지고 있다.엔비디아가 GPU 시장에서 구축한 소프트웨어 생태계도 반도체 기업들의 움직임을 자극하고 있다. 엔비디아는 GPU 성능뿐 아니라 쿠다를 중심으로 한 개발자 생태계와 소프트웨어 도구를 앞세워 AI 인프라 시장에서 우위를 확보했다. 이에 후발 AI 반도체 기업들은 하드웨어 성능만으로 고객을 설득하기 어려워졌고, 모델 실행과 개발 편의성을 함께 제시해야 하는 압박을 받고 있다.김태호 노타 CTO(왼쪽), 채명수 CEO (사진=노타)국내 기업들도 이 같은 구도 변화에 맞춰 전략을 조정하고 있다. 리벨리온은 스퀴즈비츠 인수로 NPU와 최적화 소프트웨어 결합에 나섰고, 퓨리오사AI는 노타와 협력해 대형 모델의 NPU 구동 가능성을 넓히고 있다. 망고부스트는 DPU 기반 인프라 오프로딩으로 데이터센터 내부 병목을 줄이는 방식으로 AI 실행 효율 경쟁에 참여하고 있다.업계에선 AI가 데이터센터를 넘어 산업 현장으로 확산될수록 최적화 수요가 더 커질 것으로 예상했다. 자동차, 로봇, 제조 설비 등은 전력과 지연시간, 보안 요건이 데이터센터와 다른 만큼, 범용 모델을 그대로 배포하기보다 각 산업과 칩 환경에 맞게 조정하는 역량이 AI 인프라 기업의 경쟁력이 될 것으로 보인다.이 같은 분위기 속에 AI 반도체 시장이 하드웨어 공급 경쟁을 넘어 소프트웨어 스택 경쟁으로 재편될 가능성도 높아지고 있다. 특히 칩 설계, 모델 최적화, 런타임, 추론 서빙, 인프라 오프로딩을 촘촘하게 묶어 제공하는 기업이 고객 확보에서 유리한 위치를 차지할 것으로 전망된다.업계 관계자는 ""AI 반도체 기업이 고객을 설득하려면 벤치마크 수치뿐 아니라 실제 모델을 자사 칩에서 얼마나 효율적으로 돌릴 수 있는지를 제시해야 한다""며 ""소프트웨어 최적화 역량이 없는 칩은 데이터센터와 산업 현장에서 채택 속도가 느릴 수밖에 없다""고 말했다.그러면서 ""AI 인프라 비용 부담이 커질수록 기업들은 같은 서버 자원으로 더 많은 추론을 처리할 수 있는 기술을 찾게 된다""며 ""앞으로 AI 반도체 경쟁력은 칩 성능과 함께 모델 최적화, 메모리 효율, 데이터센터 운영 효율을 함께 제공할 수 있느냐에 따라 갈릴 것""이라고 덧붙였다.",True,AI 반도체,"AI 반도체 시장은 모델 최적화 소프트웨어의 중요성이 커지면서 하드웨어 경쟁에서 소프트웨어 역량으로 이동하고 있다. 퀄컴은 AI 소프트웨어 기업 모듈러를 인수했고, 리벨리온은 스퀴즈비츠 인수로 NPU와 최적화 기술을 결합하는 전략을 펼치고 있다. 노타는 대형 AI 모델 최적화 성과를 공개했고, 망고부스트는 데이터센터 효율화를 위한 인프라 오프로딩 기술을 개발 중이다. 이러한 움직임은 생성형 AI 확산과 비용 부담 증가에 따른 것으로, 칩 성능뿐 아니라 모델 최적화, 메모리 효율, 운영 효율이 경쟁력의 핵심으로 떠오르고 있다.",엔비디아,2.0
2026-07-01,삼전닉스 ‘반도체 시뮬레이션 영업’ 정조준하는 엔비디아,정보 없음,https://n.news.naver.com/mnews/article/011/0004637126,반도체 시뮬레이션 전문가 모집韓 상주하며 엔비디아 플랫폼으로생산 병목현상 해결하는 기술영업주요 공정 소프트웨어 생태계 락인젠슨 황(오른쪽) 엔비디아 CEO와 최태원 SK그룹 회장이 6월 8일 서울 종로구 SK서린빌딩에서 만나 브리핑하고 있다. 성형주 기자엔비디아가 반도체 공정 시뮬레이션 기술 영업에 눈독을 들이고 있다. 엔비디아는 한국에 상주하며삼성전자(005930)와SK하이닉스(000660)대상 기술영업에 나설 반도체 공정 시뮬레이션 전문가를 물색하는 중이다. 국내 반도체 생태계 내 엔비디아 플랫폼의 영향력을 키우려는 전초 작업으로 풀이된다.1일 엔비디아 채용 홈페이지에 따르면 엔비디아는 현재 한국에서 일할 반도체 공정 시뮬레이션 솔루션 영업직을 모집하고 있다. 이번에 채용되는 인력은 한국 반도체 기업들과 협력 관계를 맺고 이들의 워크로드 내에서 병목 현상을 파악해 해결 방법을 찾는 역할을 전담한다. 이 과정에서 엔비디아의 개발 소프트웨어 도구 ‘쿠다’와 디지털 트윈 플랫폼 ‘옴니버스’ 등을 활용한다.엔비디아는 채용 자격 요건으로 삼성전자나 SK하이닉스 혹은 인텔 등 반도체 기업에서 6년 이상의 경력을 명시했다. 또한 시놉시스와 지멘스 등 반도체 전자설계자동화(EDA) 기업 근무 경력도 주요 자격 요건으로 내걸었다. EDA란 반도체 집적회로와 인쇄회로기판 등을 설계하고 검증하는 데 쓰이는 소프트웨어다. 이외에도 엔비디아의 그래픽처리장치(GPU)와 쿠다를 활용해 반도체 시뮬레이션 도구를 개발한 실적이 있어야 한다고 명시했다.채용 요건 등을 종합했을 때 엔비디아는 반도체 공정 시뮬레이션 개발과 영업을 동시에 수행할 전문가를 찾고 있다. 삼성전자와 SK하이닉스 등 한국 반도체 파트너 기업을 위한 전방 배치 엔지니어(FDE)를 뽑으면서 공정 시뮬레이션 분야에서 제품 판매 접점을 늘리는 것까지 구상하는 것으로 해석된다.더욱이 FDE 성격을 십분 활용해 엔비디아 소프트웨어 생태계 락인(lock-in) 효과를 도모할 것으로 보인다. 엔비디아는 채용 공고상 직무 내용에 “엔비디아 자체 라이브러리(프로그램 모음)를 한국 반도체 기업의 워크로드와 통합한다”고 언급했다. 이 대목에서 한국 반도체 기업들의 공정 시뮬레이션 개발에 협력하며 엔비디아 소프트웨어 사용 경험과 공정 내 표준 워크로드를 설립하겠다는 전략이 엿보인다.반도체 계측 장비 개발사 멀티스케일인스트루먼트의 제원호 대표는 “EDA 분야와 거리가 멀었던 엔비디아가 한국에서 시뮬레이션 전문가 영업을 시도하는 것처럼 반도체 공정 시뮬레이션은 글로벌 공룡 기업들이 점차 관심을 보이고 부상하는 기술 분야가 될 것”이라고 내다봤다. 이어 “시뮬레이션 기술이 고도화될수록 그 결과값의 신뢰도를 결정짓는 것은 모델에 입력되는 초정밀 물리 데이터의 수준”이라며 “시뮬레이션 플랫폼이 확산될수록 공정 현장에서의 정밀한 데이터 획득 기술 또한 더 높은 차원의 발전이 요구될 것”이라고 덧붙였다.,True,엔비디아,"엔비디아는 한국 반도체 기업 대상 반도체 공정 시뮬레이션 전문가를 채용하며, 삼성전자와 SK하이닉스와 협력 강화와 소프트웨어 생태계 락인 전략을 추진 중이다. 채용 인력은 시뮬레이션 솔루션 영업과 공정 병목 해결 역할을 수행하며, ‘쿠다’와 ‘옴니버스’ 플랫폼을 활용한다. 이를 통해 글로벌 반도체 시장에서 시뮬레이션 기술의 중요성이 커지고 있으며, 엔비디아는 한국 내 협력 관계 구축과 표준 워크로드 설립을 목표로 하고 있다.",엔비디아,2.0
2026-07-01,"韓 ‘호남 반도체 클러스터’에…“우리 따라했네, TSMC는 안 흔들려” 대만 반응 보니",정보 없음,https://n.news.naver.com/mnews/article/011/0004636899,"29일 ‘대한민국 대도약 3대 메가프로젝트 국민보고회’에서 기념촬영을 하고 있는 최태원(왼쪽) SK그룹 회장, 이재명 대통령과 이재용 삼성전자 회장. 연합뉴스한국이 대규모 반도체·AI 투자 계획을 내놓자 세계 최대 파운드리 강국 대만도 즉각 반응했다. “경쟁은 한층 더 치열해질 것”이라면서도 “TSMC 중심의 생태계는 쉽게 흔들리지 않을 것”이라는 자신감도 함께 내비쳤다.“경쟁은 더 치열해질 것”...대만도 R&D 가속 전망지난달 30일 대만 연합보와 중국시보등 현지 언론에 따르면 류페이전 대만경제연구원(TIER)의 연구원은 한국의 ‘3대 메가 프로젝트’ 발표가 한·대만 반도체 경쟁을 한층 격화시키는 계기가 될 것이라고 분석했다.그는 “한국의 초대형 투자는 대만이 첨단 공정 연구개발(R&D)을 더욱 서두르게 만드는 촉매제가 될 것”이라면서도 “대만은 이미 글로벌 반도체 허브로 자리 잡은 만큼 단기간에 그 지위를 대체하기는 쉽지 않다”고 평가했다.대만 업계는 “한국이 향후 5년 안에 D램 생산능력을 두 배 수준으로 확대하는 것을 목표로 하고 있다”고 전하면서 이번 프로젝트가 삼성전자와 SK하이닉스를 중심으로 메모리 생산능력을 대폭 확대하려는 전략이라고 해석했다.다만 경제일보는 신규 생산시설이 실제 시장에 반영되기까지는 상당한 시간이 필요한 만큼 단기적인 시장 충격은 제한적일 것으로 내다봤다.“성공하면 도약, 실패하면 ‘캐펙스’ 함정”경기도 용인시 용인반도체클러스터 일반산업단지 공사현장의 모습. 연합뉴스대만 전문가들은 한국의 투자 전략이 AI 글로벌 수요를 선점하기 위한 시도라고 평가하면서도 장기적인 투자 위험성도 함께 지적했다.폭스콘 전략담당 부사장을 지낸 린웨이즈 주푸산업추세연구원 부원장은 “한국의 전략은 AI 산업 수요를 선점하기 위한 것으로, 대만 반도체 산업을 성장시킨 과학단지(사이언스파크) 모델을 벤치마킹한 것”이라고 분석했다.그러면서도 “2032년 전후 AI 투자 열기가 둔화된다면 한국은 대규모 공장과 장비 투자에 따른 감가상각이 끝나기 전에 수요가 줄어들 가능성이 있다”고 우려했다.반도체 공장을 건설 중인 대만 신주과학단지 TSMC 부지. AP연합뉴스그는 “한국은 내수 시장이 크지 않아 수요 감소를 자체적으로 흡수하기 어렵다”며 “막대한 고정비 부담이 기업 실적을 악화시키는 ‘캐펙스 트랩(Capital Expenditure Trap·과잉 설비투자 함정)’에 빠질 위험도 있다”고 말했다.전문가들은 반도체 클러스터는 단기간에 구축할 수 있는 산업이 아니라는 점도 강조했다.린 부원장은 “중국도 10년 넘게 막대한 투자를 이어왔지만 아직 대만의 경쟁력을 따라잡지 못했다”며 “반도체 생태계는 오랜 시간 축적돼야 완성된다”고 말했다.“호남 투자도 비용 절감 전략”...수익성은 변수대만에서는 한국이 호남권에 대규모 반도체 생산기지를 조성하려는 배경도 비용 절감 전략으로 해석했다.반도체 산업은 막대한 자본이 필요한 대표적인 장치산업인 만큼 수도권의 토지·용수·전력 비용 부담을 줄이기 위해 새로운 생산거점을 구축하려는 것이라는 분석이다.특히 삼성전자와 SK하이닉스 등 소수 대기업이 한국 경제에서 차지하는 비중이 큰 만큼 반도체 업황이 흔들릴 경우 기업을 넘어 국가 경제 전반으로 충격이 확산될 가능성이 대만보다 크다는 분석도 내놨다.",True,TSMC,"한국이 대규모 반도체·AI 투자 계획인 ‘3대 메가 프로젝트’를 발표하자 대만은 경쟁 심화와 함께 TSMC 중심의 생태계는 유지될 것이라는 자신감을 표명했다. 대만 전문가들은 한국의 투자가 글로벌 반도체 시장에서 경쟁력을 높이지만, 시장 충격이 제한적일 수 있다고 평가하며, 장기 투자 위험성과 과잉설비 투자(캐펙스 트랩) 우려도 지적했다. 또한, 반도체 산업은 오랜 시간 축적된 생태계 구축이 필요하며, 한국의 비용 절감 전략과 수익성 변수도 분석되고 있다.",TSMC,2.0
2026-07-01,"삼성전자, 1.4나노 2029년 양산…TSMC·인텔과 초미세 경쟁 가속",정보 없음,https://n.news.naver.com/mnews/article/031/0001039119,"SF1.4플러스는 2030년...2나노 로드맵도 공개TSMC는 2028년·인텔은 2029년 양산 목표4나노 풀캐파 기대…AI 고객사 확대 속도삼성전자가 차세대 1.4나노 파운드리(반도체 위탁생산) 공정의 2029년 양산 계획을 재확인하며 인공지능(AI) 반도체 시장 공략에 속도를 내고 있다.세계 1위 파운드리인 대만 TSMC가 2028년 1.4나노(A14) 양산을 추진하고, 미국 인텔도 14A 공정을 앞세워 반격에 나선 가운데 초미세 공정 경쟁이 치열해질 전망이다.신종신 삼성전자 파운드리사업부 디자인 플랫폼(DP) 개발실 부사장은 1일 서울 서초사옥에서 열린 'SAFE 포럼 2026' 기조연설에서 ""1.4나노(SF1.4)는 2029년 양산을 목표로 순조롭게 개발 중이며, 개선 공정인 SF1.4플러스는 2030년 선보일 예정""이라고 밝혔다.신종신 삼성전자 파운드리 사업부 Design Platform 개발실 부사장이 1일 삼성전자 서초사옥에서 열린 '세이프 포럼 2026(SAFE Forum 2026)'에서 기조연설을 하고 있다. [사진=삼성전자]삼성전자는 이날 2나노 로드맵도 구체화했다. 2나노 공정은 SF2를 시작으로 SF2P, SF2P플러스, SF2X 순으로 성능이 개선된다.성능 개선 버전인 SF2P플러스는 2027~2028년 양산을 목표로 개발 중이다. 이후 AI·고성능컴퓨팅(HPC)용 SF2X로 확대한다. 기존 설계자산(IP)을 유지하면서 '설계·공정 통합 최적화'(DTCO)를 적용해 성능과 수율(정상품 비율)을 끌어올리는 전략이다.신 부사장은 ""SF2에서 SF2P로 전환하면서 전력은 26%, 주파수는 15% 개선됐고 개선 효과의 절반 이상이 DTCO에서 나왔다""며 ""미세공정으로 갈수록 DTCO 경쟁력이 더욱 중요해질 것""이라고 말했다.HBM4·4나노 앞세워 AI 고객 확대삼성전자는 6세대 고대역폭메모리(HBM4)와 파운드리를 결합한 AI 반도체 전략도 공개했다.6세대 고대역폭메모리(HBM4) 베이스다이를 자사 4나노(SF4X) 공정으로 개발하고 있으며 초당 10기가비트(Gbps) 신호를 검증했고 최대 11.7Gbps까지 안정적으로 동작할 수 있는 기술 여유를 확보했다고 설명했다.신 부사장은 ""엔비디아 차세대 '루빈' 그래픽처리장치(GPU)가 다이당 약 128메가바이트(MB)의 S램을 탑재한 반면 삼성 4나노 공정으로 생산한 최신 언어처리프로세서(LPU)는 500MB 이상의 S램을 집적했다""고 말했다.삼성전자가 1일 서울 서초사옥에서 열린 'SAFE(Samsung Advanced Foundry Ecosystem) 포럼 2026'에서 엔비디아 최고경영자(CEO) 젠슨 황의 친필 사인이 담긴 그록(Groq) 3 LPU 웨이퍼를 전시하고 있다. [사진=권서아 기자]현장에서는 삼성전자가 엔비디아의 AI 추론용 LPU인 '그록(Groq) 3'을 4나노 공정으로 양산하는 등 고객사를 늘리면서 4나노 라인이 사실상 풀캐파(생산능력 최대치) 수준으로 가동되고 있다는 이야기가 나왔다.여기다 삼성전자는 연내 가동 예정인 미국 텍사스주 테일러 공장에서 테슬라 차세대 AI5·AI6 칩을 2나노 공정으로 생산할 계획이다.TSMC·인텔도 1.4나노 승부…고객 확보전 본격화경쟁사들도 차세대 공정 개발에 속도를 내고 있다. TSMC는 2028년 1.4나노 공정인 A14 양산을 추진하고 있다. 2029년에는 1나노 이하 공정 반도체 시험 생산에 나설 예정이라고 밝힌 상태다.인텔은 14A 공정을 2028년 리스크 생산한 뒤 2029년 본격 양산할 계획이다. 최근에는 애플이 TSMC의 생산 여력 부족을 고려해 일부 텐서처리장치(TPU) 일부 물량을 인텔 파운드리에 맡긴 것으로 알려졌다.앞서 한진만 삼성전자 파운드리사업부장(사장)은 지난 12일 내부 설명회에서 2028년 흑자 전환 가능성을 제시한 바 있다.한편, 시장조사업체 카운터포인트리서치에 따르면 올해 1분기 '파운드리 2.0' 시장에서 TSMC 점유율은 38%로 1위, 삼성전자는 4%를 기록했다.2026년 1분기 파운드리 2.0 시장 매출 점유율. [자료=카운터포인트리서치]파운드리 2.0은 순수 파운드리뿐 아니라 비메모리 종합반도체기업(IDM), 외주반도체조립·테스트(OSAT) 기업, 포토마스크 공급업체 모두 포함한 개념이다.업계에서는 AI 반도체 수요 확대로 첨단 공정과 첨단 패키징 공급 부족이 이어지면서 삼성전자와 인텔이 수혜를 입을 수 있다는 전망도 나온다.",True,파운드리,"삼성전자는 2029년 양산 예정인 1.4나노 공정과 2030년 SF1.4플러스 공정을 개발 중이며, 2나노 로드맵도 구체화했다. AI 반도체 시장 확대에 대응해 엔비디아와 협력하며, 4나노 공정은 풀캐파 수준으로 가동되고 있다. TSMC와 인텔도 2028~2029년 차세대 1.4나노 및 1나노 이하 공정을 양산하며 경쟁이 치열해지고 있다. 시장은 첨단 공정 수요 증가로 삼성과 인텔이 수혜를 기대하고 있다.",TSMC,2.0
2026-07-01,구독형 SW 함정에 빠진 국정자원…100억원 비용 부담에 VM웨어 다운그레이드 나선다,정보 없음,https://n.news.naver.com/mnews/article/138/0002232735,영구 라이선스 중단·VCF 통합 판매 여파…내년 대체 가상화 전환 검토국가정보자원관리원 [사진=연합뉴스][디지털데일리 이안나 오병훈기자] 국가정보자원관리원(국정자원)이 올 하반기 일부 VM웨어 가상화 환경을 최신 버전에서 하위 버전으로 낮추는 작업에 나선다. 브로드컴의 VM웨어 라이선스 정책 변화로 구독형 전환 비용 부담이 커지자 내년부터는 VM웨어 의존도를 줄이고 대체 가상화 소프트웨어 활용을 확대하는 방안도 준비 중이다.1일 관련 업계에 따르면 국정자원은 올 하반기 일부 VM웨어 가상화 환경을 VM웨어 vSphere 8.0 업데이트3(U3)에서 vSphere 8.0 업데이트2(U2)로 낮추는 작업을 진행할 예정이다. 작업은 8월부터 12월까지 순차적으로 이뤄질 예정이며 18개 기관 67개 업무가 대상에 포함된 것으로 파악된다.국정자원 관계자는 “vSphere 8.0 U3에서 U2로 낮추는 작업이 맞다”며 “다운그레이드는 최신 버전으로 업그레이드된 환경에 대해 진행될 예정”이라고 설명했다.국정자원이 최신 버전을 하위 버전으로 낮추려는 배경에는 비용 문제가 있다. 국정자원의 기존 VM웨어 유지보수 비용은 대전·광주센터를 합쳐 연 7억원 미만 수준이었으나 구독형 라이선스 체계가 적용될 경우 올해 100억원 이상 비용이 필요하다는 전망이 나온 것으로 파악된다. 기존 VM웨어 환경까지 모두 구독형으로 전환하면 비용 부담이 500억원에 가까워질 수 있다는 우려도 제기됐다.비용 부담이 커진 것은 브로드컴의 VM웨어 인수 이후 라이선스 정책이 바뀐 영향이다. 기존에는 VM웨어 소프트웨어 라이선스를 한 차례 구매한 뒤 매년 기술지원·유지보수 비용을 지불하는 방식이 일반적이었다. 그러나 브로드컴은 VM웨어 영구 라이선스 판매를 중단하고 구독형 라이선스 중심으로 제품 정책을 전환했다.제품 판매 방식도 바뀌었다. 기존엔 서버 가상화 제품인 vSphere와 네트워크·스토리지 가상화 제품을 각각 구매할 수 있었지만 현재는 VM웨어 클라우드 파운데이션(VCF) 등 통합 제품 중심으로 재편됐다. 국정자원 역시 브로드컴 인수 이후 VM웨어 판매 방식이 통합 제품 중심으로 바뀌면서 비용 부담이 커진 것으로 파악된다.국정자원이 VM웨어 의존도를 낮추려는 배경에는 기존 영구 라이선스 기반 제품의 기술지원 종료(EOS) 문제도 있다. 국정자원이 기존에 도입해 운영 중인 일부 VM웨어 영구 라이선스 제품은 오는 10월 중순 기술지원 종료를 앞두고 있다. 이후에는 해당 제품에 대한 기술지원을 받기 어려워지는 상황이다.이에 국정자원은 올해 구독형 전환이 필요한 업무에 대해 기존 영구 라이선스 기반 운용을 유지하거나 타 가상화 솔루션으로 전환하는 방안을 추진하고 있다. 내년부터는 EOS 대상 업무를 포함한 기존 VM웨어 환경도 단계적으로 다른 가상화 솔루션으로 옮기는 방안을 검토 중이다.국정자원 관계자는 “내년도부터는 VM웨어를 벗어나 다른 가상화 소프트웨어를 활용하는 쪽으로 업무를 많이 옮기려는 계획이 있다”며 “올해는 다른 가상화 풀을 만들고 시범적으로 이전해보는 사업을 추진하려 한다”고 말했다.전환 과정에서는 운영 환경 조정도 수반될 수 있다. 가상화 솔루션을 변경할 경우 IP 주소 변경이나 애플리케이션(AP) 설정 조정 등이 필요할 수 있기 때문이다.올 하반기 진행될 다운그레이드 작업 역시 사전 점검이 필요한 영역이다. 한 가상화 업계 관계자는 “VM웨어 다운그레이드는 종종 이뤄지는 작업이지만 운영 환경과의 호환성이나 연계 설정에 따라 예상치 못한 장애나 성능 저하가 발생할 수 있다”며 “속도 저하나 접속 지연 등 서비스 영향 가능성을 사전에 점검해야 한다”고 말했다.,True,브로드컴,"국가정보자원관리원은 브로드컴의 VM웨어 인수 후 라이선스 정책 변화로 비용 부담이 커지자, 일부 VM웨어 가상화 환경을 하위 버전으로 낮추고 내년부터는 대체 가상화 소프트웨어 도입을 검토하고 있다. 현재는 최신 버전에서 낮추는 작업이 진행 중이며, 영구 라이선스 종료와 구독형 전환으로 인한 비용 부담이 주요 배경이다. 또한, EOS 종료와 함께 다른 가상화 솔루션으로의 전환도 추진 중이며, 전환 시 운영 환경 조정과 사전 점검이 필요하다.",브로드컴,1.0
2026-07-01,AMD “AI는 GPU만의 싸움 아냐”… CPU·엣지 묶은 ‘개방형 풀스택’ 구축,정보 없음,https://n.news.naver.com/mnews/article/366/0001176000,"AMD코리아, ‘AI 솔루션 설명회’ 개최이재형 대표 “CPU·GPU·네트워크·엣지 반도체 전반 중요”김혁 상무 “로봇·자율주행 엣지 AI는 실시간 반응이 핵심”데이터센터·PC·임베디드 동반 성장… AI 수요 반도체 전반 확산이재형 AMD코리아 커머셜 세일즈 대표가 1일 서울 영등포구 AMD AECG 서울 사무실에서 국내 미디어를 대상으로 열린 ‘AI 솔루션 설명회’에서 발표를 진행하고 있다./정두용 기자“인공지능(AI) 고도화는 더 이상 그래픽처리장치(GPU)만의 문제가 아니게 됐습니다. AI 에이전트(비서)가 등장하면서 중앙처리장치(CPU)·네트워크·소프트웨어 관련 반도체 전반의 중요도가 높아지고 있죠. 피지컬 AI의 부상은 반도체 생태계 전반에 영향을 미치고 있습니다. AMD는 클라우드에 연결되지 않은 환경까지 포함해 엔드투엔드 솔루션을 제공하려고 합니다.”이재형 AMD코리아 커머셜 세일즈 대표는 1일 서울 영등포구 AMD AECG 서울 사무실에서 국내 미디어를 대상으로 열린 ‘AI 솔루션 설명회’에서 이렇게 말했다. 그는 “생성형 AI 시장의 중심은 기존 학습에서 추론, 다시 에이전틱·피지컬 AI로 확산하고 있다”며 “AMD는 이런 변화가 CPU·GPU·네트워크·엣지 반도체를 함께 묶는 ‘풀스택’ 경쟁으로 이어질 것으로 보고 있다”고 했다. 이날 설명회에는 이 대표와 김혁 AMD 적응형·임베디드 컴퓨팅 그룹(AECG) 아시아태평양(APAC) 테크 리드(상무)가 발표자로 나섰다.이 대표와 김 상무는 AI 반도체 경쟁을 더 이상 GPU 하나의 성능 경쟁으로만 설명할 수 없다고 봤다. AI 인프라 시장의 구조가 빠르게 바뀌고 있다는 것이다.이런 변화는 AMD 실적에서도 드러난다. AMD의 올 1분기 매출은 102억5300만달러(약 16조원)로 전년 동기 대비 38% 증가했다. 데이터센터 부문 매출이 전년 동기 대비 57% 증가한 58억달러를 기록하며 성장을 이끌었다. 클라이언트·게이밍 부문도 이 기간 23% 증가한 36억달러를 기록했고, 임베디드 부문도 8억7300만달러로 6% 상승했다. 특히 클라이언트 매출은 라이젠 프로세서 수요에 힘입어 26% 증가했고, 게이밍 매출도 라데온 GPU 수요로 11% 늘었다. 데이터센터뿐 아니라 PC, 그래픽, 산업용·엣지 반도체 매출이 함께 증가한 것이다.“경쟁사 제품도 넣을 수 있어야”… AMD, 개방형 AI로 시장 공략이 대표는 AMD AI 전략의 핵심으로 ‘개방형 생태계’를 꼽았다. 엔비디아가 GPU와 쿠다(CUDA) 소프트웨어 생태계를 중심으로 폐쇄적 풀스택 전략을 구축했다면, AMD는 고객이 필요에 따라 CPU·GPU·네트워크 장비를 조합할 수 있는 구조를 지향한다는 것이다.이 대표는 “AMD가 강점을 지닌 CPU 분야에서도 고객사가 원한다면 경쟁사 제품을 사용한 AI 시스템 구축을 지원한다”며 “GPU 역시 고객사가 원한다면 엔비디아 제품을 넣어도 AI 랙을 구성할 수 있도록 하는 게 AMD가 추구하는 개방형 생태계”라고 말했다. 그러면서 “경쟁사도 들어올 수 있는 개방형 시스템이 장기적으로 AI 발전에 더 도움이 되고, 실제 고객 유입도 더 클 것으로 본다”고 했다.AMD는 개방형 생태계와 함께 ▲리더십 컴퓨트 엔진 ▲풀스택 솔루션을 AI 전략의 주요 축으로 삼고 있다. 에픽 CPU, 인스팅트 GPU, 펜산도(Pensando) 네트워킹 제품, 버설(Versal) 적응형 시스템온칩(SoC), 라이젠·라데온 등 폭넓은 AI 제품군으로 다양한 고객 수요에 대응할 수 있다는 것이다.이 대표는 “GPU 하나하나의 성능도 중요하지만, 1000개를 묶었을 때 1000개만큼의 성능이 그대로 나오지는 않는다”며 “최대한 1000배에 가까운 성능을 끌어내는 데 필요한 것이 네트워크 솔루션”이라고 설명했다.대규모 AI 학습과 추론은 여러 GPU를 묶어 처리한다. 이때 GPU 사이의 데이터 이동 속도와 지연시간이 전체 성능을 좌우한다. 인스팅트 MI350 시리즈, 로컴(ROCm) 7, 차세대 AI 랙 ‘헬리오스(Helios)’ 등 자사 AI 솔루션을 사용하면 GPU 성능을 최대로 끌어낼 수 있는 시스템을 설계할 수 있다는 게 이 대표의 설명이다.AMD는 AI 수요가 데이터센터에 머무르지 않고 클라우드, 엣지, 클라이언트 전반으로 확산하고 있다고 봤다. 이에 맞춰 도메인별 컴퓨트 엔진과 개방형 소프트웨어 스택을 구축해 시장을 공략하고 있다./AMD코리아“에이전트가 직원처럼 컴퓨팅 자원 쓴다”… 다시 커지는 CPU 역할이 대표는 에이전틱 AI가 CPU 수요를 높이는 요인이 되고 있다고 했다. 에이전틱 AI는 하나의 대형언어모델(LLM)이 답만 생성하는 구조가 아니다. 데이터베이스, 웹서비스, 캐시, 미들웨어, 응용프로그램 인터페이스(API) 등 여러 시스템을 불러와 작업을 나눠 처리한다. 이 과정에서 GPU는 대규모 병렬 연산을 맡지만, 작업을 배분하고 데이터를 준비하며 시스템을 운영하는 역할은 CPU 의존도가 높다.이 대표는 “에이전트 AI 가동을 위한 데이터 전처리·후처리 과정은 CPU 자원을 기반으로 한다”며 “직원 한 명이 5~20개의 AI 에이전트를 마치 직원처럼 두고 한 팀을 이끄는 구조로 일하는 환경이 조성되고 있어 향후 CPU 수요는 더 폭발적으로 증가할 것”이라고 했다.AMD CPU는 이런 시장 변화에 적합한 부품으로 꼽힌다. 시장조사업체 머큐리리서치에 따르면 AMD의 올해 1분기 x86 서버 CPU 매출 점유율은 46.2%로 사상 최고치를 기록했다. 출하량 기준 점유율은 33.2%였다. AMD가 전체 서버 CPU 출하량에서는 인텔보다 낮지만, 고가·고코어 제품 중심으로 매출 점유율을 빠르게 끌어올렸다는 의미다.“좌회전 판단 2초 늦으면 안 돼”… 로봇·車로 번지는 엣지 AI김혁 상무는 AMD의 엣지 AI 솔루션을 중심으로 발표를 진행했다. 그는 “클라우드 AI가 데이터센터에서 대규모 모델을 학습·추론하는 구조라면, 엣지 AI는 자동차·로봇·공장 장비처럼 현장에서 바로 판단해야 하는 기기에 들어간다”며 엣지 AI의 핵심 조건으로 ‘실시간 반응’과 ‘전력 효율’을 꼽았다.김 상무는 “엣지 AI 솔루션은 자율주행차와 같은 기기에서 작동하는 반도체”라며 “좌회전을 해야 할지, 우회전을 해야 할지 판단하는 데 답변이 2초 뒤에 나오면 이미 상황이 지나가 버린다”고 했다. 그러면서 “도로 상황에 실시간으로 대응해야 하는데 반응이 늦으면 제품으로 가치가 없다”며 “엣지 AI에서 성능만큼이나 반응 시간이 중요한 이유”라고 했다.김혁 AMD 적응형·임베디드 컴퓨팅 그룹(AECG) 아시아태평양(APAC) 테크 리드(상무)가 1일 서울 영등포구 AMD AECG 서울 사무실에서 국내 미디어를 대상으로 열린 ‘AI 솔루션 설명회’에서 발표를 진행하고 있다./정두용 기자김 상무는 피지컬 AI, 특히 로봇을 자동차와 비슷한 구조로 봤다. 로봇은 카메라·라이다·촉각 센서 등에서 들어오는 데이터를 받아 물체의 위치와 상태를 판단하고, 다시 모터와 액추에이터를 움직여야 한다. 김 상무는 “카메라 영상을 받아 인식하고, 액추에이터를 동작시켜 어디까지 가서 잡을지, 잡았는지 아닌지를 다시 촉각 센서로 판단해야 한다”며 “여러 센서로 도로 상황을 인식해 판단하는 자율주행차와 유사한 구조”라고 했다.그는 이런 시스템을 구축하려면 CPU·GPU·신경망처리장치(NPU)의 균형이 중요하다고 설명했다. GPU는 대규모 AI 모델이나 비전언어모델(VLM)처럼 연산량이 큰 작업에 적합하고, NPU는 카메라에서 계속 들어오는 비전 데이터를 저전력으로 처리하는 데 유리하다. CPU는 센서에서 들어온 원본 데이터를 AI 모델이 처리할 수 있는 형태로 바꾸는 전처리와, AI가 내놓은 결과를 실제 동작으로 연결하는 후처리를 맡는다.김 상무는 “전처리·후처리에 필수적인 CPU·FPGA 분야는 AMD가 강점을 지녀 시장에서 주목받고 있다”고 했다. FPGA는 회로 구조를 바꿔 특정 작업을 빠르게 처리할 수 있는 반도체로, 카메라 해상도나 센서 구성이 바뀌는 산업용 장비에서 자주 쓰인다.",True,AMD,"AMD코리아는 ‘AI 솔루션 설명회’를 통해 CPU·GPU·네트워크·엣지 반도체 등 AI 전반의 중요성을 강조하며, 개방형 생태계를 통한 풀스택 경쟁 전략을 발표했다. AI 수요는 데이터센터뿐 아니라 클라우드, 엣지, PC까지 확산되고 있으며, AMD는 다양한 제품군과 솔루션으로 시장을 공략한다. 특히, 인에이전틱 AI와 엣지 AI에서 실시간 반응과 전력 효율이 핵심으로 부각되며, 시장 성장과 함께 CPU·GPU 수요도 함께 증가할 전망이다. AMD의 1분기 실적도 데이터센터와 PC 부문 성장에 힘입어 호조를 보이고 있다.",AMD,2.0
2026-07-01,AI·태양광 훈풍 속 AMD·조비 ‘급등’-[美증시 특징주],정보 없음,https://n.news.naver.com/mnews/article/215/0001257163,"간밤 뉴욕증시가 6월의 마지막 거래일이자 상반기 폐장일을 맞아 기분 좋은 강세로 마감했다. 상반기 내내 지정학적 긴장감이 고조됐음에도 불구하고, 인공지능 관련주와 대형 기술주들이 지수 상승을 든든하게 견인했다.이날 증시에서 가장 이목을 끈 분야는 태양광 섹터였다. 미국 연방통신위원회가 보안 우려를 이유로 외국산 인버터 수입을 제한하는 방안을 검토 중이라는 소식이 전해진 영향이다. 인버터는 태양광 패널에서 생산된 전력을 전력망에 사용할 수 있도록 변환하는 핵심 장비다. 미국 정부는 중국이 해당 장비를 통해 자국 에너지 인프라에 개입하거나 해킹을 시도할 수 있다고 우려하는 것으로 알려졌다.앞서 유럽연합 역시 지난 5월 공공 자금이 투입되는 에너지 사업에서 중국산 인버터 사용을 금지하기로 결정한 바 있어, 미국의 이번 조치에 힘을 실었다는 분석이다. 강력한 규제 모멘텀이 부각되면서 미국 태양광 관련 기업들의 주가는 일제히 상승했다.AMD (AMD)반도체 강자 AMD는 월가의 강력한 지원사격을 받으며 상승 마감했다. 투자은행 웰스파고는 AMD의 서버용 CPU 매출 전망을 긍정적으로 평가하며, 목표주가를 기존 505달러에서 615달러로 대폭 상향 조정했다. 웰스파고는 올해 AMD의 서버 CPU 매출이 전년 대비 68% 급증한 160억 달러에 달하고, 향후 2년간 20% 이상의 성장을 이어갈 것으로 내다봤다. 최근 에이전트형 AI 수요 폭발과 기업들의 노후 서버 교체 주기가 맞물려 추가 상승 여력이 충분하다는 평가다.써클 (CRCL)반면, 스테이블코인 발행사 써클은 대형 악재를 만나 하락했다. 비자, 마스터카드, 스트라이프, 코인베이스 등 글로벌 결제 및 금융 기업들이 연합해 새로운 스테이블코인인 ‘오픈 USD’를 공동 출시한다고 발표했기 때문이다. ‘오픈 스탠다드’ 프로젝트에는 140개 이상의 글로벌 기업이 참여한다. 시장에서는 오픈 USD가 안착할 경우 써클의 핵심 수익원인 'USDC'의 강력한 경쟁자가 될 것으로 우려하고 있다. 써클은 현재 코인베이스와 USDC 준비금 이자 수익을 공유하고 있어 매출 타격이 불가피할 것이라는 관측이다.에어로바이런먼트 (AVAV)방산 드론 제조업체 에어로바이런먼트는 깜짝 실적을 기록하며 급등했다. 우크라이나 전쟁 장기화와 중동 긴장 고조로 자율형 드론 및 드론 방어 시스템 수요가 급증하면서, 매출이 전년 동기 대비 2배 이상 늘어 매출과 주당순이익 모두 시장 예상치를 상회했다. CEO는 ""향후 1~2년간 대규모 계약 수주가 지속될 것""이라며 강한 자신감을 드러냈다.리졸브 AI (RZLV)인공지능 기반 커머스 솔루션 기업 리졸브 AI는 3억 달러 규모의 자사주 매입 계획을 발표하면서 주가가 상승 마감했다.조비 에비에이션 (JOBY)미래 모빌리티 시장의 선두 주자인 조비 에비에이션이 글로벌 완성차 기업 도요타와 손잡고 도심항공교통 상용화 가속도에 나선다. 조비 에비에이션은 도요타와 항공 모빌리티 상용화를 위한 합작법인을 전격 설립했다고 밝혔다. 이번 합작법인은 조비가 보유한 전기항공기 기술력에 도요타의 세계적인 대량 생산 및 제조 노하우를 결합해, UAM 상용화 시기를 대폭 앞당기는 것을 골자로 한다. 합작법인의 지분율은 도요타가 51%, 조비 에비에이션이 49%를 각각 보유하게 된다. 조비 측 관계자는 ""이번 협력은 기술 개발 단계를 넘어 실제 상용화 서비스 단계로 도약하기 위한 가장 결정적인 전환점이 될 것""이라며 강한 기대감을 드러냈다. 이 같은 대형 호재가 전해지면서 간밤 뉴욕증시에서 조비 에비에이션의 주가는 상승 마감했다.인튜이티브 머신스 (LUNR) 파이어플라이 에어로스페이스 (FLY)우주항공 섹터에서도 대규모 정부 프로젝트 수주 낭보가 전해졌다. 미국 항공우주국이 오는 2028년 말 달 탐사 임무를 수행할 민간 우주기업 3곳을 최종 선정하고, 총 6억 달러 규모의 계약을 체결했다고 밝혔다. 이번 계약에 따라 민간 우주기업 애스트로보틱이 두 건의 달 착륙 임무를 전담하게 됐다. 이어 파이어플라이 에어로스페이스와 인튜이티브 머신스 역시 각각 1억 4,400만 달러 규모의 달 착륙 임무를 한 건씩 수주하는 데 성공했다.시장에서는 정부발 대규모 우주 프로젝트의 안정적인 자금을 확보했다는 점에 주목했으며, 이에 힘입어 관련 주가는 일제히 상승 마감했다.아비백스 (ABVX)프랑스 바이오테크 기업 아비백스가 아비백스가 궤양성 대장염 치료제의 새로운 데이터를 공개했다. 아비백스는 그간 투자자들이 우려했던 악성 종양 발생률이 기대 범위 내에 속해 있음을 확인했다고 밝혔다. 또한 초기 치료에 반응하지 않았던 환자 가운데 37% 이상이 50mg 용량으로 약 10개월간 치료를 받은 뒤 임상적 관해(증상이 거의 사라진 상태)에 도달한 것으로 나타났다. 월가도 이번 결과를 긍정적으로 평가했다. 스티펠은 장기 안전성 프로파일이 투자자들의 우려를 상당 부분 해소했다며 '매수' 의견과 목표주가 115유로를 유지했고, 제프리스 역시 예상보다 양호한 안전성과 추가 효능 데이터를 긍정적으로 평가했다. 시장에서는 이번 발표가 향후 후기 임상과 허가 절차에 대한 기대를 높였다는 평가가 나오면서 아비백스 주가는 큰 폭으로 상승 마감했다.머크 (MRK) 애브비 (ABBV)이 밖에도 제약·바이오 업계에서는 정치·규제 이슈가 부각됐다. 미국 하원 중국특별위원회가 머크와 애브비를 비롯해 5개 글로벌 제약사를 대상으로 중국 내 임상시험과 관련한 국가안보 조사에 착수했다. 위원회는 각 기업에 오는 7월 17일까지 중국, 특히 신장 지역과 중국 군 병원에서 진행된 임상시험의 실사 과정과 데이터 보호 체계, 운영 기준 등을 제출하라고 요구했다. 중국에서 수행된 임상시험 과정에서 미국의 바이오 기술과 임상 데이터가 중국 군사 역량 강화에 활용됐을 가능성이 있는지 확인하겠다는 취지이다. 다만 위원회는 현재까지 기업들의 불법 행위가 확인된 것은 아니라고 밝혔다. 이에 대해 머크는 모든 글로벌 임상시험이 국제 윤리 기준과 규제를 준수하고 있다고 밝혔고, 애브비는 공식 입장을 내놓지 않았다. 중국 정부는 이번 조사를 정치적 목적의 근거 없는 의혹 제기라며 강하게 반발했다. 이날 머크와 애브비를 비롯한 주요 제약주는 일제히 하락 마감했습니다.오은비 외신캐스터",True,AMD,"뉴욕증시는 6월 마지막 거래일과 상반기 폐장일을 기념해 강세를 기록했다. 인공지능과 대형 기술주가 지수 상승을 견인했으며, 태양광 섹터에서는 미국 연방통신위원회의 외국산 인버터 수입 제한 검토 소식이 규제 모멘텀으로 작용해 관련 기업들이 상승했다. AMD는 서버용 CPU 기대감으로 목표주가를 상향 조정받았으며, 방산 드론 업체 에어로바이런먼트와 우주기업들이 정부 프로젝트 수주로 실적 호조를 보였다. 또한, 조비 에비에이션과 민간 우주기업들이 대형 협력과 계약을 체결했고, 프랑스 바이오기업 아비백스는 기대에 부응하는 임상 결과로 주가가 상승했다. 한편, 미국 하원은 중국 내 임상시험 관련 조사에 착수했으며, 제약사들은 규제와 데이터 보호 문제에 직면했다. 전반적으로 시장은 긍정적 분위기 속에 마감했다.",AMD,1.0
2026-07-01,"뉴욕증시, AMD 등 기술주 강세에 일제히 상승…나스닥 1.52%↑",정보 없음,https://n.news.naver.com/mnews/article/003/0014038503,"국제유가는 하락세[뉴욕=AP/뉴시스] 뉴욕 증시는 30일(현지 시간) 인공지능(AI) 칩을 포함한 기술주 강세가 이틀째 이어지면서 상승세로 장을 마감했다. 사진은 미국 뉴욕증권거래소(NYSE) 밖에 성조기와 월스트리트 표지판이 보이는 모습. 2026.07.01.[서울=뉴시스] 권성근 기자 = 뉴욕 증시는 인공지능(AI) 칩을 포함한 기술주 강세가 이틀째 이어지면서 상승세로 장을 마감했다.이날 증시는 AI에 대한 우려가 줄어들고 이란 전쟁이 종전을 향해 나아가면서 6년 만에 최고 성적을 거두며 올 2분기를 마무리했다.30일(현지 시간) 마켓워치, CNBC에 따르면 이날 뉴욕증권거래소(NYSE)에서 우량주 중심의 다우존스30 산업평균 지수는 전장 대비 136.46포인트(0.26%) 오른 5만2319.20에 거래를 마쳤다.대형주 위주인 스탠더드앤드푸어스(S&P) 500 지수는 58.93포인트(0.79%) 상승한 7499.36에 장을 마감했다. 기술주 중심의 나스닥 지수도 393.58포인트(1.52%) 오른 2만6213.72에 문을 닫았다.AMD와 인텔은 전장보다 각각 7.88%, 6.12% 급등했고, 스페이스X는 4.13% 올랐다.이날은 올 상반기 및 2분기를 마감하는 날이었다.S&P500은 2분기 동안 15%가량 올랐고, 나스닥은 약 21% 올랐다. 2020년 2분기 이후 가장 큰 분기별 상승률이다.다우 평균은 12% 이상 상승해 2022년 4분기 이후 가장 강한 모습을 보였다. 다우는 전날에 이어 역대 최고치를 경신했다.국제유가는 하락했다.이날 뉴욕상품거래소에서 서부텍사스산원유(WTI) 8월물 선물은 전장 대비 1.8% 하락한 배럴당 69.50달러에 마감했다.런던 ICE선물거래소에서 국제유가 기준인 브렌트유 8월 인도분 선물 종가는 0.3% 떨어진 72.92달러를 기록했다.",True,AMD,"뉴욕 증시는 AI 칩 등 기술주 강세와 이란 전쟁 종전 기대에 힘입어 2분기와 상반기 최고 성적을 기록하며 상승 마감했다. 다우존스 30 산업평균은 0.26%, S&P 500은 0.79%, 나스닥은 1.52% 올랐으며, 특히 AMD와 인텔은 각각 7.88%, 6.12% 급등했다. 2분기 S&P 500은 15%, 나스닥은 21% 상승했고, 다우는 12% 이상 상승해 역대 최고치를 경신했다. 반면, 국제유가는 하락했으며, WTI 8월물은 1.8% 떨어진 배럴당 69.50달러, 브렌트유는 0.3% 하락한 72.92달러를 기록했다.",AMD,1.0
2026-07-01,[속보]나스닥 21%↑ 6년만 최고 분기 상승률 기염,정보 없음,https://n.news.naver.com/mnews/article/021/0002801470,"뉴욕증권거래소. 연합뉴스30일(현지시간) 뉴욕증시가 상승 마감했다. 반도체주가 상승을 주도한 가운데 엔비디아는 2% 넘게 올랐고, AMD와 인텔은 각각 7% 수준 상승했다. 특히 2분기 동안 나스닥은 약 21% 상승하는 기염을 토했다.이날 뉴욕증시에서 다우존스30산업평균지수는 전장보다 0.26% 상승 마감했다. S&P500지수는 0.79%, 나스닥종합지수는 1.52% 올랐다.이날 증시는 기술주가 상승세를 주도했다. 필라델피아 반도체지수는 3.92% 급등하며 사상 최고의 분기 상승률(98.47%)을 기록했고, 기술업종은 S&P500 11개 업종 가운데 가장 큰 폭으로 올랐다.시장에서는 미국과 이란이 휴전을 위한 협의를 이어가고 있다는 점이 위험자산 선호 심리를 지지했다. 다만 카타르 정부는 이날 도하를 방문한 미국 대표단과 이란 간 고위급 회담은 열리지 않을 것이라고 밝혀 협상은 여전히 불확실성을 남겼다.시장에서는 이달 중순부터 시작될 2분기 실적 시즌에 대한 기대도 커지고 있다. 올해 1분기 ‘어닝 서프라이즈’가 이어진 데다 AI 투자 확대가 주요 기술 기업들의 실적을 계속 뒷받침할 것이라는 전망이다.특히 이날은 올해 상반기와 2분기를 마감하는 거래일이었다. S&P500은 2분기 동안 약 15% 올랐고 나스닥은 약 21% 상승했다. 2020년 2분기 이후 가장 큰 분기별 상승률이다. 다우 평균도 12% 이상 상승해 2022년 4분기 이후 가장 강력한 모습을 보였다.다우지수는 상반기 8% 넘게 상승했다. 2021년 상반기 12.7% 상승 이후 가장 큰 상반기 상승폭이다. S&P500지수도 상반기 8% 이상 올랐고, 나스닥지수는 11% 넘게 상승했다.",True,AMD,"30일(현지시간) 뉴욕증시가 상승 마감했으며, 반도체주 강세가 주도했다. 엔비디아는 2% 넘게 올랐고, AMD와 인텔은 각각 7% 이상 상승했다. 2분기 동안 나스닥은 약 21% 상승하며 2020년 2분기 이후 최대 분기 상승률을 기록했고, S&P500은 15%, 다우지수는 12% 이상 올랐다. 기술주와 반도체 지수의 급등이 주목받았으며, 미국과 이란 간 협상 기대와 AI 투자 확대가 시장 심리를 지지했다. 올해 상반기와 2분기 성과도 호조를 보여 시장의 기대감을 높였다.",AMD,2.0
2026-07-01,AMD 등 기술주 강세… 뉴욕 증시 일제히 상승 마감,정보 없음,https://n.news.naver.com/mnews/article/005/0001858194,"30일(현지시간) 뉴욕증시는 인공지능(AI) 칩을 포함한 기술주 강세가 이틀째 이어지면서 일제히 상승 마감했다.AP연합이날 뉴욕증시에서 다우존스30 산업평균지수는 전장보다 136.46포인트(0.26%) 오른 52,319.20에 거래를 마쳤다.스탠더드앤드푸어스(S&P) 500 지수는 전장보다 58.93포인트(0.79%) 오른 7,499.36에, 기술주 중심의 나스닥 종합지수는 전장보다 393.58포인트(1.52%) 오른 26,213.72에 각각 마감했다.AMD와 인텔은 전장보다 각각 7.88%, 6.12% 급등했고 스페이스X도 4.13% 올랐다.",True,AMD,"30일 뉴욕증시는 인공지능(AI) 칩 등 기술주 강세에 힘입어 이틀 연속 상승 마감했다. 다우존스 30 산업평균지수는 0.26% 오른 52,319.20, S&P 500은 0.79% 상승한 7,499.36, 나스닥은 1.52% 오른 26,213.72를 기록했다. AMD와 인텔은 각각 7.88%, 6.12% 급등했고, 스페이스X도 4.13% 올랐다.",AMD,1.0
2026-07-01,[뉴욕증시]다우 역대 최고치 또 경신…AMD 8% 등 반도체주 껑충,정보 없음,https://n.news.naver.com/mnews/article/417/0001149723,"[편집자주] '동행미디어 시대' 증권 기자들이 뉴욕 증시의 방향성과 주요 변수, 투자 심리를 함께 분석합니다.미국 뉴욕증시가 6월30일(현지시각) 모두 상승세로 장이 종료됐다. 사진은 뉴욕증권거래소. /로이터=뉴스1미국 뉴욕증시가 AI(인공지능) 칩을 포함한 기술주 강세가 이틀째 지속되며 3대 지수가 모두 강세로 장을 마쳤다. 2분기 성적을 마무리 지은 이날 3대 지수는 모두 최고 성적으로 장을 마무리했다.6월30일(현지시각) 뉴욕증권거래소(NYSE)에서 우량주 중심의 다우존스30 산업평균 지수는 전장 대비 136.46포인트(0.26%) 오른 5만2319.20에 종료됐다.대형주 중심의 스탠더드앤드푸어스(S&P) 500 지수는 58.93포인트(0.79%) 상승한 7499.36, 기술주 중심의 나스닥 지수도 393.576포인트(1.52%) 오른 2만6213.72에 마감됐다.이날은 올 상반기 및 2분기 증시를 마치는 날이다. S&P500은 2분기 동안 15%가량 상승했고 나스닥은 약 21% 뛰었다. 이는 2020년 2분기 이후 가장 큰 분기 상승률이다.다우지수 평균은 12% 이상 올라 2022년 4분기 이후 가장 높은 수치를 보였고 전날에 이어 역대 최고치도 다시 찍었다.이날 뉴욕증시는 반도체주 강세가 돋보였다. 인텔은 6.01% 급등했고 샌디스크는 10.89% 폭등하며 가파른 상승세를 보였다. 마이크론은 초반 약세를 딛고 0.48% 올랐고 AMD는 7.68% 치솟았다.빅테크 종목들도 대체로 올랐다. 세계 시가총액 1위인 대장주 엔비디아가 2.63% 올랐고 알파벳은 0.99%, 애플 2.70%, 테슬라는 2.07% 각각 상승하져 장을 마쳤다.반도체 ETF(상장지수펀드) 아이셰어즈 반도체 ETF(SOXX)는 4.30% 급등했다. SOXX는 올 상반기에만 113% 뛰었다.이밖에 MS(마이크로소프트)는 1.21%, 스페이스X는 4.06% 급등하며 대형주들이 모두 고공행진을 나타냈다.",True,반도체,"미국 뉴욕증시가 6월30일 기술주와 AI 칩 관련 종목 강세에 힘입어 3대 지수 모두 상승 마감했습니다. S&P 500은 15% 상승하며 2분기 최고 성적을 기록했고, 나스닥은 21% 뛰어올라 2020년 이후 최대 분기 상승률을 보였습니다. 반도체주와 빅테크 종목들이 강세를 보였으며, 엔비디아, 애플, 테슬라 등 주요 기업들이 상승했습니다. 이번 상승은 상반기 증시 호조와 기술주 강세가 주도했습니다.",AMD,2.0
2026-07-01,"퀄컴, AI·자율주행 연구 지원…'이노베이션 펠로우십' 참가 모집",정보 없음,https://n.news.naver.com/mnews/article/008/0005379781,"퀄컴 CI./사진 제공=퀄컴퀄컴 테크날러지스가 국내 이공계 대학원생을 대상으로 연구 논문 경연 프로그램인 '퀄컴 이노베이션 펠로우십 코리아 2026' 참가자를 모집한다고 1일 밝혔다.퀄컴 이노베이션 펠로우십 코리아는 국내 이공계 인재의 연구 활동을 지원하기 위해 마련된 학술 논문 경연 대회다. 퀄컴은 혁신, 실행, 팀워크를 바탕으로 잠재력 있는 대학원생의 연구 성과 창출을 지원하고 AI(인공지능) 생태계와 미래 기술 발전을 촉진하기 위해 지난 2020년부터 매년 프로그램을 운영하고 있다.올해 공모 분야는 △엣지 AI △자율주행 △에이전틱 AI 등 3개 분야다. 2025~2026학년도 기준 국내 대학에서 정규 석사 또는 박사 학위 과정을 밟고 있는 대학원생이면 지원할 수 있으며, 참가자는 해당 분야의 세부 주제를 선택해 연구 논문을 제출하면 된다.논문 접수는 다음달 15일까지 진행된다. 참가자들은 프로그램 기간 동안 퀄컴 연구진과의 멘토링을 통해 연구 주제와 아이디어를 논의하고 기술적 조언을 받을 수 있다.우수 논문은 퀄컴 평가단의 1차 심사를 거쳐 발표 및 포스터 세션에 진출한다. 심사는 아이디어의 혁신성과 창의성, 연구 이해도와 실험 결과, 추가 연구 가능성 등을 종합적으로 평가하며, 최대 30개 팀이 최종 심사 대상에 오른다.퀄컴은 오는 11월 최종 수상팀 최대 15개를 선정해 팀당 400만원의 장학금을 소속 대학에 전달할 예정이다.김상표 퀄컴코리아 사장은 ""퀄컴은 글로벌 엣지 AI 개발자 생태계 확대를 위해 IoT(사물인터넷), AI, 컴퓨트, XR(혼합현실), 데이터센터 워크로드 전반에 걸쳐 다양한 기술 프로그램을 운영하고 있다""며 ""퀄컴 이노베이션 펠로우십을 통해 유망한 석·박사 과정 학생들을 발굴하고 연구를 지원하는 데 집중하고 있다""고 말했다. 이어 ""이번 프로그램이 대학원생들이 연구 목표를 실현하고 미래 기술 혁신을 이끌어갈 발판이 되기를 기대한다""고 덧붙였다.",True,퀄컴,"퀄컴은 국내 이공계 대학원생 대상 연구 논문 경연인 '퀄컴 이노베이션 펠로우십 코리아 2026' 참가자를 모집한다. 올해는 엣지 AI, 자율주행, 에이전틱 AI 분야를 공모하며, 석사·박사 과정 학생이면 지원 가능하다. 논문 제출 후 멘토링, 심사를 거쳐 우수 논문은 최대 15팀이 선정되어 팀당 400만원의 장학금을 받는다. 이 프로그램은 연구 활성화와 미래 기술 혁신을 지원하는 목적으로 2020년부터 매년 운영되고 있다.",퀄컴,1.0
2026-07-01,구글 '게임앱 갑질'…8500억 역대급 과징금 맞나,정보 없음,https://n.news.naver.com/mnews/article/015/0005305163,"공정위 '22개 게임사에 최혜대우 요구' 심의 착수80%대 앱마켓 점유율 이용해더 유리한 계약 맺도록 강제 혐의시장 지배력 남용 관련 매출 14조위법 결정땐 과징금 역대 2번째공정거래위원회가 구글에 최대 8000억원대 과징금 부과를 예고했다. 구글 플레이스토어에 입점한 게임사에 다른 앱 마켓과 같거나 더 유리한 가격 및 거래 조건을 제공하는 최혜 대우를 강제한 혐의다. 구글은 2023년에도 경쟁 앱 마켓인 원스토어에 앱을 출시하지 않는 조건으로 게임사를 지원했다가 400억원대 과징금을 부과받았다.◇독점 거래 ‘강제 족쇄’ 채운 구글공정위는 구글에 시장 지배적 지위 남용 혐의에 대한 조사 결과와 조치 내용을 담은 심사보고서를 보내고, 본격적으로 사실 관계를 따지는 심의 절차를 시작했다고 1일 밝혔다. 시장 지배적 지위 남용은 압도적 점유율 등을 이용해 가격과 거래 조건을 부당하게 정하거나 경쟁 사업자의 활동을 방해하는 행위다. 피심인의 의견 제출, 재판의 1심 격인 공정위 심의와 의결을 거쳐 제재 수위를 결정한다. 피심인은 구글 미국 본사인 구글엘엘씨와 아시아 법인 구글아시아퍼시픽피티이엘티디, 한국 법인 구글코리아다.공정위는 구글이 넥슨, 엔씨소프트, 넷마블 등 국내외 주요 22개 게임회사에 게임 출시 시기와 각종 혜택을 다른 앱 마켓보다 유리하거나 최소한 동등하게 설정하는 최혜 대우를 요구했다고 밝혔다. 구글은 최혜 대우를 약속하는 ‘GVP 계약’을 게임사와 맺는 대신 게임사에 구글 플랫폼 서비스 이용 비용 등을 지원했다. 플레이스토어에서 해당 게임사 매출이 늘어날수록 지원 금액도 증가하는 방식으로 구조를 짰다.공정위는 GVP 계약 때문에 게임사들이 다른 앱 마켓에 입점하거나 직접 앱 마켓을 만들어 게임을 유통할 유인이 줄어들었다고 지적했다. 그 결과 원스토어 같은 경쟁 앱 마켓의 사업 활동을 방해하고, 앱 마켓 시장의 경쟁을 제한했다고 판단했다.최혜 대우를 약속한 계약이 게임사들을 플레이스토어에 종속시켜 구글과 독점적으로 거래할 수밖에 없도록 사실상 강제했다는 게 공정위의 설명이다. 국내 안드로이드 앱 마켓에서 구글 플레이스토어 점유율은 80%대에 달한다.◇공정위 “게임사는 잘못 없다”공정위는 구글이 최혜 대우를 통해 벌어들인 매출을 92억1777만달러(약 14조1600억원)로 추산했다. 시장 지배적 지위 남용 행위에는 관련 매출의 최대 6%까지 과징금을 부과할 수 있다. 산술적으로 과징금 8496억원을 매길 수 있는 셈이다. 구글은 3년 전에도 원스토어에 앱을 출시하지 않는 조건으로 게임사를 지원했다가 과징금 421억원을 부과받은 적이 있어 가중 처벌이 예상된다.공정위는 구글의 방어권을 충분히 보장한 뒤 전원회의를 개최해 최종 판단을 내릴 계획이다. 이르면 연내 과징금 부과액 등 제재 수위가 결정될 것으로 전망된다. 공정위 역사상 최대 규모의 과징금은 2017년 퀄컴에 부과한 1조311억원이다. 당시 퀄컴은 시장 지배력을 이용해 삼성전자 등에 라이선스 계약을 강제한 혐의를 받았다. 이 사건은 2023년 대법원에서 최종 확정 판결을 받았다. 구글에 매기는 과징금은 퀄컴에 이어 역대 두 번째 규모가 될 가능성이 높다.공정위는 구글과 계약을 맺은 게임사들은 공정거래법 위반 혐의가 없다고 판단했다. 정희은 공정위 시장감시국장은 “게임사들이 지원금을 받긴 했지만 공정거래법을 위반했다고 보기는 어렵다”며 “구글의 압도적 지위를 고려했을 때 계약 제안을 거절하기 어려웠을 것”이라고 설명했다.공정위는 구글을 조사하면서 외국 정부가 미국 기업을 규제하는 데 반발하는 도널드 트럼프 미국 행정부와의 통상 마찰 가능성은 별도로 고려하지 않았다고 밝혔다. 정 국장은 “미국에선 이 사안의 반독점 행위와 관련한 민사소송이 진행돼 판결이 확정됐다”며 “공정위가 이 사안을 처음 인지한 것이 아니다”고 말했다.",True,구글,"공정거래위원회는 구글이 국내 22개 게임사에 최혜 대우를 강제하며 시장 지배력을 남용했다고 심의에 착수했다. 구글은 게임사와 ‘GVP 계약’을 맺고 지원금을 제공했으며, 이를 통해 경쟁 앱 마켓인 원스토어의 활동을 방해하고 플레이스토어에 종속시키는 행위를 했다는 혐의다. 공정위는 구글이 이로 인해 약 14조원 규모의 매출을 올렸으며, 역대 두 번째 규모인 최대 과징금 부과가 예상된다. 구글은 과거에도 유사 지원으로 과징금을 부과받은 바 있으며, 이번 조치로 최대 8,496억 원의 과징금이 부과될 전망이다. 공정위는 구글과 계약한 게임사들이 법 위반 혐의는 없다고 판단했으며, 최종 제재 수위는 연내 결정될 예정이다.",퀄컴,1.0
2026-07-01,"퀄컴, 대학원생 논문 경연 '이노베이션 펠로우십 코리아 2026' 모집",정보 없음,https://n.news.naver.com/mnews/article/018/0006319695,"지난해 '퀄컴 이노베이션 펠로우십 코리아' 참가자들 모습. (사진=퀄컴)[이데일리 한광범 기자] 퀄컴 테크날러지스는 이공계 학술 논문 경연 대회 ‘퀄컴 이노베이션 펠로우십 코리아 2026(Qualcomm Innovation Fellowship Korea 2026)’에 참여할 국내 대학원생을 모집한다고 1일 밝혔다.올해 프로그램의 논문 주제는 △엣지 AI △자율 주행 △에이전틱 AI로 선정됐다. 지원 대상은 2025~2026 학사년도 기준 국내 대학에서 정규 석사 또는 박사 학위 과정을 이수 중인 대학원생이다. 지원자는 주제와 관련된 세부 분야 중 하나를 선택해 연구 논문을 제출하면 된다. 제출 기한은 오는 8월 15일까지다. 참가자들은 프로그램 기간 동안 퀄컴 연구진과 지식 교류를 통해 논문 주제와 아이디어에 대해 논의하고 조언을 받을 수 있다.제출된 논문은 퀄컴 평가단의 1차 심사를 거쳐 발표 및 포스터 세션에 진출하게 된다. 1차 심사는 아이디어의 혁신성과 창의성, 연구 이해도 및 실험 결과, 추가 연구 가능성 등을 기준으로 평가하며, 이를 통과한 최대 30팀이 최종 심사 대상이 된다. 퀄컴은 오는 11월 최종 수상 팀을 최대 15개 선정해 팀당 400만원의 장학금을 소속 학교에 전달할 예정이다.퀄컴 이노베이션 펠로우십 코리아는 국내 이공계 인재의 연구 활동 지원을 목적으로 하는 학술 논문 경연 대회다. 퀄컴은 혁신, 실행, 팀워크를 바탕으로 잠재력 있는 이공계 대학원생의 성과 창출을 장려하고, AI 생태계와 미래 기술의 발전을 도모하기 위해 지난 2020년부터 매년 대회를 개최하고 있다.김상표 퀄컴코리아 사장은 “퀄컴은 글로벌 엣지 AI 개발자 생태계 확대를 위해 IoT, AI, 컴퓨트, XR, 데이터센터 워크로드 전반에 걸쳐 다양한 기술 콘텐츠 및 프로그램을 제공하고 있다”며 “혁신·실행·팀워크라는 핵심 가치를 바탕으로 퀄컴 이노베이션 펠로우십을 통해 폭넓은 기술 연구 분야의 석·박사 과정 학생들을 발굴하고 지원하며 멘토링하는 데 중점을 두고 있다. 이번 프로그램을 통해 대학원생들이 연구 목표 달성을 향해 도약할 수 있기를 기대한다”고 전했다.퀄컴 이노베이션 펠로우십 코리아 2026에 대한 자세한 정보 확인 및 논문 접수는 퀄컴 이노베이션 펠로우십 웹페이지를 통해 가능하다.",True,퀄컴,"퀄컴 테크날러지스는 ‘퀄컴 이노베이션 펠로우십 코리아 2026’에 참여할 국내 대학원생을 모집한다. 대상은 2025~2026 학사년도 기준 석사 또는 박사 과정 학생으로, 주제는 엣지 AI, 자율 주행, 에이전틱 AI다. 연구 논문을 제출하며, 1차 심사 후 최대 30팀이 선정돼 최종 심사를 거쳐 15개 팀에 팀당 400만원 장학금이 수여된다. 이 프로그램은 국내 이공계 인재의 연구 활동 지원과 AI 생태계 발전을 목표로 2020년부터 매년 개최되고 있다.",퀄컴,1.0
2026-07-01,"공정위, 게임사에 최혜 대우 요구한 구글에 과징금 '철퇴' 예고",정보 없음,https://n.news.naver.com/mnews/article/015/0005304983,"구글, 게임사들과 출시 시기 및 혜택 등 조건 유리하게 설정한 계약 맺어경쟁 앱마켓 사업활동 방해하고, 앱마켓 시장 경쟁 제한해관련 매출액 14조, 최대 과징금 8496억원…퀄컴 이어 역대 2위 과징금 가능성사진=연합뉴스공정거래위원회가 플레이스토어에 입점한 게임사들에 최혜대우를 요구해 앱마켓 시장의 경쟁을 제한한 구글에 과징금 '철퇴'를 예고했다. 구글의 시장 지배력 남용으로 영향을 받은 관련 매출액이 14조원에 달해 퀄컴 사건에 이어 역대 두 번째로 큰 규모의 과징금 부과가 예상된다. 공정위는 구글과 계약을 맺고 지원금을 받은 게임사들은 공정거래법 위반 소지가 없다고 판단했다.공정위는 구글이 시장 지배적 지위를 남용해 공정거래법을 위반한 혐의에 대한 심사보고서를 송부하고, 심의 절차를 개시했다고 1일 밝혔다. 검찰의 공소장에 해당하는 심사보고서에는 행위사실과 위법성, 조치 의견 등을 담았다. 피심인은 구글 엘엘씨(미국)와 구글 아시아 퍼시픽 피티이 엘티디(싱가포르), 구글코리아 유한회사(한국)다.공정위는 구글이 22개 주요 대형 게임회사들과 게임 출시 시기와 혜택 등을 다른 앱마켓보다 구글 플레이스토어에 유리하게 또는 최소한 동등하게 설정해달라는 최혜대우 조건을 담은 'GVP 계약'을 맺은 것을 문제 삼았다. 이 계약엔 플레이스토어에 최혜대우를 해주면, 구글은 게임사들에 구글 플랫폼 서비스 이용 비용 등을 지원하는 내용도 담겼다. 플레이스토어에서 해당 게임사의 매출이 늘어나는 만큼 지원 금액도 증가하는 구조를 짰다.공정위는 이 계약으로 게임사들이 다른 앱마켓에 입점할 유인이 줄어들어 원스토어 등 경쟁 앱마켓의 사업 활동을 방해하고, 앱마켓 시장의 경쟁을 제한했다고 판단했다. 이 계약이 사실상 구글 앱마켓과의 독점적 거래를 강제하는 족쇄로 작용했다는 게 공정위의 설명이다. 안드로이드 앱 마켓 시장에서 구글 플레이스토어의 시장 점유율은 80%대에 달한다.공정위는 안드로이드 앱마켓 시장에서 구글의 시장 지배적 지위 남용 행위로 영향을 받은 관련 매출액이 92억1777만달러(약 14조1600억원)에 달하는 것으로 산정했다. 시장 지배적 지위 남용 행위엔 관련 매출액의 최대 6%까지 과징금을 부과할 수 있다. 산술적으로는 8496억원의 과징금 부과가 가능하다. 구글이 경쟁사인 원스토어에 앱을 출시하지 않는 조건으로 게임사를 지원해 2023년 과징금 421억원을 부과받은 전력이 있는 만큼 가중 처벌도 예상된다.공정위가 지금까지 역대 최대 과징금을 부과한 사건은 퀄컴의 시장 지배적 지위 남용 사건이다. 공정위는 2017년 퀄컴에 1조311억원의 과징금을 부과했다. 전원회의 최종 결정에 따라 과징금 규모는 달라지지만 퀄컴에 이어 역대 두 번째로 큰 과징금을 부과받을 가능성이 크다.공정위는 구글과 계약을 맺은 게임사들은 공정거래법 위반 혐의가 없다고 판단했다. 앞서 경제정의실천시민연합 등은 엔씨소프트와 넷마블, 펄어비스, 컴투스 등 구글과 계약을 맺은 대형 게임사들이 사실상 구글의 불공정 행위에 가담했다며 이들 업체를 공정위에 고발했다. GVP 계약을 통해 서비스 이용 비용 등을 지원받은 것을 문제 삼았다. 하지만 경제적 지원을 받았다는 이유로 공정거래법 위반으로 보긴 어렵다고 판단했다. 공정위 관계자는 ""구글의 압도적인 지위를 고려했을 때 게임사들이 구글의 이런 계약 제안을 거절하기 어려웠을 것""이라고 말했다.공정위는 피심인 구글에 서면 의견 제출 등 방어권을 충분히 보장한 뒤 전원회의를 개최해 이번 사건에 대해 최종 판단을 내릴 계획이다. 이르면 연내 과징금 부과액 등 처벌 수위가 최종 결정될 전망이다.",True,구글,"공정거래위원회는 구글이 22개 주요 게임사와 맺은 'GVP 계약'을 통해 최혜대우와 지원금을 제공하며 경쟁 앱마켓 시장의 경쟁을 제한했다고 판단, 최대 8496억 원 규모의 과징금 부과를 예고했다. 구글은 시장 지배적 지위 남용으로 관련 매출액이 14조원에 달하며, 역대 두 번째로 큰 과징금이 예상된다. 이번 조치는 구글의 독점적 행위와 시장 지배력 남용에 따른 것으로, 공정위는 구글과 계약한 게임사들이 법 위반 혐의는 없다고 밝혔다.",퀄컴,1.0
2026-07-01,"[테크스냅] LGU+, ESG 성과 담은 2025 지속가능경영보고서 발간",정보 없음,https://n.news.naver.com/mnews/article/001/0016169191,"퀄컴, 이공계 대학원생 학술 논문 경연 지원자 모집SKT, T1와 성수서 신규 전시 '암행천문: 별을 헤다'(서울=연합뉴스) 박형빈 기자 = LG유플러스가 자사 환경·사회·지배구조(ESG) 주요 지표를 담은 지속가능경영보고서를 발간했다.[LG유플러스 제공. 재판매 및 DB 금지]▲ LG유플러스는 환경·사회·지배구조(ESG) 성과를 담은 '2025년 지속가능경영보고서'를 발간했다고 1일 밝혔다. 이번 지속가능경영보고서는 '중대성 평가'를 통해 선정된 4대 ESG 중요 이슈인 정보보안 및 개인정보보호 강화, 통신 서비스 안정성 및 네트워크 품질 강화, 에너지 사용 절감 및 재생에너지 전환 확대, AI 기술 혁신으로 고객 감동·사회적 가치 제고를 한국지속가능성기준위원회(KSSB)에서 제시하는 거버넌스·전략·위험관리·지표 및 목표 기준에 맞춰 재구성했다.[퀄컴 홈페이지 캡쳐. 재판매 및 DB 금지]▲ 퀄컴 테크날러지스가 학술 논문 경연 대회 '퀄컴 이노베이션 펠로우십 코리아 2026'에 참여할 국내 대학원생을 모집한다. 올해 프로그램의 논문 주제는 엣지 AI. 자율 주행. 에이전틱 AI로, 2025∼2026 학사년도 기준 국내 대학에서 정규 석사 또는 박사 학위 과정을 이수 중인 대학원생을 대상으로 한다. 지원자는 주제와 관련된 세부 분야 중 하나를 선택해 연구 논문을 제출하면 된다. 제출 기한은 8월 15일까지다.[SK텔레콤 제공. 재판매 및 DB 금지]▲ SK텔레콤은 브랜드 체험 공간 T 팩토리 성수에서 e스포츠 구단 T1과 함께 신규 전시 '암행천문: 별을 헤다'를 선보인다고 밝혔다. 이번 전시는 방문객이 '신입 암행천문관'이 돼 전시 및 체험 공간에서 T1의 우승을 상징하는 별을 연구하는 임무를 수행하는 스토리 체험형 전시다. T1의 주요 역사, '페이커' 이상혁 선수와 임요환 선수의 실착 유니폼, 역대 월즈(롤드컵) 및 LCK 우승 트로피 등도 관람할 수 있다. 전시는 오는 2일부터 9월 13일까지 운영된다.binzz@yna.co.kr",True,퀄컴,"LG유플러스는 ESG 성과를 담은 2025년 지속가능경영보고서를 발간했으며, 퀄컴은 엣지 AI 등 주제의 학술 논문 경연 '퀄컴 이노베이션 펠로우십 코리아 2026'에 대학원생을 모집한다. SK텔레콤은 성수 T 팩토리에서 T1과 함께 ‘암행천문: 별을 헤다’ 전시를 선보이며, 방문객이 T1의 역사와 선수 유니폼 등을 체험하는 스토리 전시를 9월 13일까지 운영한다.",퀄컴,1.0
2026-07-01,"외국계 반도체 기업들, 한국 인재 ‘빼가기’ 혈안",정보 없음,https://n.news.naver.com/mnews/article/018/0006319458,"채용공고 급증에 헤드헌팅까지…인재 쟁탈전 격화엔비디아 2022년 22건→올 상반기만 48건“반도체 외 직무보유자들 이직, 지원도 증가”[이데일리 김아름 김응태 기자] 글로벌 반도체 기업들이 국내 채용을 대폭 확대하면서 반도체 인재 확보 경쟁이 치열해지고 있다. TSMC와 ASML, 엔비디아 등 글로벌 반도체 밸류체인 핵심 기업들이 최근 2년 새 국내 채용 규모를 늘린 가운데 외국계 기업을 중심으로 한 헤드헌팅 수요와 경력직 지원 증가로 국내 반도체 고급 인력의 글로벌 이동이 심화되는 양상이다.반도체 업체의 해외 공장 주문 생산 모습. (사진=연합뉴스)30일 이데일리가 인적자원(HR) 테크 플랫폼 ‘잡코리아’ 운영사의 웍스피어에 의뢰해 채용공고 제목 내 키워드 데이터를 기반으로 분석한 자료에 따르면, 글로벌 반도체 기업들의 채용공고 수가 최근 2년 새 급증한 것으로 나타났다. 세계 최대 파운드리(반도체 위탁생산) 업체인 TSMC는 지난 2023년까지만 해도 연 0~4건 수준의 단편적인 채용을 진행하다가 2024년 4월을 기점으로 월 10~20건대로 공고가 늘었다. 글로벌 반도체 장비업체 ASML은 2019년 이후 채용을 꾸준히 확대했으며 2023년부터는 연 150~200건대의 상시 채용 기조를 보이고 있다. 인공지능(AI) 반도체 칩 시장을 이끄는 엔비디아는 2022년 22건이던 채용공고수가 2023년 23건, 2024년 34건, 2025년 30건을 기록하다 올해 상반기에만 48건의 채용공고를 내 역대 최대치를 나타냈다.커리어 플랫폼 ‘사람인’의 외국계 반도체기업 공고 건수 역시 올해 두자릿수 이상의 증가율을 나타낸 것으로 집계됐다. 사람인에 따르면 올해 1분기에 반도체기업 공고 수는 전년 동기 대비 17.8% 증가했다. 올 2분기에는 전년 동기보다 24.5% 늘었으며, 올 상반기 기준으로는 21.2% 증가했다. 올해 6월의 경우 지난 23일까지의 데이터로 집계됐기 때문에 수치는 더 늘어날 수 있다.경력직 이직의 주요 통로인 헤드헌팅 시장에서도 외국계 기업의 한국 인재 확보 쟁탈전이 이전보다 심화하고 있다. 커리어 플랫폼 리멤버앤컴퍼니의 헤드헌팅 그룹(브리스캔영어쏘시에어츠·에버브레인써치)에 따르면 올해 상반기 외국계 기업의 헤드헌팅 의뢰 건수는 전년 동기 대비 85.3% 증가했다.외국계 기업들의 적극적인 구애에 한국 재직자들도 외국계 기업으로 이직하려는 시도도 두드러진다. 헤드헌팅 플랫폼 ‘히든스카우트’ 측은 “올 상반기 기준 외국계 기업 포지션에 대한 경력 지원자가 작년 하반기 대비 10% 증가했다”며 “지난해에도 상반기 대비 하반기에 외국 기업 지원자수가 20% 늘었다”고 설명했다.글로벌 반도체 업체들이 인력 확보 경쟁 속 국내 인재들에게 더 나은 근무조건을 제시하면서 외국계 기업으로 이직하려는 인재들이 늘어날 것으로 전망된다. 헤드헌팅업계 한 관계자는 “반도체 분야는 이직이 활발한 업종 중 하나”라며 “전자·전기 제조업 분야에서 일하던 인력들이 외국계 반도체 기업으로 이직하려는 니즈가 커지고 있다”고 말했다.상대적으로 이직이 쉽지 않았던 임원급 채용도 한층 활발해질 것으로 예상된다. 이애경 브리스캔영 첨단기술산업부문 부문장은 “최근 반도체 분야의 임원급 채용은 기술과 사업을 동시에 이해하는 리더에 대한 수요가 높은 게 특징”이라며 “고대역폭메모리(HBM), 첨단 패키징, 반도체 장비·소재 분야에서 기술 전문성과 글로벌 고객 경험 및 사업개발 역량까지 갖춘 리더의 선호도가 지속 높아질 것”이라고 전망했다.",True,ASML,"글로벌 반도체 기업들이 국내 채용을 확대하며 인재 확보 경쟁이 치열해지고 있다. TSMC, ASML, 엔비디아 등은 최근 2년간 채용공고 수가 급증했고, 특히 엔비디아는 2024년 상반기만 48건으로 역대 최대를 기록했다. 헤드헌팅 수요도 크게 늘어나 외국계 기업의 한국 인재 확보 경쟁이 심화되고 있으며, 한국 재직자들의 외국계 기업 이직 시도도 증가하고 있다. 반도체 업계의 임원급 채용도 활발해지고 있어 기술력과 글로벌 경험을 갖춘 인재 선호가 지속될 전망이다.",ASML,1.0
2026-07-01,삼전닉스 투자계획에 ASML 등 반도체장비주 급등,정보 없음,https://n.news.naver.com/mnews/article/374/0000519272,"ASML 사상 최고가…KLA·어플라이드·램리서치도 동반 급등삼성전자와 SK하이닉스의 대규모 국내 투자 계획 발표에 글로벌 반도체 장비주가 일제히 들썩였습니다.현지시간 지난달 30일 블룸버그 통신과 인베스팅닷컴에 따르면 네덜란드의 극자외선(EUV) 노광장비 생산업체 ASML은 이날 암스테르담 증시에서 6.79% 오른 1천721.40유로로 마감하며 사상 최고가를 새로 썼습니다.나스닥에 상장된 ASML 미국주식예탁증서(ADR)도 5.65% 오른 1천989.44달러로 마감했다. 장중 한때 1천999.96달러까지 치솟으며 52주 최고가를 경신했습니다.반도체 공정에서 웨이퍼 표면 결함을 검사·계측하는 미국 공정제어 장비업체 KLA는 장중 9.28% 급등한 304.23달러까지 오르며 52주 최고가(304.42달러)에 근접했습니;다.박막 증착 등 반도체 제조 전 공정에 걸쳐 장비를 공급하는 어플라이드머티어리얼즈도 6.02% 올랐고, 식각·증착 공정 전문업체 램리서치는 5.86% 상승했습니다.이는 삼성전자·SK하이닉스가 국내에 800조원(약 1조3천억달러) 규모의 반도체 공장을 짓겠다고 발표한 직후 나온 반응입니다.ASML의 EUV 노광장비, 램리서치의 식각·증착장비, KLA의 공정제어·검사장비, 어플라이드머티어리얼즈의 박막장비가 신규 팹마다 필수로 투입되는 만큼 두 회사의 팹 신설 계획 발표가 장비업체 매출 확대로 직결될 것이라는 투자자들의 베팅이 깔려 있습니다.6월 들어 반도체 장비주에 대한 애널리스트 전망도 잇따라 상향됐습니다.미국 투자회사 서스퀘하나(SIG)의 메흐디 호세이니 애널리스트는 2028년 웨이퍼 파운드리 장비시장 규모를 2천500억달러로 상향 제시하며 ASML 목표주가를 커버리지 증권사 중 최고 수준으로 올렸습니다.UBS는 지난달 10일 2028년 글로벌 반도체 장비시장 규모를 2천500억달러로 전망했습니다.당신의 제보가 뉴스로 만들어집니다.SBS Biz는 여러분의 제보를 기다리고 있습니다.홈페이지 = https://url.kr/9pghjn",True,ASML,"반도체 투자 확대 기대감에 글로벌 반도체 장비주가 급등했습니다. 네덜란드 ASML은 사상 최고가인 1,721유로를 기록했고, 미국 KLA, 어플라이드머티어리얼즈, 램리서치도 각각 상승하며 52주 최고가를 경신했습니다. 이는 삼성전자와 SK하이닉스의 국내 반도체 공장 투자 발표에 따른 것으로, 이들 장비가 신규 팹에 필수로 투입되어 매출 증가 기대가 높아졌기 때문입니다. 애널리스트들도 2028년 시장 규모 전망을 상향하며 장비주에 대한 긍정적 전망을 내놓고 있습니다.",ASML,2.0
2026-07-01,삼전닉스 투자에 AI 장비주 '불기둥'…ASML 사상 최고가,정보 없음,https://n.news.naver.com/mnews/article/421/0009033113,"ASML 6.8% 급등…반도체 장비시장 2028년 2500억달러 전망네덜란드 반도체 장비업체 ASML 로고. ⓒ 로이터=뉴스1(서울=뉴스1) 신기림 기자 = 삼성전자와 SK하이닉스의 대규모 투자 계획에 힘입어 글로벌 반도체 장비주가 일제히 급등했다. 인공지능(AI) 메모리 수요 확대에 대응하기 위한 설비투자가 본격화하면서 노광장비 업체 ASML을 비롯한 장비업체들이 최대 수혜를 입을 것이라는 기대가 커졌다.30일(현지시간) 네덜란드 암스테르담 증시에서 ASML은 6.8% 급등하며 사상 최고가를 경신했다. 뉴욕 증시에서는 어플라이드 머티어리얼즈와 KLA가 각각 5% 이상 상승했다.최근 이틀 동안 ASML, 어플라이드 머티어리얼즈, KLA는 필라델피아 반도체지수(SOX) 구성 종목 가운데 가장 높은 상승률을 기록했다. 같은 기간 필라델피아 반도체지수는 7.5% 올랐다.삼성전자와 SK하이닉스가 각각 반도체 공장 2개씩, 총 4개 공장을 국내에 신설하는 800조원 규모의 투자 계획을 발표한 이후 장비주 강세가 두드러졌다.AI 서버용 고대역폭메모리(HBM)를 비롯한 첨단 메모리 수요가 급증하면서 양사가 생산능력 확대에 나설 것으로 예상되자 노광과 식각, 증착 등 핵심 장비를 공급하는 업체들의 실적 개선 기대가 커진 것이다.올해 들어 미국 반도체 업종은 AI 투자 확대 기대에 힘입어 강세를 이어가고 있다. 필라델피아 반도체지수는 상반기에만 약 100% 급등하며 사상 최고의 분기 성과를 기록했다.다만 변동성도 확대되는 모습이다. 필라델피아 반도체지수는 지난주 8% 가까이 하락해 1년여 만에 가장 큰 주간 낙폭을 기록하기도 했다.시장에서는 장비 투자 사이클이 이제 본격적으로 시작됐다는 분석이 나온다. 서스퀘해나의 메흐디 호세이니 애널리스트는 주요 반도체 업체들이 장비 구매를 앞당길 것으로 예상하며 2028년 전 세계 웨이퍼 제조장비(WFE) 시장 규모 전망치를 기존보다 상향 조정했다.그는 ASML에 대해 ""7월 실적 발표에서 12개월 이상 이어지는 견조한 수주잔고를 제시할 가능성이 높다""며 목표주가를 월가 최고 수준으로 올렸다. 현재 주가 대비 35% 이상의 추가 상승 여력이 있다는 분석이다.UBS도 지난달 보고서에서 반도체 장비 시장이 2028년 2500억달러 규모로 성장할 것으로 전망하며 극자외선(EUV) 노광장비 공급 부족 우려는 과도하다고 평가했다. JP모건 역시 장비시장 규모 전망치를 상향 조정했다.투자자들의 관심은 이달 중순 예정된 ASML과 TSMC 실적 발표에 쏠리고 있다. ASML은 7월 15일 실적을 발표하며, 다음 날 열리는 TSMC 실적 콘퍼런스콜에서는 향후 설비투자(CapEx) 계획이 공개될 예정이어서 AI 투자 사이클의 지속 여부를 가늠할 핵심 변수로 주목받고 있다.",True,ASML,"반도체 투자 확대 기대에 힘입어 글로벌 반도체 장비주가 강세를 보이고 있다. 네덜란드 ASML은 6.8% 급등하며 최고가를 경신했고, 어플라이드 머티어리얼즈와 KLA도 5% 이상 상승했다. 삼성전자와 SK하이닉스의 국내 반도체 공장 신설과 AI 메모리 수요 증가로 장비 수요가 늘어나면서 시장 전망이 밝아졌다. 전문가들은 2028년 글로벌 반도체 장비 시장이 2500억달러에 이를 것으로 예상하며, ASML의 실적 기대도 높아지고 있다. 시장 변동성은 있지만, 장비 투자 사이클이 본격화되고 있다는 분석이 지배적이다.",ASML,2.0
2026-07-01,삼전닉스 반도체 투자 계획에 ASML 등 장비주 들썩,정보 없음,https://n.news.naver.com/mnews/article/001/0016168891,"ASML 사상 최고가…KLA·어플라이드·램리서치도 동반 급등ASML 본사[EPA=연합뉴스 자료사진. 재판매 및 DB 금지](서울=연합뉴스) 정주호 기자 = 삼성전자와 SK하이닉스의 대규모 국내 투자 계획 발표에 글로벌 반도체 장비주가 일제히 들썩였다.지난달 30일(현지시간) 블룸버그 통신과 인베스팅닷컴에 따르면 네덜란드의 극자외선(EUV) 노광장비 생산업체 ASML은 이날 암스테르담 증시에서 6.79% 오른 1천721.40유로로 마감하며 사상 최고가를 새로 썼다.나스닥에 상장된 ASML 미국주식예탁증서(ADR)도 5.65% 오른 1천989.44달러로 마감했다. 장중 한때 1천999.96달러까지 치솟으며 52주 최고가를 경신했다.반도체 공정에서 웨이퍼 표면 결함을 검사·계측하는 미국 공정제어 장비업체 KLA는 장중 9.28% 급등한 304.23달러까지 오르며 52주 최고가(304.42달러)에 근접했다.박막 증착 등 반도체 제조 전 공정에 걸쳐 장비를 공급하는 어플라이드머티어리얼즈도 6.02% 올랐고, 식각·증착 공정 전문업체 램리서치는 5.86% 상승했다.이는 삼성전자·SK하이닉스가 국내에 800조원(약 1조3천억달러) 규모의 반도체 공장을 짓겠다고 발표한 직후 나온 반응이다.SML의 EUV 노광장비, 램리서치의 식각·증착장비, KLA의 공정제어·검사장비, 어플라이드머티어리얼즈의 박막장비가 신규 팹마다 필수로 투입되는 만큼 두 회사의 팹 신설 계획 발표가 장비업체 매출 확대로 직결될 것이라는 투자자들의 베팅이 깔려 있다.6월 들어 반도체 장비주에 대한 애널리스트 전망도 잇따라 상향됐다.미국 투자회사 서스퀘하나(SIG)의 메흐디 호세이니 애널리스트는 2028년 웨이퍼 파운드리 장비시장 규모를 2천500억달러로 상향 제시하며 ASML 목표주가를 커버리지 증권사 중 최고 수준으로 올렸다.UBS는 지난달 10일 2028년 글로벌 반도체 장비시장 규모를 2천500억달러로 전망했다. 바클레이즈의 토머스 오말리 애널리스트도 2027년 웨이퍼파운드리장비(WFE) 시장 규모 전망치를 기존 1천590억달러에서 2천95억달러로 큰 폭 상향했다.다음 관전 포인트는 오는 7월 15일 ASML 실적발표와 16일로 예상되는 대만 TSMC의 실적 콘퍼런스콜에서 나올 설비투자 가이던스가 꼽히고 있다.jooho@yna.co.kr",True,ASML,"최근 삼성전자와 SK하이닉스의 국내 반도체 투자 발표로 글로벌 반도체 장비주가 강세를 보였다. 네덜란드 ASML은 사상 최고가인 1,721.40유로를 기록하며 6.79% 상승했고, 미국 ADR도 5.65% 올랐다. KLA, 어플라이드머티어리얼즈, 램리서치 등 장비업체들도 각각 급등하며 반도체 공장 증설 기대에 힘입었다. 전문가들은 2028년 시장 규모 전망을 상향하며, 오는 7월 ASML과 TSMC 실적 발표와 설비투자 가이던스에 관심을 모으고 있다.",ASML,2.0
2026-07-01,"美정부, 앤트로픽 첨단 AI '미토스5' 수출통제 해제",정보 없음,https://n.news.naver.com/mnews/article/092/0002428796,"18일 만에 규제 철회…한국 포함 해외 이용자 접근 권한 순차 복원미국 정부가 국가 안보를 이유로 외국인 접근을 제한했던 앤트로픽의 최상위 인공지능(AI) 모델에 대한 수출 통제를 해제했다. 이에 한국을 포함한 해외 이용자들도 그동안 제한됐던 '클로드 미토스5'와 '클로드 페이블5'를 다시 사용할 수 있게 될 전망이다.앤트로픽은 30일(현지시간) 미국 상무부로부터 클로드 미토스5와 클로드 페이블5에 대한 수출 통제 지침이 해제됐다는 통보를 받았다고 밝혔다. 회사는 다음 날부터 모델 접근 권한 복원을 시작하고 순차적으로 서비스를 정상화할 계획이다.이번 조치는 미국 정부가 지난 12일 국가 안보를 이유로 두 모델에 대한 외국인 접근을 전면 차단한 지 18일 만이다. 당시 상무부는 고성능 AI 모델이 악용될 가능성을 우려해 수출 통제를 결정했고 앤트로픽은 정부 지침을 준수하기 위해 해외 이용자는 물론 외국인 직원의 접근까지 제한했다.미국 정부가 첨단 앤트로픽 AI 모델 클로드 미토스5와 페이블5 수출통제 지침을 해제했다. (사진=씨넷)미토스5는 전문가 수준의 사이버보안 취약점 탐지 능력을 갖춘 고성능 AI 모델이다. 페이블5는 미토스5를 기반으로 하면서 해킹이나 무기 제작 등 민감한 분야에 대한 응답을 제한하는 안전장치를 적용해 일반 이용자에게 공개한 모델이다.미국 정부는 수출 통제 기간에도 규제를 일부 완화했다. 지난 26일에는 미국 정부가 신뢰할 수 있다고 판단한 일부 기업과 연방기관을 대상으로 미토스5 사용을 허용했다. 당시 상무부는 적절한 안전장치가 마련됐다고 판단해 제한적인 접근을 승인했다고 밝혔다.이번 전면 해제로 한국 기업과 기관도 다시 최신 모델을 활용할 수 있을 것으로 보인다. 앞서 한국인터넷진흥원(KISA)·삼성전자·SK하이닉스·SK텔레콤 등은 앤트로픽의 AI 보안 프로그램에 참여하고 있었지만 미국 정부의 수출 통제로 모델 활용에 제약을 받아왔다.최근 미국 트럼프 행정부는 AI 모델 공개 전 정부와의 사전 협의 체계를 추진 중이다. 오픈AI 역시 최근 신형 모델을 일부 신뢰할 수 있는 파트너에게 먼저 제공하는 방식으로 정부 요구에 대응하고 있다. 다만 회사는 이같은 정부 승인 절차가 장기적인 표준이 돼서는 안 된다는 입장을 밝힌 바 있다.앤트로픽 측은 ""사용자들의 인내와 모델 재배포를 위해 함께 노력해준 모든 이에게 감사하다""며 ""다음 날부터 모델 접근 권한 복원을 시작하고 조만간 추가 업데이트를 공유하겠다""고 밝혔다.",True,앤트로픽,"미국 정부는 국가 안보를 이유로 제한했던 앤트로픽의 AI 모델인 클로드 미토스5와 페이블5에 대한 수출 통제를 해제했다. 이에 따라 한국을 포함한 해외 이용자들도 모델 사용이 재개될 전망이다. 미국은 지난 12일 외국인 접근을 차단했으며, 이후 일부 기업과 기관에 제한적 사용을 허용했으나 이번 전면 해제로 모델 접근이 순차적으로 정상화될 예정이다. 이 조치는 AI 기술의 글로벌 활용과 한국 기업의 참여에 긍정적 영향을 미칠 것으로 기대된다.",앤트로픽,1.0
2026-07-01,"앤트로픽, 에이전트형AI '클로드 소넷 5' 공개…코딩·추론 능력 강화",정보 없음,https://n.news.naver.com/mnews/article/123/0002385709,"100만 토큰·낮은 API 단가 앞세워 개발자 공략외부 평가선 성능 최상위권…과제당 비용은 변수◆…앤트로픽 로고. 사진=로이터앤트로픽이 새 인공지능(AI) 모델 '클로드 소넷 5'를 출시했다. 코딩과 도구 사용, 추론, 지식 업무 성능을 끌어올린 에이전트형 모델로, 개발자와 기업 고객을 겨냥했다.앤트로픽은 지난달 30일(현지시각) 공식 홈페이지를 통해 클로드 소넷 5를 공개했다. 회사는 소넷 5를 소넷 계열 가운데 에이전트형 작업에 가장 적합한 모델이라고 소개했다.소넷 5는 복잡한 업무를 계획하고 여러 도구를 활용해 단계별 작업을 수행하는 능력을 강화한 것이 특징이다. 코딩과 도구 사용, 추론, 지식 업무 성능을 높여 소프트웨어 개발과 업무 자동화 수요를 겨냥했다.회사는 출시 전 안전성 평가에서 소넷 5가 전반적으로 이전 모델인 소넷 4.6보다 개선됐다고 설명했다. 에이전트형 작업 안전성 측면에서는 악의적 요청을 거부하는 능력과 프롬프트 인젝션 공격에 대한 저항력이 높아졌고, 환각과 과잉동조 현상도 소넷 4.6보다 낮게 나타났다.가격은 오는 8월 31일까지 입력 100만 토큰당 2달러, 출력 100만 토큰당 10달러로 책정됐다. 이후에는 입력 100만 토큰당 3달러, 출력 100만 토큰당 15달러의 표준 가격이 적용된다.컨텍스트 창은 100만 토큰까지 지원한다. 이는 책 수백 쪽 분량의 문서나 대형 소스코드 묶음을 한 번에 모델에 넣고 분석할 수 있는 수준이다. 대규모 코드베이스나 긴 문서, 복잡한 업무 지시를 한 번에 처리하려는 기업·개발자 수요를 반영한 기능이다.앤트로픽은 소넷 5가 상위 모델인 클로드 오퍼스 4.8에 가까운 성능을 더 낮은 가격에 제공한다고 설명했다.글로벌 AI 성능 평가 기관 아티피셜 애널리시스(Artificial Analysis)의 지능 지수 자료에 따르면 클로드 소넷 5는 지수 53점을 기록했다. GPT-5.5와 클로드 오퍼스 4.8은 각각 54점으로 나타났다.다만 실제 업무 처리 비용 측면에서는 단순 가격 경쟁력을 단정하기 어렵다는 분석도 나온다. 애널리시스의 지능지수 과제당 비용 지수에서는 클로드 소넷 5의 과제당 평균 비용은 2.29달러로 집계됐다. 이는 클로드 오퍼스 4.8의 1.80달러보다 높고, GPT-5.5의 1.03달러와 비교해도 두 배 이상 비싼 수준이다.공식 API 단가는 상위 모델보다 낮지만, 실제 업무 처리 비용은 출력량과 추론 과정, 캐시 사용 여부에 따라 달라질 수 있다. 모델이 문제를 풀기 위해 더 많은 토큰을 쓰거나 긴 답변을 생성하면 과제당 비용은 높아질 수 있다는 의미다.소넷 5는 클로드 무료·프로 이용자의 기본 모델로 적용된다. 맥스·팀·엔터프라이즈 고객도 사용할 수 있으며, 개발자는 앤트로픽 API와 클로드 플랫폼, 클로드 코드에서 새 모델을 이용할 수 있다.",True,앤트로픽,"앤트로픽은 새 AI 모델 '클로드 소넷 5'를 출시하며, 개발자와 기업 대상 에이전트형 성능을 강화했다. 이 모델은 복잡한 업무 계획과 도구 활용, 안전성 향상으로 이전 모델보다 안전하고 강력하다. 가격은 8월 말까지 저렴하며, 대용량 컨텍스트 지원으로 긴 문서와 코드 분석이 가능하다. 글로벌 평가에서는 GPT-5.5와 비슷한 성능을 보이지만, 과제당 비용은 오히려 더 높아 실제 업무 비용은 토큰 사용량에 따라 달라질 수 있다. 소넷 5는 무료·유료 플랜 모두에 적용돼 개발자와 기업이 활용할 수 있다.",앤트로픽,1.0
2026-07-01,"AI 신약 개발 시동…앤트로픽 ""소외 질환 치료제 발굴""",정보 없음,https://n.news.naver.com/mnews/article/422/0000880307,"앤트로픽 [로이터=연합뉴스 자료사진]인공지능(AI) 기업 앤트로픽이 신약 개발 프로그램을 가동하며 건강관리 시장 공략에 나섰습니다.CNBC의 현지시간 지난달 30일 보도에 따르면 앤트로픽의 에릭 카우더러-에이브럼스 생명과학 총괄은 제약사들을 위해 설계된 AI 도구 개발의 일환으로 신약 개발 프로그램을 내부적으로 발족했다고 밝혔습니다.카우더러-에이브럼스 총괄은 앤트로픽이 기존 제약사들이 매력적인 투자 대상으로 보지 않는 소외된 질환의 치료제 발굴에 주력할 것이라고 강조했습니다.앤트로픽이 신약 개발에 직접 나서는 이유로는 ""산업의 발전을 가속할 올바른 모델과 제품, 도구를 구축하려면 직접 경험해야 하기 때문""이라고 설명했습니다.앤트로픽 대변인도 ""우리는 공익 기업으로서 상업 시장이 간과하는 업무를 포함해 환자의 이익을 위한 프로그램을 선택할 수 있다""라고 밝혔습니다.앤트로픽은 신약·신소재 개발에 특화한 AI 도구 알파폴드를 개발한 존 점퍼 구글 딥마인드 부사장을 최근 영입했습니다.그는 알파폴드 AI로 단백질 접힘 문제를 풀어 데미스 허사비스 딥마인드 최고경영자(CEO)와 함께 지난 2024년 노벨 화학상을 공동 수상한 인물입니다.앤트로픽은 과학자들을 위한 AI 도구 '클로드 사이언스'의 시험판도 이날 선보였습니다.클로드 사이언스는 연구자들이 흔히 사용하는 도구를 통합해 문헌 분석과 다단계 연구, 시각적 연구 결과물 생성 등을 도와줍니다.유전체학, 단백질체학, 화학정보학 등 분야에 맞춰 사전 구성됐으며 과학 데이터베이스 60여 종과 연동됩니다.앤트로픽은 에이전트 능력을 키운 AI 모델 '클로드 소넷5'도 이날 발표했습니다.소네트5는 상위 모델인 '오퍼스4.8'에 육박하는 성능을 제공하면서도 낮은 비용으로 책정돼 코딩·도구 사용·지식 산업 등에서 뛰어난 효율성을 보여준다고 앤트로픽은 소개했습니다.앤트로픽의 AI 모델은 최상위 '미토스·페이블'부터 상위 '오퍼스', 중위 '소네트', 하위 '하이쿠' 등으로 구성돼 있습니다.#앤트로픽 #신약개발프로그램 #소외질환연합뉴스TV 기사문의 및 제보 : 카톡/라인 jebo23",True,앤트로픽,"인공지능 기업 앤트로픽이 신약 개발 프로그램을 시작하며 건강관리 시장에 진출했습니다. 소외된 질환 치료제 발굴에 집중하며, AI 도구 개발과 연구를 통해 산업 발전을 가속화하려 합니다. 최근 구글 딥마인드 출신 존 점퍼를 영입했고, 과학자용 AI 도구 '클로드 사이언스'와 성능 높은 '클로드 소넷5'를 선보였습니다. 이를 통해 제약사와 연구자들이 효율적으로 연구할 수 있도록 지원하는 것이 목표입니다.",앤트로픽,1.0
2026-07-01,"앤트로픽, 수출규제 족쇄 풀고 신모델 '소네트5'까지… 재도약 시동",정보 없음,https://n.news.naver.com/mnews/article/138/0002232757,"소네트5의 주요 평가 성적을 소네트 4.6, 오푸스 4.8과 비교한 표. 소네트5는 에이전틱 코딩(SWE-bench Pro 63.2%, Terminal-Bench 2.1 80.4%), 다분야 추론(Humanity's Last Exam), 컴퓨터 사용(OSWorld-Verified 81.2%), 지식 노동(GDPval-AA v2) 등 전 항목에서 전작 소네트 4.6을 앞섰고, 상위 모델인 오푸스 4.8에 근접한 수준을 보였다. [사진=앤트로픽]미 상무부가 앤트로픽의 최고성능 인공지능(AI) 모델인 '미토스5(Mythos 5)와 '페이블5(Fable 5)'에 부과했던 수출통제를 해제하면서 19일간 이어진 서비스 중단 사태가 마무리됐다. 앤트로픽은 6월 30일(현지시간) 규제 해제 소식을 알리며 페이블5를 7월 1일부터 전 세계 사용자에게 다시 제공한다고 밝혔다. 이와 동시에 앤트로픽은 신형 모델 '클로드 소네트5(Claude Sonnet 5)'를 공개하며 수출규제 사태 이후 첫 신모델 출시로 사업 정상화에 속도를 내고 있다.트럼프 행정부는 지난 6월 12일 해킹 악용 가능성 '탈옥'을 이유로 외국인의 페이블5·미토스5 사용을 미국 안팎에서 전면 제한하도록 하는 수출통제 지침을 내렸다. 앤트로픽은 실시간으로 사용자의 국적을 걸러내는 것이 기술적으로 불가능하다는 점과 법적 의무를 들어 두 모델의 서비스를 전 세계적으로 사실상 중단했고, 이 과정에서 일부 기업 고객들의 불만이 제기됐다.미토스5는 안전장치를 최소화한 최고성능 원본 모델로 검증된 소수 기관에만 제공된다. 페이블5는 여기에 안전장치를 강화해 일반 사용자에게 공개한 버전이다. 두 모델은 동일한 기반 모델을 공유한다.이후 미 상무부는 검토를 거쳐 규제를 단계적으로 완화했다. 하워드 러트닉 상무장관은 지난주 미토스5를 일부 미국 조직에 한해 우선 허용했고, 이번에 페이블5까지 규제를 전면 해제하면서 사태를 매듭지었다. 페이블5는 클로드 플랫폼, 클로드AI, 클로드 코드에서 다시 이용할 수 있으며, 프로·맥스·팀 및 일부 엔터프라이즈 플랜 사용자는 7월 7일까지 주간 사용 한도의 최대 50%까지 페이블5를 쓸 수 있다. 미토스5는 6월 26일(현지시간) 정부 승인을 받아 일부 미국 조직 대상으로 접근이 복구된 상태다. 앤트로픽은 별도의 국가별 제외 조항 없이 페이블5를 전 세계에 다시 공개한다고 밝혀 한국 이용자도 7월 1일부로 대상에 포함되나, 복구는 계정별로 점진적으로 이뤄질 수 있어 실제 이용까지는 다소 시차가 있을 수 있다.앤트로픽은 규제 해제와 맞물려 신형 모델 소네트5를 공개했다. 회사 측은 이번 모델을 지금까지 나온 소넷 계열 중 가장 자율적인 모델로 소개하며, 계획을 스스로 세우고 브라우저·터미널 같은 도구를 활용해 작업을 수행하는 능력이 크게 향상됐다고 밝혔다. 성능은 상위 모델인 오푸스 4.8에 근접하면서도 가격은 더 낮췄다는 설명이다. 추론, 도구 사용, 코딩, 지식 노동 등 핵심 지표에서 전작 소네트 4.6 대비 큰 폭으로 개선됐으며, 에이전틱 검색(BrowseComp)과 컴퓨터 사용(OSWorld-Verified) 벤치마크에서 중간 수준의 작업 강도(effort) 설정만으로도 효율이 크게 높아졌고 최고 설정에서는 일부 과제에서 오푸스 4.8과 맞먹는 성능을 보였다.가격은 오푸스 대비 크게 낮췄다. 정식 API 가격은 입력 토큰 100만 개당 3달러, 출력 토큰 100만 개당 15달러이며, 8월 31일까지는 출시 기념으로 각각 2달러와 10달러에 제공된다. 이는 오푸스 4.8(입력 5달러·출력 25달러) 대비 60% 수준이다. 다만 단가가 낮다고 실제 작업 비용까지 저렴한 것은 아니라는 분석도 나온다. 소네트5는 추론 과정에서 더 많은 토큰을 사용하기 때문에, 최대 추론 모드에서는 출력 토큰 사용량이 소네트 4.6보다 약 40% 늘고 에이전트 작업에서는 최대 3배 많은 추론 단계를 수행하는 것으로 분석됐다. 이 때문에 업계에서는 이번 출시를 가능한 한 많은 토큰을 쓰는 '토큰맥싱' 전략에서 효율성 중심으로 전환하는 신호로 평가하는 시각도 나온다.앤트로픽은 소네트5를 사이버보안 용도로 별도 학습시키지는 않았다고 밝혔다. 실제 평가에서 일부 일반적인 보안 작업은 수행했으나, 소프트웨어 취약점 공격 코드 개발 같은 위험한 과제에서는 오푸스 계열보다 현저히 낮은 성능을 보였다. 그럼에도 출시와 동시에 위험한 사이버 요청을 실시간으로 탐지·차단하는 보호 장치를 기본 활성화했으며, 이는 오푸스 4.7·4.8과 동일한 수준이다. 소네트5는 출시 당일부터 모든 요금제에서 제공된다. 무료·프로 요금제에서는 기본 모델로 적용되며, 맥스·팀·엔터프라이즈 고객도 사용할 수 있다.",True,앤트로픽,"앤트로픽은 미 상무부의 수출통제 해제 후 신형 인공지능 모델 '소네트5'를 공개하며 사업 정상화를 추진 중이다. 소네트5는 기존 소네트 4.6보다 성능이 향상되고 오푸스 4.8에 근접했으며, 가격도 낮춰 경쟁력을 갖췄다. 이 모델은 추론, 도구 활용, 코딩 등 핵심 지표에서 큰 폭으로 개선됐으며, 안전장치와 보호 기능도 강화됐다. 수출 규제 해제 후 페이블5와 미토스5의 서비스도 재개되었으며, 소네트5는 모든 요금제에서 이용 가능하다.",앤트로픽,2.0
2026-07-01,"앤트로픽, 에이전트형 AI '클로드 소넷 5' 출시…오퍼스급 성능, 낮은 가격에",정보 없음,https://n.news.naver.com/mnews/article/008/0005379992,"[뉴욕=AP/뉴시스]뉴욕의 한 컴퓨터 화면에 2월26일 앤트로픽의 웹사이트와 회사 로고가 표시돼 있다. 백악관이 정부 기관들이 앤트로픽의 공급망 위험 지정을 해결하고 역대 가장 강력한 미토스를 포함한 새로운 모델을 탑재할 수 있도록 하는 지침을 개발하고 있다고 액시오스가 정통한 소식통들의 말을 인용해 28일(현지시각) 보도했다. 2026.04.29. /사진=유세진앤트로픽이 에이전트형 AI 모델 경쟁에 다시 불을 붙였다. 질문에 답하는 AI를 넘어, 스스로 계획을 세우고 도구를 써서 업무를 끝까지 처리하는 AI를 전면에 내세웠다.앤트로픽은 소넷 시리즈 최신 모델인 '클로드 소넷 5'를 출시했다고 1일 밝혔다. 소넷 5는 현재까지 나온 소넷 계열 중 가장 강력한 에이전트형 모델이다. 브라우저와 터미널 등 외부 도구를 활용해 복잡한 작업을 자율적으로 수행하는 능력이 크게 강화된 것이 특징이다.기존 AI 챗봇이 사람의 지시를 받아 답을 내놓는 데 집중했다면, 소넷 5는 업무의 여러 단계를 스스로 나눠 처리하는 데 초점이 맞춰졌다. 자료를 찾고, 코드를 작성하고, 결과를 검증하는 식의 반복 작업을 한 번의 흐름으로 이어가는 능력이 개선됐다.앤트로픽은 소넷 5가 추론, 도구 사용, 코딩, 지식 업무 등 에이전트 성능을 가르는 주요 영역에서 전작보다 나아졌다고 설명했다. 상위 모델인 클로드 오퍼스 4.8에 가까운 성능을 더 낮은 비용으로 제공한다는 점도 강조했다.가격 전략도 눈에 띈다. 소넷 5의 API 정가는 입력 100만 토큰당 3달러, 출력 100만 토큰당 15달러다. 다만 8월 31일까지는 출시 프로모션 가격으로 입력 100만 토큰당 2달러, 출력 100만 토큰당 10달러가 적용된다. 오퍼스 4.8의 가격이 입력 100만 토큰당 5달러, 출력 100만 토큰당 25달러인 점을 감안하면, 기업 입장에서는 에이전트형 AI 도입 비용을 낮출 수 있는 선택지가 생긴 셈이다.얼리 액세스 파트너들의 평가도 비슷하다. 이전 소넷 모델이 긴 작업 중간에 멈추거나 추가 지시를 요구했던 반면, 소넷 5는 작업을 끝까지 밀고 가는 능력이 개선됐다는 설명이다. 별도 요청 없이도 결과물을 확인하고 수정하는 모습도 확인됐다고 앤트로픽은 밝혔다.안전성도 개선됐다. 악의적 요청에 대한 거부 능력과 프롬프트 인젝션 공격 저항력이 높아졌고, 잘못된 정보를 그럴듯하게 말하는 환각이나 이용자에게 과도하게 맞장구치는 아첨성 답변도 줄였다는 설명이다.소넷 5는 이날부터 클로드 무료 및 프로 플랜의 기본 모델로 제공된다. 맥스, 팀, 엔터프라이즈 플랜 이용자도 사용할 수 있다.이번 출시는 AI 시장의 무게중심이 단순 대화형 챗봇에서 업무 대행형 에이전트로 옮겨가고 있다는 점을 보여준다. 기업들이 원하는 것은 더 똑똑한 답변만이 아니다. 반복 업무를 맡기고, 중간 과정을 줄이고, 실제 업무 시간을 아껴주는 AI다.앤트로픽이 소넷 5를 전면에 배치한 이유도 여기에 있다. 고성능 모델을 일부 고가 사용자만 쓰는 구조에서 벗어나, 더 많은 이용자가 에이전트형 AI를 일상 업무에 쓰도록 만들겠다는 전략이다.",True,앤트로픽,"앤트로픽은 최신 에이전트형 AI 모델인 '소넷 5'를 출시하며, 자율적 업무 수행 능력을 강화하였다. 이 모델은 복잡한 작업을 스스로 계획하고 도구를 활용해 처리하며, 성능은 이전 모델보다 향상되고 비용도 낮아졌다. 안전성과 신뢰성도 개선됐으며, 무료 및 프로 플랜에서 이용 가능하다. 이번 출시로 AI 시장이 단순 대화형에서 업무 대행형으로 전환되고 있으며, 기업들이 반복 업무와 시간 절약에 중점을 두고 있다는 점을 보여준다.",앤트로픽,1.0
2026-07-01,"美정부, AI '미토스' 수출통제 18일만에 해제…내일 서비스 재개(종합)",정보 없음,https://n.news.naver.com/mnews/article/001/0016169753,"러트닉, 정부에 대한 협조·보고 주문…전문가 ""수출통제로 AI 우위 유지 불가""앤트로픽의 AI모델 '클로드 미토스'[AFP=연합뉴스 자료사진](샌프란시스코=연합뉴스) 권영전 특파원 = 미국 정부가 앤트로픽의 최상위 인공지능(AI) 모델 '클로드 미토스'에 대해 내렸던 수출 통제를 거둬들였다.미 상무부는 '미토스5'와 '페이블5'에 대해 내린 수출 통제 지침을 18일 만에 해제했다는 통보를 해왔다고 앤트로픽이 30일(현지시간) 밝혔다.앤트로픽은 ""내일부터 서비스를 재개할 예정""이라며 ""인내심을 보여준 사용자 여러분과 모델 재배포를 위해 노력해주신 모든 분께 감사드린다""고 말했다.하워드 러트닉 상무장관은 앤트로픽에 수출 통제 조치가 철회됐음을 통보하고는 정부에 대한 협조와 보고를 주문했다고 로이터 통신이 서한을 입수해 보도했다.러트닉 장관은 ""앤트로픽은 이들 모델과 관련한 보안 위험을 선제적으로 탐지하고 해결할 것에 동의했다""며 ""향후 모델 출시 등과 관련해 정부와 성실히 협의할 것과 악의적 활동 발생 시 정부에 보고하기로 합의했다""고 서한에 명시했다.그는 사회관계망서비스(SNS) 엑스(X·옛 트위터)에도 ""2주가 넘는 기간 동안 우리는 앤트로픽과 긴밀히 협력해 '페이블5'를 분석하고 승인했다""며 ""이를 통해 미국 정부 전반에 걸쳐 일관성을 확보하고 AI 분야에서 미국의 지배력을 강화했다""고 말했다.수지 와일스 백악관 비서실장은 이날 X에 도널드 트럼프 대통령의 AI 관련 행정명령에 민간 부문이 전례 없는 협조를 보내고 있다면서 ""우리가 공유하는 우선순위는 변함 없이 최고의 기술을 가능한 신속하고 안전하게 도입하는 것""이라고 강조했다.앞서 트럼프 대통령은 지난 19일 공개된 미 온라인 매체 악시오스와 인터뷰에서 앤트로픽과 그 최고경영자(CEO)를 국가안보 위협으로 보느냐는 질문에 ""지금은 아니다""라고 답하고는 ""(앤트로픽이) 지금까지는 매우 책임감 있게 행동해왔다""고 언급한 바 있다.미토스5는 전문가 수준의 사이버 보안 취약점 탐지 능력을 갖춘 것으로 나타나 세계 보안 업계에 충격을 준 모델이다.페이블5는 미토스5에 해킹이나 무기 제조에 악용될 수 있는 민감한 주제 관련 답변을 제한하도록 안전장치를 추가한 모델이다.상무부는 지난 12일 이들 두 모델이 국가 안보에 위협이 된다며 외국인이 이들 모델에 접속할 수 없도록 하는 수출 통제 지침을 내렸다.이에 이용자의 국적을 식별하는 기능을 갖추지 못한 앤트로픽은 이들 모델에 외국인뿐 아니라 미국인들의 접속도 막았다.다만 지난 26일부터는 미 정부가 신뢰할 수 있다고 승인한 자국 기업·기관 100여 곳은 미토스 사용이 허가됐다.미 정부는 당초 이용자들이 이른바 '탈옥'이라고 불리는 방법을 통해 앤트로픽이 자사 모델에 적용한 안전장치를 우회할 수 있다는 점을 우려해 수출 통제 지침을 내린 것으로 알려졌다.미 국가안보국(NSA) 법률고문 출신인 글렌 거스텔 전략국제문제연구소(CSIS) 선임 고문은 수출 통제를 해제한 데 대해 ""올바른 조치""라고 평가하면서 ""최신 혁신 기술에 단순히 수출 통제를 가하는 것만으로는 첨단 AI 분야에서 중국에 대한 우리의 우위를 유지할 수 없다""고 정치전문 매체 폴리티코에 지적했다.한편 오픈AI도 지난 26일 새 AI 모델 'GPT-5.6'을 선보이는 과정에서 정부와 공유된 '신뢰할 수 있는 파트너'를 대상으로 모델을 선공개했다.당시 오픈AI는 ""이와 같은 형태의 정부 승인 절차가 장기적인 표준이 돼선 안 된다고 생각한다""고 비판적인 입장을 냈다.comma@yna.co.kr",True,앤트로픽,"미국 정부는 앤트로픽의 AI 모델 '클로드 미토스'에 대한 수출 통제를 해제하고, 관련 협조와 보고를 주문했다. 러트닉 상무장관은 정부와 긴밀히 협력해 보안 문제를 해결했다고 밝혔으며, AI 분야에서 미국의 우위를 유지하기 위한 조치라고 설명했다. 전문가들은 수출 통제만으로 첨단 AI 경쟁력을 확보하기 어려운 점을 지적하며, 민간 기업과 정부의 협력이 중요하다고 강조했다.",앤트로픽,2.0
2026-07-01,"미 정부, 앤트로픽 AI 페이블5 수출 통제 해제…1일부터 서비스 재개",정보 없음,https://n.news.naver.com/mnews/article/028/0002812186,"2026년 6월5일 촬영된 자료사진으로, 키보드 위로 앤트로픽의 로고가 보인다. 로이터 연합뉴스미국 정부가 국가 안보에 위협이 된다며 앤트로픽의 최첨단 인공지능(AI) 모델에 내렸던 수출 통제를 18일 만에 해제했다.앤트로픽은 30일(현지시각) 미 상무부로부터 클로드 페이블5에 대한 수출 통제가 해제됐다는 통보를 받았다고 밝혔다. 앤트로픽 쪽은 성명을 내어 “내일(7월1일)부터 서비스를 재개할 예정”이라며 “인내해 준 사용자 여러분과 모델 재배포를 위해 노력해 주신 모든 분께 감사드린다”고 전했다.이번 성명은 하워드 러트닉 미 상무부 장관이 소셜미디어엑스를 통해 해당 모델 중 하나인 페이블5의 수출 통제 해제 사실을 알린 직후 발표됐다. 러트닉 장관은 “지난 2주간 앤트로픽과 긴밀히 협력해 페이블5를 분석하고 승인했다”고 했다. 페이블5는 앤트로픽의 최첨단 모델 미토스를 기반으로 하되, 일반인들이 안전하게 사용할 수 있도록 안전장치를 적용한 버전이다.앞서 앤트로픽은 지나치게 성능이 뛰어나 해킹 등에 악용될 수 있다는 지적을 받은 미토스를 바로 출시하지 않고, 일부 기업에게만 접근권을 주어 보안을 테스트 중이었다. 이후 해킹이나 무기제조 등 민감한 주제에 대해선 위험한 대답을 내놓지 못하도록 제한을 건 모델인 페이블5를 지난달 9일 출시했다.하지만 지난 12일 미 상무부는 페이블5에서도 안전장치를 우회한 접근이 우려된다며 미 시민권자가 아닌 이들은 사용하지 못하게 하라고 지시해 서비스가 중지됐다. 시엔엔(CNN)은 취재 결과, 이달 초 앤트로픽의 인공지능 모델을 테스트 중이던 아마존이 우회 접근이 가능하다는 점을 알아내 신고했다고 보도했다.한편 오픈에이아이(AI)도 지난 26일 챗지피티의 최신 모델 ‘지피티-5.6’(GPT-5.6)를 정부의 인증을 받은 일부 소수 파트너에게만 선공개했다. 당시 오픈에이아이는 “이와 같은 형태의 정부 통제 및 승인 절차가 장기적인 표준이 돼선 안 된다고 생각한다”고 비판적인 입장을 냈다.",True,앤트로픽,"미국 정부는 앤트로픽의 최첨단 인공지능 모델인 페이블5에 대한 수출 통제를 18일 만에 해제했다. 페이블5는 안전장치를 갖춘 버전으로, 지난달 9일 출시됐으며, 지난 12일 미국 정부가 안전장치 우회 가능성을 이유로 서비스 중단을 명령했다. 이후 앤트로픽은 미 상무부와 협력하여 분석 후 통제 해제를 받았으며, 7월 1일부터 서비스를 재개할 예정이다. 이번 조치는 인공지능 안전성과 수출 규제 정책의 논란 속에서 이루어졌다.",앤트로픽,1.0
2026-07-01,"'AI, 오전 7시에 유독 바빴다'…쏟아진 질문의 정체",정보 없음,https://n.news.naver.com/mnews/article/015/0005304825,"뉴스카페""뉴스는 오전 7시, 레시피는 오후 6시""앤트로픽, AI 활용 보고서 공개사진은 기사와 무관함. /사진=게티이미지뱅크생성형 인공지능(AI) 모델을 이용하는 방식이 시간대 등 실생활 패턴과 밀접하게 연결돼 있는 것으로 나타났다. 또 AI 답변 대부분이 문서와 애플리케이션(앱) 등 결과물 생성으로 이어진 것으로 조사됐다. AI가 사람들의 일상 속에 빠르게 스며들고 있다는 분석이 나온다.앤트로픽은 이 같은 내용을 담은 AI 활용 방식 보고서를 공개했다고 29일(현지시간) 밝혔다. 글로벌 전체 클로드 사용자의 패턴을 최근 약 3개월간 분석한 결과다. 클로드 사용자의 뉴스 관련 질문은 오전 7시께 집중됐다. 이 시간대의 ‘뉴스 종합’ 요청은 평균 값 대비 약 2.5배 많았다. 이 밖에 레시피 요청은 오후 6시에 평균보다 2.3배 많은 것으로 나타났고, 수면 관련 조언은 새벽 5시께 가장 높은 빈도를 기록했다. 영상 추천 요청은 오후 8시에 가장 많이 이뤄졌다. 종합하면 하루를 여는 뉴스 읽기와 퇴근 후 요리, 잠을 이루지 못했을 때 조언 등의 일상에서 AI가 함께하고 있다는 뜻으로 풀이된다.전체 클로드 대화의 93%는 문서 작성, 애플리케이션 개발, 코드 수정 등 실제 결과물 생성으로 이어지는 것으로 나타났다. 업무에서도 AI가 실질적 파트너로 자리잡고 있다는 의미다. 야간과 주말에 요청하는 업무는 마케팅, 컴퓨터 프로그래밍 등 고소득 직종 관련 비중이 높았다.한국은 전 세계 국가 중 클로드 사용량 14위를 기록했다. 앤트로픽이 계산한 인구 대비 기대치보다 사용량이 3.78배 많았다. 1위는 호주(6.4배)가 차지했고, 2위는 싱가포르(5.81배)였다.박한신 기자",True,앤트로픽,"앤트로픽이 공개한 보고서에 따르면, 생성형 AI 모델은 일상 패턴과 밀접하게 연결돼 있으며, 대부분 문서 및 애플리케이션 결과물 생성에 활용된다. 뉴스 관련 질문은 오전 7시, 레시피 요청은 오후 6시, 수면 조언은 새벽 5시, 영상 추천은 오후 8시에 집중됐다. AI는 일상 속에서 빠르게 자리 잡아, 93%의 대화가 실제 결과물로 이어지고 있으며, 야간과 주말에는 마케팅과 프로그래밍 등 고소득 직종 관련 요청이 많다. 한국은 글로벌 14위로, 인구 대비 기대치보다 3.78배 높은 사용량을 기록했다.",앤트로픽,1.0
2026-07-01,"앤트로픽, 자체 신약 개발 착수…소외 질환 치료제 발굴에 AI 투입",정보 없음,https://n.news.naver.com/mnews/article/138/0002232680,"[사진=앤트로픽][디지털데일리 이상일기자] 앤트로픽(Anthropic)이 자체 신약 개발 프로그램을 시작하며 헬스케어 시장에 진출했다. AI 기업이 직접 의약품 연구에 나선 것으로, 제약사를 위한 AI 도구 개발과 병행하는 전략이다.6월30일(현지시간) CNBC 보도에 따르면 앤트로픽의 생명과학 부문 책임자 에릭 카우더러-에이브럼스(Eric Cauderer-Abrams) 샌프란시스코에서 열린 행사에서 이 같은 계획을 발표했다. 회사는 기존 바이오제약사들이 연구 대상으로 삼지 않는 '소외 질환'의 치료법 발굴에 집중할 방침이다.카우더러-에이브럼스는 ""업계를 가속화할 올바른 모델, 제품, 도구를 구축하려면 직접 경험해야 한다""며 ""신약을 개발하는 경험을 현장에서 함께 공유하는 것보다 더 좋은 방법은 없다""고 말했다.앤트로픽은 이번 신약 개발 노력을 자사의 신제품 클로드 사이언스(Claude Science)와 연계해 제약사에 AI 도구를 공급하는 사업과 함께 추진한다. 생명과학 파트너십 책임자 조나 쿨(Jonah Kool)은 소외 질환에 집중하면서 생명과학 기업용 AI 도구를 개발·판매하는 것이 목표라고 밝혔다.다만 앤트로픽은 유망한 신약 후보 물질을 발견할 경우 임상시험 등 후속 절차를 어떻게 진행할지에 대해서는 구체적인 입장을 밝히지 않았다.기술 기업의 헬스케어 진출은 새로운 흐름이 아니다. 알파벳(Alphabet), 애플(Apple), 아마존(Amazon) 등이 다양한 방식으로 의료 시장에 뛰어들었으나 성과는 엇갈렸다. 아마존은 원 메디컬(One Medical)과 필팩(PillPack)을 인수해 헬스케어 사업을 구축했으며, 현재 아마존 헬스 서비스(Amazon Health Services) 부문으로 운영 중이다.",True,앤트로픽,"AI 기업 앤트로픽이 자체 신약 개발에 나서 헬스케어 시장에 진출했다. 소외 질환 치료법 발굴에 집중하며, 제약사 대상 AI 도구를 개발·공급하는 전략이다. 이번 계획은 신약 개발 경험을 바탕으로 AI 도구와 신제품 클로드 사이언스를 연계하여 추진하며, 후속 임상 절차에 대한 구체적 방침은 미정이다. 기술 기업의 헬스케어 진출은 알파벳, 애플, 아마존 등과 유사한 흐름이다.",앤트로픽,1.0
2026-07-01,[DD퇴근길] AI회사가 신약도 만든다…앤트로픽의 투잡 전략,정보 없음,https://n.news.naver.com/mnews/article/138/0002232813,"로그아웃 1시간 전, 오늘 정보통신기술(ICT) 업계엔 무슨 일이 있었을까요? 복잡한 기술 용어는 빼고 기사 뒤에 숨은 '진짜 의미'만 간단명료하게 분석해 드립니다. 퇴근길 지하철에서 가볍게 읽는 DD 퇴근길, 시작합니다.[사진=앤트로픽]클로드로 유명한 앤트로픽이 이번엔 신약 개발에 뛰어들었습니다. 그것도 대형 제약사들이 돈이 안 된다고 외면해온 '소외 질환' 치료제부터 손을 댔다고 하는데요. 표면적 이유는 ""직접 해봐야 제대로 된 도구를 만들 수 있다""는 겁니다.사업 다각화 의미도 있겠지만 성공할 경우 엄청난 마케팅 효과도 발생할 수 있습니다. ""우리 AI 도구가 신약도 찾아낼 수 있다""는 걸 증명하는 최고의 마케팅이자 동시에 클로드 사이언스라는 유료 도구를 제약업계에 파는 명분을 마련할 수도 있습니다.다만 임상시험 등 실제 상용화 계획은 아직 구체화하지는 않았습니다. 그리고 알파벳·아마존 등 빅테크의 헬스케어 진출이 대부분 고전했다는 걸 감안하면 앤트로픽의 도전도 쉽지만은 않을 것으로 예상됩니다.기사원문: ""앤트로픽, 자체 신약 개발 착수…소외 질환 치료제 발굴에 AI 투입"" (이상일 기자)국가정보자원관리원 [사진=연합뉴스]7억이던 유지비가 500억으로…국정자원, 결국 ""버전 낮춘다""국가정보자원관리원이 최신 버전으로 올려놨던 VM웨어 가상화 시스템을 다시 구버전으로 낮추기로 했습니다. 이유는 단순합니다. 예산 부족입니다. 예전엔 연 7억원이면 됐던 유지비가 브로드컴이 VM웨어를 인수한 뒤 구독형으로 정책을 바꾸면서 100억원, 전체 전환 시 500억원까지 늘어난다고 합니다.결국 국정자원은 최신 버전을 다시 낮추고 내년부터는 다른 가상화 소프트웨어로 갈아탈 준비를 시작했습니다.이 사례가 보여주는 건 '구독 경제의 함정'입니다. 기업들이 안정적 수익을 위해 영구 구매 모델을 버리고 구독형으로 갈아타는 흐름이 소프트웨어 업계 전반에 퍼지고 있는데 문제는 갈아탈 대안이 마땅치 않은 고객은 고스란히 비용 폭탄을 떠안는다는 점입니다.국가기관조차 예산 감당이 안 돼 시스템을 일부러 후퇴시키는 상황이니 이보다 협상력이 약한 중소기업들의 부담은 훨씬 클 수 밖에 없을 것입니다. 여기에 버전을 낮추는 작업 자체도 공짜는 아닙니다. 호환성 문제나 속도 저하 같은 부작용이 따를 수 있어 당장의 비용은 아꼈지만 다른 곳에서 대가를 치를 가능성도 남아 있습니다.기사원문: ""구독형 SW 함정에 빠진 국정자원…100억원 비용 부담에 VM웨어 다운그레이드 나선다"" (이안나 기자, 오병훈 기자)SK텔레콤이 지난해 발생한 유심(USIM) 해킹 사고 이후 정보보호 투자와 전문인력을 대폭 확대한 것으로 1일 나타났다. 사진은 SK텔레콤 정재헌 최고경영자(CEO). [사진=디지털데일리]유심 뚫린 지 1년…SKT, 이번엔 진짜 지갑 열었다지난해 유심 해킹으로 홍역을 치른 SKT가 정보보호에 쓰는 돈을 1년 만에 70% 넘게 늘렸습니다. 처음으로 1000억원을 돌파했고 IT 투자에서 보안이 차지하는 비중도 4%대에서 7%대로 뛰었습니다.보안 인력도 두 배 가까이 늘리고 침투 테스트만 전담하는 '레드팀'까지 새로 꾸렸습니다. 해킹 이후에야 지갑을 여는 전형적인 '사후약방문'처럼 보일 수도 있지만 투자 규모만 보면 나름 진심입니다.눈여겨볼 대목은 숫자보다 구조입니다. 작년엔 CISO(정보보호책임자)를 임원이라고 공시해놓고 정작 등기임원 명단에선 찾을 수 없었는데 이번엔 이 부분을 확실히 정리했습니다. 보안 책임자에게 실질적 권한과 책임을 함께 부여했습니다.회사가 앞으로 5년간 7000억원을 투자하겠다고 약속한 것도 눈에 띕니다. 한 번의 사고 이후 반짝 투자로 끝내지 않고 장기 과제로 못 박아 스스로 발을 빼기 어렵게 만든 겁니다. 다만 진짜 평가는 다음 사고가 터졌을 때 이 시스템이 실제로 작동하는지 봐야 알 수 있겠죠.기사원문: ""유심 해킹 1년…SKT, 정보보호 투자 70% 늘렸다"" (강소현 기자)[사진=연합뉴스]구글이 게임사 잡으려고 쓴 GVP…공정위가 제동구글이 게임사들의 플레이스토어 이탈을 막으려고 몰래 쓴 카드가 있었습니다. 이름하여 'GVP(Google Velocity Program) 계약'. 겉으로는 클라우드나 유튜브 광고 같은 구글 서비스 이용료를 지원해주는 거래처럼 보이지만 실상은 ""우리 앱마켓에 먼저 내놓고 최소한 다른 곳과 동등하게 대해달라""는 '최혜대우' 조건이 붙어 있었습니다.공정위는 바로 이 부분을 위법으로 보고 심의 절차에 들어갔습니다. 특히 앱마켓 게임 매출이 늘수록 구글의 지원금도 증가하는 누진적 구조였는데요. 게임사가 잘 될수록 구글을 떠나기는 더 어려워질 수 밖에 없는 구조입니다.과징금 상한은 관련 매출의 최대 6%까지 부과할 수 있는데요. 공정위가 산정한 관련 매출액은 우리돈으로 약 14조원을 넘어섭니다. 과징금 규모가 얼마나 될지에 업계의 관심이 집중되고 있는데요.다만 아직 최종 결론은 아니고 구글의 반박 기회도 남아있습니다. 국내 앱마켓 원스토어 입장에서는 오랜만에 들려온 반가운 소식일 텐데 실제 경쟁 구도가 바뀔지는 전원회의 결과를 봐야 알 것 같습니다.기사원문: ""공정위, 구글 '앱마켓 갑질' 정황 포착…""제재 절차 심의"" (채성오 기자)배경훈 부총리 겸 과학기술정보통신부 장관이 6월29일 청와대에서 이재명 대통령 주재로 열린 3대 메가프로젝트 국민보고회에서 정책을 발표하고 있다.[사진=연합뉴스]정부는 로봇 데이터 창고를 짓겠다는데…업계는 ""모아만 두면 헛일""정부가 국가 제조데이터 라이브러리를 만들어 숙련공의 손기술까지 데이터로 바꾸겠다고 나섰습니다. 로봇이 공장에서 일하려면 사람의 동작 데이터가 필요한데 이게 지금까지는 회사마다 제각각 방식으로 모아서 서로 호환이 안 됐다는 거죠.업계가 한목소리로 요구하는 건 '표준'과 '접근권한'입니다. 데이터를 아무리 많이 모아도 대기업 창고에만 쌓이고 스타트업은 못 쓰면 무용지물이라는 겁니다.여기에 최근 앤트로픽의 최상위 모델(미토스5·페이블5) 접근이 수출통제로 제한됐다가 일부만 완화된 사례가 겹치면서 ""해외 AI 모델에만 의존했다간 언제 발등 찍힐지 모른다""는 위기감도 커지고 있습니다.결국 이번 정책의 성패는 '얼마나 큰 창고를 짓느냐'가 아니라 '누가 그 안의 물건을 꺼내 쓸 수 있게 만드느냐'에 달려 있습니다.기사원문: ""[AI 클로즈업] 정부, 제조 데이터화 추진…업계 ""표준·공유권한·스타트업 접근성 필요"""" (구아현 기자)",True,앤트로픽,"앤트로픽이 소외 질환 치료제 개발에 AI를 활용하며 신약 개발에 도전하고 있습니다. 이는 자체 AI 도구의 가능성을 보여주고, 제약업계에 AI 기반 신약 찾기 기술을 홍보하려는 전략으로 보입니다. 한편, 국정자원은 예산 부족으로 VM웨어 구버전으로 다운그레이드하며 구독형 소프트웨어의 비용 부담 문제를 드러냈습니다. SK텔레콤은 유심 해킹 이후 보안 투자를 70% 이상 늘려 1000억 원을 투자했고, 구글은 게임사 지원 프로그램(GVP)이 공정위 제재 대상으로 검토되고 있습니다. 정부는 제조 데이터 표준화와 AI 기술 자립을 추진하며, 해외 AI 모델 수출 제한 등 글로벌 공급망 문제도 부각되고 있습니다.",앤트로픽,1.0
2026-07-01,"앤트로픽, '페이블5' 서비스 재개…에이전트형 AI '소넷5' 출시",정보 없음,https://n.news.naver.com/mnews/article/030/0003443275,"앤트로픽 홈페이지 30일(현지시간) 출시한 신규 에이전트형 인공지능(AI) 모델 '소넷5' 화면.앤트로픽이 최신 인공지능(AI) 모델 '페이블5' 서비스를 1일(현지시간) 재개한다.앤트로픽은 미국 정부와 페이블5에 대한 접근을 복원하기로 합의했다고 30일(현지시간) 밝혔다. 아마존 연구원들이 제기한 사이버 공격이 가능한 '클로드 미토스' 모델의 공개 버전인 페이블5 보안조치 편법 우회 등 문제를 해결하기로 하며 수출 금지 해제 실마리가 풀렸다.하워드 루트닉 미국 상무부 장관은 “정부는 2주 동안 앤트로픽과 긴밀히 협력해 페이블5를 분석, 전반의 협력을 확보하고 AI 분야 미국 리더십을 강화해왔다”고 설명했다. 톰 브라운 앤트로픽 최고컴퓨팅책임자(CCO)는 정부·기관과 논의 과정에서 페이블5 모델이 대중에 안전하다는 점을 피력했다.앤트로픽은 이렇듯 정부와 합의를 거쳐 약 20일간 서비스 중단 끝에 페이블5에 대한 접근을 재개할 것이라고 밝혔다.미국 정부는 자국 AI기업의 차세대 AI 모델 출시 관련 통제를 강화하는 행보를 보이고 있다. 도널드 트럼프 미국 대통령은 최근 새로운 접근 방식을 명시한 행정 명령에 서명, 기업들에 모델 출시 30일 전 연방 정부에 접근 권한을 제공할 것을 요청했다.수지 와일스 미 백악관 비서실장은 “정부와 민간 부문이 전례 없는 방식으로 협력했고 전례 없는 '미국 우선주의' 기반을 마련했다”며 “우리 공동 최우선 과제는 최고 기술을 최대한 신속하고 안전하게 배치하는 것”이라고 평가했다.미 정부는 아마존 등에서 제기한 취약점을 해결하고 향후 유사한 문제가 발생하지 않도록 절차를 마련한 게 페이블5 수출 통제를 이끌었다며 항후 소통을 더욱 명확하게 하는 게 목표라는 방침도 시사했다. 페이블5와 함께 외국인 사용이 금지된 '미토스5'에 대해 자국 기업·기관 등 일부 접근은 지난주 허용됐다.앞서 미 정부는 지난 12일 앤트로픽 미토스5와 페이블5의 안정성을 우려하며 모든 외국인 대상 해당 모델 사용을 금지한 바 있다. 미국에서 근무하는 외국인과 앤트로픽 연구원도 금지 대상에 포함되자 앤트로픽은 최신 AI 모델에 대한 모든 사용자 접근을 차단했다.한편 앤트로픽은 이날 신규 에이전틱 AI 모델 '클로드 소넷5'를 출시했다. 스스로 계획을 세우고 브라우저·터미널 등 도구를 활용해 자율적으로 작업을 수행하는 능력을 향상시켰다.추론, 도구 사용, 코딩, 지식 업무 등 에이전트 성능 핵심 영역에서 전작 '클로드 소넷 4.6' 대비 성능이 개선됐고 상위 모델 '클로드 오퍼스 4.8'에 근접한 성능을 보다 낮은 가격으로 제공하는 게 특징이다.복잡한 작업도 끝까지 완수한다. 소넷5를 경험한 일부는 이전 모델이 중간에 멈춘 작업을 소넷5가 끝까지 처리하고 별도 요청 없이 스스로 검증했다고 평가했다. 악의적 요청에 대한 거부 능력과 프롬프트 인젝션 공격에 대한 저항력이 높아졌고 환각 현상과 아첨 발생 비율도 낮아졌다는 게 앤트로픽 설명이다.",True,앤트로픽,"앤트로픽은 30일(현지시간) 신규 AI 모델 '클로드 소넷5'를 출시했으며, 1일 페이블5 서비스 재개를 위해 미국 정부와 협력하여 수출 금지 조치를 해제받았다. 정부와의 긴밀한 협력으로 페이블5의 안전성을 확보했으며, 앞으로도 AI 분야 미국 리더십 강화를 추진한다. 또한, 외국인 접근 제한이 완화됐으며, 앤트로픽은 성능이 향상된 '클로드 소넷5'를 선보였다. 이 모델은 자율적 작업 수행과 안전성 강화, 악의적 요청 거부 능력 등을 갖췄다.",앤트로픽,2.0
2026-07-01,"앤트로픽, 저가형 AI '클로드 소네트5' 출시…""AI 비용 절감 겨냥""",정보 없음,https://n.news.naver.com/mnews/article/421/0009033208,"'토큰맥싱' 끝나고 효율 경쟁…메타·아마존·우버도 AI 사용 최적화미토스 5 수출 제한 후 첫 신모델…연내 IPO도 준비앤트로픽 로고와 키보드, 로봇손 일러스트. 2026.06.05 ⓒ 로이터=뉴스1(서울=뉴스1) 신기림 기자 = 인공지능(AI) 스타트업 앤트로픽이 비용 효율성을 앞세운 새로운 AI 모델 '클로드 소네트(Claude Sonnet) 5'를 공개했다. AI 사용량 급증에 따른 비용 부담으로 빅테크들이 AI 효율화에 나선 가운데 저렴하면서도 성능을 높인 모델로 시장 공략에 나선 것이다.야후파이낸스에 따르면 앤트로픽은 30일(현지시간) 자율적으로 작업을 수행하는 '에이전틱(agentic) AI'에 최적화된 클로드 소네트5를 출시했다고 밝혔다.소네트5는 최고급 모델인 클로드 페이블 5와 미토스 5보다는 성능이 낮지만 이전 모델인 소네트4.6보다 크게 향상됐으며, 상위 모델인 오푸스 4.8에 근접하는 성능을 구현했다고 회사는 설명했다.앤트로픽은 ""복잡한 작업을 이전 소네트 모델보다 끝까지 수행하고, 별도의 지시 없이도 스스로 결과물을 검증할 수 있다""며 ""이 모든 기능을 매력적인 가격으로 제공한다""고 밝혔다.이번 신제품은 AI 업계가 성능 경쟁에서 비용 효율 경쟁으로 무게중심을 옮기는 흐름 속에서 나왔다.최근 메타, 아마존, 우버 등 주요 기술기업들은 AI 사용량을 나타내는 '토큰(tokens)' 비용이 급증하자 불필요한 AI 활용을 줄이며 비용 절감에 나서고 있다.업계에서는 '토큰맥싱(Tokenmaxxing)' 시대의 종료로 평가한다고 야후파이낸스는 전했다. 토큰맥싱은 가능한 한 많은 AI 토큰을 사용하는 전략을 뜻하지만, 운영 비용이 급격히 늘면서 이제는 효율성을 중시하는 방향으로 전환되고 있다.이 같은 환경에서 상대적으로 저렴한 소네트5가 기업 고객들에게 매력적인 선택지가 될 수 있다는 평가가 나온다.소네트5에는 사이버보안 안전장치도 적용됐다. 앤스로픽은 사이버보안 용도로 별도 학습시키지는 않았지만 상위 모델인 오푸스 4.7·4.8에 적용한 것과 유사한 보안 통제 기능을 탑재했다고 설명했다.이번 출시는 미국 정부의 수출 규제 이후 나온 첫 신모델이라는 점에서도 주목된다.앞서 트럼프 행정부는 해킹 악용 가능성을 이유로 외국인의 앤트로픽 최고성능 모델인 페이블 5와 미토스 5 사용을 미국 안팎에서 모두 제한하도록 했다. 이에 따라 앤스로픽은 해당 모델의 서비스를 사실상 중단했고 일부 고객들의 불만이 제기됐다.앤트로픽은 현재 기업공개(IPO)도 준비 중이다. 회사는 지난 6월 1일 미국 증권거래위원회(SEC)에 상장 서류를 비공개 제출했으며, 오픈AI도 일주일 뒤 상장 절차에 착수했다.한편 오픈AI는 차세대 모델인 GPT-5.6 솔(Sol), 테라(Terra), 루나(Luna)의 출시를 위해 미국 정부와 협의를 진행하고 있다.",True,앤트로픽,"인공지능 스타트업 앤트로픽이 비용 효율성을 강화한 '클로드 소네트 5'를 공개하며 AI 시장 공략에 나섰다. 이 모델은 성능이 낮은 기존 모델보다 향상됐으며, 비용 절감과 자율 검증 기능을 갖췄다. 최근 AI 비용 급증에 따라 토큰맥싱 종료 후 효율 경쟁이 가속화되고 있으며, 앤트로픽은 사이버보안 기능도 탑재했다. 이는 미국 수출 규제 이후 나온 첫 신모델로, 회사는 IPO도 준비 중이다.",앤트로픽,1.0
2026-07-01,"앤트로픽, AI 신약개발 본격 시동",정보 없음,https://n.news.naver.com/mnews/article/009/0005701386,"'클로드 사이언스' 공개60개 과학 DB·도구 통합""소외된 질환 치료제 발굴""앤트로픽이 생명과학 연구를 자동화하는 인공지능(AI) 플랫폼 '클로드 사이언스'를 공개했다. 코딩과 사무 업무를 넘어 AI가 과학 연구 전 과정을 수행하는 시대를 열겠다는 구상이다.앤트로픽은 1일(현지시간) 미국 샌프란시스코에서 'AI 포 사이언스(AI for Science)' 행사를 열고 클로드 사이언스를 공개했다. 클로드 사이언스는 단백질 구조 예측을 비롯한 다양한 생명과학 연구를 지원하는 AI 플랫폼이다. 연구자가 자연어로 질문하면 AI가 60여 개 과학 데이터베이스를 동시에 검색해 필요한 정보를 찾아 정리해주는 것이 특징이다.예를 들어 새로운 암 치료제를 개발할 때 연구자들은 관련 논문을 찾고 단백질 정보를 확인한 뒤 구조를 분석한다. 필요한 경우 '알파폴드' 같은 AI로 단백질 구조를 예측하고, 후보 약물과의 결합 가능성을 분석해 결과를 비교한다. 또 분석 과정과 근거를 함께 제시해 연구자가 결과를 직접 검증할 수 있도록 했다.앤트로픽은 이번 플랫폼을 통해 연구의 가장 큰 병목인 데이터 분석 시간을 줄일 수 있다고 설명했다. 에릭 카우더러 에이브럼스 앤트로픽 생명과학 총괄은 ""과학도 코딩처럼 설계·실험·분석·가설 수립이 반복되는 과정""이라며 ""실험은 3일이면 끝나지만 분석에는 3주가 걸리는 경우가 많은데, 그 시간은 과학에 도달하기 위해 반복하는 노동""이라고 설명했다. 이 과정을 자동화하면 연구자는 본질적인 연구와 새로운 질문을 만드는 데 더 많은 시간을 쓸 수 있다는 것이다. 앤트로픽은 이날 자체 전임상 신약 개발 프로그램도 시작한다고 발표했다.다리오 아모데이 앤트로픽 최고경영자(CEO)는 ""기술 발전과 연구 현장의 적응, 규제 변화가 함께 이뤄진다면 언젠가 1년 동안 10년치 과학 발전을 이룰 수 있는 시대가 올 것""이라며 ""향후 1년 안에 AI가 새로운 신약 표적을 발견하는 의미 있는 사례가 나오기를 기대한다""고 말했다. 비만 치료제 GLP-1 개발을 이끈 로테 비에르 크누센 전 노보노디스크 최고과학고문도 ""후보물질을 찾는 데 4년 걸리던 작업이 1년으로 줄어들 수 있다""며 ""임상시험 참가자 모집과 규제 절차 역시 AI를 통해 훨씬 효율화될 것""이라고 말했다. 앤트로픽은 최근 '알파폴드' 개발을 이끌어 노벨 화학상을 수상한 존 점퍼 전 구글 딥마인드 부사장을 영입하며 AI 기반 신약 개발에 힘을 싣고 있다.[실리콘밸리 원호섭 특파원]",True,앤트로픽,"앤트로픽은 AI 플랫폼 '클로드 사이언스'를 공개하여 60개 과학 데이터베이스를 통합, 생명과학 연구를 자동화한다. 이 플랫폼은 자연어 질문으로 단백질 구조 예측, 약물 후보 분석 등 연구 과정을 지원하며, 데이터 분석 시간을 크게 단축시킨다. 이를 통해 신약 개발과 연구 효율성을 높이고, AI가 새로운 치료제 표적을 빠르게 발견하는 시대를 기대하고 있다. 최근 노벨상 수상자 영입 등 AI 기반 생명과학 혁신에 박차를 가하고 있다.",앤트로픽,1.0
2026-07-01,"앤트로픽, 신약개발 프로그램 시동…""소외된 질환 치료제 발굴""",정보 없음,https://n.news.naver.com/mnews/article/374/0000519257,"과학자용 '클로드 사이언스' 공개…중위 모델 '소네트' 새 버전 출시인공지능(AI) 기업 앤트로픽이 신약 개발 프로그램을 시작하며 건강관리 시장 공략에 나섰습니다.에릭 카우더러-에이브럼스 앤트로픽 생명과학 총괄은 제약사들을 위해 설계된 AI 도구 개발 일환으로 신약 개발 프로그램을 내부적으로 발족했음을 밝혔다고 미 경제방송 CNBC가 30일(현지시간) 보도했습니다.카우더러-에이브럼스 총괄은 앤트로픽이 기존 제약사들이 매력적인 투자 대상으로 보지 않는 소외된 질환의 치료제 발굴에 주력할 것이라고 설명했습니다.그는 앤트로픽이 신약 개발에 직접 나서는 이유를 ""산업의 발전을 가속할 올바른 모델과 제품, 도구를 구축하려면 직접 경험해야 하기 때문""이라고 말했습니다.앤트로픽 대변인도 ""공익 기업으로서 상업 시장이 간과하는 업무를 포함해 환자의 이익을 위한 프로그램을 선택할 수 있다""고 덧붙였습니다.앤트로픽은 신약·신소재 개발에 특화한 AI 도구 알파폴드를 개발한 존 점퍼 구글 딥마인드 부사장을 최근 영입했습니다.점퍼 전 부사장은 알파폴드 AI로 단백질 접힘 문제를 풀어 데미스 허사비스 딥마인드 최고경영자(CEO)와 함께 2024년 노벨 화학상을 공동 수상했습니다.앤트로픽은 과학자들을 위한 AI 도구 '클로드 사이언스'의 시험판도 선보였는데, 클로드 사이언스는 연구자들이 흔히 사용하는 도구를 통합해 문헌 분석과 다단계 연구, 시각적 연구 결과물 생성 등을 돕는 도구입니다.이는 유전체학, 단백질체학, 화학정보학 등 분야에 맞춰 사전 구성됐고 과학 데이터베이스 60여 종과 연동됩니다.한편, 앤트로픽은 에이전트 능력을 키운 AI 모델 '클로드 소넷5'도 발표했는데, 소네트5는 상위 모델인 '오퍼스4.8'에 육박하는 성능을 제공하면서도 낮은 비용으로 책정돼 코딩·도구 사용·지식 산업 등에서 뛰어난 효율성을 보여준다고 앤트로픽은 소개했습니다.앤트로픽은 AI 모델을 최상위 '미토스·페이블'부터 상위 '오퍼스', 중위 '소네트', 하위 '하이쿠' 등으로 나눠 제공하고 있습니다.당신의 제보가 뉴스로 만들어집니다.SBS Biz는 여러분의 제보를 기다리고 있습니다.홈페이지 = https://url.kr/9pghjn",True,앤트로픽,"앤트로픽은 신약 개발과 건강관리 시장 공략을 위해 AI 도구와 프로그램을 강화하고 있습니다. 제약사 대상 AI 신약 개발 프로그램을 시작했으며, 소외된 질환 치료제 발굴에 집중합니다. 과학자용 AI 도구 '클로드 사이언스'와 새 버전 '소네트5'를 선보였으며, '소네트5'는 뛰어난 성능과 저비용을 자랑합니다. 또한, 알파폴드 개발자 존 점퍼를 영입하며 AI 기반 신약 연구 역량을 강화하고 있습니다.",앤트로픽,1.0
2026-07-01,"오픈AI·앤트로픽 비상장 투자 열풍…""상장 연기는 변수""",정보 없음,https://n.news.naver.com/mnews/article/079/0004163465,"폐쇄형 펀드, 비중 희석 가능성 낮지만 프리미엄 유의 해야ETF, 비중 희석 여지 크고 비상장 기업가치 반영에 시차도오픈AI 상장 연기 가능성…AI 밸류체인 연쇄 타격 가능성연합뉴스오픈AI와 앤트로픽의 기업공개(IPO)가 스페이스X에 이은 전 세계 주식시장 최대 이벤트로 꼽히는 가운데 상장 전 이들 기업에 투자할 수 있는 상장지수펀드(ETF)에 관심이 쏠린다.다만 하반기 예정된 오픈AI의 상장이 연기될 가능성이 거론된다. 실제 상장이 내년으로 미뤄질 경우 주식시장 전반의 투자 심리에 큰 영향을 미칠 변수가 될 전망이다.오픈AI와 앤트로픽 편입한 폐쇄형 펀드·ETF '주목'1일 금융투자업계에 따르면, 현재 비상장사인 오픈AI와 앤트로픽에 투자할 수 있는 방법은 뉴욕증시에 상장된 '폐쇄형 펀드' 또는 관련 'ETF'를 거래하는 2가지다.폐쇄형 펀드는 'DXYX'과 'VCX'가 있다. 오픈AI와 앤트로픽을 합한 비중은 각각 23.9%와 28.9%로 ETF와 비교해 높은 수준이다.ETF처럼 주식시장에서 거래가 가능하고 폐쇄형 펀드인 만큼 오픈AI와 앤트로픽의 비중이 희석될 가능성이 낮다. 다만 투자 수요에 따라 펀드 가격이 순자산가치(NAV)보다 훨씬 비싸지거나 싸질 수 있어 유의해야 한다.하나증권 장치영 연구원은 ""폐쇄형 펀드는 비상장 주식의 편입 비중에 대한 제한이 없어 비상장 기업에 대한 노출도를 높이고 싶을 때 활용 가능하다""면서도 ""다만 진입 시점의 NAV 대비 시장 가격의 프리미엄이 어느 정도 수준인지 확인이 필요하다""고 설명했다.반면 오픈AI나 앤트로픽을 편입한 ETF는 △BAI △ARKK △ARKW △AGIX △ARKF △CNEQ △ALAI △TTEQ △ATFV 등으로 다양하다. 미국 증권거래위원회(SEC) 규정에 따라 ETF는 비상장사 비중이 최대 15%로 제한된다.엔트로픽 비중이 높은 'CNEQ'는 5.5%, 'ALAI'는 3.02% 수준이다. TTEQ는 앤트로픽(0.9%)과 오픈AI(0.47%)를 모두 담고 있다.다만 이들 ETF는 투자 수요가 늘어나면 오픈AI와 앤트로픽의 지분이 희석될 수 있다.예를 들어 CNEQ에 대한 투자가 증가하면 편입 종목인 엔비디아(13.3%)와 마이크로소프트(6.1%), TSMC(5.8%), 알파벳(5.7%) 등의 비중이 확대하는 반면 비상장사인 오픈AI와 앤트로픽의 지분은 늘릴 수 없기 때문이다.실제로 글로벌 우주항공 ETF인 'NASA'는 스페이스X 상장 전 투자가 몰리면서 스페이스X 비중이 10.7%에서 4.6%까지 떨어졌다.또 ETF는 특수목적법인(SPV)을 통해 지분을 간접 보유하는 탓에 비상장사에 대한 평가가 NAV에 반영되는 시차가 발생한다는 점도 단점이다.장 연구원은 ""비상장 지분 편입 ETF는 자금 유입 속도에 맞춰 비중을 확대하기 어렵기 때문에 지분 희석 가능성을 유의해야 한다""며 ""NAV에 비상장 주식의 가치 반영이 더디게 이뤄질 수 있다는 점도 유의할 필요가 있다""고 강조했다.오픈AI 상장 연기 가능성…AI 랠리 '직격탄' 우려연합뉴스폐쇄형 펀드나 ETF를 통한 투자의 변수는 오픈AI의 상장 연기 가능성이 꼽힌다.뉴욕타임스에 따르면, IPO 자문사들은 최근 오픈AI에 목표 기업가치인 1조달러를 유지하려면 상장을 내년으로 미루거나 올해 상장을 추진하려면 기업가치를 낮춰야 한다고 제안했다. 샘 알트먼 최고경영자(CEO)는 기업가치를 낮출 수 없다고 답한 것으로 알려졌다.이에 따라 오픈AI의 상장이 내년으로 연기될 것이란 관측에 무게가 실린다.문제는 뉴욕증시와 코스피의 AI 랠리에 미칠 영향이다.시장은 앞서 상장한 스페이스X를 비롯해 오픈AI와 앤트로픽이 IPO를 통해 확보한 대규모 자금을 AI 인프라에 투자할 것으로 예상한다. 현재 뉴욕증시와 코스피의 상승 랠리도 이 같은 투자에 기반한 기술주와 메모리 반도체의 주가 상승이 주도하고 있다.하지만 오픈AI가 상장을 연기하면 연쇄적인 타격이 불가피할 전망이다.KB증권 이은택 연구원은 ""AI 투자 사이클의 중심에 있는 오픈AI의 밸류에이션이 흔들릴 경우 그 아래에 연결된 인프라·반도체·전력 밸류체인의 기대수익률까지 재평가될 수 있다는 점이 우려스러운 것""이라며 ""본격적인 상장 작업이 시작된 이후에도 오픈AI가 1조달러 근처의 밸류에이션을 인정받지 못하면, 문제가 될 수 있다""고 내다봤다.※CBS노컷뉴스는 여러분의 제보로 함께 세상을 바꿉니다. 각종 비리와 부당대우, 사건사고와 미담 등 모든 얘깃거리를 알려주세요.이메일 :jebo@cbs.co.kr카카오톡 :@노컷뉴스사이트 :https://url.kr/b71afn",True,오픈AI,"오픈AI와 앤트로픽의 상장 연기 가능성으로 글로벌 AI 밸류체인에 타격 우려가 커지고 있다. 폐쇄형 펀드와 ETF를 통해 비상장 기업에 투자하는 방식이 있지만, ETF는 비중 희석과 평가 시차 문제가 있다. 오픈AI의 기업가치 유지와 상장 연기 여부가 시장 심리와 관련 인프라, 반도체 주가에 영향을 미칠 전망이다.",앤트로픽,1.0
2026-07-01,"앤트로픽, 가성비 앞세운 AI '소네트5' 출시[글로벌AI브리핑]",정보 없음,https://n.news.naver.com/mnews/article/014/0005541996,"[파이낸셜뉴스] 앤트로픽이 인공지능(AI) 에이전트를 저렴하게 운영할 수 있도록 설계된 새 AI모델 '클로드 소네트(Claude Sonnet) 5'를 공개했다. 오픈AI, 구글, 메타가 초거대 AI 모델 개발 경쟁을 벌이는 가운데, 앤트로픽은 기업들이 실제 업무에 활용할 수 있는 저비용 AI 에이전트 시장을 정조준한 것이다.6월 30일(현지시간) 앤트로픽은 계획을 세우고 브라우저·터미널 같은 도구를 사용해 불과 몇 달 전만 해도 더 크고 비싼 모델이 필요했던 수준의 자율 작업을 수행하는 소네트5를 공개한다고 공식 발표했다.에이전트로 급속히 전환되고 있는 AI시장에서 본격 가성비 경쟁에 불을 붙이는 것으로 플이된다.앤트로픽이 인공지능(AI) 에이전트를 저렴하게 운영할 수 있도록 설계된 새 AI모델 '클로드 소네트(Claude Sonnet) 5'를 공개했다. 오픈AI, 구글, 메타가 초거대 AI 모델 개발 경쟁을 벌이는 가운데, 앤트로픽은 기업들이 실제 업무에 활용할 수 있는 저비용 AI 에이전트 시장을 정조준한 것이다.(출처=연합뉴스)소네트5의 가장 큰 경쟁력은 가격이다. 앤트로픽은 소네트5에 대해 ""성능은 오퍼스 4.8에 근접하면서도 운영 비용은 크게 줄여 기업들이 AI 에이전트를 대규모로 도입할 수 있도록 했다""고 강조했다.입력 토큰 100만개 당 2달러, 출력 토큰 100만개 당 10달러의 가격으로, 무료·프로 요금제의 기본 모델로 즉시 제공되고 오는 8월 31일까지 유지된다. 이는 앤트로픽의 최고급 모델인 클로드 오퍼스 4.8이나 오픈AI의 GPT-5.5, 구글의 제미나이 3.1프로 보다도 낮은 수준이다.실제 벤치마크에서 소네트5는 에이전트 기반 코딩과 지식 업무에서 이전 세대 모델을 크게 앞섰다. 특히 일부 지식 업무 평가에서는 오퍼스 4.8과 비슷하거나 더 나은 결과를 기록했다는게 앤트로픽의 설명이다.안전성도 강화했다. 앤트로픽은 소네트5가 악성 요청을 거부하는 능력과 프롬프트 인젝션 공격에 대한 저항성을 높였으며, 환각과 사용자에게 무조건 맞추려는 아부성향도 이전 모델보다 개선했다고 강조했다.다만 최고급 모델인 오퍼스 4.8이나 연구용 모델인 미토스 프리뷰보다는 위험한 사이버 보안 작업을 수행할 능력이 낮아 상대적으로 안전한 기업용 모델로 설계됐다고 설명했다.AI 전문가들은 소네트5 출시에 대해 ""에이전트 기능은 모든 AI 모델이 갖춰야 할 기본 조건이 되고 있으며, 차별화 요소는 누가 더 낮은 비용으로, 더 적은 인간의 개입만으로 이를 구현하느냐""라고 평가했다.",True,앤트로픽,"앤트로픽은 저비용 AI 에이전트 모델인 '클로드 소네트 5'를 공개했다. 성능은 오퍼스 4.8에 근접하면서도 비용은 크게 낮아, 입력 토큰당 2달러, 출력 토큰당 10달러로 경쟁사보다 저렴하다. 벤치마크에서 우수한 성과를 내며 안전성도 강화됐으며, 기업들이 실무에 활용하기 적합하도록 설계됐다. 8월 31일까지 무료·프로 요금제에 제공되며, AI 시장의 가성비 경쟁을 촉진할 전망이다.",앤트로픽,1.0
2026-07-01,"앤트로픽 ""미토스5·페이블5 수출 통제 해제…내일부터 외국인 접근 가능""",정보 없음,https://n.news.naver.com/mnews/article/003/0014038984,"美 상무부, 지난달 12일 국가 안보 이유로 내렸던 전면 차단 조치 해제한국 등 어느 나라 든 접속 복구…추가 소식 공유[뉴욕=AP/뉴시스]뉴욕의 한 컴퓨터 화면에 2월26일 앤트로픽의 웹사이트와 회사 로고가 표시돼 있다. 2026.07.01.[서울=뉴시스]고재은 기자 = 미국 상무부가 앤트로픽 고성능 인공지능(AI) 모델 '클로드 미토스'에 대한 수출통제 조치를 해제했다.앤트로픽은 지난달 30일(현지 시간) 소셜미디어(SNS) 엑스(X·구 트위터)를 통해 ""미국 상무부로부터 '클로드 페이블 5'와 '미토스 5'에 모델에 대한 수출 통제를 해제했다는 통보를 받았다""고 밝혔다.회사는 ""내일부터 접속 복구를 시작할 예정이다. 곧 추가 소식을 공유하겠다""며 ""기다려 주신 여러분과 모델 재배포를 위해 협력해주신 모든 분들께 감사드린다""고 말했다.앞서 미국 상무부는 지난달 12일 국가 안보를 이유로 앤트로픽의 최상위 AI 모델인 '페이블5'와 '미토스5'에 대해 외국인 접근을 전면 차단했다.미토스5는 기업 전용 사이버보안 특화 모델이며, 페이블5는 이를 기반으로 한 일반 사용자용 AI다.다만 26일부터 미국 정부가 인정한 일부 검증된 이용자에게는 '미토스5' 등이 다시 제공할 수 있도록 허용된 바 있다.",True,앤트로픽,"미국 상무부가 지난달 12일 국가 안보 이유로 앤트로픽의 AI 모델 '페이블5'와 '미토스5'에 대한 수출 차단 조치를 해제했다. 이후 앤트로픽은 SNS를 통해 접속 복구를 시작할 예정임을 알리며, 일부 검증된 이용자에게는 이미 다시 제공되고 있다고 밝혔다. 이 조치는 AI 모델의 외국 접근 제한 조치를 완화하는 내용을 담고 있다.",앤트로픽,2.0
2026-07-01,"美정부, '앤트로픽 AI 수출통제' 해제…韓 글래스윙 협력 재개되나 [종합]",정보 없음,https://n.news.naver.com/mnews/article/031/0001039081,"정부 ""앤트로픽 측과 지속 소통 중⋯공지 외 추가 확인된 것 없어""미국 정부가 앤트로픽의 최신 인공지능(AI) 모델에 적용했던 수출통제 조치를 해제하면서 우리 정부와 기업이 참여한 글로벌 AI 보안 협력 프로젝트 '글래스윙'이 언제 재개될 지에 관심이 쏠린다. 우리 정부와 국내 참여 기업들은 앤트로픽 측 공지 외에 ""추가로 확인된 내용이 없다""며 신중한 입장이다.앤트로픽 이미지. [사진=로이터 연합뉴스]앤트로픽은 30일(현지시간) 자사 엑스(X·옛 트위터) 계정을 통해 ""미국 상무부로부터 클로드 페이블5와 미토스5에 대한 수출 통제를 해제했다는 통지를 받았다""며 ""내일부터 접근권 복원을 시작한다""고 밝혔다.연이어 자사 홈페이지를 통해 ""미국 기관들을 대상으로 미토스5에 대한 접근을 복구했다. 프로젝트 글라스윙에 참여하는 국내외 파트너들에게도 접근을 확대하기 위해 지속 협의하고 있다""고 덧붙였다.앞서 미 상무부는 앤트로픽 두 모델이 국가 안보에 위협이 될 수 있다며 외국인의 접속을 제한하는 수출통제 지침을 내렸다. 이후 상무부는 지난 26일(현지시간) 클로드 미토스5를 정부가 인정한 미국 기관과 이용자에 한해 제공할 수 있도록 허용했다. 다만 한국의 경우 여전히 활용이 제한된 상태였다.한국인터넷진흥원(KISA)와 삼성전자, SK하이닉스, SK텔레콤 등 국내 글래스윙 파트너 접근이 정상화되는 시기는 아직 불분명하다. 과학기술정보통신부 관계자는 ""앤트로픽과 소통하며 계속 확인 중에 있다""며 ""(앤트로픽 측 공지 외에) 추가로 확인된 것은 아직 없다""고 말했다.국내 참여 기업들도 상황을 예의주시하고 있다. 글래스윙에 참여한  SK텔레콤측은 ""회사 차원에서 추가로 확인된 것은 없다""고 했다.",True,앤트로픽,"미국 정부가 앤트로픽의 최신 AI 모델인 클로드 미토스5에 대한 수출통제를 해제하면서 글로벌 AI 보안 협력 프로젝트 '글래스윙'이 재개될 가능성이 기대되고 있다. 앤트로픽은 수출 통제 해제 후 접근권 복원을 진행 중이며, 국내 참여 기업들은 아직 별도 확인된 내용이 없다고 신중한 입장을 보이고 있다. 과기부와 기업들은 추가 상황을 계속 주시하며 상황을 파악하고 있다.",앤트로픽,2.0
2026-07-01,"""규제 반대 외치던 트럼프, 최첨단 AI 모델엔 사실상 허가제""",정보 없음,https://n.news.naver.com/mnews/article/003/0014041387,"AI 사전 승인제 없다 했지만…현실에선 정 반대업계 혼란 초래…중국 추격에 발목 잡힌단 지적도[프랑스=AP/뉴시스] 도널드 트럼프 미국 대통령이 2026년 6월 17일 프랑스 에비앙레뱅에서 열린 주요 7개국(G7) 정상회의에서 회의에 참석하며 오픈AI의 샘 올트먼 최고경영자(CEO)와 대화하고 있다. 2026.07.01.[서울=뉴시스]고재은 기자 = 도널드 트럼프 미국 행정부가 오픈AI, 앤트로픽의 인공지능(AI) 모델 규제를 강화하는 가운데, 관련 정책이 즉흥적이고 불투명하다는 업계 비판이 커지고 있다는 보도가 나왔다.지난달 30일(현지 시간) 영국 주간지 이코노미스트에 따르면 트럼프 행정부 출범 당시 AI 규제에 반대하는 입장이었다. 과도한 규제가 혁신을 저해하고 중국과의 기술 경쟁에서 뒤처지게 만들 수 있다는 이유에서다.그러나 최근 들어 트럼프 행정부의 AI 관리 체계가 즉흥적이고 무질서한 방향으로 바뀌고 있다고 이코노미스트는 지적했다. 특히 정부가 사실상 AI 모델에 대한 '사전 허가제'를 운영하고 있다는 비판이 나온다.앞서 트럼프 대통령은 지난 2일 AI 기업들이 최첨단 모델을 출시하기 전 정부의 검토를 자발적으로 받도록 하는 행정명령에 서명했다. 당시 백악관은 ""해당 명령이 의무적인 허가나 사전 승인 제도로 해석돼서는 안 된다""고 강조했지만, 정반대의 상황이 벌어지고 있다는 것이다.실제로 하워드 러트닉 미국 상무장관은 샘 올트먼 오픈AI CEO에게 사전 승인 없이 차세대 'GPT 5.6 솔'을 출시하지 말라고 경고한 것으로 알려졌다. 오픈AI는 접근 권한을 부여할 기업 목록을 정부에 제출, 정부가 일부 해외 기업을 제외해 승인한 것으로 전해졌다.앤트로픽도 '미토스 5' 수출 통제 조치 이후 지난달 26일 신뢰할 수 있는 약 100개 파트너사에 한해 수출할 수 있도록 허용 받았다.정부 내에서 누가 AI 정책의 '심판' 역할을 맡을지도 불분명하다. 백악관 산하 국가사이버국장실(ONCD)이 정책 수립을 주도해왔지만 최근 고위 직원들의 이탈이 이어졌고, 정책 집행을 담당하는 상무부는 기술 전문성이 제한적이라는 평가를 받는다.업계 내부에서도 규제 방식에 대한 견해가 엇갈린다. 앤트로픽과 오픈AI는 정부 기관이 규제를 맡아야 한다고 주장하는 반면, 구글은 업계가 자금을 지원하는 자율 규제 기구를 선호한다.다만 이코노미스트는 ""현재의 규제 체계가 제대로 작동하지 않는다는 점에는 이견이 없다""며 ""중국 경쟁업체들이 빠르게 추격하는 상황에서 미국 연구소들의 발전을 막고 있다""고 지적했다.중국 주요 모델은 미국 모델보다 약 6~10개월 뒤처져 있지만 운영 비용은 훨씬 저렴하다. 페이스북 출신 알렉스 스타모스는 많은 기업이 추가 혼란에 대비해 중국식 모델 전환도 고려하고 있다고 말했다.물론 미국의 수출 통제로 중국의 모델 발전을 다소 늦출 수는 있다. 많은 중국 AI 연구소가 미국의 최첨단 모델 결과물을 기반으로 자사 모델을 학습시키는 '증류' 과정을 거치고 있어서다.그러나 전 백악관 AI 자문관인 딘 볼은 기업들이 데이터센터 등에 계획된 막대한 투자를 주저할 수 있다고 경고했다.그는 ""미국 정부가 허가한 100여 개 기업에만 서비스를 제공하기 위해 막대한 자금을 투자하려 하겠느냐""며 ""출시가 지연될 때마다 AI 연구소들이 투자 비용을 회수할 수 있는 기간도 줄어들고 있다""고 지적했다．",True,앤트로픽,"미 행정부는 AI 규제 강화를 추진하며 사실상 사전 승인제를 운영하는 등 즉흥적이고 혼란스러운 정책이 비판받고 있다. 초기에는 규제 반대 입장이었으나, 최근 들어 승인 절차 강화와 해외 기업 제한 등으로 변화하며 업계와의 견해 차이도 커지고 있다. 이러한 규제 미비와 혼란은 중국 AI 경쟁력 추격을 가속화시키고 있으며, 미국의 투자와 혁신 저해 우려도 제기되고 있다.",앤트로픽,1.0
2026-07-01,"앤트로픽 ""美 상무부 미토스·페이블 수출 통제 해제""",정보 없음,https://n.news.naver.com/mnews/article/421/0009033520,"""내일부터 접근권 복원 시작""…韓서도 이용 가능할듯ⓒ 뉴스1 김지영 디자이너(서울=뉴스1) 이기범 기자 = 미국 정부가 미토스급 최상위 인공지능(AI) 모델에 대한 수출 통제를 해제했다. 이에 따라 한국에서도 그동안 활용이 제한됐던 '클로드 미토스5'와 '클로드 페이블5'를 정상적으로 이용할 수 있게 될 것으로 보인다.앤트로픽은 30일(현지시간) 자사 엑스(X·옛 트위터) 계정을 통해 ""미 상무부로부터 클로드 페이블5와 미토스5에 대한 수출 통제를 해제했다는 통지를 받았다""며 ""내일부터 접근권 복원을 시작하며, 곧 업데이트된 내용을 공유하겠다""고 밝혔다.앞서 지난 12일(현지시간) 미국 정부는 외국인의 미토스5·페이블5 접근을 전면 중단하는 수출 통제 지침을 내렸다. 두 모델 모두 앤트로픽의 최상위급 AI로, 미토스는 사이버 보안 위협 우려로 현재 제한적으로 접근권이 제공되고 있다. 페이블5는 미토스에 안전장치를 달고 일반에 공개된 모델이다.이후 미국 상무부는 지난 26일(현지시간) '클로드 미토스5'를 정부가 인정한 일부 검증된 이용자에 한해 다시 제공할 수 있도록 허용했다. 외국인 전체를 대상으로 미토스 접근을 제한하던 기존 방침에서 완화된 조치이지만 자국 기업 및 기관에 한해 이뤄진 규제 완화로, 한국의 경우 여전히 활용이 제한됐다.한국 정부와 일부 국내 기업은 미토스 접근권을 제공하는 '프로젝트 글라스윙'에 합류했지만, 미국 행정부 조치로 모델 활용에 제동이 걸린 상태였다. 여기에는 정부 기관인 한국인터넷진흥원(KISA)을 비롯해 기업 중에서는 삼성전자, SK하이닉스, SK텔레콤 등이 포함됐다.그러나 이번 수출 통제 해제로 한국의 미토스5 및 페이블5 접근권도 조만간 회복될 것으로 보인다.앤트로픽은 ""사용자들의 인내에 감사드리며, 모델 재배포를 위해 저희와 함께 노력해 주신 모든 분께도 감사의 말씀을 드린다""고 밝혔다.",True,앤트로픽,"미국 정부가 최상위 인공지능 모델인 미토스5와 페이블5에 대한 수출 통제를 해제하면서, 한국에서도 해당 모델의 이용이 곧 가능해질 전망이다. 이전에는 보안 우려로 제한적 접근만 허용됐으나, 최근 미국이 일부 이용자에 한해 재공급을 허용하면서 한국 정부와 기업들도 활용이 재개될 것으로 기대된다. 앤트로픽은 내일부터 접근권 복원을 시작하겠다고 밝혔다.",앤트로픽,2.0
2026-07-01,"美 정부, 18일 만에 '앤트로픽 미토스·페이블' 수출통제 해제",정보 없음,https://n.news.naver.com/mnews/article/015/0005305029,"앤트로픽, '탈옥' 문제 해결할 장치 구현中 개방형 모델 어떻게 막을지는 물음표사진=REUTERS미국 정부가 앤트로픽의 최상위 인공지능(AI) 모델 '클로드 미토스'에 대한 수출 통제를 18일만에 해제했다.앤트로픽은 지난달 30일(현지시간) ""상무부가 두 모델에 대한 수출 통제를 해제했다는 통보를 받았다""고 밝혔다. 두 모델의 서비스는 1일부터 단계적으로 재개된다. 하워드 러트닉 미 상무장관은 ""지난 2주간 페이블5의 방향이 미국 정부 및 미국 AI 리더십 강화와 일치할 수 있도록 하기 위해 앤스로픽과 긴밀히 협력했다""고 말했다. 앤트로픽과 상무부는 지난달 26일 일부 고객에게만 미토스5 접근 권한을 복원했다.상무부가 앤트로픽에 보낸 서한을 입수한 워싱턴포스트(WP)는 '앤트로픽이 보안 위험을 사전에 감지하고 해결하기로 합의한다'는 내용이 담겼다고 전했다. 또 향후 모델 출시 표준을 마련하기 위해 미 정부와 지속 협력하기로 했다.로이터통신에 따르면 앤트로픽은 도널드 트럼프 행정부가 문제삼았던 '탈옥(AI 모델 안전장치를 해제하는 기술)'을 막을 수 있는 새로운 장치를 구현했다.이번 사건으로 미 정부가 AI 기업의 모델 출시를 직접 통제하는 선례가 만들어졌지만, 정작 중국 등 해외 모델에 대한 실효성에는 의문이 남는다는 지적이 나온다.중국 사이버보안 기업 360시큐리티테크놀로지는 지난달 24일 자동으로 소프트웨어 취약점을 찾아내는 AI 도구 '투룽펑'을 공개하며 ""중국판 미토스""라고 소개했다. 저우훙이 360 창업자는 ""미토스가 최고급 칩이라면, 우리가 만드는 것은 24시간 안정적으로 가동하는 완제품 기계""라고 주장했다.같은 시기 중국 지푸AI가 오픈웨이트(가중치를 공개하는 AI 모델)로 내놓은 GLM-5.2도 주목받는다. 전반적인 범용 성능에서는 앤트로픽·오픈AI 모델에 뒤처지지만, 사이버보안 취약점 탐지라는 특정 영역에서는 미토스에 필적한다는 평가가 나온다. GLM-5.2는 MIT 라이선스로 공개돼 별도 승인 없이 전 세계 누구나 내려받아 실행할 수 있다. 다리오 아모데이 앤트로픽 CEO는 지난달 29일 오픈소스 AI가 ""매우 위험한 방향으로 가고 있다""고 재차 경고했다. 폐쇄형 모델은 오남용이 확인되면 접근 권한을 회수하거나 모델을 업데이트할 수 있지만, 한 번 공개된 오픈소스 모델은 통제권을 영구히 잃게 된다는 지적이다.실리콘밸리=김인엽 특파원 inside@hankyung.com",True,앤트로픽,"미국 정부는 앤트로픽의 최상위 AI 모델 '클로드 미토스'에 대한 수출 통제를 해제하고, 서비스 재개를 단계적으로 진행하고 있다. 앤트로픽은 보안 위험 방지와 표준 마련을 위해 정부와 협력 중이며, 트럼프 행정부 시절 문제됐던 '탈옥' 방지 장치도 새롭게 구현했다. 그러나 중국 등 해외 경쟁사들은 오픈소스 AI 모델을 공개하며, 통제 어려움과 안전 문제를 제기하고 있어 글로벌 AI 시장의 규제와 경쟁이 심화되고 있다.",앤트로픽,1.0
2026-07-01,"앤트로픽 ""내일부터 페이블5 전세계 재배포…안전장치 강화""(종합)",정보 없음,https://n.news.naver.com/mnews/article/421/0009035422,"18일 만에 최상위급 AI '미토스5·페이블5' 수출 통제 해제아마존 지적한 '탈옥' 문제 보완…가성비 모델 '소넷5'도 출시ⓒ 뉴스1 김지영 디자이너(서울=뉴스1) 이기범 기자 = 미국 정부가 미토스급 최상위 인공지능(AI) 모델에 대한 수출 통제를 해제했다. 앤트로픽은 안전장치를 강화해 내일부터 자사 최상위 AI 모델을 다시 배포할 계획이라고 밝혔다. 이에 따라 한국에서도 그동안 활용이 제한됐던 '클로드 미토스5'와 '클로드 페이블5'를 정상적으로 이용할 수 있게 될 것으로 보인다.앤트로픽은 30일(현지시간) 자사 엑스(X·옛 트위터) 계정을 통해 ""미 상무부로부터 클로드 페이블5와 미토스5에 대한 수출 통제를 해제했다는 통지를 받았다""며 ""내일부터 접근권 복원을 시작하며, 곧 업데이트된 내용을 공유하겠다""고 밝혔다.이후 자사 홈페이지를 통해 ""페이블5는 내일부터 '클로드 플랫폼', '클로드.ai', '클로드 코드', '클로드 코워크' 등에서 전 세계 사용자에게 제공된다""고 발표했다.다만 미토스5의 직접 접속제한은 아직 시간이 더 걸릴 전망이다.앤트로픽은 미토스5에 대해 ""일부 미국 기관들을 대상으로 미토스5에 대한 접근을 복구했으며 프로젝트 글라스윙에 참여하는 국내외 파트너들에게도 접근을 확대하기 위해 정부와 지속적으로 협의하고 있다""고 밝혔다.18일 만에 수출 통제 해제…""사용자 인내 감사""앞서 지난 12일(현지시간) 미국 정부는 외국인의 미토스5·페이블5 접근을 전면 중단하는 수출 통제 지침을 내렸다. 두 모델 모두 앤트로픽의 최상위급 AI로, 미토스는 사이버 보안 위협 우려로 현재 제한적으로 접근권이 제공되고 있다. 페이블5는 미토스에 안전장치를 달고 일반에 공개된 모델이다.이후 미국 상무부는 지난 26일(현지시간) '클로드 미토스5'를 정부가 인정한 일부 검증된 미국 기관과 이용자에 한해 다시 제공할 수 있도록 허용했다. 외국인 전체를 대상으로 미토스 접근을 제한하던 기존 방침에서 완화된 조치이지만 자국 기업 및 기관에 한해 이뤄진 규제 완화로, 한국의 경우 여전히 활용이 제한됐다.한국 정부와 일부 국내 기업은 미토스 접근권을 제공하는 '프로젝트 글라스윙'에 합류했지만, 미국 행정부 조치로 모델 활용에 제동이 걸린 상태였다. 여기에는 정부 기관인 한국인터넷진흥원(KISA)을 비롯해 기업 중에서는 삼성전자, SK하이닉스, SK텔레콤 등이 포함됐다.그러나 이번 수출 통제 해제로 한국의 미토스5 및 페이블5 접근권도 조만간 회복될 것으로 보인다. 과학기술정보통신부는 ""계속 앤트로픽 측과 소통하고 있다""고 언급해왔다.앤트로픽은 ""사용자들의 인내에 감사드리며, 모델 재배포를 위해 저희와 함께 노력해 주신 모든 분께도 감사의 말씀을 드린다""고 밝혔다.아마존 지적한 페이블5 탈옥 문제…""안전장치 보완""이번 수출 통제 사태는 아마존이 미국 정부에 페이블5의 '탈옥' 가능성을 보고하면서 시작됐다. 페이블5에 탑재된 안전장치를 우회해 사이버 공격을 시도할 수 있다는 지적이다.이번 발표를 통해 앤트로픽은 이같은 사실을 언급하며 아마존 보고서에서 제시한 취약점을 확인했다고 밝혔다. 그러나 ""보고된 기법이 미토스 수준의 특수한 사이버 공격 능력을 노출하지는 않았다""고 강조했다. 또 안전장치를 개선해 보고된 탈옥 기법을 차단했다고 밝혔다.아울러 미국 정부와의 첨단 AI 보안 분야에서 협력을 지속하겠다고 발표했다. 국가 안보와 직결된 AI 모델의 경우 정부에 사전 접근 권한을 제공하고, 정부가 해당 모델을 출시하기 전 안전성을 평가할 수 있도록 협력할 방침이다. AI 모델에 적용된 안전장치를 우회하는 탈옥이나 악용 사례가 확인될 경우 정부 기관에 신속하게 통보하도록 사이버 보안 취약점 정보를 공유할 계획이다. 정부와 AI 보안 관련 공동 연구도 대폭 확대한다.'오퍼스'급 성능을 갖춘 '클로드 소넷5' 성능 지표 (앤트로픽 제공)가성비 높인 '클로드 소넷5' 출시이날 앤트로픽은 페이블5 접근권 복원 소식과 함께 가성비 AI 모델 '클로드 소넷5'의 출시를 발표했다.이번에 출시된 모델은 미토스 바로 아래 등급의 AI 모델인 '오퍼스'에 가까운 성능을 내면서도 저렴한 가격으로 제공되는 점이 특징이다. 추론, 도구 사용, 코딩, 지식 업무 등 에이전트 성능의 핵심 영역에서 전작 '클로드 소넷4.6' 대비 성능이 크게 개선됐다.특히 복잡한 작업을 끝까지 완수하는 능력을 갖춘 것으로 나타났다. 이전 소넷 모델이 중간에 멈췄던 작업을 소넷5는 끝까지 처리하고, 별도 요청 없이도 스스로 결과물을 검증하는 모습을 보였다. 안전성 측면에서도 개선이 이뤄졌으며, 환각 및 아첨 발생 비율도 낮아졌다.소넷5는 이날부터 무료 및 프로 플랜의 기본 모델로 제공된다.",True,앤트로픽,"미국 정부가 18일 만에 최상위급 AI '미토스5'와 '페이블5'의 수출 통제를 해제하며 한국에서도 접근이 가능해질 전망이다. 앤트로픽은 안전장치를 강화해 페이블5 등 일부 모델을 재배포하며, 미토스5의 접근권도 일부 미국 기관과 협력사에 제한적으로 복구 중이다. 이번 조치는 사이버 보안 문제와 아마존의 탈옥 취약점 보고에 따른 것이며, 앤트로픽은 안전장치 보완과 정부와의 협력을 지속하겠다고 밝혔다. 또한, 가성비 모델 '클로드 소넷5'도 출시되어 성능과 안전성이 개선된 저가 AI 솔루션을 제공한다.",앤트로픽,2.0
2026-07-01,"中 지푸·360, 美 앤트로픽 잡는다…사이버보안 AI 경쟁 본격화",정보 없음,https://n.news.naver.com/mnews/article/421/0009033166,"美 수출통제 강화 속 각국 독자 AI 경쟁 가속한국도 피지컬 AI 파운데이션 모델 추진…독자 기술 확보 속도ⓒ 뉴스1 김초희 디자이너(서울=뉴스1) 나연준 기자 = 미국이 사이버보안 능력이 뛰어난 인공지능(AI)을 전략 자산으로 취급하며 수출 통제를 강화한 가운데 중국 AI 기업들이 잇달아 보안 특화 모델을 공개하며 추격에 나섰다. 미국이 폐쇄적인 전략을 취하는 사이 중국 기업들이 오픈소스 방식으로 모델을 공개하면서 사이버보안 AI 경쟁도 본격화하는 모습이다.1일 업계에 따르면 중국 AI 기업 지푸는 최근 차세대 범용 AI 모델 GLM-5.2를 공개했다. GLM-5.2는 계획 세우기, 코딩, 반복 작업과 같은 에이전트 기반 작업에서 강점을 보인다.GLM-5.2가 특히 눈길을 끈 부분은 취약점 탐지 기능이었다. 월스트리트저널 등 외신은 GLM-5.2가 앤트로픽의 미토스와 비슷한 수준으로 소프트웨어의 취약점을 찾아낼 수 있다고 보도했다.사이버보안 기업 셈그렙의 평가에서 GLM-5.2는 일부 취약점 탐지 항목에서 앤트로픽의 최상위 AI 모델 중 하나인 오퍼스 4.8을 앞섰다. 연구진은 추가 프롬프팅을 적절하게 적용한다면 취약점 탐지 성능이 앤트로픽의 미토스와 유사한 수준까지 향상됐다고도 설명했다.이외에도 중국의 보안업체 360시큐리티테크놀로지도 AI 기반으로 취약점을 탐지하는 투룽펑을 최근 공개했다. 투룽펑은 소프트웨어의 취약점을 자동으로 식별하도록 설계됐고, 회사 설립자 저우훙이는 미토스와 비견될 AI 모델이라고 설명하기도 했다.미국과 중국의 사이버보안 경쟁이 본격화되면서 양측이 취하는 전략이 엇갈리는 모습이다. 미국이 자국 기업의 최신 모델에 대한 접근권을 통제하는 상황에서 중국 기업은 빠르게 사용자를 늘리며 입지를 확대해 나가는 모습이다.(오픈라우터 홈페이지 캡처)GLM-5.2는 누구나 다운받아 수정, 운영할 수 있는 오픈웨이트로 제공되고 있다. AI 중개 플랫폼 '오픈라우터'(OpenRouter)'에서 GLM-5.2는 7위에 오르며 클로드 오퍼스 4.8(9위), GPT-5.5(12위) 등보다 높은 순위에 자리하고 있다. CNBC는 ""GLM-5.2의 토큰 트래픽은 딥시크 V4 출시보다 더 빠르게 증가하고 있다""며 ""2025년 딥시크 출시됐을 때와 같이 큰 화제를 일으키고 있다""고 분석했다.미국의 폐쇄적인 정책이 계속된다면 중국 기업들의 영향력이 빠르게 커질 것이라는 분석도 나온다. 일론 머스크는 최근 X를 통해 GLM-5.2가 앤트로픽 최신 모델을 따라잡는 시점이 2027년 1분기가 될 것으로 예상했다. 하지만 지푸의 창립자 탕지에는 댓글을 통해 ""그렇게 오래걸리지 않을 것""이라며 자신감을 드러냈다.미국의 수출 통제로 각 국가의 AI 주권 경쟁은 더욱 중요해지고 있다. 글로벌 AI 3강에 도전하는 우리나라도 독자 AI 파운데이션 모델 개발에 이어 피지컬 AI 시대를 대비한 '피지컬 AI 범용 파운데이션 모델' 개발에 착수하는 등 AI 주권 확보에 속도를 내고 있다.배경훈 부총리 겸 과학기술정보통신부 장관은 28일 '대한민국 대도약 3대 메가프로젝트 국민보고회'에서 ""피지컬 AI를 가속화하기 위해서는 로봇, 범용 피지컬 AI 모델, 월드모델, 네트워크 보안 등 AI 풀스택을 국산화하는 일이 중요하다""고 강조했다.",True,앤트로픽,"미국이 수출통제 강화를 통해 전략적 AI 자산을 보호하는 가운데, 중국은 오픈소스 기반 보안 특화 AI 모델을 빠르게 공개하며 경쟁을 확대하고 있다. 중국 지푸는 취약점 탐지 성능이 뛰어난 GLM-5.2를 공개했고, 360시큐리티도 유사한 AI를 선보였다. 미국은 폐쇄적 정책으로 영향력 확대를 제한하는 반면, 중국은 빠른 확산에 나서고 있으며, 글로벌 AI 경쟁은 더욱 치열해지고 있다. 한국도 독자 AI 모델과 피지컬 AI 개발에 박차를 가하며 AI 주권 확보에 힘쓰고 있다.",앤트로픽,1.0
2026-07-01,"""오퍼스 4.8급 성능에 더 싸게""…앤트로픽 '소넷5' 공개",정보 없음,https://n.news.naver.com/mnews/article/003/0014041352,"전작 소넷 대비 추론·코딩·도구사용 향상…환각·아첨 비율↓미국 상무부 '페이블 5'와 '미토스 5' 수출 통제 해제[서울=뉴시스]오동현 기자 = 앤트로픽이 소넷 시리즈 중 가장 강력한 에이전트형 인공지능(AI) 모델 '클로드 소넷 5(Claude Sonnet 5)'를 공개하고, 무료·프로 플랜의 기본 모델로 제공한다.1일 앤트로픽에 따르면 '소넷 5'는 스스로 계획을 세우고 브라우저·터미널 등 도구를 활용해 자율적으로 작업을 수행하는 능력이 크게 향상됐다. 추론, 도구 사용, 코딩, 지식 업무 등 에이전트 성능의 핵심 영역에서 전작 '소넷 4.6' 대비 뚜렷한 성능 향상을 보였다.앤트로픽은 상위 모델인 '클로드 오퍼스 4.8'에 근접한 성능을 더 낮은 가격에 제공한다고 설명했다.복잡한 작업을 끝까지 완수하는 능력이 두드러진다는 게 회사 설명이다. 앞서 이용해본 앤트로픽 파트너들에 따르면 이전 소넷 모델이 중간에 멈췄던 작업을 소넷 5는 끝까지 처리하고, 별도 요청 없이도 스스로 결과물을 검증했다. 안전성 측면에서는 악의적 요청에 대한 거부 능력과 프롬프트 인젝션 공격에 대한 저항력이 높아졌고, 환각과 아첨 발생 비율도 낮아졌다고 앤트로픽은 밝혔다.소넷 5는 이날부터 무료·프로 플랜의 기본 모델로 제공되며, 맥스·팀·엔터프라이즈 플랜에서도 이용할 수 있다. 개발자용 클로드 코드와 클로드 플랫폼(API)에서도 지원한다.API 사용료는 8월31일까지 100만 토큰당 입력 2달러·출력 10달러의 도입가가 적용되며, 이후 입력 3달러·출력 15달러로 조정된다. 이는 상위 모델 오퍼스 4.8의 API 단가(입력 5달러·출력 25달러)보다 낮은 수준이라고 전했다.한편 앤트로픽은 소셜미디어(SNS) 엑스(X·옛 트위터)를 통해 ""미국 상무부로부터 '클로드 페이블 5'와 '미토스 5'에 대한 수출 통제를 해제했다는 통보를 받았다""고 밝혔다. 미토스5는 기업 전용 사이버보안 특화 모델이다. 페이블5는 이를 기반으로 안전 장치를 추가한 일반 사용자용 AI다. 미국 상무부는 지난달 12일 국가 안보를 이유로 미토스 5와 페이블 5에 대한 외국인 접근을 전면 차단한 바 있다．",True,앤트로픽,"앤트로픽은 강력한 AI 모델 '클로드 소넷 5'를 공개하며, 추론·코딩·도구 활용 능력이 향상되고 안전성도 강화됐다고 밝혔다. 이 모델은 기존 소넷 4.6보다 성능이 높으며, 환각과 아첨 비율이 낮다. 무료·유료 플랜에서 사용 가능하며, API 비용도 낮다. 미국 상무부는 '페이블 5'와 '미토스 5'에 대한 수출 통제를 해제했으며, 미토스 5는 사이버보안, 페이블 5는 일반 사용자용이다.",앤트로픽,1.0
2026-07-01,"“구글 플레이에 먼저 출시”…공정위, 앱마켓 ‘최혜대우 요구’ 구글 제재 착수",정보 없음,https://n.news.naver.com/mnews/article/056/0012209573,"공정거래위원회가 게임사들에게 다른 앱 마켓보다 유리하거나 동등한 조건을 요구한 혐의로 구글에 대한 제재 절차에 착수했습니다.공정위 심사관은 게임 출시 시기 등 조건을 다른 앱마켓 대비 불리하지 않게 설정하도록 요구한 혐의로 구글에 심사보고서를 발송했다고 오늘(1일) 밝혔습니다.공정위 조사 결과, 구글은 2019년부터 NC소프트, 넷마블, 넥슨 등 국내외 게임사 20여 곳에 클라우드 이용 요금 등을 지원하는 대가로 구글 플레이스토어에 게임을 먼저 출시하거나 다른 앱마켓과 같은 조건으로 출시할 것 등을 요구했습니다.무엇보다 구글이 지원하는 금액은 구글 앱마켓 매출과 비례해 다른 앱마켓에 입점하지 않아야 유리한 구조여서 사실상 구글 플레이스토어에 단독 입점을 강제하는 구조였습니다.심지어 리그 오브 레전드, 블리자드 등 유명 게임들이 자체 앱 마켓을 만들어 모바일 게임을 출시하려고 하자, 대가를 주고 막기도 했다고 공정위 심사관은 설명했습니다.공정위 심사관은 이러한 구글의 행태로 원스토어 등 경쟁 앱마켓은 점유율이 줄어들고 구글의 독점력은 강화되는 등 경쟁이 제한됐다고 판단했습니다.시장 지배적 사업자인 구글이 지배력을 남용해 공정거래법을 어겼다는 건데, 심사관은 보고서에서 시정명령과 과징금을 부과해야 한다고 했습니다.관련 매출액만 92억 1천만여 달러, 우리 돈 14조 원 이상이라고 법령에 따라, 과징금은 관련 매출액의 최대 6%까지 물릴 수 있습니다.구글은 이전에도 원스토어 견제 목적으로 국내 게임사들의 경쟁 앱마켓 진입을 방해한 혐의로 과징금 421억 원을 부과받았습니다.공정위는 방어권 보장 절차 등을 거친 뒤, 전원회의를 열어 제재 여부를 판단할 방침입니다.■ 제보하기▷ 전화 : 02-781-1234, 4444▷ 이메일 : kbs1234@kbs.co.kr▷ 카카오톡 : 'KBS제보' 검색, 채널 추가▷  유튜브, 다음에서도 KBS뉴스를 구독해주세요!",True,구글,"공정거래위원회는 구글이 국내외 게임사들에게 유리하거나 동등한 조건을 요구하지 않고, 구글 플레이스토어에 단독 입점을 강제하는 등 시장 지배적 지위를 남용했다고 판단해 제재 절차를 시작했습니다. 구글은 2019년 이후 20여 개 게임사에 클라우드 지원 대가로 먼저 출시하거나 경쟁 앱마켓과 같은 조건을 요구했으며, 자체 앱 마켓 진입 방해와 독점력 강화도 문제로 지적됩니다. 이번 조치는 경쟁 제한과 시장 독점 방지 목적입니다.",구글,1.0
2026-07-01,"구글, '앱 마켓 갑질' 재차 공정위 심판대로…""법 위반 없다"" 주장",정보 없음,https://n.news.naver.com/mnews/article/277/0005784268,"구글 ""앱 마켓 시장서 공정하게 경쟁…소명 나설 것""게임업계 ""독과점 구조 완화되길""원스토어 ""공정 경쟁 환경 기대""구글이 국내외 게임사들에 자사 앱 마켓을 이용하도록 사실상 강제한 혐의로 다시 한번 심판대에 오르게 됐다. 공정거래위원회로부터 같은 혐의로 과징금 처분을 받은 지 3년여 만이다. 구글 측은 불공정 거래는 없었다는 입장인 반면, 국내 게임사들은 환영의 뜻을 나타냈다.구글 관계자는 1일 ""구글플레이는 타 앱 마켓들과 공정하게 경쟁하고 있다""면서 ""구글은 그동안 공정위의 조사에 성실히 협조해 왔으며, 앞으로 진행될 위원회 심의 과정에서 법 위반 행위가 없었음을 소명하기 위해 최선을 다할 것""이라고 밝혔다.구글 화면 캡처이 관계자는 ""(구글은) 한국의 개발자들과 이용자들에게 여러 혜택을 제공하고 있다""라고도 부연했다.공정위는 이날 구글의 '독점규제 및 공정거래에 관한 법률'(공정거래법) 위반 혐의와 관련해 심사보고서를 당사자에 송부하면서 제제 절차에 착수했다. 공정위는 구글이 국내외 대형 게임사에 자사의 앱 마켓인 '구글플레이' 이용 비용을 지원하는 대신 게임 출시 시기나 품질을 다른 앱 마켓보다 유리하거나 동등하게 설정하도록 하는 계약을 통해 경쟁사의 사업 활동을 방해했다고 판단했다. 구글은 안드로이드 운영체제(OS)에서 제3자 앱 마켓을 허용하고 있어 원스토어, 갤럭시 스토어 등 앱 마켓과도 경쟁한다.구글플레이를 통해 유통되는 게임은 이용자들에게 '인앱 결제'를 강제한다. 이용자들이 게임 내 재화(아이템)를 구매하면 구글이 일정 비율의 인앱 결제 수수료를 떼가는 식이다.  게임사들이 수수료가 적은 다른 앱 마켓으로 이동하려고 하자 구글은 클라우드, 애즈(광고 구매 도구), 유튜브 등 구글 플랫폼 서비스 이용 비용을 지원하는 내용의 GVP(Games/Google Velocity Program) 계약을 게임사들과 체결했다.구글과 해당 계약을 맺은 국내외 게임사는 총 22곳이다. 국내 게임사는 넷마블, 엔씨, 넥슨 등 이른바 '3N'을 포함해 컴투스, 펄어비스 등 5개사다. 외국계 기업은 액티비전 블리자드 킹, 라이엇 게임즈 등 17곳이었다.구글은 2023년에도 같은 혐의로 공정위로부터 과징금 처분을 받은 바 있다. 당시 구글은 게임사들에 구글플레이에만 게임을 독점 출시하는 조건으로 구글플레이 메인 화면 노출과 해외 진출 등을 지원해 불공정 경쟁을 벌인 혐의로 421억원의 과징금을 부과받았다. 공정위에 따르면 심의를 통해 관련 매출액의 최대 6%를 과징금으로 매길 수 있는데, 이 경우 최대 8496억원의 과징금이 부과될 수 있는 것으로 추산된다.게임업계는 이번 제재 절차를 통해 앱 마켓의 독과점 구조가 완화되길 기대한다는 목소리를 냈다. 익명을 요구한 게임업계 한 관계자는 ""게임사 입장에서는 절대적인 이용자 수가 많은 앱 마켓의 운영 기조에 따를 수 밖에 없는 구조""라면서 ""여러 개의 플랫폼을 이용하는 환경이 조성돼 독과점 구조가 완화되길 바란다""고 말했다.국내 앱 마켓 업계도 이번 제재 절차를 통해 공정한 경쟁 환경이 만들어져야 한다고 전했다. 원스토어 관계자는 ""공정위의 심의 개시를 존중하며 앱 마켓 시장 내 공정한 경쟁이 정착되길 기대한다""고 전했다.",True,구글,"구글이 국내외 게임사에 자사 앱 마켓 이용을 강제한 혐의로 공정거래위원회 심사를 받고 있다. 구글은 공정한 경쟁을 주장하지만, 공정위는 구글이 인앱 결제 강제와 유리한 조건 제공으로 경쟁사 활동을 방해했다고 판단한다. 2023년에는 과징금 처분도 받았으며, 게임업계와 앱 마켓 업계는 이번 절차를 통해 독과점 구조가 완화되길 기대하고 있다. 구글은 앞으로 법 위반 소명을 위해 노력하겠다고 밝혔다.",구글,1.0
2026-07-01,"공정위, 구글 앱마켓 시장지배적 지위 남용 심의 개시",정보 없음,https://n.news.naver.com/mnews/article/003/0014039940,[세종=뉴시스] 배훈식 기자 = 정희은 공정거래위원회 시장감시국장이 1일 오전 세종시 정부세종청사에서 구글 앱마켓 관련 시장지배적 지위 남용 행위 사건 심의 절차 개시 브리핑을 하고 있다. 2026.07.01. dahora83@newsis.com,True,구글,정희은 공정거래위원회 시장감시국장은 1일 세종시 정부세종청사에서 구글 앱마켓 관련 시장지배적 지위 남용 행위 사건 심의 절차 개시를 알리는 브리핑을 했다.,구글,1.0
2026-07-01,구글 온실가스 배출량 역대 최대폭 증가···AI 집중 영향,정보 없음,https://n.news.naver.com/mnews/article/032/0003455371,"지난해 6월24일 영국 런던의 구글 사무실. 로이터연합뉴스주요 테크 대기업들이 인공지능(AI) 인프라 구축 경쟁을 치열하게 벌이는 가운데, 지난해 구글의 온실가스 배출량이 역대 최대 폭으로 증가했고, 전력과 물 소비량 역시 사상 최고치였던 것으로 집계됐다.미 인터넷 매체 액시오스에 따르면 구글은 지난달 30일(현지시간) 발표한 ‘2026 환경 보고서’에서 자사의 2025년 온실가스 총배출량이 전년 대비 18% 증가한 1450만 이산화탄소상당량톤(tCO₂e)이었다고 밝혔다.이는 구글이 연례 환경 보고서를 내기 시작한 2016년 이래 역대 최고 증가율로, 주로 반도체 칩과 서버를 포함한 하드웨어 제조, 그리고 아시아태평양 지역이 중심인 공급망 부문의 배출량 증가에 기인한 것이다.전력 수요는 2024년에 27% 증가한 데 이어 2025년에는 또 37% 늘어 2019년의 3.5배 수준이 됐다. 물 소비량은 34% 증가해 109억갤런(412억6000만ℓ)에 이르렀다. 이는 2021년 수준의 2배가 넘는 규모로, 증가분 대부분은 데이터 센터가 차지했다.AI의 급성장으로 인해 구글은 기후 목표의 기준점을 ‘총배출량의 절대적 감축’에서 ‘배출량 증가 속도가 성장 속도를 뛰어넘지 않도록 억제’하는 방향으로 전환했다. 온실가스 배출량, 전력 수요, 물 소비량 등 지표들이 급격히 증가하는 가운데, 구글은 이들 지표가 더욱 빠르게 증가하는 것을 막기 위해 노력하고 있다고 보고서에서 강조했다.구글은 기록적인 12기가와트(GW) 규모의 신규 청정에너지 계약을 체결했으며, 전력 수요의 폭발적 증가에도 불구하고 무탄소 전력(CFE) 비율을 대략 비슷한 수준(약 65%)으로 방어했다고 설명했다. 또 전력 관련 배출량은 2024년에 12% 줄어든 데 이어 2025년에도 3% 감소했다고 구글은 밝혔다.구글은 자사의 적극적 탄소 감축 이니셔티브가 없었다면 배출량 규모가 지금의 5배에 이르렀을 것이라며, 하드웨어 효율성 개선, 청정에너지 구매 등을 통해 2025년 한 해 동안 5800만 tCO₂e 이상의 배출을 회피할 수 있었다고 주장했다.아울러 구글은 보고서에서 “이런 에너지 수요의 급격한 팽창은 우리가 적극적으로 관리해야 할 현실”이라며 “AI의 성장이 환경 기준을 낮추는 구실이 되지 않도록 하겠다”고 강조했다.액시오스는 “구글은 아마도 다른 어떤 기술 기업보다도 청정에너지에 적극적으로 투자해 왔을 것”이라며 “AI 구축 속에서 기후 목표를 달성하는 것이 얼마나 어려워졌는지를 보여준다”고 짚었다. 그러면서 “구글의 데이터 센터가 갈수록 효율성이 높아지고 있지만, 이 회사의 AI 인프라는 더 빠른 속도로 성장하고 있다”고 설명했다.",True,구글,"구글은 지난해 온실가스 배출량이 18% 증가한 1450만 tCO₂e로 역대 최대치를 기록했으며, 전력과 물 소비도 사상 최고치에 달했다. AI 성장으로 데이터 센터와 하드웨어 제조가 늘어나면서 배출량, 전력 수요, 물 사용량이 급증했지만, 구글은 청정에너지 계약과 효율성 개선으로 배출량 증가를 일부 억제했다고 밝혔다. 그러나 환경 목표 달성에 어려움이 커지고 있어, 구글은 배출량 증가 속도를 제한하는 방향으로 정책을 전환하고 있다.",구글,1.0
2026-07-01,"""엄마 번호·엄마 목소리로 걸어온 가짜 전화""…구글, 딥페이크 전화 차단",정보 없음,https://n.news.naver.com/mnews/article/003/0014041261,"안드로이드 '구글 전화' 앱에 가짜 전화 감지 기능 순차 배포기기끼리 비밀신호 교환…RCS 기반 '디지털 악수'로 진짜 인증픽셀 시리즈 우선 적용…안드로이드 12 이상 기기로 확대[서울=뉴시스] 구글은 안드로이드 '구글 전화' 앱에 가짜 전화 감지 기능을 순차 배포한다고 1일 밝혔다. (영상=구글) *재판매 및 DB 금지[서울=뉴시스]윤정민 기자 = 구글이 인공지능(AI) 딥페이크 음성과 발신번호 조작을 결합한 보이스피싱 대응에 나선다. 가족이나 지인의 전화번호와 목소리를 사칭하는 고도화된 전화 사기를 막기 위해 안드로이드에 '가짜 전화 감지' 기능을 도입한다.구글은 안드로이드 '구글 전화' 앱에 가짜 전화 감지 기능을 순차 배포한다고 1일 밝혔다. 이 기능은 발신번호가 조작된 것으로 의심되는 통화를 감지해 이용자에게 경고한다.가짜 전화 감지 기능은 이용자와 상대방이 모두 '구글 전화' 앱을 사용할 경우 작동한다. 지인이 전화를 걸면 양측 기기 사이에서 실시간 확인 신호를 주고받아 해당 통화가 실제 그 사람의 기기에서 발신된 정상 통화인지 인증한다.구글은 이 과정을 '디지털 악수'라고 설명했다. 확인 절차는 종단간 암호화가 적용된 차세대 메시징 표준 RCS 기술을 기반으로 이뤄진다.반대로 사기범이 지인의 전화번호를 조작해 전화를 걸 경우에는 정상 확인 신호가 존재하지 않는다. 이용자 기기는 실제 지인의 기기로 추가 확인 요청을 보내고, 해당 기기에서 현재 전화를 걸고 있지 않다는 응답이 확인되면 이용자에게 전화를 종료하라는 경고를 표시한다.이번 기능은 AI 음성 딥페이크를 활용한 신종 보이스피싱을 겨냥했다. 최근 사기범들은 인터넷 기반 통신 기술로 발신번호를 가족이나 지인 번호처럼 조작한 뒤 AI로 복제한 목소리를 이용해 긴급 상황을 가장하는 방식으로 금전이나 개인정보를 요구하고 있다.피해 규모도 커지고 있다. 구글에 따르면 인터폴이 지난 3월 발표한 글로벌 금융범죄 위협 평가에서 사칭 사기는 전 세계적으로 4000억 달러(약 623조원) 이상의 피해를 유발한 주요 금융 범죄 중 하나로 지목됐다. 미국 연방거래위원회(FTC)에 접수된 사칭 사기 피해액도 2024년 한 해에만 약 29억5000만 달러(약 4조6000억원)에 달했다.구글은 이 기능을 기본 활성화 상태로 제공하되, 이용자가 원할 경우 '구글 전화' 앱 설정에서 비활성화할 수 있도록 했다.지원 대상은 '안드로이드 12' 이상 기기다. 구글은 자사 스마트폰 '픽셀' 시리즈를 시작으로 '갤럭시' 등 안드로이드 기기의 '구글 전화' 앱에 기능을 순차 배포할 예정이다. 다만 전화를 거는 사람과 받는 사람 모두 '구글 전화' 앱을 사용해야 하며 구글 메시지에서 차세대 메시지 규격 '리치 커뮤니케이션 서비스(RCS)' 기능을 지원해야 한다.구글은 이번 기능을 개방형 표준인 RCS 기반으로 개발한 만큼 다른 앱 개발사와 기기 제조사도 관련 기술을 도입할 수 있도록 지원할 것이라고 말했다．",True,구글,"구글은 안드로이드 '구글 전화' 앱에 AI 딥페이크 음성과 발신번호 조작을 차단하는 가짜 전화 감지 기능을 순차적으로 배포한다. 이 기능은 통화 시 양측 기기 간 '디지털 악수'를 통해 진짜인지 확인하며, RCS 기술을 기반으로 작동한다. 가족이나 지인 사칭 사기 방지에 효과적이며, 픽셀 등 일부 기기에서 우선 적용된다. 이로써 보이스피싱 피해를 줄이고, 개방형 표준 도입도 추진한다.",구글,1.0
2026-07-01,"공정위, 구글 제재 착수…과징금 최대 8천500억 가능(종합2보)",정보 없음,https://n.news.naver.com/mnews/article/001/0016170671,"게임사 22곳과 구글 앱마켓 '최혜대우 계약'…공정위 심사 착수구글 ""법 위반 없었다"" 반박…게임업계는 환영 입장구글 사옥[연합뉴스 자료사진. 재판매 및 DB 금지](세종·서울=연합뉴스) 김수현 한상용 김주환 기자 = 공정거래위원회가 구글의 앱마켓 운영과 관련한 경쟁 제한 혐의에 대해 제재 절차에 착수했다.심의를 거쳐 최대 8천500억원의 과징금이 부과될 가능성이 제기되는 가운데 구글은 3년 전에도 유사한 앱마켓 거래 제한 행위로 421억원의 과징금을 받은 바 있다.구글은 ""법 위반 행위가 없었다""고 반박했고, 국내 게임업계는 공정한 경쟁 질서 회복을 기대한다며 환영 입장을 밝혔다.구글, 게임사와 '최혜대우 계약'…공정위 ""독점거래 강제""공정위 사무처는 구글의 '독점규제 및 공정거래에 관한 법률'(공정거래법) 위반 혐의와 관련해 심사보고서를 당사자에 송부하고 공정위에 제출했다고 1일 밝혔다.구체적인 피심인은 구글 엘엘씨(미국), 구글 아시아퍼시픽 피티이 엘티디(싱가포르), 구글코리아 유한회사(한국)다.심사보고서는 공정위 심사관이 파악한 위법 행위에 관한 사실과 제재 의견을 담은 문서로, 형사소송으로 치면 공소장에 해당한다.심사보고서가 당사자에게 송부되면 공정위 제재 절차가 시작된다.구글은 인앱 결제 수수료(유료 아이템 등을 구매할 때 결제 금액의 일정 비율을 떼어가는 중개 수수료)가 높다는 이유로 게임사들이 구글 앱 마켓인 플레이스토어에서 이탈하려고 하자 이를 막기 위해 국내외 주요 게임사와 일명 GVP(Games/Google Velocity Program) 계약을 체결했다.이 계약은 게임사가 출시 시기, 품질 등을 다른 앱 마켓보다 유리하게 또는 최소한 동등하게 설정하는 조건으로, 구글이 각 게임사에 클라우드, 애즈(광고 구매 도구), 유튜브 등 구글 플랫폼 서비스 이용 비용을 지원하는 내용이 골자다.계약을 맺은 게임사는 넷마블, 엔씨소프트, 넥슨, 컴투스, 펄어비스 등 국내 5개사와 액티비전 블리자드 킹, 라이엇 게임즈 등 외국계 17개사 등 총 22개사다.계약 기간은 게임사별 상이하지만, 총기간은 2019년 7월부터 올해 3월까지라고 공정위는 설명했다.구글, 모든 앱 · 콘텐츠에 30% 수수료 적용 (PG)[장현경 제작] 일러스트이 계약은 구글 앱 마켓 매출액이 증가할수록 지원 금액도 늘어나는 누진적 구조로 설계된 점이 특징이다.공정위 심사관은 구글이 이 같은 방식으로 각 게임사가 다른 앱 마켓에 입점할 유인을 상당 부분 떨어뜨렸다고 봤다.특히 누진적 구조 탓에 구글이 사실상 각 게임사와 독점적 거래를 강제했다는 것이 공정위 심사관의 의견이다.이를 통해 원스토어 등 경쟁 앱 마켓의 사업 활동을 방해했다는 것이다. 실제로 국내 안드로이드 앱 마켓에서 구글 플레이스토어의 점유율은 80% 이상을 유지했다.아울러 일부 게임사가 자체 앱 마켓을 출시하는 가능성도 차단했다고 봤다.정희은 공정위 시장감시국장은 ""게임사들은 구글로부터 지원금을 받긴 했지만, 거래 지위상 구글이 압도적이었기에 지원을 거절하는 것이 사실상 어려웠을 것""이라며 ""게임사들의 경우 경제적 지원을 받았다고 공정거래법 위반은 아니다""라고 설명했다.최근 미국이 자사 기업과 관련한 제재에 예민한 점을 염두에 두지 않았느냐는 물음에는 아니라고 선을 그었다.정 국장은 ""이 사안은 공정위가 처음 인지한 것은 아니다""라며 ""이미 미국에선 이 사안의 반독점 행위와 관련해 민사소송으로 진행돼 판결까지 확정됐다""고 선을 그었다.최대 8천500억원 과징금 가능…구글 ""법 위반 없었다""구글의 이 같은 시장지배적 지위 남용 행위로 벌어들인 국내 매출은 92억1천777만달러(약 14조1천600억원)에 이르는 것으로 산정됐다.심사관은 구글의 이 같은 계약이 매우 중대한 위법 행위로 보고 시정 명령과 과징금 부과 의견을 제시했다.향후 공정위는 심의를 거쳐 관련 법령에 따라 관련 매출액의 최대 6%까지 과징금을 부과할 수 있다. 최대 8천496억원의 과징금이 부과될 수 있는 셈이다.이에 대해 구글 관계자는 ""구글은 그동안 공정위 조사에 성실히 협조해 왔으며 앞으로 진행될 위원회 심의 과정에서 법 위반 행위가 없었음을 소명하기 위해 최선을 다할 것""이라고 밝혔다.이 관계자는 이어 ""구글플레이는 타 앱 마켓들과 공정하게 경쟁하고 있다""며 ""한국의 개발자들과 이용자들에게 여러 혜택을 제공하고 있다""고도 언급했다.게임업계 ""환영""…3년 만에 또 제재 절차반면 2024년 구글 본사와 싱가포르 법인, 구글코리아를 공정위에 신고한 한국게임이용자협회의 이철우 회장은 ""구글이 GVP 계약은 게임 생태계를 훼손하고 소비자에게 피해를 떠넘긴 중대한 위법 행위""라며 공정위 결정에 환영한다는 입장을 내놨다.이어 ""공정위가 산정한 14조 원이 넘는 매출액은 결국은 독점 구조로 인해 부풀려진 비용을 감내해야 했던 게임 소비자들의 주머니에서 나온 것이나 다름없다""라고 지적했다.더 나아가 게임이용자협회는 이날 중 한국소비자원에 위법한 인앱결제 수수료의 소비자 환원을 촉구하는 집단분쟁조정신청을 제기할 계획이라고 전했다.원스토어 관계자는 ""공정위의 심의 개시를 존중하며 앱마켓 시장 내 공정한 경쟁이 정착되기를 기대한다""고 말했다.앞서 구글은 지난 2023년에도 경쟁 앱인 원스토어에 앱을 출시하지 않는 조건으로 게임사들에 앱 상단 노출·해외 진출 지원 등을 제공한 사실이 드러나 과징금 421억원과 시정명령 처분을 받았다.5년 이내 다시 법 위반 행위가 적발된 만큼 관련 고시에 따라 과징금은 20∼40% 가중될 수 있다.다만 공정위 관계자는 ""가중되더라도 과징금 최대는 동일하게 8천496억원""이라고 설명했다.구글은 심사보고서 수령일로부터 8주 이내에 서면 의견 제출, 증거자료의 열람·복사 신청 등 방어권을 충분히 보장받을 수 있다.공정위는 앱 마켓 시장의 실질적인 경쟁 복원을 위한 중대 사안인 만큼 신속하게 최종 판단을 내린다는 계획이다.porque@yna.co.krgogo213@yna.co.krjujuk@yna.co.kr",True,구글,"공정거래위원회가 구글의 앱마켓 운영과 관련한 경쟁 제한 혐의에 대해 심사를 시작했다. 구글은 인앱 결제 수수료와 독점적 계약으로 게임사들을 사실상 독점 거래에 묶었으며, 최대 8,500억 원의 과징금이 부과될 가능성이 있다. 구글은 법 위반이 없다고 반박했고, 국내 게임업계는 공정 경쟁 회복을 기대하며 환영했다. 이번 조치는 3년 만의 재제재 절차로, 구글의 시장 지배력 남용에 대한 규제 강화 움직임으로 보인다.",구글,1.0
2026-07-01,동영상 이어 캡쳐 사진도 차단…오늘부터 불법 촬영물 필터링 확대,정보 없음,https://n.news.naver.com/mnews/article/003/0014038527,"방미심위 DB와 이미지 '디지털 DNA' 자동 대조해 게시 제한캡처·편집 사진 재유포 차단 목적…연말까지 계도기간구글·네카오 등 대형 플랫폼·커뮤니티 등 80여곳 대상[서울=뉴시스][서울=뉴시스]윤정민 기자 = 오늘부터 온라인 플랫폼의 불법촬영물 차단 대상이 동영상에서 사진으로 확대된다. 불법촬영물과 아동·청소년 성착취물이 원본 영상뿐 아니라 캡처 이미지, 편집 사진 등으로 재유포되는 피해를 막기 위한 조치다.1일 방송미디어통신위원회에 따르면 이날부터 '불법촬영물 등 유통 방지를 위한 기술적·관리적 조치' 적용 대상이 동영상 파일에서 이미지 파일까지 확대된다.전기통신사업법에 따라 방미통위가 지정한 사전 조치 의무사업자는 이용자가 게시하려는 이미지가 방송미디어통신심의위원회의 심의·의결을 거쳐 불법촬영물 등으로 판단된 자료와 일치하는지 확인해야 한다.사진도 '디지털 DNA' 대조…정부 ""사전검열 아냐""",True,구글,"오늘부터 온라인 플랫폼에서 불법촬영물 유포 차단 대상이 동영상뿐 아니라 캡처 이미지와 편집 사진까지 확대됐다. 방송미디어통신위원회는 디지털 DNA 기술을 활용해 게시된 이미지가 불법촬영물과 일치하는지 자동 대조하며, 이를 통해 재유포를 방지한다. 이번 조치는 구글, 네이버 등 80여 개 주요 플랫폼과 커뮤니티를 대상으로 연말까지 계도기간 동안 시행되며, 사전 검열이 아니라고 정부는 강조하고 있다.",구글,1.0
2026-07-01,"구글 제재 착수에 게임업계 ""환영""…소비자 환원 요구 확산",정보 없음,https://n.news.naver.com/mnews/article/001/0016170227,"게임이용자협회 ""최대 6% 과징금 부과해야…집단분쟁 추진""원스토어 ""공정 경쟁 기대""…국내 게임사 책임론도구글 플레이(CG)[연합뉴스TV 제공](서울=연합뉴스) 김주환 기자 = 자사 앱 마켓을 이용하는 국내외 주요 게임사에 '최혜 대우'를 요구한 구글이 공정거래위원회 제재를 받게 되면서 게임업계에서는 대체로 환영한다는 반응이 나왔다.공정위 사무처는 1일 구글의 '독점규제 및 공정거래에 관한 법률'(공정거래법) 위반 혐의와 관련해 심사보고서를 당사자에 송부하고 공정위에 제출했다고 밝혔다.공정위는 구글이 국내외 대형 게임사에 자사 플랫폼 이용 비용을 지원하는 대신 게임 출시 시기나 품질을 다른 앱마켓보다 유리하게 또는 동등하게 설정하는 '최혜 대우'를 요구하는 'GVP' 계약을 통해 원스토어 등 경쟁 앱 마켓의 사업 활동을 방해했다고 봤다.공정위는 구글의 안드로이드 앱마켓 시장에서의 시장지배적 지위 남용으로 영향을 받은 매출액이 약 14조1천600억원에 이르는 것으로 산정했다.한국게임이용자협회[한국게임이용자협회 제공. 재판매 및 DB 금지]""구글에 매출 6% 과징금 부과해야…집단분쟁 조정도 추진""경실련 등과 함께 2024년 구글 미국 본사와 싱가포르 법인, 구글코리아 등을 공정위에 신고한 한국게임이용자협회 이철우 회장(법률사무소 문화 변호사)은 ""구글이 GVP 계약은 게임 생태계를 훼손하고 소비자에게 피해를 떠넘긴 중대한 위법행위이므로, 이 부분을 짚어준 공정위의 결정을 환영한다""라고 밝혔다.이어 ""공정위가 산정한 14조 원이 넘는 매출액은 결국은 독점 구조로 인해 부풀려진 비용을 감내해야 했던 게임 소비자들의 주머니에서 나온 것이나 다름없다""라고 지적했다.그러면서 ""공정위의 시정명령 및 관련 매출액의 최대 6% 과징금 부과 등 신속하고 엄중한 최종 판단을 기대한다""라고 덧붙였다.게임이용자협회는 이날 중 한국소비자원에 위법한 인앱결제 수수료의 소비자 환원을 촉구하는 집단분쟁조정신청을 제기할 계획이라고도 전했다.게임업계에서는 국내 게임사가 제재 대상에 빠진 데 대해 긍정적이라는 반응이 나왔다.한 국내 대형 게임사 관계자는 ""공정위가 GVP를 체결한 국내 게임사까지 제재 대상에 넣지 않은 건 합리적인 판단""이라며 ""그간 구글·애플의 앱 수수료 때문에 많은 기업이 PC 결제나 웹 기반 외부 거래망을 도입해왔는데, 공정위 제재가 이뤄진다면 이런 추세가 더 탄력을 받을 것으로 기대한다""라고 말했다.구글·애플 인앱결제 피해 고발 및 제도개선 요구 기자회견[경실련·디지털주권회복 시민위원회 제공]국내 게임사 제재 제외엔 엇갈린 평가…원스토어 ""공정 경쟁 기대""반면 국내 중소 게임사를 대표해 구글·애플을 상대로 미국 법원에 집단조정을 냈던 위더피플 법률사무소의 이영기 외국변호사는 구글과 GVP를 체결한 국내 게임업체가 제재 대상에서 빠진 점에 대해 ""우려스럽다""는 의견을 전했다.이 변호사는 ""구글이 대형 게임사들과 담합해 '그들만의 리그'를 형성하는 것 자체가 중소기업과 소비자들에게 불공정한 거래로 인한 피해를 강요하는 것""이라고 지적했다.그러면서 ""미국 연방 대법원과 캘리포니아주 등에서 일찍이 구글의 이런 행태가 위법이라는 결정이 나왔음에도 이제서야 조사와 제재에 착수한 것은 지나치게 늦은, 지연된 정의""라고 말했다.원스토어[원스토어 제공. 재판매 및 DB 금지]최근 국내 게임사 넥써쓰에 인수된 토종 앱 마켓 원스토어는 구글이 펼친 앱 마켓 독점 전략의 최대 피해자로 꼽힌다.원스토어 관계자는 ""공정위의 심의 개시를 존중하며, 앱마켓 시장 내 공정한 경쟁이 정착되기를 기대한다""라고 전했다.구글은 2023년 원스토어의 성장을 막고자 시장 지배력을 남용, 앱 독점 출시를 조건으로 게임사들에 광고 효과가 있는 피처링과 해외 진출 지원 등을 제공했다가 421억원의 과징금 철퇴를 맞은 바 있다.당시 구글이 불공정 행위를 한 것으로 조사된 기간은 2016년부터 2018년까지지만, 업계에서는 그 이후에도 구글이 경쟁 앱 마켓을 상대로 부당한 조치를 단행해왔다고 보고 있다.이번 사태를 계기로 구글과 애플이 빨리 앱 수수료를 인하해야 한다는 반응도 나온다.황성익 한국모바일게임협회 회장은 ""구글이 한국 시장에는 12월이 돼서야 앱 마켓 수수료를 낮추겠다고 했는데, 조기에 단행되기를 희망한다""라며 ""현재 별다른 입장이 없는 애플도 조속히 조처해야 할 것""이라고 말했다.jujuk@yna.co.kr",True,구글,"구글이 국내외 주요 게임사에 ‘최혜 대우’를 요구하며 공정거래법 위반 혐의로 공정위 제재를 받게 됐다. 공정위는 구글이 경쟁 앱마켓인 원스토어의 시장 진입을 방해했다고 판단, 매출액 약 14조원에 대한 최대 6% 과징금 부과와 집단분쟁 조정을 추진 중이다. 게임이용자협회는 이를 환영하며, 구글의 독점 행위에 대한 엄중한 처벌을 요구했다. 반면, 일부 전문가와 원스토어는 국내 게임사 제재 제외에 우려를 표명하며, 시장 경쟁과 제도 개선의 필요성을 강조했다.",구글,1.0
2026-07-01,공정위 “앱마켓 불공정 거래 ‘구글’ 제재 심의”,정보 없음,https://n.news.naver.com/mnews/article/056/0012209595,"[앵커]구글이 앱마켓 시장에서  독점적인 지위를 이용해 불공정 거래를 한 혐의로,  공정위의 제재 심의를  받게 됐습니다.공정위 심사관은 관련 매출이 14조 원에 이른다고 했는데, 심의 결과에 따라 수천억원의 과징금이 나올 수도 있습니다.이승훈 기자가 보도합니다.[리포트]자체 앱마켓 플레이스토어를 운영하는 구글은 지난 2019년부터  국내외 주요 게임사와  GVP, 일명 프로젝트 허그라는 이름의  계약을 체결했습니다.이 계약은 게임의 출시 시기와 품질 등을  다른 앱마켓보다 유리하거나  최소한 동등하게  구글 측에 제공한다는  내용을 담고 있다고 공정위는 설명했습니다.게임사가  조건을 잘 지키면, 구글은 유튜브나 클라우드 같은  자사 플랫폼 서비스의  이용 요금을 지원하는데, 이는 앱마켓의 매출액에 따라  점진적으로 느는 구조로 돼있습니다.공정위 심사관은 시장 지배적 지위를 가진 구글의  이런 계약 조건이 원스토어 같은 다른 경쟁 앱마켓의  입점 유인을 크게 저해시켰다고 판단했습니다.게임사 입장에서 구글의 지원을 받으려면,  구글 앱마켓의 매출 규모를 먼저 키워야 하기 때문입니다.[정희은/공정거래위원회 시장감시국장 : ""심사관은 GVP 계약을 통해서 사실상 피심인(구글)과의 독점적 거래를 강제했다고 보았습니다.""]공정위 심사관은  구글의 이러한 행위에  시정명령과 과징금을 부과해달라는 심사보고서를 상정하고 구글에도 보냈습니다.관련 매출액만  92억 천만여 달러,  우리 돈 14조 원 이상이라고  밝혔습니다.법령에 따라, 과징금은 관련 매출액의 최대 6%까지 물릴 수 있습니다.공정위는 방어권 보장 절차 등을 거친 뒤, 신속하게 전원회의를 열어  최종 판단을 내릴 계획입니다.KBS 뉴스 이승훈입니다.촬영기자:김현태/영상편집:이현모■ 제보하기▷ 전화 : 02-781-1234, 4444▷ 이메일 : kbs1234@kbs.co.kr▷ 카카오톡 : 'KBS제보' 검색, 채널 추가▷  유튜브, 다음에서도 KBS뉴스를 구독해주세요!",True,구글,"구글이 앱마켓 시장에서 독점적 지위를 이용해 불공정 거래 혐의로 공정위 심의를 받고 있습니다. 구글은 2019년부터 게임사와 GVP 계약을 체결하며, 앱 출시 조건과 수수료 지원을 통해 경쟁 앱마켓의 입점을 저해했고, 관련 매출액은 14조 원에 달합니다. 공정위는 구글의 행위가 시장 지배적 위치를 남용한 것으로 보고 시정명령과 과징금을 검토 중이며, 최종 판단은 신속히 내려질 예정입니다.",구글,1.0
2026-07-01,"공정위, 구글 앱마켓 최혜대우 제재 착수…과징금 최대 8496억",정보 없음,https://n.news.naver.com/mnews/article/003/0014039902,"GVP 계약으로 게임사 이탈 차단국내외 22개 게임사와 계약 체결관련매출 약 14조1600억원 산정""최혜대우 조건으로 경쟁 제한""[워싱턴=AP/뉴시스] 사진은 구글 로고. 2024.08.06.[세종=뉴시스]여동준 기자 = 공정거래위원회가 게임사들의 앱마켓 이탈을 막기 위해 구글이 국내외 주요 게임사와 최혜대우 조건 계약을 맺었다고 보고 제재 절차에 착수했다.관련 매출액은 약 14조1600억원으로 산정됐다. 시장지배적지위 남용행위 과징금 상한인 6%를 단순 적용하면 최대 8496억원 수준의 과징금 부과도 가능하다.공정위는 1일 구글의 공정거래법 위반 혐의에 대한 행위 사실, 위법성 판단, 조치 의견 등을 담은 심사보고서를 위원회에 제출하고 피심인에게 송부했다고 밝혔다.피심인은 구글 엘엘씨, 구글 아시아 퍼시픽 피티이 엘티디, 구글코리아 유한회사다. 심사보고서 송부에 따라 사건 심의 절차도 개시됐다.이번 사건은 경제정의실천시민연합, 한국게임이용자협회, 한국게임소비자협회가 지난 2024년 11월 신고한 뒤 공정위가 해외소송 자료 분석, 현장조사, 참고인 조사 등을 거쳐 심사보고서를 작성한 사안이다.공정위 심사관은 구글이 높은 인앱결제 수수료로 게임사들이 구글 앱마켓인 플레이스토어를 이탈하려 하자 이를 차단하기 위해 주요 게임사와 GVP 계약을 체결했다고 봤다.GVP 계약은 게임사가 게임 출시 시기와 품질 등을 다른 앱마켓보다 구글 앱마켓에 유리하게 하거나 최소한 동등하게 설정하는 것을 조건으로 한다.그 대가로 구글은 게임사에 클라우드, 애즈, 유튜브 등 구글 플랫폼 서비스 이용 비용을 지원했다.공정위는 특히 구글 앱마켓 내 게임 매출액이 늘어나면 구글이 게임사에 지원하는 금액도 증가하는 누진적 구조에 주목했다.누진적 지원 방식 자체가 위법이라는 의미는 아니지만, 최혜대우 조건과 결합하면서 게임사가 경쟁 앱마켓에 입점할 유인을 크게 낮췄다는 판단이다.정희은 공정위 시장감시국장은 ""가장 문제 되는 것은 GVP 계약의 내용으로 최혜대우 조건을 부가했다는 점""이라며 ""누진적 구조로 설계돼 그 효과가 더 커진다고 봤다""고 설명했다.공정위는 구글이 GVP의 최혜대우 조건과 누진적 지원 방식 등을 통해 원스토어 등 경쟁 앱마켓의 사업활동을 방해했다고 판단했다.계약 대상 게임사가 독자적으로 앱마켓 시장에 진출하려는 유인이나 가능성도 봉쇄했다고 봤다. 사실상 구글과의 독점적 거래를 강제했다는 판단도 담겼다.공정위가 파악한 행위 기간은 2019년 7월부터 올해 3월까지 약 6년9개월이다.GVP 계약을 맺은 게임사는 총 22개사다. 이 가운데 국내 게임사는 엔씨소프트, 넥슨, 넷마블, 펄어비스, 컴투스 등 5개사이고 외국 게임사는 17개사다.심사관은 구글의 행위가 시장지배적지위 남용행위 중 사업활동방해행위와 배타조건부거래행위 등에 해당하는 매우 중대한 위반행위라고 보고 시정명령과 과징금 부과 의견을 제시했다.이 사건으로 영향을 받은 안드로이드 앱마켓 시장 관련 매출액은 92억1777만 달러로, 한화로는 약 14조1600억원으로 산정됐다. 공정위는 국내 안드로이드 앱마켓 시장에서 구글 플레이스토어 점유율이 대체로 80% 이상이라고 설명했다.다만 심사보고서는 심사관의 판단과 조치 의견을 담은 것으로, 공정위 전원회의의 최종 판단을 구속하지 않는다.구글은 심사보고서 수령일부터 8주 안에 서면 의견을 제출할 수 있고, 증거자료 열람·복사 신청 등 방어권을 보장받는다.공정위는 방어권 보장 절차가 끝나는 대로 전원회의를 열어 최종 제재 여부와 수위를 결정할 계획이다.정 국장은 ""공정위는 앞으로도 앱마켓 시장 내 실질적 경쟁 복원을 위한 감시를 지속할 예정""이라고 말했다.[세종=뉴시스] 강종민 기자 =정희은 공정거래위원회 시장감시국장. 2024.07.15. ppkjm@newsis.com",True,구글,"공정거래위원회는 구글이 국내외 22개 게임사와 최혜대우 조건의 GVP 계약을 맺어 경쟁 앱마켓 진입을 방해했다고 보고 제재 절차에 착수했다. 이 계약은 구글이 게임사에 지원금을 제공하며, 경쟁 앱마켓에 유인되지 않도록 하는 조건을 포함하고 있어 시장지배적 지위 남용으로 판단된다. 관련 매출액은 약 14조1600억 원으로 추산되며, 최대 과징금은 8496억 원에 달할 수 있다. 구글은 심사보고서에 대한 의견 제출 기회를 갖고 있으며, 공정위는 최종 판단을 내릴 예정이다.",구글,1.0
2026-07-01,"구글, 지난해 온실가스 배출량 역대 최대...AI 경쟁에 후퇴하는 ‘넷제로’",정보 없음,https://n.news.naver.com/mnews/article/023/0003985161,"구글 데이터센터. /구글구글의 지난해 전력과 물 소비량, 온실가스 배출량이 사상 최대치를 기록한 것으로 집계됐다. 구글은 지난 2020년 탄소 순배출량을 0으로 만드는 ‘넷제로(Net Zero)’를 2030년까지 달성하겠다고 선언했으나, 치열한 인공지능(AI) 인프라 경쟁 속에 에너지 사용량이 오히려 급증하면서 기존 목표에서 멀어지고 있다는 분석이다.구글이 30일(현지 시각) 발표한 2026년 환경 보고서에 따르면, 2025년 구글의 전력 소비량은 43.6TWh(테라와트시)로 전년 대비 37% 늘어난 것으로 집계됐다. 이는 뉴질랜드의 1년 치 소비량과 맞먹는 수치다. 구글의 전력 소비량은 넷제로 선언 전인 2019년 대비 3.5배 높아졌다. 전체 소비량의 97%에 해당하는 42.4TWh의 전력이 데이터센터에서 사용됐다. 구글의 물 사용량도 같은 기간 81억3500만갤런에서 108억6900만갤런으로 34% 늘었다. 구글은 AI 인프라 구축을 주된 이유로 들었다.이로 인해 온실가스 배출량도 큰 폭으로 늘었다. 이산화탄소로 환산한 온실가스 배출량은 2024년 1227만톤에서 2025년 1447만톤으로 18% 증가했다. 이는 구글이 연례 환경 보고서를 내기 시작한 2016년 이래 역대 최고 증가율이다. 구글은 “기후 목표 달성을 위한 여정은 순탄하지 않을 것”이라며 “구글의 AI 인프라 구축 속도가 전력망의 탈탄소화 속도보다 훨씬 빠르기 때문”이라고 했다.구글의 지속가능성 보고서는 AI 시대 빅테크의 친환경 목표가 난항을 겪고 있음을 보여준다. 구글은 지난해 전력 사용량 100%를 재생에너지 구매로 맞췄고, 사상 최대 규모의 청정에너지 계약도 체결했다. 하지만 전력과 물 소비량, 온실가스 배출량은 전례 없는 속도로 늘어나는 실정이다.테크 업계에서는 주요 기업들의 환경 보고서가 “우리가 얼마나 줄였나”를 보여주는 문서가 아니라 “AI 인프라 폭증에도 불구하고 얼마나 환경을 덜 악화시켰나”를 설명하는 방어문에 가까워지고 있다는 분석이 나온다.",True,구글,"구글의 2025년 환경 보고서에 따르면, 전력 소비량은 43.6TWh로 37% 증가하며 사상 최대치를 기록했고, 물 사용량도 34% 늘었다. 온실가스 배출량은 18% 증가해 역대 최고를 기록했으며, AI 인프라 확장으로 인한 에너지 수요 급증이 주요 원인이다. 구글은 2020년 이후 전력 소비와 온실가스 배출이 급증하는 가운데, 목표인 ‘넷제로’ 달성은 어려워지고 있다. 테크 업계는 친환경 목표가 인프라 확장과 맞물려 난항을 겪고 있음을 보여준다.",구글,1.0
2026-07-01,"구글, 공정위 제재 착수에 ""공정 경쟁 중…법 위반 없었다""",정보 없음,https://n.news.naver.com/mnews/article/001/0016170345,"""공정위 조사에 성실히 협조하고 소명에 최선""구글[AFP=연합뉴스. 재판매 및 DB 금지](서울=연합뉴스) 한상용 기자 = 공정거래위원회가 구글의 앱마켓 시장지배적 지위 남용 혐의에 대해 제재 절차에 착수하자 구글은 ""법 위반 행위가 없었다""고 밝혔다.구글 관계자는 1일 연합뉴스의 관련 질의에 ""구글플레이는 타 앱 마켓들과 공정하게 경쟁하고 있다""며 이같이 말했다.이어 ""구글플레이는 한국의 개발자들과 이용자들에게 여러 혜택을 제공하고 있다""고도 했다.이 관계자는 ""구글은 그동안 공정거래위원회의 조사에 성실히 협조해 왔으며 앞으로 진행될 위원회 심의 과정에서 법 위반 행위가 없었음을 소명하기 위해 최선을 다할 것""이라고 강조했다.앞서 공정위 사무처는 구글의 독점규제 및 공정거래에 관한 법률 위반 혐의와 관련해 심사보고서를 당사자에게 송부하고 공정위에 제출했다고 밝혔다.구글 게임앱 불공정행위 적발(세종=연합뉴스) 김주성 기자 = 정지은 공정거래위원회 시장감시국장이 1일 세종시 정부세종청사에서 구글의 앱마켓 관련 시장지배적 지위 남용행위 사건에 대해 브리핑하고 있다. 2026.7.1 utzza@yna.co.kr공정위는 구글이 국내외 대형 게임사에 자사 플랫폼 이용 비용을 지원하는 대신 게임 출시 시기나 품질을 다른 앱 마켓보다 유리하게 또는 동등하게 설정하도록 하는 'GVP' 계약을 통해 원스토어 등 경쟁 앱 마켓의 사업 활동을 방해했다고 판단했다.공정위는 구글의 안드로이드 앱 마켓 시장지배적 지위 남용으로 영향 매출액이 약 14조1천600억원에 이르는 것으로 산정했다.gogo213@yna.co.kr",True,구글,"공정거래위원회는 구글의 앱마켓 시장지배적 지위 남용 혐의에 대해 조사 중이며, 구글은 법 위반이 없음을 주장하며 협조하고 있다. 구글은 공정 경쟁과 사용자 혜택을 강조하며, 조사에 성실히 임하겠다고 밝혔다. 그러나 공정위는 구글이 경쟁 앱 마켓의 활동을 방해하는 'GVP' 계약을 통해 시장 지배력을 남용했다고 판단, 영향 매출액이 약 14조원에 달하는 것으로 추산했다.",구글,1.0
2026-07-01,"구글, 게임사에 '앱 마켓 갑질' 또 적발…과징금 최대 8천500억(종합)",정보 없음,https://n.news.naver.com/mnews/article/001/0016170360,"게임사 22곳에 '최혜대우 조건'으로 구글 클라우드 비용 등 지원구글 앱 마켓 점유율 80%대 유지…공정위 ""최대한 신속 판단""미국서 이미 민사소송 판결 확정…3년 전에도 400억대 과징금구글 사옥[연합뉴스 자료사진. 재판매 및 DB 금지](세종=연합뉴스) 김수현 기자 = 구글이 자사 앱 마켓을 이용하는 국내외 주요 게임사에 금전적 지원을 해주는 대가로 '최혜 대우'를 요구하며 사실상 독점적 거래를 강제했다가 공정거래위원회의 심판대에 오르게 됐다.구글은 2023년에도 경쟁 앱 마켓인 원스토어에 앱을 출시하지 않는 조건으로 게임사에 지원했다가 400억원대 과징금을 부과받았으나 불과 3년 만에 다시 처분받게 됐다.공정위 사무처는 구글의 '독점규제 및 공정거래에 관한 법률'(공정거래법) 위반 혐의와 관련해 심사보고서를 당사자에 송부하고 공정위에 제출했다고 1일 밝혔다.구체적인 피심인은 구글 엘엘씨(미국), 구글 아시아퍼시픽 피티이 엘티디(싱가포르), 구글코리아 유한회사(한국)다.심사보고서는 공정위 심사관이 파악한 위법 행위에 관한 사실과 제재 의견을 담은 문서로, 형사소송으로 치면 공소장에 해당한다.심사보고서가 당사자에게 송부되면 공정위 제재 절차가 시작된다.구글은 인앱 결제 수수료(유료 아이템 등을 구매할 때 결제 금액의 일정 비율을 떼어가는 중개 수수료)가 높다는 이유로 게임사들이 구글 앱 마켓인 플레이스토어에서 이탈하려고 하자 이를 막기 위해 국내외 주요 게임사와 일명 GVP(Games/Google Velocity Program) 계약을 체결했다.이 계약은 게임사가 출시 시기, 품질 등을 다른 앱 마켓보다 유리하게 또는 최소한 동등하게 설정하는 조건으로, 구글이 각 게임사에 클라우드, 애즈(광고 구매 도구), 유튜브 등 구글 플랫폼 서비스 이용 비용을 지원하는 내용이 골자다.계약을 맺은 게임사는 넷마블, 엔씨소프트, 넥슨, 컴투스, 펄어비스 등 국내 5개사와 액티비전 블리자드 킹, 라이엇 게임즈 등 외국계 17개사 등 총 22개사다.계약 기간은 게임사별 상이하지만, 총기간은 2019년 7월부터 올해 3월까지라고 공정위는 설명했다.구글, 모든 앱 · 콘텐츠에 30% 수수료 적용 (PG)[장현경 제작] 일러스트이 계약은 구글 앱 마켓 매출액이 증가할수록 지원 금액도 늘어나는 누진적 구조로 설계된 점이 특징이다.공정위 심사관은 구글이 이 같은 방식으로 각 게임사가 다른 앱 마켓에 입점할 유인을 상당 부분 떨어뜨렸다고 봤다.특히 누진적 구조 탓에 구글이 사실상 각 게임사와 독점적 거래를 강제했다는 것이 공정위 심사관의 의견이다.이를 통해 원스토어 등 경쟁 앱 마켓의 사업 활동을 방해했다는 것이다. 실제로 국내 안드로이드 앱 마켓에서 구글 플레이스토어의 점유율은 80% 이상을 유지했다.아울러 일부 게임사가 자체 앱 마켓을 출시하는 가능성도 차단했다고 봤다.정희은 공정위 시장감시국장은 ""게임사들은 구글로부터 지원금을 받긴 했지만, 거래 지위상 구글이 압도적이었기에 지원을 거절하는 것이 사실상 어려웠을 것""이라며 ""게임사들의 경우 경제적 지원을 받았다고 공정거래법 위반은 아니다""라고 설명했다.최근 미국이 자사 기업과 관련한 제재에 예민한 점을 염두에 두지 않았느냐는 물음에는 아니라고 선을 그었다.정 국장은 ""이 사안은 공정위가 처음 인지한 것은 아니다""라며 ""이미 미국에선 이 사안의 반독점 행위와 관련해 민사소송으로 진행돼 판결까지 확정됐다""고 선을 그었다.구글의 이 같은 시장지배적 지위 남용 행위로 벌어들인 국내 매출은 92억1천777만달러(약 14조1천600억원)에 이르는 것으로 산정됐다.심사관은 구글의 이 같은 계약이 매우 중대한 위법 행위로 보고 시정 명령과 과징금 부과 의견을 제시했다.향후 공정위는 심의를 거쳐 관련 법령에 따라 관련 매출액의 최대 6%까지 과징금을 부과할 수 있다. 최대 8천496억원의 과징금이 부과될 수 있는 셈이다.앞서 구글은 지난 2023년에도 경쟁 앱인 원스토어에 앱을 출시하지 않는 조건으로 게임사들에 앱 상단 노출·해외 진출 지원 등을 제공한 사실이 드러나 과징금 421억원과 시정명령 처분을 받았다.5년 이내 다시 법 위반 행위가 적발된 만큼 관련 고시에 따라 과징금은 20∼40% 가중될 수 있다.다만 공정위 관계자는 ""가중되더라도 과징금 최대는 동일하게 8천496억원""이라고 설명했다.구글은 심사보고서 수령일로부터 8주 이내에 서면 의견 제출, 증거자료의 열람·복사 신청 등 방어권을 충분히 보장받을 수 있다.공정위는 앱 마켓 시장의 실질적인 경쟁 복원을 위한 중대 사안인 만큼 신속하게 최종 판단을 내린다는 계획이다.porque@yna.co.kr",True,구글,"구글이 국내외 주요 게임사에 금전적 지원 조건으로 독점적 거래를 강요하며 공정거래법 위반 혐의로 공정위 심판 대상이 됐다. 구글은 지원금 지급을 조건으로 앱 마켓 점유율 80% 이상을 유지하며 경쟁 앱 마켓 진입을 방해했고, 지난해에도 과징금 421억 원을 부과받았다. 이번 사건은 미국에서도 민사소송이 진행 중이며, 구글의 시장 지배력 남용 행위로 국내 매출이 약 14조 원에 이른다. 공정위는 시정 명령과 최대 8,496억 원의 과징금을 검토 중이다.",구글,1.0
2026-07-01,"공정위, 구글 '앱마켓 독점' 의혹 심의 착수…""과징금 최대 8496억원""",정보 없음,https://n.news.naver.com/mnews/article/079/0004163655,"구글, 게임사에 '최혜대우' 조건 내걸고 지원…""경쟁 앱마켓 봉쇄""공정위 심사관 ""GVP 계약으로 사업활동 방해·독점거래 강제""구글 관련 매출액 14조1600억원…""과징금 상한 8496억원""연합뉴스공정거래위원회가 구글의 앱마켓 시장지배적 지위 남용 혐의에 대한 심의 절차에 착수했다.구글이 게임사에 자사 앱마켓인 구글플레이 사용을 사실상 강제해 경쟁 앱마켓 진출을 막았다는 것이 공정위 심사관의 판단이다.공정위는 1일 구글 엘엘씨(미국)·구글 아시아 퍼시픽 피티이 엘티디(싱가포르)·구글코리아 유한회사(대한민국) 등 구글 3개 법인의 시장지배적 지위 남용행위 사건에 대한 심의를 개시했다고 밝혔다.이번 사건은 경제정의실천시민연합·한국게임이용자협회·한국게임소비자협회가 지난해 11월 신고한 데서 비롯됐다.공정위 심사관에 따르면, 구글은 높은 인앱결제 수수료로 촉발된 게임사들의 앱마켓 이탈 시도를 막기 위해 액티비전 블리자드 킹·라이엇 게임즈·엔씨소프트·넷마블 등 국내외 주요 게임사와 GVP(Games/Google Velocity Program·일명 'Project Hug') 계약을 2019년부터 체결했다.GVP 계약은 게임사가 출시 시기·품질 등을 다른 앱마켓보다 유리하게 또는 최소한 동등하게 설정하는 최혜대우 조건을 받아들이는 대신, 구글이 클라우드·애즈·유튜브 등 자사 플랫폼 서비스 이용 비용을 지원하는 구조다.특히 구글 앱마켓 매출액이 늘어날수록 구글의 지원 금액도 함께 늘어나는 누진적 방식으로 설계됐다.심사관은 구글이 이 같은 최혜대우 조건과 누진적 지원 방식을 통해 게임사의 경쟁 앱마켓 입점 유인을 현저히 저해함으로써 원스토어 등 경쟁 앱마켓의 사업활동을 방해하고, 계약 대상 게임사를 묶어둠으로써 경쟁 앱마켓의 시장 진출을 봉쇄했다고 판단했다.아울러 GVP 계약을 통해 사실상 독점적 거래를 강제했다고 보고, 이를 사업활동방해행위(공정거래법 제5조 제1항 제3호)와 배타조건부거래행위(공정거래법 제5조 제1항 제5호)를 위반하는 매우 중대한 위법행위로 판단해 시정명령 및 과징금 부과 의견을 제시했다.공정위가 산정한 관련 매출액은 92억 1777만 달러(약 14조 1600억 원)다. 공정거래법상 시장지배적 지위 남용이 인정되면 관련 매출액의 최대 6%까지 과징금을 부과할 수 있어 이론상 과징금 상한은 약 8496억 원이다.구글은 심사보고서 수령일로부터 8주 내에 서면 의견을 제출하고 증거자료 열람·복사를 신청하는 등 방어권을 보장받게 된다.공정위는 방어권 보장 절차가 종료되는 대로 신속하게 전원회의를 개최해 최종 판단을 내릴 계획이다. 다만 심사보고서는 심사관의 조치 의견을 담은 것으로 위원회의 최종 판단을 구속하지 않는다.※CBS노컷뉴스는 여러분의 제보로 함께 세상을 바꿉니다. 각종 비리와 부당대우, 사건사고와 미담 등 모든 얘깃거리를 알려주세요.이메일 :jebo@cbs.co.kr카카오톡 :@노컷뉴스사이트 :https://url.kr/b71afn",True,구글,"공정거래위원회는 구글이 게임사에 최혜대우 조건을 내걸고 자사 앱마켓인 구글플레이 사용을 강제해 경쟁 앱마켓 진입을 막았다는 혐의에 대해 심사를 시작했다. 구글은 GVP 계약을 통해 게임사에 유리한 조건을 제시하며 자사 플랫폼 이용 비용을 지원했고, 이를 통해 시장 지배적 지위를 남용하고 경쟁사 진출을 방해한 것으로 판단된다. 관련 매출액은 약 14조 원으로, 최대 8496억 원의 과징금 부과 가능성이 있다. 구글은 심사 후 의견 제출과 방어권 보장을 받으며, 최종 판단은 전원회의에서 결정될 예정이다.",구글,1.0
2026-07-01,구글 가세한 달러코인 동맹…테더·서클 ‘양강 구도’ 흔든다,정보 없음,https://n.news.naver.com/mnews/article/011/0004637134,[메가 스테이블코인 출범]韓 등 전세계 140개사 참여‘T+0’ 실시간 송금·결제시스템 구축특정 발행사 독식 깨고 수익 분배삼성 스마트폰·가전 등 구매도 가능금융·카드사도 해당 코인 도입 예상“원화 스테이블코인 논의는 더딘데달러코인 시장지배력 강화” 우려도오픈스탠더드 공식 웹사이트 캡처글로벌 스테이블코인 컨소시엄 ‘오픈스탠더드’의 특징은 글로벌 금융사와 빅테크 기업이 함께 참여한다는 점이다. 비자와 마스터카드처럼 전 세계 결제망을 갖고 있는 카드사부터 구글과 삼성전자 등이 합류했다는 측면에서 달러 코인의 공동 발행과 유통 실험을 할 수 있는 구조가 갖춰져 있다는 분석이 나온다.프로젝트 참여 기업들은 달러 스테이블코인 ‘오픈유에스디(OUSD)’를 수수료 없이 발행 및 상환할 수 있다. 또한 준비금에서 발생한 수익은 운영 비용을 제외하고 참여 기업에 배분된다. 운영도 특정 발행사가 아닌 참여 기업들이 공동으로 운영하는 컨소시엄 방식으로 설계해 공동 금융 인프라 구축이라는 목표를 담았다. 스테이블코인으로 송금과 결제가 이뤄질 경우 사실상의 실시간결제(T+0)가 가능해진다.아직 구체적인 운영 계획이 공개되지 않았지만 삼성전자만 해도 해외 법인 송금과 협력사 결제 등에 스테이블코인을 쓰게 될 가능성이 있다. 글로벌 시장에서 OUSD 이용이 늘어날 경우 가전과 스마트폰 구매 등에도 잠재적으로 이용될 수 있다. 신한금융과 카카오뱅크·케이뱅크 같은 은행들은 글로벌 송금과 지급결제에 해당 코인을 도입할 가능성도 존재한다. KB국민카드와 삼성카드·현대카드·하나카드 등 카드사들의 경우 비자·마스터와 함께 결제 시장에서의 우위를 유지할 수 있는 방안이 된다. 오픈스탠더드의 임시 최고경영자(CEO)인 잭 에이브럼스는 “OUSD는 인터넷 경제를 위해 설계된 스테이블코인으로 기업들이 직접 만들게 된다”고 설명했다.시장에서는 기존 스테이블코인 시장의 경쟁 구도가 바뀔 수 있다는 전망이 흘러나온다. 현재 달러 스테이블코인 시장은 테더(USDT)와 서클의 유에스디코인(USDC)이 합산 점유율 80% 이상을 차지하며 시장을 양분하고 있다. 업계에서는 준비금 운용 수익을 참여 기업들과 공유하는 OUSD의 구조가 금융회사와 빅테크의 참여를 확대해 양강 체제를 위협할 수 있다는 평가가 많다. 오픈스탠더드만 해도 테더와 서클이 참여하지 않는다.시장도 이 같은 변화 가능성에 즉각 반응했다. OUSD 발표 직후 미국 증시에서 USDC 발행사인 서클의 주가는 17% 가까이 폭락했다. 윌 하본 라이노파이 공동창업자는 “OUSD는 준비금 수익을 보유자에게 돌려주는 구조를 통해 USDT와 USDC의 점유율을 빼앗을 현실적 가능성을 가진 첫 프로젝트”라고 평가했다.전문가들은 국내 기업들이 이번 컨소시엄 참여를 통해 글로벌 스테이블코인 결제망의 운영 경험을 축적할 수 있을 것으로 보고 있다. 윤승식 타이거리서치 리서치센터장은 “OUSD는 기존 발행사가 독점하던 준비금 운용 수익을 생태계 참여 기업들과 공유하는 새로운 모델”이라며 “스테이블코인 시장의 주도권이 단일 발행사 중심에서 플랫폼과 네트워크 연합 중심으로 이동하는 전환점이 될 수 있다”고 분석했다.다만 원화 스테이블코인 논의가 더딘 상황에서 달러 코인 프로젝트가 활성화해 시장 지배력이 더 커질 수 있다는 우려가 적지 않다. 영국만 해도 최근 스테이블코인 발행사의 자기자본 규제를 완화하는 내용을 담은 가상화폐 규제 최종안을 확정했다. 발행사의 부담을 줄이기 위해 자기자본 요건을 낮춘 것이 특징이다. 내년 10월에 시행되는 만큼 영국도 빠른 속도로 스테이블코인 경쟁력을 갖추게 될 것으로 전망된다. 윤 센터장은 “국내 기업들의 컨소시엄 참여는 원화 스테이블코인 경쟁력 강화와는 별개의 문제”라며 “이번 프로젝트는 글로벌 달러 스테이블코인 결제망의 표준을 더욱 공고히 하는 계기가 될 가능성이 크다”고 평가했다.,True,구글,"글로벌 스테이블코인 컨소시엄 ‘오픈스탠더드’가 달러 기반 ‘OUSD’ 발행·운영을 통해 실시간 송금·결제 시스템 구축에 나선다. 삼성전자, 구글, 빅테크, 금융사 등이 참여하며, 수익 분배와 공동 운영 방식을 도입해 시장 경쟁 구도를 바꾸고 있다. 이 프로젝트는 기존 달러 스테이블코인 시장 점유율을 위협하며, 국내 기업들도 글로벌 결제망 확장 기회를 얻을 것으로 기대된다. 그러나 원화 스테이블코인 논의는 더딘 반면, 영국은 규제 완화로 경쟁력을 강화하고 있어 시장 경쟁은 치열해질 전망이다.",구글,1.0
2026-07-01,"‘맹탕’ 공시한 구글인데…政, 5년 연속 ‘훈장’ 줬다",정보 없음,https://n.news.naver.com/mnews/article/016/0002664385,"글로벌 빅테크, 정보보호 인력·투자 ‘깜깜이’정보보호 고시 개정 ‘지연’…政 “내년부터 적용”IT 업계 “국내외 기업, 동일 기준으로 평가해야”지난해 연이은 사이버 보안 사고 이후 정부가 정보보호 공시 제도 강화를 예고했으나, 관련 고시 개정이 이뤄지지 않은 탓에 구글은 5년 연속 정보보호 투자 우수기업으로 지정됐다. [정보보호 공시 종합 포털 캡처][헤럴드경제=고재우 기자] 구글이 정부로부터 5년 연속 ‘정보보호 투자 우수기업(투자 우수기업)’으로 지정된 것으로 확인됐다. 정보보호 공시의 핵심인 인력, 투자 규모조차 제대로 공개하지 않고서도 투자 우수기업으로 인정받은 것이다.지난해 연이어 발생한 사이버 침해사고 이후 정부는 올해부터 정보보호 공시를 대폭 강화하겠다고 예고했으나, 실상은 정반대의 결과가 나왔다. 특히 지난해에도 동일한 지적이 있었음에도, 후속 조치를 실기해 ‘맹탕 공시’를 자초했다는 지적이다.이에 주무 부처인 과학기술정보통신부(과기정통부)는 “행정절차가 늦어진 탓”이라고 해명했으나, IT 업계에서는 “국내 기업에 대한 ‘역차별’”이란 비판이 나왔다.1일 헤럴드경제 취재를 종합하면 구글은 정보보호 공시 제도가 시작된 이래 5년 연속 투자 우수기업으로 지정됐다.정보보호 공시란 이용자의 알 권리 보장 및 기업의 정보보호 투자를 유도하기 위해 시행 중인 제도다. 국내에서 클라우드·인공지능(AI) 사업을 활발하게 펼치는 구글은 클라우드컴퓨팅 서비스 제공자(클라우드컴퓨팅법 시행령) 등 기준에 따라 ‘의무’ 공시 대상이다.문제는 구글이 정보보호 공시 핵심인 인력, 투자 규모를 공개하지 않으면서도 투자 우수기업으로 지정됐다는 점이다. 구글뿐만 아니라 텐센트코리아를 비롯한 일부 글로벌 빅테크 기업도 마찬가지다.해당 기업들은 ▷정보기술 부문 투자액(A) ▷정보보호 부문 투자액(B) ▷주요 투자 항목 등을 공란으로 비워두거나 “당사의 투자는 글로벌 차원에서 이뤄지므로 아래 특기사항을 참조해 달라”고 표기하는 식으로 피해 갔다. 정보보호 인력 현황에서도 ▷총임직원 ▷정보기술 부문 인력(C) ▷정보보호 부문 전담 인력(D) 등도 모두 빈칸이다.정보보호 공시 종합 포털에 게재된 구글의 정보보호 투자 및 인력 현황. 모두 공란으로 돼 있다. [정보보호 공시 종합 포털 캡처]이에 대해 정부는 정보보호 공시 고시 제7조(정보보호 투자 우수기업 표시) 개정 절차가 늦어진 탓이라고 설명했다. 해당 고시는 ISMS 인증을 받은 경우, 자동으로 투자 우수기업으로 지정한다는 내용을 담고 있다.정보보호 공시 의무화 시행 전 규정된 고시가 개정 없이 올해까지 적용되면서 글로벌 빅테크 기업이 수혜를 입은 것이다.IT 업계에서는 불만이 터져 나왔다. 국내 기업들은 정보보호 공시 기준에 따라 인력, 투자 규모를 상세히 기재하고 있다. 더욱이 지난해 연달아 발생한 사이버 침해사고 이후 강화된 정보보호 공시 제도가 국내 기업에는 상당한 부담이 되고 있으나, 글로벌 빅테크 기업에는 적용되지 않는다는 비판이다.과기정통부 관계자는 “고시 개정 절차를 밟아야 했는데, 지체된 부분이 있었다”며 “내년부터는 기준 미충족 시 투자 우수기업으로 지정하지 않을 것”이라고 해명했다.업계 관계자는 “정보보호 공시 제도는 기업의 실제 정보보호 투자와 수준을 투명하게 공개해 이용자의 알 권리를 보장하는 데 있다”며 “국내외 기업 모두 동일한 기준으로 비교 가능하고 형평성 있게 평가받을 수 있도록 시급한 보완이 필요하다”고 말했다.",True,구글,"글로벌 빅테크 기업인 구글이 정부의 정보보호 공시 제도 개정 지연으로 5년 연속 ‘투자 우수기업’으로 지정됐으며, 인력·투자 규모 공개 없이 평가받고 있다. 지난해 사이버 사고 이후 강화된 공시 제도가 국내 기업에 적용되기 어려운 가운데, 글로벌 기업은 기준 미충족에도 혜택을 받고 있어 형평성 논란이 일고 있다. 과기정통부는 내년부터 기준을 엄격히 적용하겠다고 밝혔다.",구글,1.0
2026-07-01,나랏돈으로 '구글 노트북' 밀던 장관…'1950억원대 국고 손실'로 징역 10년,정보 없음,https://n.news.naver.com/mnews/article/277/0005784124,"장관 시절 구글 노트북 구매 추진부패 혐의로 기소인니 법원, 약 701억원 환수 명령인도네시아 교육부 장관 재임 시절 학교용 구글 노트북 구매를 부당하게 추진한 혐의로 기소된 차량 호출 서비스 '고젝(Gojek)' 창업자가 징역 10년을 선고받았다.인도네시아 차량 호출·결제 서비스 업체 고젝(Gojek)의 공동 창업자이자 전 교육부 장관인 나딤 안와르 마카림이 30일(현지시간) 인도네시아 자카르타 반부패법원에서 열린 구글 크롬북 조달 비리 사건 선고 공판에 출석했다. AP연합뉴스지난달 30일(현지시간) AP통신에 따르면 인도네시아 자카르타 반부패법원은 부패 혐의로 기소된 나딤 안와르 마카림(41) 전 교육부 장관에게 징역 10년과 벌금 10억루피아(약 8700만원)를 선고하고, 8090억루피아(약 701억원) 상당을 환수하라고 명령했다.그는 장관으로 재직하던 2020~2021년 코로나19 팬데믹(대유행) 당시 미국 정보기술(IT) 기업 구글이 고젝의 모회사에 대한 투자를 검토하던 시기에 학교용 구글 크롬북 구매를 추진한 혐의로 기소됐다. 나딤 전 장관은 모든 혐의를 부인해왔다.검찰은 구글의 투자 규모에 해당하는 8090억루피아가 나딤 전 장관이 얻은 이익이라고 판단해 환수를 요청했으며, 해당 구매 결정으로 국가에 1억2500만달러(약 1950억원)의 손실이 발생했다고 주장했다.재판부는 ""모범이 돼야 할 장관이 권한을 남용했다. 피고인의 행위는 의도적이고 조직적이며 체계적으로 이뤄졌다""며 ""교육 분야가 이미 위기에 처했던 코로나19 팬데믹 상황에서 사태를 더욱 악화시켰다""고 지적했다.다만 재판부는 나딤 전 장관의 크롬북 구매 추진이 실제로 구글의 투자 결정에 영향을 미쳤다고 인정하지는 않았다. 재판 과정에서 구글 전 임원 3명은 구글의 고투(GoTo) 투자와 인도네시아 정부의 크롬북 구매 결정은 무관했다고 증언했다.판결 직후 나딤 전 장관은 ""검찰의 공소사실은 모두 반박됐고, 뇌물이나 이해충돌, 국가 손실도 없었다""며 항소하겠다는 뜻을 밝혔다. 그는 AP통신과의 인터뷰에서 ""무료 운영체제를 기반으로 가장 저렴한 노트북을 선택한 정책으로 최소 3조6000억루피아(3121억2000만원)를 절감했다""고 주장했다.이어 ""재판부는 내가 사적으로 이익을 취했다는 점을 인정하지 않았는데도 이런 판결을 내렸다""며 ""오늘 판결은 매우 실망스럽고 충격적""이라고 말했다.그러면서 ""이번 재판은 인도네시아의 정의가 어떤 모습인지 보여주는 사례""라며 ""정직하게 국가를 위해 일하려는 사람도 이 나라에서는 안전하지 않다는 것을 보여준다""고 덧붙였다.앞서 검찰은 나딤 전 장관이 직위를 이용해 정책 결정과 기업 간 거래에 영향력을 행사했다며 징역 18년을 구형했다.그러나 재판부는 나딤 전 장관이 아직 활동할 수 있는 나이인 점과 사회에 다시 기여할 기회를 보장해야 한다는 점 등을 고려해 형량을 낮췄다고 설명했다. 또 지난해 9월 체포된 이후 구금된 기간은 형기에 산입하기로 했다.이번 사건으로 함께 기소된 전직 교육부 관계자 2명과 기술 자문가는 최대 징역 4년6개월을 선고받았으며, 또 다른 전직 직원 1명은 현재 도주 중이다.지난 1월 시작된 재판은 인도네시아 사회의 큰 관심을 받았으며, 나딤 전 장관을 지지하는 수백명의 오토바이 택시 기사들이 법정을 찾기도 했다.재판부는 나딤 전 장관이 구글의 전용 라이선스 제품인 '크롬OS'와 '크롬 에듀케이션 업그레이드' 도입을 결정한 것은 이해충돌에 따른 것으로, 교육부 법무국의 의견과 국산 제품을 우선하도록 한 정부 정책을 무시했다고 판단했다. 또 ""교육문화부 장관 재임 기간 해당 정책에 반대하는 공무원들을 조직적으로 배제하면서 크롬북 정책을 유지했다""고 밝혔다.다만 재판부의 안디 사푸트라 판사는 소수의견을 통해 ""유죄를 인정하기에 증거가 충분하지 않다""며 무죄를 선고해야 한다는 의견을 냈다.",True,구글,"인도네시아 전 교육부 장관이자 고젝 창업자인 나딤 안와르 마카림은 구글 크롬북 구매 부당 추진 혐의로 징역 10년과 701억 원 환수 명령을 받았다. 그는 2020~2021년 코로나 팬데믹 당시 구글 투자를 검토하던 시기에 학교용 노트북 구매를 추진했으며, 국가 손실과 이익 편취 혐의로 기소됐다. 재판부는 권한 남용과 조직적 행위를 지적하면서도 구글 투자와 구매 결정 간 영향은 인정하지 않았다. 나딤 전 장관은 혐의를 부인하며 항소하겠다고 밝혔다. 이번 사건은 인도네시아 사회에 큰 반향을 일으켰다.",구글,1.0
2026-07-01,"공정위, '앱마켓 담합' 구글 제재 착수‥'14조 원대' 매출 영향",정보 없음,https://n.news.naver.com/mnews/article/214/0001508865,"공정거래위원회는 앱마켓 시장에서 게임사들에 최혜대우를 요구하는 대신 각종 지원을 제공해 사실상 독점적 거래를 한 혐의를 받는 구글을 대상으로 심의 절차에 착수했습니다.공정위는 구글이 게임사로부터 출시 시기나 품질 등에 최혜대우 조건을 요구하는 대신 구글 앱마켓 매출 상위 주요 게임사들에 서비스 비용 지원 등 특혜를 제공했다고 보고 심사보고서를 발송했습니다.해당 게임사는 액티비전 블리자드 킹, 라이엇 게임즈, 엔씨소프트, 넷마블 등입니다.공정위에 따르면 구글은 높은 인앱결제 수수료 등올 구글 앱마켓을 이탈하는 것을 차단하기 위해 국내외 주요 게임사와 '프로젝트 허그'라는 이름의 계약을 지난 2019년부터 순차적으로 체결했습니다.즉, 게임사가 출시시기나 품질을 다른 앱마켓보다 유리하게 또는 최소한 동등하게 설정하는 것을 조건으로, 구글 측은 게임사에 클라우드나 유튜브와 같은 서비스 이용 비용을 지원하는 계약을 맺은 겁니다.공정위는 이 계약이 구글 앱마켓 매출액이 증가하면 구글의 지원 금액도 증가하는 누진적인 구조로 설계되었다고 봤습니다.공정위는 구글에 대해 ""최혜대우 조건과 누진적 지원 방식 등을 통해 게임사의 경쟁 앱마켓 입점 유인을 현저히 저해함으로써 원스토어 등 경쟁 앱마켓의 사업활동을 방해했다""며 ""특히 계약 대상인 게임사의 앱마켓 시장 진출을 봉쇄했다""고 판단했습니다.관련 매출액은 약 14조 1천600억 원 규모로, 향후 공정위는 심의를 거쳐 관련 법령에 따라 관련 매출액의 최대 6%까지 과징금을 부과할 수 있는데, 최대 8천496억 원의 과징금이 부과될 수 있는 셈입니다.공정위는 시정명령과 과징금 부과 의견을 제시했으며, 방어권 보장 절차가 종료되는 대로 신속하게 위원회를 개최해 최종 판단을 내릴 방침입니다.앞서 구글은 지난 2023년에도 경쟁 앱인 원스토어에 앱을 출시하지 않는 조건으로 게임사들에 앱 상단 노출·해외 진출 지원 등을 제공한 사실이 드러나 과징금 421억 원과 시정명령 처분을 받은 바 있습니다.",True,구글,"공정거래위원회는 구글이 앱마켓 시장에서 게임사들에 최혜대우와 지원을 제공하며 사실상 독점적 거래를 한 혐의로 심사를 시작했습니다. 구글은 2019년부터 '프로젝트 허그' 계약을 통해 게임사들이 경쟁 앱마켓보다 유리하게 출시하거나 품질을 유지하는 조건으로, 클라우드 및 유튜브 등 서비스 비용 지원을 제공했고, 지원금은 매출 증가에 따라 늘어나는 구조였습니다. 이로 인해 구글은 경쟁사인 원스토어의 시장 진입을 막았으며, 관련 매출액은 약 14조 원으로 최대 8,496억 원의 과징금 부과 가능성이 있습니다. 공정위는 시정명령과 과징금을 검토 중이며, 구글은 과거에도 원스토어 관련 지원으로 과징금을 받은 바 있습니다.",구글,1.0
2026-07-01,"'AI 올인' 구글, 온실가스 배출 역대 최고폭 증가",정보 없음,https://n.news.naver.com/mnews/article/001/0016169097,"2025년 온실가스 18%, 전력수요 37%, 물 소비량 34% 증가구글[로이터=연합뉴스 자료사진](서울=연합뉴스) 임화섭 기자 = 주요 테크 대기업들이 인공지능(AI) 인프라 구축 경쟁을 치열하게 벌이는 가운데, 지난해 구글의 온실가스 배출량이 역대 최대 폭으로 증가했고, 전력과 물 소비량 역시 사상 최고치였던 것으로 집계됐다.악시오스 등 미국 언론에 따르면 구글은 30일(현지시간) 발표한 '2026 환경 보고서'에서 자사의 2025년 온실가스 총 배출량이 전년 대비 18% 증가한 1천450만 이산화탄소상당량톤(tCO₂e)이었다고 밝혔다.이는 구글이 연례 환경 보고서를 내기 시작한 2016년 이래 역대 최고 증가율로, 주로 반도체 칩과 서버를 포함한 하드웨어 제조, 그리고 아시아태평양 지역이 중심인 공급망 부문의 배출량 증가에 기인한 것이다.전력 수요는 2024년에 27% 증가한 데 이어 2025년에는 또 37% 늘어 2019년의 3.5배 수준이 됐다.물 소비량은 34% 증가해 109억갤런(412억6천만L)에 이르렀다. 이는 2021년 수준의 2배가 넘는 규모로, 증가분 대부분은 데이터 센터가 차지했다.AI의 급성장으로 인해 구글은 기후 목표의 기준점을 '총 배출량의 절대적 감축'에서 '배출량 증가 속도가 성장 속도를 뛰어넘지 않도록 억제'하는 방향으로 전환시켰다.온실가스 배출량, 전력 수요, 물 소비량 등 지표들이 급격히 증가하는 가운데, 구글은 이들 지표들이 더욱 빠르게 증가하는 것을 막기 위한 노력을 기울이고 있다고 보고서에서 강조했다.구글은 기록적인 12기가와트(GW) 규모의 신규 청정에너지 계약을 체결했으며, 전력 수요의 폭발적 증가에도 불구하고 무탄소 전력(CFE) 비율을 대략 비슷한 수준(약 65%)으로 방어했다고 설명했다.또 전력 관련 배출량은 2024년에 12% 줄어든 데 이어 2025년에도 3% 감소했다고 구글은 밝혔다.미국 조지아주 더글러스 카운티 구글 데이터 센터[AP=연합뉴스 자료사진]구글은 자사의 적극적 탄소 감축 이니셔티브가 없었다면 배출량 규모가 지금의 5배에 이르렀을 것이라며, 하드웨어 효율성 개선, 청정 에너지 구매 등을 통해 2025년 한 해 동안 5천800만 tCO₂e 이상의 배출을 회피할 수 있었다고 주장했다.아울러 구글은 보고서에서 ""이런 에너지 수요의 급격한 팽창은 우리가 적극적으로 관리해야 할 현실""이라며 ""AI의 성장이 환경 기준을 낮추는 구실이 되지 않도록 하겠다""고 강조했다.악시오스는 ""구글은 아마도 다른 어떤 기술 기업보다도 청정에너지에 적극적으로 투자해 왔을 것""이라며 ""AI 구축 속에서 기후 목표를 달성하는 것이 얼마나 어려워졌는지를 보여준다""고 논평했다.그러면서 ""구글의 데이터 센터가 갈수록 효율성이 높아지고 있지만, 이 회사의 AI 인프라는 더 빠른 속도로 성장하고 있다""고 설명했다.악시오스에 따르면 거대 기술 기업들의 연례 기후 보고서들은 주로 청정에너지 사용과 기후 변화 대응 성과를 자랑하는 자리였으나, AI 붐으로 전례 없는 인프라 확충이 일어나면서 기업들이 내세웠던 야심적 기후 목표가 현실과 얼마나 괴리돼 있는지가 이런 보고서들에서 드러나고 있다고 전했다.향후 몇 주 안에 마이크로소프트, 아마존 등 미국의 다른 테크 대기업들도 연례 환경 보고서를 발간할 계획이다.solatido@yna.co.kr",True,구글,"구글은 2025년 온실가스 배출량이 전년 대비 18% 증가한 1,450만 tCO₂e로 사상 최대를 기록했으며, 전력 수요는 37%, 물 소비량은 34% 늘었다. AI 인프라 확장으로 에너지와 자원 소비가 급증했으며, 구글은 청정에너지 계약과 효율성 개선으로 배출량 증가를 일부 억제했지만, 환경 목표 달성은 어려워지고 있다. 기업들은 친환경 성과를 강조하는 가운데, 인프라 확장 속 배출 감축 목표와의 괴리가 드러나고 있다.",구글,1.0
2026-07-01,"강원랜드, 도박 중독 예방 'AI 상담 챗봇' 오픈",정보 없음,https://n.news.naver.com/mnews/article/001/0016169711,"업계 최초 자체 개발…24시간 상담체계 구축AI 상담 챗봇 사용 모습[강원랜드 제공. 재판매 및 DB 금지](정선=연합뉴스) 박영서 기자 = 강원랜드가 도박 중독 예방을 위한 'AI 상담 챗봇'을 1일 정식으로 오픈했다.인공지능(AI) 상담 챗봇 서비스는 지난해 한국도박문제예방치유원의 AI 챗봇 도입에 이어 사행산업 사업자가 자체적으로 개발해 운영하는 최초 사례다.별도 앱 설치 없이 '강원랜드 마음채움센터(KLACC)' 카카오톡 채널을 통해 이용할 수 있다.기존에 운영하던 KLACC 전문위원 채팅 상담과 달리 AI 챗봇은 24시간 365일 운영할 수 있어 일반 시민과 카지노 이용자 누구나 시공간 제약 없이 맞춤형 AI 상담을 받을 수 있다.특히 도박 충동이 빈번한 야간이나 주말 등 취약 시간대에도 즉각적인 대응이 가능하다.이용자들은 AI 챗봇을 통해 강원랜드 책임도박제도 안내, KLACC 온라인 상담 연계, 한국도박문제예방치유원 등 전국 도박 문제 상담 기관 안내 등 다양한 지원을 받을 수 있다.마음채움센터는 챗봇 오픈을 기념해 오는 12일까지 2주간 만족도 조사 이벤트를 한다.김경훈 마음채움센터장은 ""앞으로도 AI 기술을 활용한 중독예방 서비스를 고도화해 건전한 게임 문화 조성과 도박 문제 예방에 최선을 다하겠다""고 말했다.conanys@yna.co.kr",True,오픈AI,"강원랜드는 도박 중독 예방을 위해 업계 최초로 자체 개발한 AI 상담 챗봇을 1일 오픈했다. 이 챗봇은 카카오톡 채널을 통해 별도 앱 없이 24시간 이용 가능하며, 야간과 주말에도 즉각 상담을 제공한다. 도박 충동 대응과 관련 기관 연계 등 다양한 지원 서비스를 제공하며, 오픈 기념 만족도 조사 이벤트도 진행 중이다. 이를 통해 건전한 게임 문화 조성과 도박 문제 예방에 힘쓸 예정이다.",오픈AI,1.0
2026-07-01,"디토닉, 'G42 계열' 프리사이트 AI 액셀러레이터 선정…글로벌 공략 본격화",정보 없음,https://n.news.naver.com/mnews/article/018/0006319544,"[이데일리 신하연 기자] AI 플랫폼 기업 디토닉이 글로벌 AI 기술 그룹 G42의 핵심 상장사 프리사이트(Presight)의 글로벌 AI 액셀러레이터 프로그램에 선정되며 중동·북아프리카(MENA)와 유럽 시장 공략에 속도를 낸다.디토닉은 프리사이트가 운영하는 글로벌 AI 액셀러레이터 프로그램 ‘코호트 II(Cohort II)’에 최종 선정됐다고 1일 밝혔다.이번 프로그램에는 전 세계 62개국에서 376개 AI 기업이 지원했으며, 서류 심사와 기술 평가, 심층 인터뷰 등을 거쳐 최종 12개 기업이 선발됐다.프리사이트는 디토닉을 “AI 시티, 국방, 리테일 운영을 위한 시공간 및 물리 세계 데이터를 실시간 운영 인텔리전스로 전환하는 AI 기반 데이터 플랫폼”이라고 소개하며 선정 이유를 설명했다.(제공=디토닉)이번 선정으로 디토닉은 G42가 구축한 글로벌 AI 생태계와 직접 연결되는 기회를 확보하게 됐다. G42는 마이크로소프트(MS), 오픈AI, 엔비디아(NVIDIA) 등 글로벌 빅테크와 협력하며 신흥국 AI 시장 확대를 추진하고 있다.프리사이트는 선정 기업들에게 G42의 하이퍼스케일 컴퓨팅 인프라와 기술 지원, 글로벌 AI 파트너 네트워크 협업 기회를 제공할 계획이다.디토닉은 이미 유럽과 MENA 지역에서 스마트시티와 스마트 리테일 프로젝트를 수행하고 있다. 디토닉 관계자는 “이번 선정을 계기로 소버린 AI 시장 진출을 더욱 확대할 방침”이라고 말했다.프리사이트는 아랍에미리트(UAE) 연방정부와 중앙은행, 국영석유회사 ADNOC 등의 AI 인프라를 구축하고 있으며, 최근에는 알바니아 스마트 국가 프로젝트와 카자흐스탄 스마트시티 사업 등으로 유럽과 중앙아시아, 아프리카 시장까지 사업을 확대하고 있다.코호트 II 선정 기업들은 글로벌 시장 진출 지원과 함께 투자 유치 기회도 얻게 된다. 틸캐피탈의 잭 셀비(Jack Selby) 등 글로벌 투자자들과의 협업 기회가 제공되며, 프리사이트 자체 펀드의 투자 검토 대상에도 포함된다.",True,AI 반도체,"AI 플랫폼 기업 디토닉이 글로벌 AI 그룹 G42의 핵심 상장사 프리사이트의 글로벌 AI 액셀러레이터 프로그램 ‘코호트 II’에 선정됐다. 이번 프로그램은 62개국 376개 기업 지원 중 12개 최종 선정으로, 디토닉은 G42의 글로벌 AI 생태계와 연결돼 유럽과 MENA 지역에서 스마트시티와 리테일 프로젝트를 확대할 수 있는 기회를 얻었다. G42는 MS, 오픈AI, 엔비디아 등과 협력하며 신흥국 AI 시장을 공략하고 있으며, 선정 기업에는 글로벌 인프라와 네트워크, 투자 기회가 제공된다. 디토닉은 이번 선정을 계기로 소버린 AI 시장 진출을 가속화할 예정이다.",오픈AI,1.0
2026-07-01,"이세돌 이후 10년…'인간 1위 vs AI 바둑신' 신의 한 수, 누가 둘까",정보 없음,https://n.news.naver.com/mnews/article/243/0000099858,"신진서 9단, AI '카타고'와 2점 접바둑 맞대결2승 이상 기록땐 부상 '제네시스 G90' 수여도신진서 9단. [사진 연합뉴스][이코노미스트 김기론 기자] 인간 고유의 사고 영역을 사수하기 위한 인류 최강 기사와 인공지능(AI)의 전례 없는 반상 대결이 펼쳐진다. 2016년 알파고와 이세돌 9단의 대국 이후 10년 만에 열리는 이번 공개 대국에서 세계 랭킹 1위 신진서 9단이 '인간 대표선수'로 나서 현존하는 '바둑의 신' AI 카타고(KataGo)와 자존심을 건 진검승부를 벌인다.1일 한국기원과 유통·정보기술(IT) 업계에 따르면 신진서 9단은 오는 17일부터 19일, 21일까지 사흘간 세 판의 대국으로 구성된 ‘쎈수학·한경 기신전(棋神戰)’에 출격한다. 한경미디어그룹이 주최하고 좋은책신사고·쎈수학이 후원하는 이번 대회는 구글 딥마인드 챌린지 매치 10주년을 기념해 성사됐다.이번 대회의 가장 큰 특징은 과거 이세돌 9단이나 중국의 커제 9단이 알파고와 동등하게 맞붙었던 호선(맞바둑) 방식과 달리, 신진서 9단이 2점을 먼저 반상에 깔고 시작하는 '2점 접바둑' 형태로 진행된다는 점이다. 비약적으로 발전한 AI의 기력이 이미 인간의 한계를 아득히 넘어섰다는 점을 인정한 고육지책이자 현실적인 치수 설정이다.신진서 9단은 이에 대해 ""현재 AI를 호선으로 이기는 것은 오토바이와 달리기 시합을 하는 것처럼 불가능하다""며 ""중국 바둑 AI 줴이(絶藝)와 연습할 때 2점 치수에서 승률 30%를 기록했는데, 두 점이라면 인간의 간절함과 집요함으로 충분히 해볼 만한 승부라고 판단했다""고 출사표를 던졌다. 사실상 인간 최강자가 무너질 경우 마지노선이 3점, 4점으로 밀릴 수밖에 없어 2점 접바둑에서 인간의 생존 가능성을 증명해야 하는 무거운 과제를 안은 셈이다.신진서 9단과 맞붙는 미국 개발의 오픈소스 프로그램 '카타고'는 현재 전 세계 프로기사들과 국가대표 선수들이 실전 연구에 가장 애용하는 최고 수준의 바둑 AI다. 방송 중계화면에서 실시간 승률 그래프를 제시하는 프로그램으로도 유명하다. 이번 대국에서 신진서 9단에게는 장고를 펼칠 수 있도록 5시간의 제한시간과 30초 초읽기 1회가 주어지며, 카타고는 제한시간 없이 매 수마다 20초 이내에 착수해야 하는 핸디캡을 안는다.세기의 대결에 걸린 파격적인 보상도 화제다. 신진서 9단은 기본 대국료로 매판 5000만 원(총 1억 5000만 원)을 확보했으며, 1승을 거둘 때마다 5000만 원의 승리 수당을 추가로 받는다. 만약 3전 전승을 거두면 총 3억 원의 상금을 거머쥐게 되며, 2승 이상을 기록할 경우 부상으로 1억 원 상당의 고급 대형 세단 '제네시스 G90'이 수여된다.AI의 '정수(블루스폿)' 학습을 통해 스스로를 '신공지능'으로 진화시켰던 신진서 9단은 ""아무리 AI의 수를 학습했어도 20~30수가 넘어가면 기사 개인의 개성과 전투 성향이 묻어나는 '인간의 바둑'이 시작된다""며 ""이번 대국을 통해 바둑에 대한 대중적 관심을 다시 깨우고 최선의 수를 향해 고뇌하는 인간의 집념이 가진 가능성을 전 세계에 보여주겠다""고 강조했다. 이번 대회의 공식 기자회견은 오는 14일 오후 2시 한국기원에서 열린다.",True,오픈AI,"신진서 9단이 AI 카타고와 2점 접바둑 대결에 나선다. 이번 대회는 17~19일, 21일 세 판으로 진행되며, AI의 발전으로 인간 한계가 넘어선 현실을 반영해 2점 차수로 시작한다. 신진서와 카타고는 제한시간 내에 대국하며, 승리 시 최대 3억 원의 상금과 부상으로 제네시스 G90이 주어진다. 이번 경기는 바둑과 AI의 접목을 통해 인간의 집념과 전투 성향을 보여주는 의미 있는 대결이다.",오픈AI,1.0
2026-07-01,"[속보] ""美 상무부, 엔트로픽 AI모델 수출 통제 해제""",정보 없음,https://n.news.naver.com/mnews/article/015/0005304867,"사진=REUTERS미국 정부가 앤트로픽의 최상위 인공지능(AI) 모델 '클로드 미토스'에 내렸던 수출 통제 조치를 철회했다.앤트로픽은 30일(현지시간) 미 상무부로부터 '미토스5'와 '페이블5' 두 모델에 대한 수출 통제 지침을 해제한다는 통보를 받았다고 밝혔다. 지침이 내려진 지 18일 만이다.앤트로픽 측은 서비스를 다음 날부터 재개하겠다며, 그동안 기다려준 이용자와 모델 재배포에 힘써준 관계자들에게 감사를 표했다.미토스5는 전문가 수준의 사이버 보안 취약점 탐지 능력으로 세계 보안 업계에 파장을 일으킨 모델이다. 페이블5는 해킹이나 무기 제조 등에 악용될 수 있는 민감한 주제에 대한 답변을 제한하는 안전장치를 미토스5에 추가한 버전이다.앞서 상무부는 지난 12일 두 모델이 국가 안보에 위협이 된다고 판단, 외국인의 접속을 차단하도록 하는 수출 통제 지침을 내렸다.이용자 국적을 식별하는 기능이 없던 앤트로픽은 이에 따라 외국인은 물론 미국인의 접속까지 함께 차단할 수밖에 없었다. 다만 지난 26일부터는 미 정부가 신뢰할 수 있다고 인정한 자국 기업·기관 100여 곳에만 미토스 사용이 허용됐다.미 정부가 수출 통제에 나선 배경에는 이용자들이 이른바 '탈옥' 방식으로 앤트로픽이 마련한 안전장치를 우회할 수 있다는 우려가 있었던 것으로 전해졌다.한편 오픈AI도 지난 26일 새 모델 'GPT-5.6'을 공개하면서 정부와 공유된 '신뢰할 수 있는 파트너'를 대상으로 먼저 선보인 바 있다. 오픈AI는 이 같은 정부 승인 절차가 장기적인 표준으로 자리 잡아서는 안 된다는 비판적 입장을 밝혔다.",True,앤트로픽,"미국 정부가 앤트로픽의 최상위 AI 모델 '클로드 미토스'와 '페이블5'에 대한 수출 통제 조치를 해제했다. 이 조치는 12일 국가 안보 우려로 내려졌으며, 이후 일부 미국 내 신뢰 기관에만 사용이 허용됐었다. 이번 조치로 앤트로픽은 모델 서비스를 재개했고, 미토스5는 사이버 보안 분야에 큰 영향을 미쳤다. 정부는 우려했던 안전장치 우회 가능성을 고려해 통제 조치를 시행했으며, 오픈AI도 유사한 승인 절차를 도입했지만, 이에 대한 비판도 존재한다.",오픈AI,1.0
2026-07-01,"AWS, 고객사에 AI 엔지니어 직접 보낸다…10억 달러 들여 'FDE' 신설",정보 없음,https://n.news.naver.com/mnews/article/092/0002428742,"기업 현장에 수천 명 규모 전담팀 투입…AI 구축부터 운영까지 직접 지원아마존웹서비스(AWS)가 기업 고객의 인공지능(AI) 도입을 직접 지원하는 전담 조직을 신설한다. 고객사 현장에 AI 엔지니어를 상주시켜 구축·운영을 함께 수행하는 방식으로 AI 서비스 경쟁력을 강화한다는 구상이다.30일(현지시간) CNBC에 따르면 AWS는 10억 달러(약 1조 5000억원)를 투자해 '포워드 디플로이드 엔지니어링(FDE)' 조직을 출범한다. 이 조직은 고객사 AI 시스템 구축·배포를 지원하기 위해 엔지니어를 현장에 직접 투입하는 역할을 맡는다.FDE는 고객 조직 내부에서 함께 일하며 기술 전환을 지원하는 엔지니어를 의미한다. 미국 방산 AI 기업 팔란티어가 처음 개념을 정립한 이후 최근 생성형 AI 확산과 함께 소프트웨어(SW) 업계 전반으로 빠르게 확산되고 있다. AI 모델을 실제 업무에 적용하는 과정이 복잡해지면서 고객 현장에서 문제를 해결하는 방식이 새로운 서비스 모델로 자리 잡고 있는 추세다.맷 가먼 AWS CEO (사진=지디넷코리아 DB)AWS는 이 조직에 수천 명 규모 FDE 인력을 배치할 계획이다. 고객사마다 5~6명의 엔지니어로 구성된 전담팀을 투입해 AI 에이전트와 함께 업무 환경을 구축하고 시스템 연동과 최적화를 지원할 예정이다. 비즈니스와 엔지니어링, 보안 담당자들과 협업해 수주 내 자체 운영이 가능한 조직을 만드는 것이 목표다.회사는 FDE 운영 원칙으로 '45·45·45' 모델도 제시했다. 아이디어를 구체화하는 데 45분, 기술 검증에 45시간, 실제 업무 환경 배포까지 45일을 목표로 삼아 AI 전환 기간을 대폭 단축하겠다는 구상이다. AWS는 기존 수개월이 걸리던 작업을 며칠 단위로 줄일 것으로 보고 있다.최근 AI 모델 기업들도 비슷한 전략을 잇달아 내놓고 있다. 앤트로픽은 지난 5월 블랙스톤·헬먼앤드프리드먼·골드만삭스와 함께 기업용 AI 서비스 회사를 설립했다. 오픈AI도 TPG와 베인캐피털 등과 '오픈AI 디플로이먼트 컴퍼니'를 출범시켜 기업 고객을 대상으로 FDE 서비스를 제공하겠다고 발표한 바 있다.AWS는 글로벌 클라우드 사업자 가운데 처음으로 대규모 FDE 조직을 공식 출범한 것으로 평가된다. AWS는 앤트로픽과 오픈AI에 대규모 투자를 단행했지만 기업 AI 구축 서비스에선 직접 경쟁도 병행한다는 입장이다.회사는 향후 양사 FDE 조직과의 협력 가능성도 열어두고 파트너 프로그램을 확대할 계획이라고 밝혔다.현재 AWS FDE 조직은 앨런AI연구소(AI2), 미국프로농구(NBA), 미국프로풋볼(NFL), 리코 등과 협력 중이다. 향후 다양한 데이터를 다루고 규제가 많은 산업군을 중심으로도 도입을 확대할 예정이다.프란세스카 바스케스 AWS 프런티어 AI 엔지니어링 서비스 부사장은 ""고객들이 지금 가장 중요하게 생각하는 가치는 속도""라며 ""우리 FDE는 AI 성과를 빠르게 얻으려는 기업들을 위한 선택지가 될 것""이라고 말했다.",True,AI 반도체,"AWS는 기업의 AI 도입 지원을 위해 10억 달러를 투자해 '포워드 디플로이드 엔지니어링(FDE)' 조직을 신설한다. 고객 현장에 AI 엔지니어 수천 명을 투입해 구축·운영을 함께 수행하며, AI 전환 기간을 기존 수개월에서 며칠로 단축하는 것이 목표다. 이를 통해 AI 서비스 경쟁력을 강화하고, 글로벌 클라우드 최초로 대규모 FDE 조직을 운영한다. AWS는 경쟁사와 협력과 함께 파트너십 확대도 추진한다.",오픈AI,1.0
2026-07-01,"美CIA 국장 ""최첨단 AI 모델, 디지털 핵무기 수준으로 위험""",정보 없음,https://n.news.naver.com/mnews/article/421/0009034270,"""AI, 세계 지정학 판도 바꿔…사이버작전 중심 대대적 조직개편""존 랫클리프 미 중앙정보국(CIA) 국장이 지난 4월 6일 워싱턴 DC 백악관에서 기자회견을 하고 있다. 2026.04.06. ⓒ 로이터=뉴스1(서울=뉴스1) 이정환 기자 = 존 랫클리프 미국 중앙정보국(CIA) 국장이 30일(현지시간) 최첨단 인공지능(AI) 모델의 위험성은 '디지털 핵무기'(digital nuclear weapons)와 같은 수준이라고 발언했다.AFP통신, 뉴욕타임스(NYT)에 따르면 랫클리프 국장은 이날 워싱턴 DC에서 열린 '아마존웹서비스(AWS) 서밋'에서 연설하며 ""대통령의 다른 많은 국가안보·경제안보 보좌관들과 프런티어 AI 모델의 영향력에 관해 논의하고 있다""고 말했다.랫클리프 국장은 ""이들 AI의 역량을 '디지털 핵무기'와 유사하다고 일컫는 것은 잘못된 지칭이 아닐 것""이라며 주요 AI 기업들이 ""거의 지구 종말 장치와 같은"" 모델들을 개발하고 있다고 언급했다.랫클리프 국장은 이날 AI 등 신흥 기술의 급격한 발전이 세계 지정학의 판도를 바꾸고 있다고 진단했다. 그는 미국의 적대국들이 ""자신들의 목적과 이익을 위해 미국의 기술 발전을 훔치고 조작하려 한다""며 ""AI 기술의 발전이 경쟁의 판돈을 키우고 있다""고 말했다.랫클리프 국장은 CIA가 기술 계약 조달 절차를 간소화해 신기술 도입을 확대하는 한편, 사이버 작전을 중심에 둔 대대적인 조직 개편에 나섰다고 언급했다.그는 CIA가 ""영리한 위험을 감수하고, 실험할 것이며, 진행하면서 경로를 수정해 나갈 것""이라며 ""더 많은 요원들이 인간 소식통을 다루는 것만큼이나 코드 라인을 다루는 데 익숙해져야 할 것""이라고 전했다.다만 랫클리프 국장은 AI를 수용하더라도 CIA는 여전히 인간의 의사결정에 의해 주도될 것이라며 ""오직 인간만이 어느 길이 올바른 방향인지 결정할 수 있다""고 강조했다.미국의 핵심 정보기관인 CIA 국장이 공개 연설에 나선 것은 이례적이라는 평가가 나온다.최근 도널드 트럼프 미국 행정부는 고성능 AI 모델을 핵무기와 유사한 수준의 국가안보상 위험으로 인식하며 이를 통제하려는 움직임을 확대하고 있다. 여러 정책 연구기관은 미국이 중국 등 경쟁국과 '기술적 군비 경쟁'에 나섰다고 묘사하고 있다.앞서 미국 정부는 지난 12일 국가안보상 권한을 근거로 AI 기업 앤트로픽에 최상위급 모델 '페이블5'와 '미토스5'에 대한 모든 외국 국적자 접근을 중단하라고 지시했다. 수출 차단 조치는 지난 26일 미토스에 대해 일부 완화됐고, 7월 1일부터 전면 해제된다.챗GPT의 개발사 오픈AI 역시 최첨단 모델 'GPT-5.6'을 출시했지만, 미국 정부의 요청에 따라 우선 일부 파트너사에만 제한적으로 제공하기로 결정했다.",True,오픈AI,"미 CIA 국장 존 랫클리프는 AI의 위험성을 '디지털 핵무기'와 유사하다고 평가하며, 세계 지정학에 큰 영향을 미치고 있다고 진단했다. 그는 AI 기술 경쟁이 심화되면서 미국이 신기술 도입과 사이버 작전 중심의 조직 개편을 추진하고 있다고 밝혔다. 또한, AI를 인간의 의사결정을 보조하는 도구로 인식하며, 기술 발전과 함께 국가안보 위험이 커지고 있음을 강조했다. 미국은 AI 규제와 수출 통제 조치를 강화하며 경쟁국과의 기술 군비 경쟁에 나서고 있다.",오픈AI,1.0
2026-07-01,"""AI는 일자리 파괴범 아니다""...오픈AI의 낙관론",정보 없음,https://n.news.naver.com/mnews/article/052/0002373118,"인공지능의 급격한 부상으로 일자리 상실에 대한 불안감이 커지는 가운데, 오픈AI의 수석경제학자가 이를 정면으로 반박하는 전망을 내놨습니다.로니 차터지 오픈AI 수석경제학자는 유럽중앙은행 워크숍에 참석해 ""업무가 AI에 노출됐다고 해서 반드시 일자리가 대체되는 것은 아니다""라고 강조했습니다.그러면서 자신의 아버지가 1980년대 PC를 처음 도입했을 당시를 사례로 들며 기술 도입이 오히려 업무 효율을 극대화했다고 설명했습니다.과거에는 거대한 메인 컴퓨터를 사용해야 했던 번거로운 분석 작업이 PC 보급 이후 개인의 업무 생산성 향상으로 이어졌다는 것입니다.실제로 최근 소프트웨어 개발 분야에서도 AI 도입 이후 일자리가 줄어들 것이라는 당초 우려와 달리 고용 시장은 예상과는 다르게 움직이고 있습니다.차터지 경제학자는 일자리가 줄어들 것이라는 근거 없는 비관론에서 벗어나, 기술 변화에 따라 노동 시장이 어떻게 진화할지 깊이 고민해야 할 때라고 지적했습니다.유럽중앙은행 연구진 역시 현재까지 AI로 인한 실질적인 일자리 감축 징후는 아직 뚜렷하게 나타나지 않고 있다고 밝혔습니다.다만 크리스틴 라가르드 유럽중앙은행 총재는 AI 도입이 경제에 이점을 가져다주지만, 고용 시장에 미칠 파장에 대해서는 각별한 주의가 필요하다고 덧붙였습니다.※ '당신의 제보가 뉴스가 됩니다'[카카오톡] YTN 검색해 채널 추가[전화] 02-398-8585[메일] social@ytn.co.kr",True,오픈AI,"인공지능으로 인한 일자리 상실 우려에 대해 오픈AI의 수석경제학자 로니 차터지는 과거 PC 도입 사례를 들어 기술 발전이 업무 효율성을 높였으며, 현재 AI 도입으로 인한 실직 우려는 과장됐다고 주장했습니다. 유럽중앙은행 연구진도 아직 AI로 인한 일자리 감축 징후는 뚜렷하지 않다고 밝혔으며, 유럽중앙은행 총재는 AI가 경제에 이점을 주지만 고용시장에는 신중한 접근이 필요하다고 강조했습니다.",오픈AI,1.0
2026-07-01,"오픈AI 수석경제학자 ""AI가 인간 일자리 대체 않을것""",정보 없음,https://n.news.naver.com/mnews/article/001/0016168695,"AI[로이터=연합뉴스 자료사진. 재판매 및 DB 금지](샌프란시스코=연합뉴스) 권영전 특파원 = 오픈AI 소속 수석 경제학자가 인공지능(AI)의 부상이 인간의 일자리를 없애지 않을 것이라는 전망을 내놨다.로니 차터지 오픈AI 수석경제학자는 포르투갈 신트라에서 열린 유럽중앙은행(ECB) 연례 워크숍에서 ""어떤 업무가 AI에 노출됐다고 해서 AI가 그 업무를 대체하는 것은 아니다""라는 의견을 피력했다고 블룸버그 통신이 30일(현지시간) 보도했다.그는 역시 경제학자였던 자신의 아버지가 1985년 PC를 도입하면서 경험한 사례를 들어 이처럼 주장했다.그는 ""아버지의 업무는 PC의 영향을 크게 받았다""면서도 ""시간이 지나면서 (PC는) 아버지의 업무 효율성을 높여줬고 결과적으로 생산성을 향상시켰다""고 지적했다.이전에는 통계를 위한 회귀분석 작업을 할 때 메인 컴퓨터가 있는 거대한 방에서 펀치 카드를 사용해야 했지만, PC를 설치한 이후에는 자신의 컴퓨터로 분석할 수 있게 됐다는 것이다.이어 최근 소프트웨어(SW) 개발 분야에서도 AI로 인한 일자리 감소는 예상과 달랐다는 견해를 내보였다.그는 ""AI 역량이 높아지면서 일자리가 줄어들 것이라는 예측은 사람들이 예상했던 것처럼 현실화하지는 않았다""고 주장했다.그러면서 그는 ""우리는 일자리가 무엇인지, 어떻게 진화할지 훨씬 더 깊이 고민해야 한다""며 ""이런 고민을 통해 단순히 (근거 없는) 낙관적·비관적 태도를 보이는 데서 벗어나 노동 시장 동향에 대한 조언을 할 수 있게 될 것""이라고 강조했다.AI가 경제에 미치는 영향은 주요 정부·중앙은행의 핵심 쟁점으로 떠올랐으나, ECB 연구원들은 실제 일자리 감축의 징후는 아직 보이지는 않는다는 연구 결과를 내놨다.크리스틴 라가르드 ECB 총재는 유럽이 AI를 신속하게 수용하는 쪽이 이점이 크다는 입장을 보이면서도 AI의 일자리 대체 문제에 대해 각별히 주의를 기울이고 있다고 말했다.comma@yna.co.kr",True,오픈AI,"오픈AI 수석경제학자는 AI가 인간 일자리를 없애지 않을 것이라고 전망하며, AI는 오히려 업무 효율성을 높이고 생산성을 향상시킨다고 주장했다. 그는 과거 PC 도입 사례를 통해 기술 발전이 일자리 대체보다 진화와 변화의 계기를 제공했다고 설명했다. ECB 연구에 따르면 아직 일자리 감축 징후는 없으며, 유럽은 AI를 신속히 수용하는 것이 유리하나 일자리 문제에 주의를 기울이고 있다.",오픈AI,1.0
2026-07-01,"강원랜드, AI 도박중독 상담 챗봇 도입…24시간 상담 지원",정보 없음,https://n.news.naver.com/mnews/article/008/0005379855,"이용자가 카카오톡 AI상담챗봇을 사용하고 있다. /사진제공=강원랜드강원랜드는 'AI(인공지능) 중독예방 상담 챗봇'을 정식 오픈하고 도박문제 상담 서비스의 접근성을 강화한다고 1일 밝혔다.이번 서비스는 지난해 한국도박문제예방치유원이 AI 챗봇을 도입한 데 이어, 사행사업자가 자체 개발한 AI 상담 챗봇을 운영하는 첫 사례다.AI 중독예방 상담 챗봇은 별도의 애플리케이션 설치 없이 KLACC(강원랜드 마음채움센터) 카카오톡 채널을 통해 이용할 수 있다.기존 전문위원 채팅 상담과 달리 AI 챗봇은 24시간 365일 운영된다. 일반 시민과 카지노 이용자는 시간과 장소에 구애받지 않고 상담을 받을 수 있으며, 도박 충동이 커질 수 있는 야간이나 주말에도 즉각적인 상담이 가능해 예방 효과를 높일 것으로 회사는 기대했다.이용자는 챗봇을 통해 강원랜드 책임도박제도 안내와 KLACC 온라인 상담 연계, 한국도박문제예방치유원 등 전국 도박문제 상담기관 안내 등 맞춤형 정보를 제공받을 수 있다.강원랜드는 AI 상담 챗봇 오픈을 기념해 오는 12일까지 만족도 조사 이벤트도 진행한다. 챗봇 이용 후 설문에 참여한 고객을 대상으로 추첨을 통해 기프티콘 등 경품을 제공할 예정이다.김경훈 KLACC 센터장은 ""AI 상담 챗봇 도입으로 도박문제를 겪는 카지노 이용객들에게 물리적 제약 없이 더욱 가까이 다가갈 수 있게 됐다""며 ""앞으로도 AI 기술을 활용한 중독예방 서비스를 지속적으로 고도화해 건전한 게임문화 조성과 도박문제 예방에 최선을 다하겠다""고 말했다.",True,오픈AI,"강원랜드는 도박문제 예방을 위해 카카오톡 채널에서 별도 앱 설치 없이 이용 가능한 AI 중독예방 상담 챗봇을 정식 오픈했다. 24시간 운영되며, 이용자는 책임도박 안내와 상담기관 정보를 받을 수 있다. 이번 서비스는 국내 사행사업자 최초로 자체 개발된 AI 상담 챗봇으로, 야간과 주말에도 즉각적 상담이 가능해 예방 효과를 기대한다. 오픈 기념 이벤트도 진행 중이다.",오픈AI,1.0
2026-07-01,"""다음+솔라=성공적?""…업스테이지표 포털, 'AI 요약' 오픈",정보 없음,https://n.news.naver.com/mnews/article/138/0002232778,"6개 영역 내 베타 서비스 적용, 연내 정식 오픈 목표…""통합 검색 대체 AI 모드 준비 중""[사진=업스테이지컴퍼니][디지털데일리 채성오기자] 에이엑스지(AXZ)는 포털 '다음(DAUM)'이 업스테이지 자체 언어모델(LLM) '솔라'를 기반으로 검색 결과를 자동 요약해주는 'AI 요약' 베타 서비스를 선보인다고 1일 밝혔다.AI 요약은 LLM이 웹 문서를 직접 분석해 검색 결과에 대한 종합적인 답변을 정리해주는 기능이다. 다음 검색창에 키워드를 입력하면 핵심 요약과 근거를 함께 제공하며, 내용이 바뀌면 AI가 자동 반영해 늘 최신 정보를 확인할 수 있다.짧은 단어뿐 아니라 문장형 질문도 의도를 파악해 정리하고 절차가 중요한 검색은 단계별 목록으로, 비교가 필요한 검색은 표로 보여주는 등 검색어 성격에 맞춰 가독성을 높였다.AI 요약 기능에는 업스테이지의 자체 LLM 솔라가 기반 모델로 탑재됐다. 이는 지난 5월 업스테이지가 AXZ를 인수한 이후 포털에 AI를 처음 적용하는 사례다.이를 통해 다음 검색은 기존 키워드 검색과 AI 요약이 결합된 하이브리드 검색 방식으로 운영된다. AI 요약 기능은 ▲이슈(실시간 트렌드) ▲금융 ▲엔터 ▲건강 ▲사전 ▲일상 등 생활과 밀접한 6개 영역에 베타 서비스로 적용한 뒤, 연내까지 영역을 확대해 정식 버전을 배포할 계획이다.또한 AXZ는 연내 다음의 통합검색을 완전히 대화형 AI로 대체하는 'AI 모드'를 출시할 예정이다. 단순 요약을 넘어 AI와 직접 대화를 통해 다양한 정보를 깊이 있게 탐색할 수 있을 것으로 전해졌다.김성훈 업스테이지 대표는 ""다음 AI 요약은 AI 모델이 수많은 사람들의 일상과 만났을 때 어떤 변화를 만들 수 있는지 보여주는 시작점""이라며 ""앞으로 다음 서비스 곳곳에 업스테이지의 AI를 더해, 누구나 일상에서 자연스럽게 AI의 효용을 누리는 모두를 위한 AI 시대를 함께 열어가겠다""고 말했다.",True,오픈AI,"포털 다음은 업스테이지의 자체 언어모델 '솔라'를 활용한 'AI 요약' 베타 서비스를 6개 영역에 적용했으며, 연내 정식 오픈을 목표로 하고 있습니다. 이 서비스는 검색 결과를 자동으로 요약해 핵심 정보와 근거를 제공하며, 실시간 트렌드, 금융, 엔터 등 다양한 분야에 확대될 예정입니다. 또한, 통합 검색을 대화형 AI로 대체하는 'AI 모드'도 연내 출시되어 사용자들이 더 깊이 있고 자연스러운 대화형 검색을 경험할 수 있게 될 것입니다.",오픈AI,1.0
2026-07-01,"미국, 앤트로픽 AI ‘미토스’ 수출통제 해제…내일 서비스 재개",정보 없음,https://n.news.naver.com/mnews/article/056/0012209441,"미국 정부가 앤트로픽의 최상위 인공지능(AI) 모델 ‘클로드 미토스’에 대해 내렸던 수출 통제를 거둬들였습니다.미 상무부는 ‘미토스5’와 ‘페이블5’에 대해 내린 수출 통제 지침을 18일 만에 해제했다는 통보를 해왔다고 앤트로픽이 밝혔습니다.앤트로픽은 “내일부터 서비스를 재개할 예정”이라며 “인내심을 보여준 사용자 여러분과 모델 재배포를 위해 노력해주신 모든 분께 감사드린다”고 말했습니다.미토스5는 전문가 수준의 사이버 보안 취약점 탐지 능력을 갖춘 것으로 나타나 세계 보안 업계에 충격을 준 모델입니다.페이블5는 미토스5에 해킹이나 무기 제조에 악용될 수 있는 민감한 주제 관련 답변을 제한하도록 안전장치를 추가한 모델입니다.상무부는 지난달 12일 이들 두 모델이 국가 안보에 위협이 된다며 외국인이 이들 모델에 접속할 수 없도록 하는 수출 통제 지침을 내렸습니다.이에 이용자의 국적을 식별하는 기능을 갖추지 못한 앤트로픽은 이들 모델에 외국인뿐 아니라 미국인들의 접속도 막았습니다.다만 지난달 26일부터는 미 정부가 신뢰할 수 있다고 승인한 자국 기업·기관 100여 곳은 미토스 사용이 허가됐습니다.미 정부는 당초 이용자들이 이른바 ‘탈옥’이라고 불리는 방법을 통해 앤트로픽이 자사 모델에 적용한 안전장치를 우회할 수 있다는 점을 우려해 수출 통제 지침을 내린 것으로 알려졌습니다.한편 오픈AI도 지난달 26일 새 AI 모델 ‘GPT-5.6’을 선보이는 과정에서 정부와 공유된 ‘신뢰할 수 있는 파트너’를 대상으로 모델을 선공개했습니다.당시 오픈AI는 “이와 같은 형태의 정부 승인 절차가 장기적인 표준이 돼선 안 된다고 생각한다”고 비판적인 입장을 냈습니다.[사진 출처 : 로이터=연합뉴스]■ 제보하기▷ 전화 : 02-781-1234, 4444▷ 이메일 : kbs1234@kbs.co.kr▷ 카카오톡 : 'KBS제보' 검색, 채널 추가▷  유튜브, 다음에서도 KBS뉴스를 구독해주세요!",True,앤트로픽,"미국 정부는 앤트로픽의 최상위 AI 모델 ‘클로드 미토스’와 ‘페이블5’에 대한 수출 통제를 해제했습니다. 이 모델들은 보안 취약점과 무기 제조 등에 악용될 우려로 지난달 12일 수출이 금지됐으나, 18일 만에 제한이 풀렸습니다. 현재 미국 내 신뢰받는 기관에 한해 사용이 허용되며, 앤트로픽은 서비스 재개를 준비 중입니다. 오픈AI도 정부 승인 대상 모델을 선공개하는 등 AI 규제와 관련된 논의가 이어지고 있습니다.",오픈AI,1.0
2026-07-01,"'인간 최강 vs AI' 10년 만의 대결…신진서, 2점 접바둑 승부",정보 없음,https://n.news.naver.com/mnews/article/055/0001368843,"▲ 신진서 9단세계 최강 프로기사와 인공지능(AI)의 반상 대결이 10년 만에 성사됐습니다.한국기원은 오늘(1일) 신진서 9단이 바둑 AI '카타고'(KataGo)와 2점 접바둑으로 3번기를 벌인다고 발표했습니다.이세돌 9단과 알파고(AlphaGo)의 대국 10주년을 기념해 준비된 이번 대결 1국은 오는 17일 열리고 2국과 3국은 19일과 21일에 진행됩니다.10년 전 '구글 딥마인드 챌린지 매치'에서는 이세돌이 알파고와 핸디캡 없이 호선으로 맞붙었지만, 이번 대결은 비약적으로 발전한 AI의 기력을 고려해 2점 접바둑으로 진행됩니다.신진서는 ""지금은 인공지능을 호선으로 이기는 건 불가능하지만, 격차를 줄일 수 있다면 의미 있는 일이라고 생각한다""며 ""인간 대표로서 최선을 다해 이겨보도록 하겠다""고 출사표를 던졌습니다.신진서가 도전장을 낸 바둑 인공지능 프로그램 '카타고'는 알파고 이후 세계적으로 가장 널리 쓰이는 바둑 AI로 현재 최고 수준의 기력을 자랑하는 오픈소스 프로그램입니다.신진서에겐 제한시간 5시간에 30초 초읽기 1회가 주어지고, 카타고는 제한시간 없이 20초 안에 모든 수를 착수해야 합니다.신진서는 대국당 5천만 원씩 총 1억 5천만 원의 대국료를 받고, 1승당 5천만 원의 수당도 지급됩니다.2승 이상 거두면 '제네시스 G90' 승용차도 받습니다.(사진=한국기원 제공, 연합뉴스)",True,오픈AI,"신진서 9단과 인공지능 '카타고' 간의 반상 대결이 10년 만에 성사됐으며, 3번기 대국이 17, 19, 21일에 열립니다. 이번 대결은 알파고 이후 발전한 AI와의 경쟁으로, 2점 접바둑으로 진행됩니다. 신진서는 AI와의 격차를 줄이는 것이 의미 있다고 하며, 대국료와 승리 시 상금, 차량 등의 보상이 주어집니다. 이번 대결은 인간과 AI의 기술 경쟁을 보여주는 중요한 이벤트입니다.",오픈AI,1.0
2026-07-01,"억만장자들의 여름캠프, 올해 화두는 ‘AI 병목 현상’",정보 없음,https://n.news.naver.com/mnews/article/021/0002801616,"■ 7일부터 ‘선밸리 콘퍼런스’이재용, 2년 연속 행사 참석 예정반도체 등 인프라 부족 대책 논의최태원은 ‘구글 캠프’ 참석 검토국내 재계 글로벌 네트워크 강화세계 인공지능(AI) 패권 경쟁의 핵심 파트너로 떠오른 이재용 삼성전자 회장과 최태원 SK그룹 회장 등 국내 주요 기업 총수들이 이달 글로벌 빅테크(거대 기술기업) CEO들과 여름 휴가를 보내며 경영 전략을 구상하는 비공개 여름캠프에 잇달아 참석한다.올해 행사에서는 AI 산업의 폭발적인 성장에 따른 반도체·데이터센터·에너지 등 인프라 부족 현상이 주요 화두에 오를 것으로 보여 메모리 반도체 시장을 주도하고 있는 이 회장과 최 회장의 입에 비상한 관심이 쏠릴 것으로 보인다. 수익화 전략에 고심하고 있는 글로벌 기업 간의 합종연횡과 인수·합병(M&A) 등도 봇물을 이룰 전망이다.1일 재계와 외신에 따르면 오는 7∼11일(현지시간) 미국 아이다호주 고급 리조트 선밸리에서 ‘억만장자들의 여름캠프’로 불리는 ‘선밸리 콘퍼런스’(앨런&코 콘퍼런스)가 열린다. 이번 행사에는 팀 쿡 애플 CEO와 차기 CEO로 내정된 존 터너스 수석 부사장·제프 베이조스 아마존 CEO·마크 저커버그 메타 CEO·샘 올트먼 오픈AI CEO·순다르 피차이 구글 CEO 등 주요 빅테크 수장들이 대거 참석한다.이 회장도 지난해에 이어 2년 연속으로 행사에 참석할 것으로 알려졌다. 이 회장은 2002년부터 2016년까지 매년 행사에 참석하다가 2017년 국정농단 사태 이후 8년간 불참한 바 있다. 올해 이 회장은 주요 빅테크 CEO들과 AI 인프라 투자 확대에 따른 메모리 반도체 공급 문제와 로봇·바이오 등 신사업 협업 방안을 논의할 것으로 예상된다. 이 회장은 과거 “선밸리는 1년 중 가장 바쁜 출장이고 가장 신경 쓰는 출장”이라며 “애플과 페이스북 등 20∼30개 고객사와 만난다”고 말한 바 있다. 삼성과 애플이 ‘스마트폰 특허 침해 소송’을 벌이며 대립하던 지난 2014년 소송 철회의 계기를 마련한 곳도 선밸리였다.외신과 일부 행사 참석자는 올해 선밸리 콘퍼런스의 핵심 주제로 ‘AI 병목 현상’을 꼽았다. 전 산업계로 AI 확산이 가속화하고 있지만, 정작 AI를 구동할 반도체·데이터센터·에너지 등 연산 인프라 부족 현상이 심화하고 있기 때문이다. 앤서니 블룸버그 블룸버그패밀리오피스 CEO는 현지에 배포한 보도자료에서 “AI의 첫 번째 장은 소프트웨어의 몫이었지만, 다음 장은 에너지와 핵심 광물이 될 것”이라며 “이번 선밸리 콘퍼런스 역시 차세대 AI를 지원하는 데 필요한 물리적 기반에 초점을 맞추게 될 것”이라고 예측했다.최 회장 역시 이달 말 이탈리아 시칠리아에서 열리는 ‘구글 캠프’ 행사 참석을 검토 중인 것으로 전해졌다. 구글 캠프는 구글 공동 창립자 래리 페이지와 세르게이 브린이 매년 여름 개최하는 비공개 사교 모임으로 공급망·통상·신기술·글로벌 경제 등 주요 현안에 대해 논의한다.",True,오픈AI,"이재용 삼성전자 회장과 최태원 SK그룹 회장을 비롯한 국내 재계 주요 인사들이 7일부터 미국 선밸리에서 열리는 ‘선밸리 콘퍼런스’에 연속 참석한다. 이번 행사에서는 AI 성장으로 인한 반도체·데이터센터 등 인프라 부족 문제와 글로벌 기업 간 협력, M&A 전략이 논의될 예정이다. 이 회장은 지난해에 이어 2년 연속 참석하며, AI 인프라와 신사업 협업 방안을 모색한다. 최 회장은 이달 말 구글 캠프 참석도 검토 중이다.",오픈AI,2.0
2026-07-01,"강원랜드, 묻고 AI로 가! 도박 중독 24시간 커트",정보 없음,https://n.news.naver.com/mnews/article/382/0001281066,[스포츠동아 양형모 기자]  도박 충동이 깊어지는 깊은 밤에도 강원랜드가 자체 개발한 AI 중독예방 상담 챗봇은 쉬지 않고 작동한다.강원랜드는 1일 도박문제 상담 서비스의 접근성을 강화하기 위해 AI 중독예방 상담 챗봇을 선보였다. 사행사업자가 자체적으로 AI 상담 챗봇을 개발해 운영하는 것은 이번이 처음이다. 지난해 한국도박문제예방치유원이 AI 챗봇을 도입한 사례가 있으나 사행사업자 자체 개발은 강원랜드가 선두 주자다.해당 서비스는 별도의 애플리케이션 설치를 요구하지 않는다. 이용자들은 카카오톡에서 강원랜드 마음채움센터 채널을 추가하면 곧바로 상담을 시작할 수 있다. 기존에 운영하던 전문위원 채팅상담과 달리 이번 챗봇은 24시간 365일 상시 가동한다. 일반 시민과 카지노 이용자 누구나 시간과 장소에 구애받지 않고 맞춤형 대화를 나눌 수 있다.특히 도박 충동이 빈번하게 발생하는 야간이나 주말 등 취약 시간대에 즉각적으로 대응할 수 있다는 장점이 크다. 강원랜드는 이를 통해 도박문제를 선제적으로 예방하는 효과를 거둘 것으로 기대한다. 이용자들은 챗봇을 이용해 강원랜드 책임도박제도 안내를 받거나 온라인 상담 연계를 요청할 수 있다. 한국도박문제예방치유원을 비롯한 전국 도박문제 상담기관 안내 등 상황에 맞는 다양한 지원 서비스를 제공한다.강원랜드 마음채움센터는 이번 서비스 개시를 기념해 12일까지 2주 동안 만족도 조사 이벤트를 진행한다. 챗봇을 이용한 뒤 설문에 응한 고객을 대상으로 추첨을 진행해 기프티콘 등 상품을 전달할 계획이다. 상세한 참여 방법은 센터 공식 블로그와 인스타그램 등 누리소통망 채널에서 확인할 수 있다.김경훈 강원랜드 마음채움센터장은 “이번 AI 상담 챗봇 오픈을 통해 도박문제를 겪는 카지노 이용객들에게 물리적 제약 없이 더 가까이 다가갈 수 있게 됐다”라며 “앞으로도 AI 기술을 활용한 중독예방 서비스를 지속적으로 고도화해 건전한 게임 문화 조성과 도박문제 예방에 최선을 다하겠다”고 말했다.기술의 발전이 중독의 늪에 빠진 이들을 구해내는 실질적인 구원투수 역할을 해낼지 기대를 모은다.,True,오픈AI,"강원랜드는 도박 중독 예방을 위해 AI 상담 챗봇을 도입해 24시간 운영 중이다. 카카오톡 채널을 통해 별도 앱 없이 바로 이용 가능하며, 야간이나 주말에도 즉각 상담이 가능하다. 이 서비스는 도박 문제를 사전 예방하고, 책임도박 안내와 상담기관 연계 등 다양한 지원을 제공한다. 개시 기념 이벤트도 진행 중이며, 강원랜드는 앞으로 AI 기술을 활용한 중독 예방 서비스를 지속 발전시켜 건전한 게임 문화 조성에 힘쓸 예정이다.",오픈AI,1.0
2026-07-01,디토닉 '프리사이트' 글로벌 AI 액셀러레이터 선정,정보 없음,https://n.news.naver.com/mnews/article/008/0005379849,"글로벌 AI 생태계 이루는 G42와 연결[이 기사에 나온 스타트업에 대한 보다 다양한 기업정보는 유니콘팩토리 빅데이터 플랫폼 '데이터랩'에서 볼 수 있습니다.]/사진=디토닉AI(인공지능) 플랫폼 기업 디토닉이 글로벌 소버린 AI 시장 확장을 위한 기반을 마련했다.디토닉은 글로벌 AI 기술 그룹 G42의 핵심 상장사 프리사이트(Presight)가 운영하는 글로벌 AI 액셀러레이터 프로그램 '코호트 II'(Cohort II)에 최종 선정됐다고 1일 밝혔다.지난해에 이어 2기 참가 기업을 선발한 이번 프로그램에는 전 세계 62개국에서 총 376개의 유망 AI 기업들이 지원해 치열한 경쟁을 펼쳤다. 프리사이트는 지난 4월부터 서류 심사, 기술 평가, 심층 인터뷰 등 엄격한 검증 과정을 거쳐 최종 12개 혁신 AI 기업을 확정했다.프리사이트는 디토닉에 대해 ""AI 시티, 국방, 그리고 리테일 운영을 위한 시공간 및 물리 세계 데이터를 실시간 운영 인텔리전스로 변환하는 AI 기반 데이터 플랫폼""이라고 평가했다.이번 선정은 G42 그룹이 구축한 글로벌 AI 생태계와 직접 연결된다는 데 의의가 있다. G42 그룹은 마이크로소프트, 오픈AI, 엔비디아 등 글로벌 빅테크 기업들과 글로벌 신흥국 AI 시장 선점을 위해 긴밀하게 협력하고 있다.프리사이트는 선정 기업들과 G42 그룹의 글로벌 AI 생태계가 연결돼 하이퍼스케일 컴퓨팅 인프라와 기술 지원 및 글로벌 AI 파트너 네트워크와의 협업 기회를 제공할 계획이다.디토닉은 이미 유럽과 MENA 지역의 스마트시티, 스마트리테일 프로젝트에 성공적으로 참여하며 현지 발판을 다져왔다. 이번 코호트 선정을 발판으로 기존에 추진해온 글로벌 소버린 AI 시장 진출에 한층 속도를 내게 됐다.코호트 프로그램을 주관하는 프리사이트는 UAE 연방정부, 중앙은행, 국영석유회사(ADNOC) 등의 핵심 인프라를 구동하고 있다. 최근 알바니아 스마트 국가 프로젝트와 카자흐스탄 스마트시티 등 유럽·중앙아시아·아프리카로 사업을 빠르게 확대하고 있다.글로벌 시장 확장뿐 아니라 투자 유치 가능성도 한층 커졌다. 코호트 2기 기업들은 틸 캐피탈의 잭 셀비를 비롯한 글로벌 테크 분야의 주요 투자자들과 협업하는 기회를 얻는다. 또 프리사이트 자체 펀드를 통한 투자 검토 대상에도 포함된다.토마스 프라모테담 프리사이트 최고경영자는 ""코호트 II에 합류한 AI 기업들의 역량이 더해져 우리가 구축 중인 AI 생태계는 더욱 강력해질 것""이라며 ""이들과 함께 첨단 기술이 개발되는 데 그치지 않고 국가적 규모로 상용 배포되는 소버린 AI의 글로벌 허브로 성장하겠다""고 말했다.전용주 디토닉 대표는 ""이번 프로그램 선정은 디토닉의 AI 플랫폼 기술력과 사업 역량이 글로벌 시장에서도 인정받았다는 의미""라며 ""G42 그룹과 프리사이트의 AI 생태계를 기반으로 MENA를 비롯한 글로벌 신흥국의 스마트시티와 국방 분야에서 소버린 AI 사업을 본격 확대해 나가겠다""고 말했다.한편 2014년 현대자동차에서 분사한 디토닉은 'AI 데이터 플랫폼' 전문 기업이다. 시공간 빅데이터 연산 엔진 지오하이커(Geo-Hiker)의 초고속 데이터 처리 성능과 온톨로지 기반의 데이터 의미론, 하이브리드 RAG 및 다중 에이전트(MAS) 기술 등을 결합해 데이터의 수집-분류-가공-분석-실행 전 과정을 아우르는 End-to-End AX(AI Transformation) 운영 환경을 구축한다.[머니투데이 스타트업 미디어 플랫폼'유니콘팩토리']",True,오픈AI,"디토닉은 글로벌 AI 시장 확장을 위해 G42의 AI 액셀러레이터 '코호트 II'에 선정됐다. 이 프로그램은 전 세계 62개국에서 경쟁해 12개 기업이 선발되었으며, G42와 연결된 글로벌 AI 생태계와 협력해 하이퍼스케일 인프라와 글로벌 파트너십을 제공한다. 디토닉은 스마트시티, 국방, 리테일 분야에서 성과를 내며, 유럽·중앙아시아·아프리카 등 신흥국 시장 진출과 투자 유치 기회도 확대되고 있다. 2014년 현대자동차 출신인 디토닉은 시공간 빅데이터와 온톨로지 기술을 결합한 AI 데이터 플랫폼을 개발하며 글로벌 시장에서 인정받고 있다.",오픈AI,1.0
2026-07-01,"신진서, AI와 3억원에 ‘제네시스’ 걸고 2점 접바둑 둔다",정보 없음,https://n.news.naver.com/mnews/article/025/0003534557,"세계 최강 신진서 9단이 인공지능에 2점 접바둑으로 도전한다. 사진은 지난 4월 알파고 10주년 행사 때 신진서가 인터뷰하는 장면. 우상조 기자당대 일인자 신진서(26) 9단이 인공지능(AI)에 2점 접바둑으로 도전한다. 인간 최강자가 인공지능에 2점 깔고 도전하는 방식도 처음이지만, 시합에 걸린 부상도 눈길을 끈다. 신진서가 3경기를 다 이기면 총 3억원과 1억원 상당의 고급 승용차도 가져간다.이 세기의 대결은 7월 17, 19, 21일 열린다. 대국의 이름은 ‘쎈수학·한경 기신전(棋神戰)’. 한경미디어그룹이 주최하고 한국기원이 주관한다. 한경이 ‘구글 딥마인드 챌린지 매치’ 10주년을 기념해 마련했다.대국 방식이 특이하다. 10년 전과 9년 전 한국의 이세돌 9단과 중국의 커제 9단은 영국의 알파고와 맞바둑으로 붙었지만, 신진서는 2점을 깔고 대국한다. 하수가 상수와 바둑을 둘 때 돌을 깐다. 현재 인공지능과 인간은 맞상대가 되지 않으므로, 인간에게 혜택을 먼저 준다는 뜻이다. 세계 최강자에겐 자존심 상하는 일일 수 있으나 신진서는 개의치 않았다. 한국기원에 따르면 신진서는 대국을 받아들이며 이렇게 말했단다.“지금 인공지능을 호선(互先)으로 이기는 건 불가능하다. 3점 접바둑은 내가 유리할 것 같고, 2점을 해볼 만하다고 생각해 2점 접바둑으로 정했다. 이번 대국으로 인공지능과 격차를 줄일 수 있다면 의미 있는 일이라고 생각한다. 인간 대표로서 최선을 다해 이기도록 하겠다.”신진서가 도전장을 낸 바둑 인공지능 프로그램은 ‘카타고(KataGo)’다. 미국의 게임 AI 연구원 데이비드 우가 개발한 오픈 소스 프로그램으로, 현재 신진서를 비롯한 한국 선수가 가장 애용하는 바둑 인공지능이다. 바둑TV 중계 화면에서 승률 그래프를 표시해주는 인공지능이 카타고다.지난 4월 29일 데미스 하사비스 구글 딥마인드 CEO가 알파고 10주년을 기념해 방한했을 때, 한국기원이 신진서와 알파고의 대국을 제안했었으나 구글 측이 반대해 무산된 바가 있다. 대신 하사비스와 신진서의 10분 기념 대국이 열렸다.신진서와 카타고의 대결은 승패와 관계없이 모두 3번 열린다. 신진서는 경기마다 대전료로 5000만원씩을 받고, 한 번 이길 때마다 5000만원을 더 받는다. 3번 모두 신진서가 이기면 3억원을 챙길 수 있다. 신진서가 두 번 이상 이기면 1억원 상당의 ‘제네시스 G90’ 승용차도 받는다.신진서에겐 제한시간 5시간에 30초 초읽기 1회가 주어지고, 카타고는 제한시간 없이 20초 안에 모든 수를 착수해야 한다. 1, 2국은 한국경제TV에서, 3국은 바둑TV에서 생중계된다.",True,AI 반도체,"세계 최강 신진서 9단이 인공지능 ‘카타고’와 2점 접바둑으로 대결한다. 총 3경기에서 모두 이기면 3억 원과 고급 승용차를 받을 수 있으며, 경기 방식은 인간이 AI에 2점 깔고 대국하는 최초 사례다. 이번 대결은 7월 17, 19, 21일 열리며, AI와 인간의 격차를 줄이기 위한 의미 있는 시도다. 신진서는 AI 승률 그래프를 보여주는 ‘카타고’를 상대로 최선을 다할 예정이다.",오픈AI,1.0
2026-07-01,"日 증시, 미 기술주 강세에 소폭 상승...닛케이 0.26%↑ [Aisa오전]",정보 없음,https://n.news.naver.com/mnews/article/008/0005379942,"25일 일본 닛케이225지수는 전장대비 3.34% 하락한 2만2605.41에 거래를 마쳤다. /사진=ap=뉴시스1일 오전 일본 증시는 미국 기술주 강세와 인공지능(AI)·반도체 관련주 매수세에 힘입어 소폭 상승했다.이날 닛케이225지수는 전거래일보다  0.26% 오른 7만 246.66에서 오전 마감했다. 전날 미국 뉴욕 증시에서 기술주 위주로 상승한데 힘입어 매수세가 유입됐지만 차익 실현 매물이 나오면서 상승폭을 반납했다.장 초반 AI·반도체 관련주가 매수세를 견인하면서 닛케이225지수 상승폭은 한때 1900포인트를 넘었다. 특히 키옥시아는 전거래일 대비 3.76% 오른 9만3060까지에 거래됐다. 키옥시아와 메모리를 공동 개발하는 미국 샌디스크가 전날 뉴욕 증시에서  11% 가까이 상승한 영향이다. 다만 차익 실현 목적의 매도가 이어지며 키옥시아는 전거래일보다 1.85% 내린 8만 8020에 오전 거래를 마쳤다.일본은행이 이날 발표한 6월 전국기업 단기경제관측조사(단관)에서 대기업·전산업의 설비투자계획은 올해 전년도 대비 11.5% 증가해 시장 예상치(10.4% 증가)를 웃돌았다. AI 수요 확대로 기업의 업황 개선과 설비투자 확대 기대감이 모이면서 투자심리에 긍정적인 영향을 미쳤다.중견증권사의 한 애널리스트는 닛케이 신문에 ""하이퍼스케일러(대규모 클라우드 사업자)에 의한 메모리 수요가 왕성한 반면 공급은 제한적이어서 당분간 강한 메모리 가격 설정이 이어질 것 ""이라고 내다봤다.중국 상하이종합지수와 홍콩 항셍지수는 각각 전거래일보다 대비 0.08%, 0.63% 내린 가격에 거래 중이다. 대만 가권지수는 전거래일보다 1.88%올라 4만 6992에 거래됐다.전날 미국 뉴욕증시 3대 지수는 기술주 강세에 힘입어 상승 마감했다. S&P500지수는 전장보다 58.93포인트(0.79%) 오른 7499.36에, 나스닥종합지수는 393.58포인트(1.52%) 상승한 2만6213.72에 각각 마감했다. 다우존스30산업평균지수는 전장보다 136.46포인트(0.26%) 오른 5만2319.20에 거래를 마쳤다. 마크 뉴먼 번스타인 수석 애널리스트는 샌디스크 목표주가를 기존 1700달러보다 76.5% 가까이 높은 3000달러로 상향했다. 29일 종가인 약 2482달러보다는 46% 높다.",True,샌디스크,"25일 일본 닛케이225지수는 3.34% 하락한 2만2605.41로 마감했으며, 전날 미국 증시의 기술주 강세와 AI·반도체 관련주 매수세에 힘입어 오전에는 소폭 상승했으나 차익 실현 매물로 하락 전환했다. 일본은행 발표에 따른 설비투자 증가 기대와 AI 수요로 메모리 업황이 긍정적이었으며, 중국과 홍콩 증시는 내렸고, 대만 증시는 상승했다. 미국 증시는 기술주 강세로 상승했고, 샌디스크 목표주가도 상향 조정됐다.",샌디스크,1.0
2026-07-01,"코스피, 美 기술주 훈풍에 1%대 상승 출발",정보 없음,https://n.news.naver.com/mnews/article/030/0003443086,"코스피가 1% 넘게 상승 출발한 1일 서울 중구 하나은행 딜링룸에서 직원이 업무를 보고 있다. (사진=연합뉴스)코스피가 미국 기술주 강세와 반도체 투자심리 개선에 힘입어 1일 장 초반 상승 출발했다. 분기·반기말 리밸런싱 부담이 일단락된 가운데 미국 증시에서 인공지능(AI)과 반도체주가 강세를 보인 점이 국내 증시에도 우호적으로 작용했다.1일 오전 9시 13분 기준 67.36포인트(0.79%) 오른 8543.84를 기록했다. 지수는 전장보다 115.02포인트(1.36%) 오른 8591.50으로 출발했다. 코스닥지수는 개장 직후 7.91포인트(0.86%) 오른 924.09로 출발했으나 장 초반 등락을 보였다.간밤 미국 증시는 기술주 중심 매수세에 힘입어 3대 지수가 동반 상승했다. 다우존스30산업평균지수는 0.26%, 스탠더드앤드푸어스(S&P)500지수는 0.79%, 나스닥지수는 1.52% 올랐다. 마이크론과 샌디스크 등 반도체주가 강세를 이어갔고, 엔비디아와 애플, 알파벳 등 대형 기술주도 상승했다.특히 인공지능(AI) 인프라 투자 확대 기대가 다시 부각되며 반도체와 전력 인프라 관련주에 매수세가 유입됐다. 샌디스크는 장기 공급계약에 대한 긍정적 평가로 10% 넘게 올랐고, 엔비디아도 반도체 공급망과 수익성에 대한 낙관론이 제기되며 2%대 상승했다. 미국 기술주 강세는 국내 반도체 대형주 투자심리에도 긍정적으로 반영되는 모습이다.다만 매크로 불확실성은 여전히 남아 있다. 미국과 이란 간 협상 재개를 둘러싼 엇갈린 발언이 이어지는 가운데, 미국 고용지표가 예상보다 견조하게 나오면서 국채금리는 상승했다. 5월 미국 구인건수는 759만4000건으로 시장 예상치를 웃돌았다. 이에 미국 10년물 국채금리는 4.45% 안팎까지 올랐다.국제유가는 안정 흐름을 보였다. 서부텍사스산원유(WTI)는 배럴당 69달러대에서 움직이며 전쟁 이전 수준에 근접했다. 시장에서는 중동 리스크가 완전히 해소된 것은 아니지만, 유가와 기대인플레이션이 크게 흔들리지 않는 만큼 증시 대응에서 지정학 변수의 우선순위는 낮아졌다는 평가가 나온다.국내 증시는 6월 극심한 변동성을 겪은 뒤 7월 첫 거래일을 맞았다. 지난달 코스피는 월간 기준 보합권에서 마감했지만, 장중에는 서킷브레이커와 사이드카가 잇따라 발동되는 등 변동성이 크게 확대됐다. 외국인은 6월 한 달간 코스피에서 대규모 순매도를 기록했으며, 매도 물량은 반도체 업종에 집중됐다.한지영 키움증권 연구원은 “올해 외국인 순매도는 절대 금액이나 속도 측면에서 역대급인 것은 사실”이라며 “외국인 코스피 지분율이 연초 35%대에서 현재 40%대로 오히려 높아진 점은 반도체를 중심으로 추가 차익실현 물량이 나올 여지를 남긴다”고 설명했다.7월 증시는 2분기 실적 시즌이 핵심 변수로 꼽힌다. 코스피 영업이익 전망치가 상향 조정되고 있는 가운데, 반도체를 비롯한 주력 업종의 이익 모멘텀이 재차 부각될 수 있다는 기대가 나온다. 다만 VKOSPI가 높은 수준에 머무르고 있어 단기 변동성 확대 가능성은 여전히 열려 있다.",True,샌디스크,"코스피가 미국 기술주 강세와 반도체 투자심리 개선에 힘입어 1일 상승 출발했다. 미국 증시의 인공지능과 반도체주 강세가 국내 증시에 긍정적 영향을 미쳤으며, 반도체와 기술주에 매수세가 유입됐다. 그러나 미국과 이란 간 협상 재개 기대와 미국 고용지표 강세 등으로 매크로 불확실성은 여전하다. 국내 증시는 6월 변동성 이후 7월 첫 거래일을 맞았으며, 외국인 투자자의 대규모 매도와 2분기 실적 기대가 증시 방향성에 영향을 미칠 것으로 보인다.",샌디스크,1.0
2026-07-01,지정학 악재도 못 막은 상반기 美칩 ‘더블 수익’ [트럼프 스톡커],정보 없음,https://n.news.naver.com/mnews/article/011/0004636792,"■윤경환 특파원의 트럼프 스톡커(Stocker) <256>상반기 ‘AI 투자 붐’에 반도체지수 101% ↑나스닥·S&P·다우, 기술주 업고 최고치 행진전쟁에 채권 값은 급락...금리인하 기대 소멸회사채 홍수, 金값 폭락...비트코인은 반토막유가는 회복...종전, 선거, 통화정책 등은 변수미국 대형 은행인 웰스파고를 2019년부터 이끄는 찰리 샤프 최고경영자(CEO). 한국은행 뉴욕사무소에 따르면 최근 웰스파고는 연방준비제도(Fed·연준)가 올 하반기 내내 금리를 동결할 가능성을 점쳤다. 연합뉴스연초 미군의 니콜라스 마두로 베네수엘라 대통령 생포 작전을 시작으로 2월말 미국·이스라엘과 이란 간 전쟁까지 지정학적 악재가 쉬지 않고 이어졌지만, 상반기 뉴욕 증시는 이에 아랑곳하지 않고 최고치 행진을 이어갔다. 특히 인공지능(AI) 투자 열풍이 증시에 활력을 불어넣으면서 당장 공급난이 불거진 반도체 관련주들이 주식시장을 적극적으로 견인했다. 전쟁으로 인해 유가와 물가가 상승하고 연방준비제도(Fed·연준)가 케빈 워시 의장 체제로 전환함에 따라 채권 금리 변동폭도 커졌다. 여기에 AI 데이터센터에 막대한 자금을 투자하는 하이퍼스케일러(초대형 클라우드 사업자)들의 회사채가 시장에 쏟아지면서 미국 국채 장단기 금리는 상반기 동안 가파르게 올랐다. 채권 금리가 상승하다 보니 이자 수익이 없는 금과 은의 가격은 지난해부터 연초까지 이어진 최고가 행진을 마무리하고 빠르게 하락했다. 호르무즈 해협 폐쇄 여파로 한때 배럴당 120달러 근처까지 치솟았던 국제 유가는 미국과 이란이 종전 협상에 본격적으로 돌입하자 다시 전쟁 이전과 비슷한 수준까지 내려왔다.상반기 ‘AI 투자 붐’에 반도체지수 101% 상승...전쟁 중에도 나스닥·S&P·다우 사상 최고치 행진지난 24일(현지 시간) 미국 맨해튼 뉴욕증권거래소(NYSE)의 한 거래중개인이 증시 화면을 살펴보고 있다. 로이터연합뉴스30일(현지 시간) 뉴욕 증시에서 다우존스30산업평균지수는 전 거래일보다 0.26% 오른 5만 2319.20에 거래를 마감했다. 스탠더드앤드푸어스(S&P)500지수와 나스닥종합지수도 각각 0.79%, 1.52% 상승한 7499.36, 2만 6213.72에 각각 마쳤다.이날을 끝으로 뉴욕 3대 지수는 올 상반기 모두 오름세로 마감하는 기록을 세웠다. 다우지수는 상반기에 8.9%, S&P500지수는 9.6%, 나스닥지수는 12.8% 올랐다. 월스트리트저널(WSJ)에 따르면 S&P500지수와 나스닥지수는 이날 상승으로 2분기 들어 각각 15%, 21% 상승했다. 두 지수 모두 분기 기준으로 2020년 2분기 이후 6년 만에 가장 높은 상승률이다. 다우지수도 2021년 상반기 이후 5년 만에 가장 높은 반기 상승률을 보였다. 뉴욕 증시의 이들 세 대표 지수는 상반기에 나란히 사상 최고가를 다시 썼다. 중소형주 중심의 러셀2000지수도 21.9%나 뛰면서 1991년 이후 가장 좋은 상반기 성과를 거뒀다.무엇보다 상반기 뉴욕 증시를 견인한 것은 반도체 주식들이었다. AI 인프라(기반시설) 투자 광풍에 따른 수요 급증과 메모리반도체 품귀 현상 등이 종합적으로 겹치면서 마이크론, 샌디스크 등 종목별로 6개월간 주가가 2~4배 오른 상장사가 속출했다. 필라델피아반도체지수 자체도 올 상반기에만 무려 101.1%나 올랐을 정도다. 반도체 관련주들은 상반기 마지막 날인 30일에도 엔비디아(2.63%), 구글 모회사 알파벳(1.05%), 브로드컴(1.42%), 마이크론(0.79%), AMD(7.68%), 인텔(6.01%), 어플라이드머티어리얼즈(4.08%), 램리서치(5.46%), 샌디스크(10.89%) 등 줄줄이 뛰어올랐다. 필라델피아반도체지수도 전날 3.83% 오른 데 이어 이날도 3.92% 상승했다.뉴욕 증시가 반도체주를 중심으로 상반기 초강세를 보인 것은 클라우드 사업자가 주도하는 AI 데이터센터 건설 투자 규모가 점점 더 커지고 있기 때문이다. 이들의 대규모 AI 투자는 개인 소비가 주춤한 상황에서도 미국 경제가 2%대 성장률을 구가하게 하는 원동력이 되고 있다. 실제 알파벳과 아마존, 마이크로소프트, 메타, 오라클 등 5대 하이퍼스케일러들이 올해 발표한 자본지출(CAPEX) 계획 총합만 약 7500억 달러(약 1155조 원)에 달한다. 메모리반도체 기업들이 생산시설을 대거 고대역폭메모리(HBM) 쪽으로 돌린 사이 D램 등 범용 제품의 가격은 천정부지로 치솟았다. HBM과 범용 D램 공급이 모두 폭증하는 수요에 미치지 못하자 마이크론, 샌디스크 등 메모리반도체 기업들의 실적과 주가도 전례없는 호황을 맞았다.여기에 그간 AI 인프라의 핵심 역할을 하던 엔비디아의 최첨단 그래픽처리장치(GPU)까지 공급난에 빠지면서 인텔, AMD 등 중앙처리장치(CPU) 업체들까지 줄줄이 반사이익을 얻었다. 최전방 산업인 AI 모델이 질문에 단순히 답변하는 수준을 넘어 실질적인 업무를 수행하는 에이전트(업무 도우미)로 진화하면서 서버 기업인 PC 제조사 델과 반도체 장비 업체인 램리서치, KLA 등의 몸값도 덩달아 올랐다.중동 전쟁에 채권 가격은 급락...회사채 홍수 속 금리 인하 기대 사실상 종료케빈 워시 미국 연방준비제도(Fed·연준) 의장이 지난 6월 17일(현지 시간) 연방공개시장위원회(FOMC) 회의 뒤 기자회견을 하고 있다. AFP연합뉴스사실 뉴욕 증시가 상반기 내내 우상향한 것은 아니다. 2월 28일 기습적으로 시작된 미국·이스라엘과 이란 간 전쟁이 예상보다 장기화되면서 3월 한 달 동안은 대다수 지수가 조정을 겪었다. 그러다가 미국과 이란이 4월 8일 휴전에 합의하자 상황은 돌변했다. 나스닥지수는 4월 1~17일 13거래일 연속 오름세를 이어가며 1992년 1월 9일 이후 34년 만에 최장 기록을 세웠다. S&P500지수도 같은 달 15~17일 3거래일 연속 사상 최고치를 경신했다. 전쟁은 아직도 끝나지 않았지만, 뉴욕 증시는 한참 전부터 주가에 종전 기대를 반영했다. 다우지수도 이달 29일 통신사 버라이즌을 내보내고 알파벳을 새로 편입하는 등 30일까지 연일 최고가 기록을 새로 쓰고 있다.주식시장과 달리 채권 가격은 하락세를 면치 못하고 있다. 연초만 해도 제롬 파월 전 의장이 5월에 물러나고 새 수장이 들어서면 연준이 올해 기준금리를 1~2회 더 내릴 것으로 봤던 기대가 중동 전쟁 발발로 물거품이 된 탓이다. 연준은 6월 16~17일 워시 의장이 처음으로 주재한 연방공개시장위원회(FOMC)에서도 기준금리를 기존 3.50∼3.75%에서 동결하면서 점도표(연준 위원들의 금리 전망치를 점으로 표시해 분기마다 발표하는 표)상으로 올해 말 금리 경로를 ‘1회 인하’에서 ‘1회 인상’으로 급선회했다. 고용시장은 안정된 반면 소비자물가지수(CPI), 생산자물가지수(PPI), 개인소비지출(PCE) 등 각종 물가 지표는 예외 없이 연준 목표치인 2%를 웃돌고 있는 까닭이다. 심지어 변동성이 큰 식품·에너지를 제외한 근원 물가지수들도 2% 아래로는 내려가지 않고 있다. 30일 미국 노동부가 발표한 지난 5월 구인·이직 보고서(JOLTS)에서도 계절 조정 기준 구인 건수가 759만 4000건으로 나타나 시장 예상치 730만 건을 웃돌았다.한은 뉴욕사무소에 따르면 월가의 주요 대형 은행 10군데 가운데 JP모건, 바클레이스, 웰스파고, 노무라증권, 토론토도미니언은행, 골드만삭스, 모건스탠리 등 7곳도 연준이 올해 내내 금리를 동결할 것으로 내다봤다. 또 뱅크오브아메리카(BofA)는 연준이 3분기에 0.25%포인트를 올리고, 4분기에 금리를 0.50%포인트 추가로 인상할 것으로 관측했다. 도이체방크는 연준이 3분기와 4분기에 0.25%포인트씩, 총 0.50%포인트를 인상할 것으로 예상했다. 씨티은행만 연준이 4분기에 금리를 0.50%포인트 내릴 것으로 봤다.하이퍼스케일러들이 막대한 투자 자금을 조달하기 위해 회사채를 쏟아낸 점도 채권 가격 하락과 금리 상승에 크게 일조했다. 한국은행 뉴욕사무소에 따르면 하이퍼스케일러들의 1~5월 차입 규모는 4960억 달러로 이미 지난해보다 143.1% 증가한 상태다. 글로벌 최대 시가총액 기업인 엔비디아와 역대 최대 기업공개(IPO) 회사인 스페이스X도 6월 각각 250억 달러씩 회사채를 발행했다. 시중에 회사채 발행이 늘면 통상 자금 조달 경쟁이 붙어 금리가 올라간다. 또 기존 채권의 가치가 떨어져 민간 물량은 물론 국채의 가격도 하락하게 된다. 글로벌 채권시장의 추종 지표(벤치마크)인 미국 국채 10년물 금리는 30일에도 4.466%로 올라 심리적 저항선인 4.5%에 근접했다.이자수익 없는 금과 투자 실체 없는 비트코인은 폭락...유가는 전쟁 전 수준 회복도널드 트럼프 미국 대통령. 로이터연합뉴스채권 금리가 올라가니 이자 수익이 없는 금의 가격은 폭락했다. 금 현물은 30일 장중 한때 트로이온스당 3943달러까지 내려가면서 지난해 11월 이후 가장 낮아졌다. WSJ에 따르면 금 선물 근월물 가격은 2분기에 13.4% 하락해 2013년 2분기 이후 13년 만에 분기 기준으로 가장 크게 내렸다. 금 현물 가격은 베네수엘라 군사 작전, 도널드 트럼프 대통령의 그린란드 위협 등 지정학적 위기가 고조된 올 1월 28일만 해도 트로이온스당 5500달러를 넘을 정도로 비쌌었다. 금뿐 아니라 은 선물 가격도 2분기에 20.4% 떨어져 2020년 1월 이후 가장 큰 폭으로 주저앉았다.주식과 함께 대표적인 위험자산으로 평가받는 가상화폐 시장은 상반기 장기 침체에 빠졌다. 30일 비트코인 가격은 5만 8000달러대에 머물며 올초 8만 7000달러대에서 30% 이상 급락했다. 지난해 10월 6일 기록한 사상 최고치 12만 6210달러에 비하면 무려 50% 이상 손실을 봤다.상반기 유가는 그 어느 때보다 크게 요동쳤다. 월가는 미국이 개전과 동시에 아야톨라 알리 하메네이 전 최고지도자를 사살했을 때만 해도 마두로 베네수엘라 대통령 생포 때처럼 군사 작전이 조기에 종료될 것으로 봤지만, 이란은 곧바로 호르무즈 해협 폐쇄 카드로 맞섰다. 전 세계 원유 물동량의 약 20%가 움직이던 해협이 막히자 국제 유가는 곧바로 배럴당 120달러에 육박할 정도로 솟구쳤다.유가는 6월 18일 미국과 이란 간 종전 양해각서(MOU)가 발효된 뒤 빠르게 안정을 찾았다. 6월 26일 영국 런던 ICE선물거래소에서 8월 인도분 브렌트유 선물은 배럴당 71.99달러로 미국과 이란 간 전쟁이 발발하기 직전인 2월 27일(72.48달러)보다 낮은 수준까지 떨어졌다. 뉴욕상품거래소에서 8월 인도분 미국 서부텍사스산원유(WTI) 선물도 같은 날 배럴당 69.23달러를 기록해 70달러 밑으로 내려갔다. 브렌트유와 WTI는 30일에도 0.3, 1.8% 하락하며 72.92달러, 69.5달러에 머물렀다. 브렌트유 선물은 5월 19% 급락한 데 이어 6월에도 21% 하락했는데, 로이터통신에 따르면 6월 하락폭은 코로나19 대유행(팬데믹) 시기인 2020년 3월(-55%) 이후 가장 큰 수준이다.월가는 하반기에도 AI 투자가 자본시장 전반을 흔들 것으로 보는 가운데 중동 전쟁 마무리, 11월 3일 미국 중간선거, 다음달 무역법 301조에 기반한 새 관세 부과 등이 시장에 변수가 될 것으로 내다보고 있다. 연준이 실제로 금리 인상을 단행할지도 주시해야 할 대목이다. 만약 종전 협상이 늘어지면서 물가가 오르고 기준금리도 오를 경우, 막대한 빚으로 이뤄지는 AI 투자에 이자 부담이 늘고 자금 조달이 주춤해질 수 있다. 이 경우 반도체 관련주를 비롯한 위험자산 시장 전반은 빠르게 위축될 수도 있다.※ ‘트럼프 스톡커(Stocker)’는 도널드 트럼프 대통령 시대에 투자에 도움이 될 만한 미국의 시장·기업·정책·정치·외교 관련 현장 이야기와 현안 분석을 전달하는 코너입니다. 구독하시면 유익한 미국 소식을 받아보실 수 있습니다.",True,반도체,"상반기 미국 증시는 AI 투자 붐과 반도체주 강세에 힘입어 최고치 행진을 이어갔다. 반도체 지수는 101% 상승했고, 나스닥·S&P·다우지수도 모두 사상 최고치를 기록했다. AI 인프라 투자와 데이터센터 확장으로 관련 기업들이 호황을 누렸으며, 증시 상승은 전쟁과 금리 동결 기대 등 변수에도 흔들리지 않았다. 반면, 채권 가격은 국제 정세와 금리 인하 기대 소멸로 급락했고, 금·은 등 안전자산은 하락했다. 유가도 전쟁 완화로 하락하는 등 시장은 혼조세를 보였다.",샌디스크,1.0
2026-07-01,"[마켓 브리핑] 뉴욕증시, 상반기 마지막 거래일 일제히 강세 마감",정보 없음,https://n.news.naver.com/mnews/article/374/0000519236,"■ 모닝벨 '마켓 브리핑' - 최주연뉴욕증시는 상반기 마지막 거래일을 일제히 강세로 마감하며, 2020년 이후 최고의 상반기 성적표를 받아들었습니다.이란 전쟁이라는 변수에도 AI 슈퍼사이클과 미국 경제의 견조한 회복력이 시장을 떠받쳤는데요.하반기에도 이러한 상승세가 이어질지 관심이 쏠리고 있습니다.마감 상황 보면 다우지수가 0.26% 올랐고요.S&P 500 지수와 나스닥 지수도 각각 0.79%, 1.52% 뛰었습니다.한동안은 빅테크가 오르면 반도체주가 내리고, 반도체주가 오르면 빅테크가 올랐다면, 오늘(1일)은 빅테크와 반도체가 동반 상승하는 장세가 펼쳐졌습니다.엔비디아는 2% 넘게 올랐는데요.간밤 세미애널리시스가 보고서를 통해서 엔비디아의 하반기 데이터센터 매출이 시장 예상치보다 20% 더 높을 것이라고 전망한 점이 투자심리를 살렸습니다.애플도 그간의 약세를 끊고 3% 가까이 반등했고요.알파벳과 마이크로소프트도 각각 0.58%, 1.21% 상승으로 마감했습니다.시총 6위부터도 보면 스페이스X는 모바일 통신 사업 진출 기대감과 나스닥 100 지수 편입 소식에 오늘도 4% 넘게 올랐고요.테슬라는 현지시간 목요일에 2분기 차량 인도량이 공개되는 가운데 2분기 인도량이 전년대비 늘어났을 것으로 예상되면서 주가가 2%대 강세를 이어갔습니다.간밤 마이크론에도 긍정적인 소식이 나왔습니다.골드만삭스는 5월 이후 DDR5 현물가격이 계약가격보다 25%, DDR4는 45% 높은 수준에서 거래되고 있다고 분석했는데요.현재도 현물가격이 계약가격을 크게 웃돌고 있어, 향후 계약가격도 추가로 인상될 가능성이 높다고 전망했습니다.이에 따라 마이크론은 0.79% 상승 마감했습니다.오늘 시장이 크게 오른 데는 견조한 경제 지표가 한몫했는데요.우선 미국의 고용 시장은 여전히 좋았습니다.5월 구인이직 보고서에 따르면 이번 발표치는 759만 4천 건으로, 시장 전망치 730만 건을 상회했고요.지난 2024년 5월 이후 가장 높은 수치입니다.노동시장의 자신감을 보여주는 자발적 퇴직자 수도 소폭 증가한 것으로 나타났는데요.이번 주 목요일에 발표될 6월 고용 보고서에서도 고용 시장 안정세가 확인될지 지켜봐야겠습니다.최근 소비자 심리도 이란 전쟁 발발 이후 개선되고 있는데요.미시간대에서 집계한 소비자 심리 지수에 이어서 6월 소비자 신뢰 지수도 91.2로 전월 대비 소폭 상승한 것으로 나타났습니다.이에 대해서 조사 측은 최근 몇 주간 유가가 하락하면서 소비자들의 인플레이션 공포가 완화했으며, 소비자 신뢰도가 소폭 상승했다고 진단했습니다.특히 앞으로의 상황에 대한 기대감이 높아진 것으로 보이는데요.향후 경기 여건이 개선될 것이라고 보는 비중은 전달보다 0.2%p 높아졌고요.소득이 증가할 것으로 예상한 소비자도 20.8%로 전달보다 1.6%p 늘어난 것으로 나타났습니다.미국 제조업 경기의 선행지표 역할을 하는 시카고 PMI 지수도 양호하게 나왔는데요.이번 발표치는 56.7로 예상치 55.7을 웃돌았습니다.전달에 비해선 줄어들긴 했지만, 여전히 제조업황이 확장 국면에 있는 것으로 나타났습니다.국제유가는 미국과 이란의 회담을 둘러싼 불확실성에도 하락세를 보였습니다.미국 측은 현지시간 30일 미국과 이란이 카타르 도하에서 만날 예정이라고 언급했었는데요.이란 측은 MOU 이행 상황이 충족될 때까지 추가 협상은 없다면서 선을 긋고 있는 상황입니다.다만 협상이 빠른 시일내에 이뤄지지 않더라도, 호르무즈 해협 통항이 재개되면서 투자자들은 크게 걱정하지 않고 있는 분위기인데요.오늘도 WTI는 0.95%, 브렌트유는 0.31% 하락하고 있습니다.밤사이 모건스탠리 석유 분석가들도 호르무즈 해협이 예상보다 빠르게 재개방되고 있다면서 4분기 브렌트유 전망치를 75달러로, 내년 말 전망치도 70달러로 하향 조정했습니다.다만 국채금리는 경제 지표 발표 후 금리가 쉽게 떨어지지 않을 것으로 예상되면서 상승했습니다.10년물 금리가 0.08%p, 2년물 금리가 0.06%p 급등했습니다.강달러 기조는 계속 이어지고 있습니다.일본 엔화 가치가 40년 만에 최저치로 떨어지고 있는 가운데 달러는 금리 인상 전망 속에 상승세를 이어가고 있는데요.오늘 달러인덱스는 0.03% 오른 10.13을 기록했습니다.■ 모닝벨 '트렌딩 핫스톡' - 이가람트렌딩 핫스톡입니다.반도체주가 올해 2분기 가장 두드러진 성과를 낸 업종으로 자리매김했습니다.간밤에도 반도체주들이 분기 마무리를 앞두고 장중 상승폭을 키웠습니다.어제(30일) 서남권에 총 4개의 반도체 공장을 건설하겠다는 삼성전자와 SK하이닉스 계획이 공개되면서, 미국에서도 반도체 장비주들이 전 거래일의 강세를 이어갔습니다.여기에 서스퀘하나는 반도체 장비 업체들의 수주 잔고가 1년 이상 밀려있을 만큼 강력하다고 주장하기도 했는데요.이에 어플라이드 머티리얼즈 주가는 4% 넘게 상승.장기 공급 계약을 통한 메모리 업체들의 재평가도 계속해서 진행되고 있습니다.번스타인은 샌디스크의 목표주가를 기존 1700달러에서 무려 3000달러로 올려잡았는데요.번스타인은 샌디스크가 마이크론보다 계약 기간이 다소 짧지만, 최저 보장 가격은 더 높다는 점에 주목했습니다.이에 샌디스크는 장중 상승폭을 확대해서 11% 가까이 급등하며 마감.AMD도 투자은행들의 든든한 지원사격에 힘입어 주가가 7.68% 뛰었습니다.먼저 웰스파고는 서버용 CPU수요가 빠르게 늘고 있는 데다, 데이터센터향 GPU매출도 견고하게 유지되고 있다며 AMD의 목표주가를 615달러로 높여 잡았습니다.캔터피츠 제럴드 또한, 전세계 모든 반도체 기업을 통틀어, 인공지능 연산 분야에서 가장 폭발적인 성장 잠재력을 가진 기업이 AMD라고 평가했는데요.목표주가는 기존 500달러에서 700달러로 상향 조정했습니다.에어로바이런먼트는 어닝서프라이즈를 발표하며 주가가 19% 가까이 폭등했습니다.트럼프 대통령은 두 번째 임기 들어서, '드론 전력 확대'를 미국 군사 전략의 핵심 과제로 내세우고 있는데요.월가에서는 에어로바이런먼트가 이런 정책의 최대 수혜주가 될 것이란 분석이 나오고 있습니다.회사가 제시한 가이던스는 다소 보수적이었지만, 투자자들은 월가 예상치를 크게 웃돈 4분기 실적 자체에 더 주목했습니다.스테이블코인 시장에 거대한 지각변동이 일어났습니다.140여 개 글로벌 기업 연합체, '오픈 스탠다드'가 서클의 대항마가 될 신규 스테이블코인 '오픈USD'를 공개했습니다.출시 일정도 연내로 잡았는데요.USDC의 공동 운영사인 코인베이스마저 이번 연합체에 포함돼 있다는 점이 시장에 충격을 줬습니다.이에 서클 주가는 17% 넘게 하락.통신주들은 일제히 약세 이어갔습니다.컴캐스트의 사업 분할 발표와 함께, 스페이스X와 차터 커뮤니케이션이 새로운 휴대전화 서비스를 출시할 가능성이 제기되면서, 경쟁 심화 우려가 커진 상황입니다.당신의 제보가 뉴스로 만들어집니다.SBS Biz는 여러분의 제보를 기다리고 있습니다.홈페이지 = https://url.kr/9pghjn",True,샌디스크,"미국 뉴욕증시는 상반기 마지막 거래일에 다우지수 0.26%, S&P 500 0.79%, 나스닥 1.52% 상승하며 2020년 이후 최고의 성적을 기록했습니다. 빅테크와 반도체 기업이 동반 강세를 보였으며, 엔비디아는 데이터센터 매출 기대감으로 2% 넘게 올랐습니다. 미국 경제 지표도 견조했으며, 소비자 신뢰와 고용지표가 개선되면서 시장 심리를 뒷받침했습니다. 국제유가는 이란과의 협상 불확실성에도 불구하고 하락했고, 미 국채금리와 강달러 흐름도 지속됐습니다. 반도체 업종은 2분기 성과가 두드러졌으며, 삼성전자와 SK하이닉스의 신규 공장 건설 계획이 투자심리를 자극했고, AMD와 샌디스크 등 반도체 관련 기업들이 큰 폭의 상승을 기록했습니다.",샌디스크,2.0
2026-07-01,"마이클 버리 “한국 반도체 지출로 인한 랠리, 종말의 시작”…메모리 수퍼 사이클 언제까지?",정보 없음,https://n.news.naver.com/mnews/article/023/0003985079,"올해 들어 858% 폭등한 미국 메모리 기업 샌디스크의 주가가 6월 30일 하루에만 10.9% 더 뛰었다. 같은 날 월가 번스타인은 목표주가를 1700달러에서 3000달러로 단숨에 올려 잡았다. 반도체가 끌어올린 미국 증시는 6월 30일로 끝난 2분기에 S&P500이 14.9%, 나스닥이 21.4% 올라 6년 만에 최대 분기 상승률을 기록했다. 이 열기는 7월 1일 아시아로 옮겨붙었다. 1일 코스피에서 삼성전자는 1.05%, SK하이닉스는 1.58% 상승 출발했다.그런데 정점을 알리는 신호가 같이 켜졌다. 메모리 ‘3대장’ 가운데 마이크론은 30일 미국장에서 0.79% 오르는 데 그쳤고, 영화 ‘빅쇼트’의 실제 모델 마이클 버리는 이 상승장을 “종말의 시작”이라고 불렀다. 반도체발(發) 수퍼 사이클은 언제까지 갈까.◇“종말의 시작“…‘빅쇼트’ 버리의 공매도 베팅1일 CNBC에 따르면 버리는 자신의 서브스택을 통해 “오늘날의 주가 상승의 직접적인 원인은 한국에서 발표된 대규모 지출”이라며 “하지만 이것은 종말의 시작이라고 보며, 이제 시간 문제일 뿐”이라고 말했다. 한국발 투자 모멘텀이 지금의 상승을 떠받치고 있지만, 그 동력이 꺼지는 것은 시점의 문제라는 얘기다. 앞서 지난달 29일 삼성전자와 SK하이닉스 등은 정부가 제2의 반도체 생산거점을 구축하겠다고 발표한 서남권에 총 896조원을 투자한다고 밝혔다.버리는 반도체 기업 가치 평가 전반에 대한 우려를 표명했다. 그는 필라델피아 반도체 지수를 근거로 들었다. 현재 이 지수는 200일 이동평균선보다 약 65% 높은 수준에서 거래되고 있는데, 이는 2000년 닷컴 버블 당시에만 도달했던 과열 구간이라는 것이다.경고는 말에 그치지 않았다. 버리는 캐터필러·엔비디아·어플라이드머티리얼즈·테슬라, 그리고 반도체 ETF인 SOXX에 새로 공매도 포지션을 잡았다. 특히 글로벌 AI 인프라 투자의 ‘풍향계’로 떠올라 상반기에만 86% 오른 캐터필러를 주당 1060.98달러에 처음으로 공매도했다고 밝혔다. 그는 “지금까지 캐터필러를 공매도한 적이 한 번도 없었다”며 “(과거엔) 항상 롱 포지션으로 좋은 성과를 안겼던 종목”이라고 했다. 다만 캐터필러는 그날도 3.07% 올라 1064.90달러에 마감했다. 시장의 동물적 충동은 아직 버리의 베팅과 반대 방향으로 달리고 있다.◇샌디스크 하루 10.9%·올해 858%…목표가는 3000달러랠리의 열기는 샌디스크에 응축돼 있다. 6월 30일 종가 2273.73달러로 하루 10.9% 급등했고, 올해 상승률은 858%에 이른다. 22일엔 장중 2354.39달러로 사상 최고가도 새로 썼다. 번스타인의 마크 뉴먼 애널리스트는 목표주가를 1700달러에서 3000달러로 올리며 ‘시장수익률 상회’ 의견을 재확인했다.상승의 근거는 단순한 ‘쏠림’을 넘어선다. 마이크론은 이번 분기 매출 415억달러, 낸드 부문 전년 대비 360% 성장이라는 실적을 내놨고, 기업용 SSD 매출이 처음으로 50억달러를 돌파했다. AI 학습이 GPU와 고대역폭메모리(HBM)의 영역이라면, 수백만 건의 추론(inference)을 처리하는 단계에선 대규모 저장장치가 병목이 된다. 시장의 관심이 GPU에서 메모리·스토리지로 넓어지고 있다는 의미다.◇마이크론만 0.79%…변수는 ‘7월 10일’그렇다면 왜 마이크론은 0.79% 오르는 데 그쳤을까. 시장은 7월 10일을 본다. SK하이닉스가 그 무렵 나스닥에 미국 예탁증권(ADR·해외 주식을 미국 시장에서 거래할 수 있게 만든 증서)을 상장할 예정이기 때문이다. HBM 시장 점유율 약 60%의 SK하이닉스가 미국 투자자들의 ‘직접 매수’ 대상이 되면, 마이크론에 몰렸던 자금 일부가 갈라질 수 있다.미국 투자정보업체 모틀리풀은 “마이크론 주가가 7월 10일 이후 하락할 수 있다”면서도 “급격한 매도세는 아닐 것”이라고 분석했다. SK하이닉스는 원래 상장 기업이라 사고 싶었던 투자자는 이미 살 수 있었던 만큼, 완전히 새로운 종목이 등장하는 것과는 다르다는 이유에서다. 최근 1년 800% 가까이 오른 마이크론으로선 어떤 빌미든 차익 실현의 명분이 될 수 있는 국면이다.◇“2027년까지 공급 부족” vs “전형적 경기순환”…엇갈리는 전망핵심 쟁점은 결국 ‘이 사이클이 다르냐’다. 산제이 메흐로트라 마이크론 CEO는 “글로벌 메모리 쇼크가 2027년 이후까지 장기적으로 지속될 가능성이 매우 높다”고 했다. 그는 2023년 메모리 가격이 정상 수준의 3분의 1까지 폭락(당시 마이크론 총마진율 −7.3%)하던 시절 대형 고객사들의 단가 후려치기가 업계의 증설 여력을 고갈시켰고, 그 직후 AI 수요가 폭발하면서 공급 부족이 굳어졌다고 설명했다. 첨단 팹 건설에 수년이 걸리는 구조적 제약이 이번 사이클을 떠받친다는 논리다.낙관론자들은 메모리 업체들이 분기 현물 가격에 휘둘리던 ‘거래 시장’에서 벗어나 가격 하한이 깔린 장기 공급 계약으로 옮겨가고 있다는 점도 든다. 변동성이 줄면 메모리도 경기민감 원자재가 아니라 인프라 사업으로 재평가받을 수 있다는 것이다.반면 회의론은 메흐로트라 CEO와 같은 그림에서 정반대 결론을 끌어낸다. 낸드는 수급이 ‘부족’에서 ‘과잉’으로 언제든 뒤집히는 전형적 경기순환 품목이며, 그 전환은 역사적으로 반복돼 왔다는 것이다. 버리의 “종말의 시작” 경고도 같은 자리에 서 있다. 캔터피츠제럴드의 에릭 존스턴은 “지금 논리는 반도체 회사들이 앞으로 수년간 막대한 수익을 내겠지만, 하이퍼스케일러들은 잘못된 투자를 하고 있다는 것”이라고 꼬집었다.",True,메모리,"미국 샌디스크 주가가 858% 폭등하며 목표주가가 3000달러로 상향 조정됐지만, 반도체 ‘3대장’인 마이크론은 0.79% 상승에 그쳤다. 6월 미국 증시가 큰 폭으로 상승했지만, 전문가들은 ‘종말의 시작’이라 경고하며, 공급 과잉과 경기순환 우려를 제기한다. 한국 정부의 대규모 투자와 AI 수요 증가가 시장을 이끌었지만, 일부 분석가는 이번 상승이 일시적일 가능성을 내다보고 있다. 핵심 쟁점은 공급 부족 지속 여부와 경기 사이클 전환 여부다.",샌디스크,3.0
2026-07-01,삼성 HBM4E 수율 70% 넘겨 개발 '안정권',정보 없음,https://n.news.naver.com/mnews/article/014/0005542548,"신뢰성 테스트서 70%이상 확보10나노 7세대 D램 공정도 순항삼성전자가 현재 개발 중인 7세대 고대역폭메모리(HBM4E)의 수율(정상품 비율)을 70% 이상 확보한 것으로 확인됐다. 지난 2월 6세대 고대역폭메모리(HBM4)를 세계 최초로 양산 판매한 데 이어, HBM4E 개발이 사실상 9분 능선을 넘은 것으로 파악된다. 삼성전자는 기술 초격차 확보를 통해 SK하이닉스, 마이크론 테크놀로지와의 HBM4 경쟁에서 우위를 점하겠다는 목표다.1일 반도체 업계에 따르면 송재혁 삼성전자 최고기술책임자(CTO) 겸 반도체연구소장(사장)은 지난달 30일 열린 삼성전자 디바이스솔루션(DS)부문 사내 경영현황설명회에서 ""HBM4E 신뢰성 테스트 수율이 70% 이상 수준까지 올라왔으며, 차세대 10나노급 7세대(D1d) D램 공정도 경쟁사 대비 우위를 확보했다""고 밝혔다. 반도체업계에서는 통상적으로 수율이 80% 이상이면 '성숙 수율' 단계로 평가한다. 공정이 안정화됐다는 뜻이다.HBM4E가 아직 신뢰성 테스트 단계라는 점을 고려하면 70% 이상 수준은 개발이 안정권에 진입하고 있음을 의미한다. HBM4E는 엔비디아가 내년 출시할 예정인 차세대 AI 가속기 '베라 루빈 울트라' 등에 탑재될 것으로 예상된다.삼성전자는 올해 2월 HBM4를 업계 최초 양산 출하 한 데 이어 지난 5월 29일 HBM4E 12단 제품의 세부 기술 사양을 공개하고 주요 고객사에 샘플을 출하했다. HBM4는 엔비디아가 하반기 출시할 AI 가속기 '베라 루빈'에 장착될 예정이다. 삼성전자는 지난달 말 메모리 업계 처음으로 HBM4 매출실적 12억 달러 고지를 돌파했다.차세대 D램 공정 개발도 순항하고 있는 것으로 전해졌다. 송 CTO는 D1d 공정 기술 경쟁력이 경쟁사 대비 우위에 있다고 평가했으며, 오는 11월 생산준비승인(PRA)을 목표로 개발을 진행 중이라고 설명한 것으로 알려졌다. PRA는 제품 출하를 앞두고 진행하는 사내 최종 품질 평가 단계다. 수율과 성능, 생산성 등을 종합적으로 검증해 양산 가능 여부를 판단하는 절차로, 통과하면 본격적인 양산 체제 전환이 가능하다.특히 D1d는 삼성전자가 차세대 HBM5(8세대)부터 적용할 계획인 핵심 D램 공정이다. 업계에서는 D1d 개발이 계획대로 진행될 경우 차세대 D램은 물론 HBM5 이후 제품 경쟁력에도 긍정적인 영향을 미칠 것으로 보고 있다. 이처럼 HBM4E 개발 성과와 D1d 공정 안정화가 맞물리면서 차세대 AI 메모리 경쟁에서도 삼성전자의 기술 경쟁력이 한층 강화될 것이라는 관측이다.",True,HBM4E,"삼성전자는 7세대 HBM4E 메모리의 수율이 70% 이상으로 안정화되며 개발이 순조롭게 진행되고 있다고 발표했다. HBM4E는 엔비디아의 차세대 AI 가속기 등에 탑재될 예정이며, 삼성은 HBM4 양산 이후 이번 개발 성과로 경쟁사보다 우위를 확보하고 있다. 또한, 차세대 10나노급 D램 공정인 D1d도 경쟁사보다 우위에 있으며, 11월 생산준비승인(PRA)을 목표로 개발 중이다. 이러한 성과는 삼성의 차세대 HBM5 및 D램 경쟁력 강화에 긍정적인 영향을 미칠 전망이다.",HBM,2.0
2026-07-01,“5241조 AI 빅뱅” 노무라...결국 승자는 HBM,정보 없음,https://n.news.naver.com/mnews/article/050/0000108034,"노무라증권 2030년 약 5241조 원삼성·SK, HBM 품귀에 ‘4755조’ 역대급 승부수TSMC·마이크론 신규 투자 및 설비 투자사진=연합뉴스글로벌 인공지능(AI) 데이터센터 투자가 향후 5년간 7배 이상 성장할 것으로 전망되면서 고대역폭메모리(이하 HBM) 품귀 현상이 심화 되고 있다.이에 삼성전자와 SK그룹은 첨단 칩 시장 선점을 위해 총 4755조 원을 투입하는 사상 최대 규모의 투자 프로젝트를 가동하면서 전면전에 나섰다.1일 노무라증권에 따르면 글로벌 AI 데이터센터 투자는 2025년 4660억 달러(약 723조 원)에서 연평균 48%씩 성장해 2030년 3조 3790억 달러(약 5241조 원) 규모에 달할 전망이다.빅테크 기업들의 인프라 확장으로 방대한 데이터를 처리할 HBM 수요가 급증하자 국내 반도체 대기업들은 수도권을 넘어 비수도권까지 아우르는 거점 다변화로 공급 능력 확대에 나섰다.삼성전자는 광주 등 서남권 반도체 생산거점과 천안·온양 HBM 패키징 공장에 대규모 자금을 투입한다.SK그룹은 용인, 청주, 서남권을 잇는 총 1100조 원 규모의 ‘AI 메모리 생산 벨트’를 구축하고 AI 데이터센터에도 1000조 원을 투자하는 등 중장기 로드맵을 확정했다.글로벌 경쟁사들의 반격도 거세다. 대만 TSMC는 올해 역대 최대인 560억 달러(약 87조 원)를 투입해 5개국에서 신규 공장을 착공하며 미국 마이크론 역시 설비투자액을 200억 달러로 상향했다.업계는 이번 초대형 투자의 성공 열쇠로 신속한 전력·용수 인프라 구축과 금융·세제 지원, 그리고 우수 전문 인력의 지방 유치를 꼽고 있다.",True,HBM,"글로벌 AI 데이터센터 투자가 2025년 4660억 달러에서 2030년 3조 3790억 달러로 급증하면서 HBM 품귀 현상이 심화되고 있다. 삼성전자와 SK그룹은 각각 수십조 원 규모의 투자로 첨단 칩 시장 선점에 나섰으며, SK는 1100조 원 규모의 ‘AI 메모리 생산 벨트’와 데이터센터에 1000조 원을 투자한다. 경쟁사인 TSMC와 마이크론도 대규모 설비 투자를 확대하는 등 글로벌 경쟁이 치열해지고 있다. 업계는 인프라 구축과 인력 유치가 성공의 핵심이라고 보고 있다.",HBM,3.0
2026-07-01,"로봇전문기업 케이엔알시스템, 반도체 장비 시장 첫 공략",정보 없음,https://n.news.naver.com/mnews/article/417/0001149768,"앰코코리아와 반도체 이송 자동화 설비 공급계약로봇전문기업 케이엔알시스템이 반도체 이송 자동화 로봇 설비 분야 공략을 위해 앰코테크놀로지코리아와 공급 계약을 체결했다. 사진은 케이엔알시스템의 유압팔 로봇. /사진=케이엔알시스템 홈페이지로봇전문기업 케이엔알시스템이 반도체 장비 시장 공략에 나섰다.케이엔알시스템은 앰코테크놀로지코리아(앰코코리아)에 반도체 이송 자동화 로봇 설비 공급 계약을 맺었다고 1일 밝혔다.앰코코리아는 앰코테크놀로지(Amkor Technology)의 주요 한국법인이며 미국 애리조나주 템피(Tempe)에 본사를 둔 앰코테크놀로지는 세계 최대의 반도체 패키징 및 테스트 전문회사다.주로 반도체 후공정(OSAT)인 웨이퍼 제조 이후의 패키징 및 테스트 서비스를 제공하며 애플과 퀄컴, 엔비디아 등 글로벌 기업을 주요 고객사로 두고 있다.앰코코리아에 공급하기로 한 반도체 이송 자동화 로봇 설비는 기존에 없던 특수 규격 반도체 칩의 최종 검사공정에 최적화된 설루션이다.이는 양산된 칩을 정밀하게 이송해 테스트 장비에 투입하고 검사가 완료된 칩을 자동으로 양품과 불량품으로 분류 및 적재하는 과정을 로봇으로 수행하는 무인 핵심설비다.이 같은 자동화 로봇 설비는 HBM(고대역폭메모리)이 설계대로 작동하는지 칩 단위에서 검사하는 'HBM 칩 레벨 테스트'와 웨이퍼 절삭 및 패키징을 마친 최종 반도체 제품의 상태를 검사하는 '패키지 파이널 테스트' 공정에 적용된다.'HBM 칩 레벨 테스트'는 메모리 칩을 여러 층으로 쌓아 올린 DRAM 스택(stack)과 이를 제어하는 로직 다이(Logic Die, 두뇌 역할을 하는 반도체 회로층)로 구성된 HBM이 설계대로 작동하는지 전용 로직 테스터(Logic Tester)로 정밀 검사하는 단계다.미세한 오차가 불량으로 이어질 수 있는 만큼 칩을 테스트 장비에 정확히 올려놓는 이송 로봇은 특별한 정밀도가 요구된다.그동안 특수 규격 반도체 칩의 이송 공정은 사람의 수동작업에 의존해 왔다. 이를 자동화하기 위해 3직선축의 직교 로봇을 도입할 경우 설비구조가 지나치게 복잡해지는 단점이 있었다.케이엔알시스템은 이를 해결하기 위해 6회전축 다관절 로봇을 채택했다. 반도체 설비의 핵심인 디바이스 교체 과정을 대폭 간소화 해 공정의 효율을 높이는 데 초점을 맞췄다.다관절 로봇은 자유도와 유연성이 강점이다. 회전하는 관절을 이용해 보다 세밀한 움직임을 구현할 수 있다. 이를 통한 반도체 설비 간소화는 앞으로 유지보수와 장비 운용교육 과정에서 초래되는 비용을 크게 줄일 수 있을 전망이다.김명한 케이엔알시스템 대표는 ""반도체 장비 시장 첫 진출에 그치지 않고 반도체 후공정 테스트 공정 전반에서 회사가 지닌 로봇 기술을 활용한 자동화 설루션의 확대 적용을 적극 추진하고 있다""며 ""로봇 기술과 반도체자동화설루션의 협업 경험을 바탕으로 글로벌 반도체 장비업체를 추가 공략 중""이라고 강조했다.코스닥 상장사인 케이엔알시스템은 이날 오전 9시50분 기준 전 거래일 보다 940원(7.71%) 오른 1만3130원 선에서 거래된다.",True,반도체,"반도체 로봇 전문기업 케이엔알시스템이 앰코테크놀로지코리아와 반도체 이송 자동화 로봇 설비 공급 계약을 체결했다. 이번 설비는 특수 규격 반도체 칩의 최종 검사 공정에 최적화된 무인 이송 및 분류 로봇으로, 기존 수작업을 자동화해 공정 효율과 비용 절감에 기여한다. 케이엔알시스템은 6회전축 다관절 로봇을 도입해 정밀성과 유연성을 높였으며, 글로벌 반도체 시장 공략을 확대하고 있다.",HBM,2.0
2026-07-01,"[단독] 삼성, HBM4E 수율 9분 능선 넘겼다...HBM 초격차 총력전",정보 없음,https://n.news.naver.com/mnews/article/014/0005542219,"HBM4E 신뢰성 테스트 수율 안정권 올라HBM5 탑재되는 차세대 D1d PRA 올해 말송재혁 삼성전자 DS부문 최고기술책임자(CTO) 사장이 지난 6월 2일(현지시간) 대만 타이베이 컴퓨텍스 전시장에서 취재진 질문에 답하고 있다. 뉴스1[파이낸셜뉴스] 삼성전자가 현재 개발 중인 7세대 고대역폭메모리(HBM4E)의 수율(정상품 비율)을 70% 이상 확보한 것으로 확인됐다. 지난 2월 세계 최초로 6세대 고대역폭메모리(HBM4) 양산 출하에 이어, 7세대인 HBM4E 개발이 사실상 9분 능선을 넘은 것으로 파악된다. 삼성전자는 기술 초격차 확보를 통해 SK하이닉스, 마이크론 테크놀로지와의 HBM4 및 4E 경쟁에서 확실한 우위를 점하겠다는 목표다.1일 반도체 업계에 따르면 송재혁 삼성전자 최고기술책임자(CTO) 겸 반도체연구소장(사장)은 지난달 30일 열린 삼성전자 디바이스솔루션(DS)부문 사내 경영현황설명회에서 ""HBM4E 신뢰성 테스트 수율이 70% 이상 수준까지 올라왔으며, 차세대 10나노급 7세대(D1d) D램 공정도 경쟁사 대비 우위를 확보했다""고 밝혔다. 반도체업계에서는 통상적으로 수율이 80% 이상이면 '성숙 수율' 단계로 평가한다. 공정이 안정화됐다는 뜻이다. HBM4E가 아직 신뢰성 테스트 단계라는 점을 고려하면 '70% 이상' 수준은 개발이 안정권에 진입하고 있음을 의미한다. 삼성전자는 앞서 5월 말 주요 고객사들에게 HBM4E 12단 샘플을 보낸 상태다. HBM4E는 엔비디아가 내년 출시할 예정인 차세대 AI 가속기 '베라 루빈 울트라' 등에 탑재될 것으로 예상된다.삼성전자는 앞서 2월 업계 최초로 HBM4 양산을 선언하며, HBM4 시장의 주도권 확보에 총력을 기울이는 모습이다. HBM4는 엔비디아가 하반기 출시할 AI 가속기 '베라 루빈'에 장착된다. 이미 지난달 말에는 메모리 업계 처음으로 HBM4 매출 실적 12억 달러 고지를 돌파했다.차세대 D램 공정 개발도 순항하고 있는 것으로 전해졌다. 송 CTO는 D1d 공정 기술 경쟁력이 경쟁사 대비 우위에 있다고 평가했으며, 오는 11월 생산준비승인(PRA)을 목표로 개발을 진행 중이라고 설명한 것으로 알려졌다. PRA는 제품 출하를 앞두고 진행하는 사내 최종 품질 평가 단계다. 수율과 성능, 생산성 등을 종합적으로 검증해 양산 가능 여부를 판단하는 절차로, 통과하면 본격적인 양산 체제 전환이 가능하다.특히 D1d는 삼성전자가 차세대 HBM5(8세대)부터 적용할 계획인 핵심 D램 공정이다. 업계에서는 D1d 개발이 계획대로 진행될 경우 차세대 D램은 물론 HBM5 이후 제품 경쟁력에도 긍정적인 영향을 미칠 것으로 보고 있다. 이처럼 HBM4E 개발 성과와 D1d 공정 안정화가 맞물리면서 차세대 AI 메모리 경쟁에서도 삼성전자의 기술 경쟁력이 한층 강화될 것이라는 관측이다.",True,HBM,"삼성전자는 HBM4E의 신뢰성 테스트 수율이 70% 이상으로 안정권에 진입했으며, 차세대 7세대 D램 공정인 D1d 개발도 순조롭게 진행 중이라고 밝혔다. HBM4E는 엔비디아의 차세대 AI 가속기 등에 탑재될 예정이며, 이미 매출이 12억 달러를 돌파했다. 또한, D1d 공정은 11월 PRA를 목표로 하며, HBM5와 차세대 D램 경쟁력 강화를 기대하고 있다. 이러한 성과는 삼성전자의 메모리 시장 우위 확보와 기술 경쟁력 강화를 의미한다.",HBM,3.0
2026-07-01,"케이엔알시스템, 앰코에 자동화 로봇 공급…반도체 장비 첫발",정보 없음,https://n.news.naver.com/mnews/article/119/0003106568,"특수 규격 반도체 칩 최종 검사공정 자동화HBM 칩 레벨 테스트·패키지 파이널 테스트 적용6축 다관절 로봇으로 수동 이송 공정 대체엠코테크놀로지 로고.ⓒ케이엔알시스템 제공[데일리안 = 임채현 기자] 로봇 전문기업 케이엔알시스템이 반도체 장비 시장에 처음 진출한다. 반도체 후공정 테스트 공정에 로봇 기반 자동화 솔루션을 공급하며 사업 영역을 넓히는 모습이다.케이엔알시스템은 앰코테크놀로지코리아에 반도체 이송 자동화 로봇 설비를 공급하는 계약을 체결했다고 1일 밝혔다.앰코코리아는 글로벌 반도체 패키징·테스트 전문기업 앰코테크놀로지의 한국법인이며, 앰코테크놀로지는 웨이퍼 제조 이후 패키징과 테스트 등 반도체 후공정 서비스를 제공하는 기업이다.케이엔알시스템이 공급하는 설비는 특수 규격 반도체 칩의 최종 검사공정에 적용되는 자동화 솔루션이다. 양산된 칩을 정밀하게 이송해 테스트 장비에 투입하고, 검사가 끝난 칩을 양품과 불량품으로 자동 분류·적재하는 역할을 한다.해당 설비는 HBM 칩 레벨 테스트와 패키지 파이널 테스트 공정에 적용된다. HBM 칩 레벨 테스트는 여러 층으로 쌓은 D램 스택과 이를 제어하는 로직 다이가 설계대로 작동하는지 칩 단위에서 검사하는 단계다. 미세한 오차도 불량으로 이어질 수 있어 테스트 장비에 칩을 정확히 올려놓는 이송 정밀도가 중요하다.그동안 특수 규격 반도체 칩 이송 공정은 수동작업 의존도가 높았다. 직교 로봇을 적용할 경우 설비 구조가 복잡해지는 한계도 있었다. 케이엔알시스템은 6회전축 다관절 로봇을 적용해 설비 구조를 간소화하고 디바이스 교체 과정을 줄였다고 설명했다.다관절 로봇은 회전 관절을 활용해 세밀한 움직임을 구현할 수 있는 것이 특징이다. 케이엔알시스템은 이를 통해 반도체 설비 운용과 유지보수, 장비 교육 과정에서 발생하는 비용을 줄일 수 있을 것으로 보고 있다.김명한 케이엔알시스템 대표는 ""이번 반도체 장비 시장 첫 진출에 그치지 않고 반도체 후공정 테스트 공정 전반에서 로봇 기술을 활용한 자동화 솔루션 확대 적용을 추진하고 있다""며 ""글로벌 반도체 장비업체도 추가 공략 중""이라고 말했다.케이엔알시스템은 로봇과 유압제어 기술을 기반으로 산업용 특수 로봇을 개발해 온 기업이다. 심해 작업 로봇과 제철소 용광로 관리 로봇 등을 현장에 적용한 경험을 보유하고 있으며, 최근에는 로봇용 하이브리드 액추에이터와 고중량 작업용 로봇 개발도 추진하고 있다.",True,반도체,"케이엔알시스템이 반도체 후공정 테스트 공정에 자동화 솔루션을 공급하며 시장에 진출했다. 앰코코리아와 계약을 맺고, 특수 규격 반도체 칩의 최종 검사에 적용되는 자동 이송 설비를 제공한다. 이 설비는 HBM 칩 레벨 테스트와 패키지 파이널 테스트에 사용되며, 수작업 의존도를 줄이고 정밀 이송을 가능하게 한다. 6축 다관절 로봇을 활용해 설비 구조를 간소화하고 유지보수 비용도 절감한다. 케이엔알시스템은 앞으로도 반도체 후공정 전반에 로봇 자동화 솔루션 확대를 추진할 계획이다.",HBM,1.0
2026-07-01,"HBM이 바꾼 인재 지형…삼전D램 경력자, 웃돈 주고 모셔간다",정보 없음,https://n.news.naver.com/mnews/article/018/0006319538,"[반도체 글로벌 인재 전쟁]韓 메모리 기업 위상 따라 엔지니어 몸값 높아져우수 인재 확보 총력전…HBM이 바꾼 인재 지형메모리·파운드리 아우르는 인재 중요도 커졌다[이데일리 김소연 김아름 김응태 기자] 인공지능(AI) 시대를 맞아 반도체 엔지니어의 몸값이 치솟고 있다. 우수한 한국 메모리 엔지니어들이 미국 빅테크 기업들로 이직하는 사례가 늘고 있고, 삼성전자와 SK하이닉스 간 인재 확보 경쟁까지 한층 치열해지고 있다. 삼성전자와 SK하이닉스가 초대형 호남 클러스터 투자까지 예정하고 있어, 글로벌 인재 전쟁은 더 격화할 전망이다.30일 업계에 따르면 SK하이닉스는 고대역폭메모리(HBM) 회로 설계를 비롯해 HBM 디지털 디자인, 프론트엔드, 백엔드, SoC(시스템온칩) 설계·검증, HBM 파운드리 PI 등 총 54개 경력직 직무에 대한 채용을 진행하고 있다. 앞서 신입사원 채용을 실시한 데 이어 커스텀 HBM 등 차세대 메모리 기술과 아키텍처를 연구할 우수 인재 확보에 나섰다.반도체 공장 사진 (사진=SK하이닉스)메모리 인재 확보전은 갈수록 치열해지고 있다. AI 메모리 시장의 수익성이 높아지면서 HBM에서 로직 다이의 중요성이 커졌고, 칩 설계 역량을 갖춘 인력 수요는 빠르게 증가하고 있다. 업계에서는 이번 SK하이닉스의 채용 역시 사실상 삼성전자의 중고 신입과 경력직을 겨냥한 것이라는 분석이 나온다. HBM과 AI 시대가 반도체 인재 지형을 바꿔놓고 있는 것이다.K메모리의 위상이 높아지면서 삼성전자와 SK하이닉스는 핵심 인재를 지키는 동시에 우수 인력을 적극 영입해야 하는 상황에 놓였다. 과거에는 얼마나 미세한 공정을 구현하느냐가 경쟁력이었다면, 이제는 칩과 메모리를 어떻게 설계·구성하고 패키징하느냐가 핵심 경쟁력으로 떠오르면서, 시스템 아키텍처와 첨단 패키징 분야 인력의 가치도 크게 높아졌다.인재 전쟁은 이제 글로벌 무대로 확산하고 있다. 삼성전자와 SK하이닉스가 세계적인 기업으로 성장하면서 글로벌 기업들과의 인재 경쟁을 피할 수 없게 된 것이다. 세계 최대 파운드리(반도체 위탁생산) 업체인 TSMC를 비롯해 엔비디아, ASML 등 글로벌 반도체 밸류체인 핵심 기업들이 최근 2년간 채용 규모를 확대하면서 외국계 기업을 중심으로 한 헤드헌팅이 활발해지고 국내 반도체 고급 인력의 이동이 늘고 있다.신현철 광운대 반도체시스템공학부 교수는 “삼성전자나 SK하이닉스에서 HBM 관련 업무를 수행한 경력은 취업 시장에서 상당한 경쟁력이 된다”며 “해외 기업들도 HBM 관련 실무 경험을 높게 평가할 것”이라고 말했다.[이데일리 김일환 기자]실제 이데일리가 인적자원(HR) 테크 플랫폼 잡코리아 운영사 웍스피어에 의뢰해 채용공고 제목 내 키워드를 분석한 결과, 글로벌 반도체 기업들의 국내 채용은 최근 2년 새 크게 늘어난 것으로 나타났다. TSMC는 지난 2023년까지만 해도 연 0~4건 수준의 단편적인 채용을 진행했다가, 2024년 4월을 기점으로 월 10~20건 수준까지 채용 공고를 확대했다. 엔비디아 역시 채용공고 수가 2023년 23건, 2024년 34건, 2025년 30건에서 올해 상반기에만 48건으로 역대 최대치를 기록했다.미국 메모리 기업 마이크론은 국내 대학을 돌며 즉시 채용을 내걸고 우수한 신입 인재를 확보하고, 수시채용을 통해 경력직 영입도 이어가고 있다. 테슬라 역시 자체 반도체 생산시설인 ‘테라팹(Terafab)’ 구축을 추진하며 국내 반도체 인재 확보에 공을 들이고 있다. 업계에서는 중국 기업으로 떠나는 인재도 계속 늘고 있다고 보고 있다.커리어 플랫폼 리멤버앤컴퍼니의 헤드헌팅 그룹(브리스캔영어쏘시에어츠·에버브레인써치)에 따르면 올해 상반기 외국계 기업의 헤드헌팅 의뢰 건수는 전년 동기 대비 85.3% 증가했다.한국 메모리 엔지니어들의 미국 취업, 이민 수요도 이러한 흐름과 맞물려 있다. 해외 글로벌 기업으로 이직할 경우 연봉뿐 아니라 근무 환경이 개선될 가능성이 크고, 주거와 자녀 교육 측면에서도 장점이 있어서다. 유회준 카이스트(KAIST) 전기·전자공학부 교수는 “삼성전자 D램 부문에서 몇 년 근무한 뒤 마이크론으로 더 높은 연봉을 받고 이직하는 사례가 있는 것으로 안다”며 “국내 기업들도 글로벌 수준에 걸맞은 인사·평가 체계를 갖출 필요가 있다”고 말했다.삼성전자와 SK하이닉스 역시 글로벌 인재 전쟁 대응이 필요해졌다. 엔지니어를 제대로 평가하고 보상하는 구조를 구축해야 한다는 것이다. 신현철 교수는 “이제 전 세계적인 인재 경쟁을 피할 수 없는 상황”이라며 “그에 걸맞은 처우와 기업문화가 뒷받침돼야 한다”고 말했다.추후 인재 전쟁은 더 치열해질 전망이다. 반도체 슈퍼사이클과 함께 국내 기업들의 호남권 대규모 팹 투자까지 예정돼 있어서다. 유회준 교수는 “호남권 반도체 클러스터가 본격 조성되면 인재 수요는 앞으로 계속 늘어날 것”이라고 말했다.",True,HBM,"AI 시대와 글로벌 경쟁 속에서 한국 메모리 반도체 엔지니어의 가치가 높아지고 있다. 삼성전자와 SK하이닉스는 HBM 등 차세대 메모리와 시스템 설계 인재 확보에 적극 나서며, 글로벌 인재 전쟁이 치열해지고 있다. 해외 기업들도 국내 인재를 적극 채용하며, 이직과 해외 취업이 늘고 있다. 이에 따라 국내 기업들은 우수 인력 유지를 위한 평가와 보상 체계 개선이 시급하며, 호남권 반도체 클러스터 등 대규모 투자로 인재 수요는 더욱 늘어날 전망이다.",HBM4,2.0
2026-07-01,메모리값 또 뛰었다…유진테크·주성ENG 들썩 [칩칩폭폭],정보 없음,https://n.news.naver.com/mnews/article/123/0002385707,"◆…AI 생성 이미지■ 세 줄 요약• D램과 낸드플래시 계약가격이 일제히 큰 폭으로 오르며 메모리 가격 강세가 이어졌다. AI 수요와 공급 부족, 장기 공급계약 확대가 맞물리면서 메모리 업황 개선 기대도 커지고 있다.• 엔비디아의 차세대 AI 서버 플랫폼 도입과 AI 서버 투자 확대 영향으로 파운드리와 전력반도체 수급이 더욱 타이트해질 것이라는 전망이 나왔다. 중국도 AI 서버와 메모리 투자를 확대하며 반도체 경쟁력 강화에 속도를 내고 있다.• 국내에서는 삼성전자와 SK하이닉스의 목표주가가 잇달아 상향됐지만 주가는 차익실현 매물로 약세를 보였다. 반면 유진테크, 테크윙, 주성엔지니어링, 피에스케이 등 반도체 장비주는 강세를 나타냈다.■ 글로벌 지수*SOX(필라델피아 반도체지수): 미국 주요 반도체 기업 30개로 구성된 대표 반도체 업종 지수■ 메모리 가격◆…현물가는 일별, 계약가는 주·월 단위로 집계되는 만큼 단기 수급 변화와 중장기 가격 흐름을 함께 비교할 수 있도록 구성했다. 단위와 각 가격의 기준일은 표에 별도 표기했다. 자료=트랜드포스 제공- D램 현물가격은 레거시 제품이 강세를 보인 가운데 주력 제품도 견조한 흐름을 이어갔다. DDR3 4Gb 512Mx8 1600/1866은 2.35% 올라 가장 큰 상승폭을 기록했고, DDR4 16Gb(2Gx8) 3200도 1.04% 상승했다. 반면 레거시 제품인 DDR4 8Gb(1Gx8) eTT는 0.51% 하락했다.- 주력 제품은 전반적으로 강보합세를 유지했다. 범용 제품인 DDR4 16Gb(2Gx8) 3200이 1% 넘게 상승했고, 인공지능(AI) 서버용 고대역폭메모리(HBM)에 활용되는 DDR5 16Gb(2Gx8) 4800/5600은 0.21% 올랐다. DDR4 8Gb(1Gx8) 3200은 보합을 기록했다.- 핵심 DDR4·DDR5 제품이 견조한 흐름을 이어가는 가운데 레거시 DDR3 제품의 상승폭이 확대되며 전반적인 가격 강세가 지속됐다.- D램 고정거래가격은 DDR4 제품군을 중심으로 큰 폭의 상승세를 나타냈다. DDR4 8Gb 1Gx8은 25.00% 올라 가장 높은 상승률을 기록했고, DDR4 16Gb 2Gx8도 19.40% 상승했다.- 주력 DDR4 칩이 두 자릿수 상승률을 기록한 반면, DDR5 8GB SO-DIMM은 2.75% 오르며 상대적으로 완만한 상승세를 보였다. DDR4 16GB SO-DIMM과 DDR4 8GB SO-DIMM은 모두 보합을 기록했다.- 핵심 DDR4 제품의 급등세가 이어진 가운데 레거시 제품인 DDR4 4Gb 256Mx16과 DDR3 4Gb 256Mx16도 각각 20.00%, 10.00% 상승하며 전반적인 가격 강세를 뒷받침했다.- 낸드플래시 고정거래가격은 MLC 제품군 전반에서 큰 폭의 상승세를 이어갔다. NAND 64Gb 8Gx8 MLC는 10.62% 상승하며 가장 높은 상승률을 기록했고, NAND 32Gb 4Gx8 MLC와 NAND 128Gb 16Gx8 MLC도 각각 9.88%, 9.73% 올랐다.- 주요 MLC 제품이 일제히 10% 안팎의 상승률을 기록하며 제품 전반에서 가격 강세가 나타났다. 특히 64Gb와 32Gb 제품의 상승폭이 상대적으로 컸다. 핵심 MLC 제품군의 동반 상승세가 이어지며 낸드플래시 가격 강세도 지속됐다.■ 해외 반도체 핵심 뉴스- 엔비디아가 차세대 AI 서버 플랫폼 '베라 루빈(Vera Rubin)' 고객용으로 자체 800V 고전압 직류(HVDC) 전력 랙을 개발 중인 것으로 전해졌다. 2026년 3분기 고객사 출하가 예상되며, AI 서버 전력 아키텍처가 고전압 직류 기반으로 전환되는 계기가 될 것으로 분석됐다.- 시장조사업체 트렌드포스는 AI 서버와 엣지 AI 수요 확대로 파운드리의 AI 관련 웨이퍼 배정이 늘면서 성숙공정 수급이 빠듯해지고 있다고 분석했다. 8인치 공정은 AI 전력반도체 수요와 감산 영향으로 가동률과 가격이 상승했고, 12인치 55나노 이상 전력 IC용 고전압 공정도 공급이 타이트해졌다고 설명했다.- IT 전문매체 디지타임스는 메모리 업체들이 공급 부족을 배경으로 고객사와 장기 공급계약을 확대하면서 올해 상반기 메모리 계약가격이 2개 분기 연속 큰 폭으로 상승했다고 보도했다. 상승폭은 다소 둔화될 수 있지만 가격 강세는 이어질 것으로 전망했다.■ 중국 반도체 핵심 뉴스-바이트댄스가 차세대 자체 AI 서버용 CPU를 개발해 2027년 하반기 양산을 추진하는 것으로 전해졌다. 퀄컴과 협력 가능성도 거론되는 가운데 자체 AI 칩 확대와 중국산 GPU 도입을 병행하며 AI 인프라 내재화를 가속할 것으로 예상된다.- 창신메모리(CXMT)가 텐센트와 200억위안(약 4조6000억원) 이상 규모의 장기 서버용 D램 공급 계약을 체결한 것으로 전해졌다. CXMT는 상하이 STAR 마켓 기업공개(IPO)를 통해 295억위안을 조달하고 월 웨이퍼 생산능력을 30만장에서 60만장으로 확대할 계획이다.- 중국은 'AI 스마트 에이전트 상호연결' 국가표준 7개를 발표했다. 이번 표준은 에이전트 간 식별, 탐색, 상호작용, 도구 호출 등을 규정하는 통합 프레임워크로 AI 생태계 표준화 작업이 본격화되고 있다는 평가를 받고 있다.- 중국 전력반도체 업체들이 AI 서버와 신에너지차 수요 증가를 배경으로 7월부터 가격 인상에 나선다. 양제테크를 비롯한 약 20개 아날로그·전력반도체 업체가 제품 가격을 조정할 예정이다.■ 국내 반도체 핵심 뉴스- KB증권은 삼성전자에 대해 투자의견 '매수'와 목표주가 55만원을 유지했다. 올해 영업이익은 전년 대비 761% 증가한 375조원, 2027년 영업이익은 547조원으로 전망했으며 메모리 공급 부족 해소에는 최소 2년 이상이 걸릴 것으로 내다봤다. 다만 오전 10시 10분 기준 삼성전자 주가는 3.67% 하락했다.- 하나증권은 SK하이닉스 목표주가를 360만원으로 상향하고 2분기 매출 87조1000억원, 영업이익 67조6000억원을 전망했다. 신한투자증권도 목표주가를 380만원에서 420만원으로 올리고 2분기 영업이익을 66조8000억원으로 제시했다. 오전 10시 10분 기준 SK하이닉스 주가는 3.43% 하락했다.- NH투자증권은 4차 적층세라믹커패시터(MLCC) 사이클 본격화를 근거로 삼성전기 목표주가를 170만원에서 300만원으로 상향했다. 하나증권도 인공지능(AI) 데이터센터 투자 확대에 따른 MLCC와 FC-BGA 공급 부족을 반영해 목표주가를 300만원으로 높였다.- 4700조원 규모의 3대 메가 프로젝트 발표 이후 반도체 장비주와 전력기기가 수혜주로 부상했다. 오전 10시 10분 기준 유진테크(20.36%), 테크윙(13.25%), 주성엔지니어링(9.20%), 피에스케이(9.38%), 예스티(8.05%), 테스(7.93%) 등이 강세를 보였다. JP모간은 투자액의 60~70%가 전공정 웨이퍼 장비, 20~30%는 인프라와 클린룸 건설에 배분될 것으로 전망했다.- 반면 대형 메모리주는 실적 기대에도 차익실현 매물이 나오며 약세를 나타냈다. DB하이텍은 6.17%, 파두는 6.40% 하락했고, 솔브레인과 ISC도 각각 1.37%, 0.22% 내렸다.",True,메모리,"최근 글로벌 반도체 시장은 AI 수요 증가와 공급 부족으로 메모리 가격이 강세를 보이고 있다. D램과 낸드플래시 계약가격이 일제히 상승하며, 삼성전자와 SK하이닉스의 목표주가가 상향 조정됐지만 주가는 차익실현 매물로 약세를 나타냈다. 엔비디아는 차세대 AI 서버 플랫폼과 고전압 전력 랙을 개발 중이며, 중국은 자체 AI 서버용 CPU와 메모리 공급 확대, 표준화 작업을 추진하는 등 글로벌 경쟁이 치열하다. 전체적으로 메모리와 전력반도체 가격 상승세와 공급 긴축이 지속될 전망이다.",DDR5,2.0
2026-07-01,"세미파이브, SAP S/4HANA Public Cloud ERP 구축… 설계 서비스부터 양산까지 단일 경영관리 체계로 통합",정보 없음,https://n.news.naver.com/mnews/article/030/0003443446,"아크라스앤컴퍼니와 함께 맞춤형 반도체(ASIC) 설계 서비스 산업에 최적화된 클라우드 ERP 구축… 과제 단위 실시간 손익관리 체계 추진세미파이브. 사진=세미파이브SAP S/4HANA Public/Private Cloud 전문 기업 아크라스앤컴퍼니(ACRAS, 대표 이경모)는 맞춤형 반도체(ASIC) 설계 전문 기업 세미파이브와 SAP S/4HANA Public Cloud 기반의 전사적 자원관리(ERP) 시스템 구축 프로젝트를 수행하고 있다고 밝혔다. 이번 프로젝트는 설계 서비스(NRE)부터 양산 운영(MP)까지 이어지는 세미파이브의 사업 전반을 하나의 클라우드 ERP 위에서 단일 과제 체계로 통합해, 실시간 데이터 기반의 경영관리 체계로 전환하는 것을 목표로 한다.2019년 설립된 세미파이브는 시스템온칩(SoC) 플랫폼을 기반으로 한 ASIC 설계 전문 기업이다. 독자 개발한 재사용·자동화 설계 플랫폼을 기반으로 고객 요구에 최적화된 맞춤형 반도체(ASIC)를 설계부터 파운드리 생산관리·후공정까지 일괄(턴키)로 제공한다. 특히, 자체 제품 개발 중심의 일반적인 팹리스와 달리 다양한 고객의 제품을 개발하는 'ASIC 플랫폼'의 속성을 지니며, 일회성 설계 용역 중심이 그치는 전통적인 디자인 하우스와 달리 개발 이후 양산 공급까지 전 과정을 아우르는 통합 개발 역량을 보유하고 있다.세미파이브는 이러한 경쟁력을 바탕으로 급격히 증가하는 글로벌 차원의 대규모 설계 개발 과제에 선제적으로 대응하고, 본격화된 양산 공급 관리까지의 사업 전반을 체계적으로 통합 관리하기 위해 이번 클라우드 ERP 기반 경영 인프라 도입을 결정했다. 이에 하이테크 및 팹리스·디자인하우스 산업을 중심으로 산업 맞춤형 클라우드 ERP 구축 역량을 축적해 온 아크라스앤컴퍼니가 파트너로 참여했다.ASIC 설계 서비스 사업은 하나의 고객 과제 안에 서로 다른 두 개의 사업 사이클이 동시에 존재한다는 구조적 특성을 갖는다. 설계 서비스는 프로젝트 진행에 따라 수익을 인식하는 개발 중심의 사이클인 반면, 양산은 칩 출하 시점에 매출이 발생하는 운영 중심의 사이클이다. 두 사이클은 매출 인식 기준, 청구 방식, 원가 구조가 본질적으로 다르며, 그동안 분산된 방식으로 관리될 경우 과제 단위의 정확한 손익 파악이 어렵다는 한계가 있었다.아크라스앤컴퍼니는 이번 프로젝트에서 두 사이클을 하나의 과제 코드 아래 통합해, 설계 단계의 견적·원가와 양산 단계의 실적이 끊김 없이 연결되도록 설계하고 있다. 이를 통해 세미파이브는 견적 대비 실적, 과제별 손익, 제품 생애주기 전반의 수익성을 실시간으로 파악할 수 있는 기반을 확보하게 된다.이번 구축은 SAP S/4HANA Public Cloud를 중심으로, 영업·견적 단계의 SAP Sales Cloud와 외주 양산 공정 관리를 위한 아크라스앤컴퍼니의 자체 솔루션을 연계하는 통합 구조로 진행된다. 신규 과제 발굴과 견적·수주 관리부터 설계 프로젝트 수행과 진행기준 매출 인식, 파운드리·OSAT 등 외주 양산 공정의 발주·진척 관리, 그리고 월 결산과 과제별 수익성 분석에 이르는 전 과정을 단일 데이터 흐름으로 연결한다.특히 아크라스앤컴퍼니는 현재 진행 중인 본사 범위의 시스템 구현에 그치지 않고, 향후 글로벌 사업 확장과 양산 확대에 대비할 수 있도록 확장성을 고려해 ERP를 설계하고 있다. 해외 법인 확산과 다국가·다통화 운영 등 향후 성장 시나리오를 고려해, 표준 기능을 기반으로 재구축 부담을 최소화하는 방향으로 ERP 기반을 설계한다는 방침이다.프로젝트는 SAP의 표준 이행 방법론인 SAP Activate를 기반으로 진행되며, SAP S/4HANA Cloud의 데이터 기반 분석 및 AI 기능을 활용해 경영진의 의사결정을 지원하는 환경도 함께 구현하고 있다.김민겸 아크라스앤컴퍼니 이사는 “세미파이브의 ERP 도입은 단순한 시스템 전환이 아니라, 설계 서비스와 양산이 결합된 복합 사업 구조를 하나의 경영관리 체계로 정립하는 전환점”이라며, “하이테크 산업에 대한 깊은 이해와 SAP 클라우드 ERP 전문성을 바탕으로, 세미파이브가 글로벌 성장과 양산 확대 국면에서 데이터에 기반해 사업을 운영할 수 있도록 지원하겠다”고 말했다.한편, 아크라스앤컴퍼니는 SAP ERP와 자체 개발한 SaaS 확장 솔루션을 결합한 'Cloudia ACRAS' 플랫폼을 통해 다양한 산업과 국가의 디지털 혁신을 지원하고 있다.",True,ASIC,"아크라스앤컴퍼니는 세미파이브와 함께 SAP S/4HANA Cloud 기반 맞춤형 ERP 시스템을 구축 중이다. 이번 프로젝트는 ASIC 설계부터 양산까지의 사업 전반을 하나의 과제 체계로 통합하여 실시간 손익파악과 데이터 기반 경영관리를 가능하게 한다. 설계와 양산 사업 사이클이 분리돼 있던 기존 한계를 극복하고, 글로벌 확장과 다국가 운영도 대비한다. 이를 통해 세미파이브는 글로벌 경쟁력 강화와 효율적 사업 운영을 기대하고 있다.",ASIC,1.0
2026-07-01,"AI는 공장으로 간다…금융위·산업부, 피지컬 AI 패권전에 ‘16조원’ 투입",정보 없음,https://n.news.naver.com/mnews/article/123/0002385712,"금융위·산업부, ‘국민성장펀드-M.AX 프론티어 프로젝트 민관합동 간담회’ 개최국민성장펀드-M.AX 첫 민관 간담회…AI팩토리·로봇·미래차 기업 총출동AI 경쟁, 챗봇에서 공장·로봇·차량으로 확산…제조업이 새 승부처올해 AI·로봇·미래차·방산 등 6대 분야에 약 16조원 공급LS전선 해저케이블 공장 증설, 제1호 M.AX 투자 프로젝트로 낙점산업부는 기술·실증, 금융위는 장기 인내자본…정책 공조 본격화◆…금융위원회와 산업통상부는 1일 서울 여의도 산업은행에서 '국민성장펀드-M.AX 프론티어 프로젝트' 민관 합동 간담회를 열고 피지컬 AI 선도기업과 메가프로젝트 발굴·지원 방안을 논의했다. 사진=연합뉴스정부가 생성형 인공지능(AI)을 넘어 로봇·AI팩토리·미래차 등 현실 세계에서 작동하는 '피지컬 AI' 산업 육성에 정책금융을 집중 투입한다. 제조업 기반이 강한 한국의 산업 경쟁력을 AI와 결합해 글로벌 피지컬 AI 시장에서 주도권을 잡겠다는 구상이다. 올해 AI·로봇·미래차·방산·반도체·이차전지 등 6개 분야에 약 16조원 규모의 자금이 공급된다.금융위원회와 산업통상부는 1일 서울 여의도 산업은행에서 '국민성장펀드-M.AX 프론티어 프로젝트' 민관 합동 간담회를 열고 피지컬 AI 선도기업과 메가프로젝트 발굴·지원 방안을 논의했다. 이번 간담회는 지난달 29일 발표된 'AI 혁명 3대 메가프로젝트' 가운데 피지컬 AI 분야를 산업정책과 금융정책으로 뒷받침하기 위한 후속 조치다.M.AX 프론티어 프로젝트는 로봇, AI팩토리, 미래차 등 제조 AI 대전환 분야의 선도기업을 육성하기 위한 산업·금융 협력 프로젝트다. 산업부가 M.AX 얼라이언스를 통해 기술혁신과 제조 현장의 AI 전환을 지원하고 금융위는 국민성장펀드를 통해 대규모 시설투자와 스케일업에 필요한 장기 자금을 공급하는 구조다.정부가 피지컬 AI를 전면에 내세운 것은 글로벌 AI 경쟁의 무게중심이 빠르게 이동하고 있기 때문이다. 그동안 AI 경쟁이 생성형 AI와 데이터센터, 반도체 중심으로 전개됐다면 앞으로는 공장, 로봇, 차량, 물류 등 현실 세계에서 움직이고 판단하는 AI로 확장될 가능성이 크다. 휴머노이드 로봇, AI 팩토리, 소프트웨어 중심 자동차(SDV)는 이미 제조 현장의 생산방식과 공급망 구조를 바꾸는 핵심 변수로 떠오르고 있다.특히 한국은 제조업 경쟁력과 생산 인프라, 공급망, 현장 데이터를 모두 갖춘 국가로 평가된다. 정부는 이 같은 기반을 활용하면 피지컬 AI 분야에서 후발주자가 아니라 선도국으로 도약할 수 있다고 보고 있다. 반대로 제조 AI 전환에 뒤처질 경우 기존 제조업 경쟁우위가 빠르게 약화될 수 있다는 위기감도 깔려 있다.이날 간담회에는 LS전선, CJ대한통운, 이수페타시스, 대성하이텍, 두산로보틱스, 원익로보틱스, 현대모비스, LX세미콘, 매그나칩반도체 등 AI팩토리·로봇·미래차·반도체 분야 기업들이 참석했다. 금융권에서는 산업은행, 기업은행, 농협금융지주, KB국민은행, 하나은행, 우리은행, 모건스탠리 등이 자리했다.가장 주목받은 기업은 LS전선이다. LS전선은 국민성장펀드의 제1호 M.AX 투자 프로젝트로 선정된 '초고압 해저케이블 생산공장 증설'을 추진하고 있다. 회사는 M.AX 얼라이언스 AI팩토리 분과에 참여해 초장거리·고중량 해저케이블 생산 및 품질 검사 공정에 AI를 도입하는 과제를 수행 중이다. 전력망 투자 확대와 해상풍력 수요 증가로 글로벌 해저케이블 시장이 커지는 가운데 생산공정의 AI 전환까지 결합해 제조 경쟁력을 높이겠다는 전략이다.금융위는 피지컬 AI와 밀접한 AI·로봇·미래차·방산·반도체·이차전지 6개 분야에 올해 약 16조원 규모의 자금을 공급할 계획이다. 단기 수익성보다 기술개발, 실증, 설비투자, 해외 진출까지 긴 호흡이 필요한 산업 특성을 고려해 장기 인내자본을 제공하겠다는 방침이다. 기업들은 이날 연구개발 지원만으로는 부족하다며 대규모 시설투자와 실증 인프라, 글로벌 진출을 위한 금융지원이 필수적이라고 강조했다.산업부는 AI팩토리, AI로봇, AI반도체를 M.AX 확산의 세 가지 핵심축으로 제시했다. 인구절벽과 생산성 둔화에 직면한 제조업이 경쟁력을 유지하려면 제조현장 전반에 AI를 적용하는 대전환이 불가피하다는 판단이다. 산업부는 1500여개 산·학·연 기업과 기관이 참여하는 M.AX 얼라이언스를 중심으로 대규모 연구개발과 실증 사업을 추진할 계획이다.김정관 산업부 장관은 ""AI 팩토리, AI 로봇, 반도체는 다가오는 AI 시대 성장을 이끌 핵심인 만큼 과감한 투자가 필요하다""며 ""M.AX 인프라 구축 투자는 대기업조차 결정하기 쉽지 않은 만큼 국민성장펀드가 든든한 성장 사다리가 되길 바란다. 산업부도 정책역량을 총동원하겠다""고 말했다.이억원 금융위원장은 ""우리나라의 다양하고 수준 높은 제조현장에서 구현될 피지컬 AI는 생산성 향상과 새로운 성장동력 창출에 크게 기여할 분야""라며 ""국민성장펀드는 대한민국이 '피지컬 AI 글로벌 1강'으로 도약하는 비전을 현실로 만드는 강력한 이행수단이 될 것""이라고 밝혔다.이어 ""금융위원회는 피지컬 AI 부문에 대한 장기적이고 과감한 금융지원으로 대한민국이 대체불가 초격차 산업강국으로 도약할 수 있는 토대를 마련하겠다""고 강조했다.이번 프로젝트는 정책금융의 역할이 단순한 자금 공급을 넘어 산업전략의 실행수단으로 확장되고 있다는 점에서 의미가 크다. 반도체와 배터리, 방산에 이어 제조 AI까지 국가전략산업의 투자 경쟁이 치열해지는 가운데 정부는 산업부의 기술·실증 지원과 금융위의 장기자본 공급을 결합해 피지컬 AI 생태계를 선점하겠다는 구상이다.결국 관건은 속도와 규모다. 글로벌 AI 경쟁은 이미 데이터센터와 반도체를 넘어 공장 자동화, 로봇, 자율주행, 물류 인프라로 확산되고 있다. 한국 제조업이 AI를 생산현장 깊숙이 이식하는 데 성공한다면 피지컬 AI는 반도체 이후 새로운 초격차 산업으로 부상할 수 있다. 정부와 금융권이 꺼내 든 16조원 규모의 정책자금이 제조업 대전환의 마중물이 될 수 있을지 주목된다.",True,AI 반도체,"정부는 피지컬 AI 산업 육성을 위해 금융위와 산업부가 협력하는 ‘국민성장펀드-M.AX 프론티어 프로젝트’를 추진한다. 올해 약 16조원의 자금이 AI, 로봇, 미래차, 방산 등 6개 분야에 공급되며, 제조업의 AI 전환과 경쟁력 강화를 목표로 한다. LS전선의 해저케이블 공장 증설 등 선도기업이 참여하며, 장기 인내자본과 실증·글로벌 지원이 병행된다. 이를 통해 글로벌 AI 경쟁에서 한국이 주도권을 잡겠다는 전략이다.",AI 반도체,1.0
2026-07-01,"성수석 이천시장 ""반도체 설계연구단지·AI반도체 인력 양성""",정보 없음,https://n.news.naver.com/mnews/article/421/0009035366,"8대 정책 과제 중심으로 ""미래 모이는 도시 만들 것""성수석 시장이 1일 이천아트홀에서 열린 민선9기 취임식에서 취임사를 하고 있다.(이천시 제공)(이천=뉴스1) 김평석 기자 = 성수석 경기 이천시장이 1일 이천아트홀에서 민선9기 취임식을 갖고 '미래가 모이는 도시 이천'을 새로운 시정 비전으로 제시했다. 또 산업혁신과 교통망 확충, 교육·복지 강화, 시민참여 확대를 핵심으로 하는 시정 운영 청사진도 발표했다.시정 슬로건은 '통(通)하는 이천, 웃어라 이천'으로 정하고 시민과 함께 미래를 여는 시정 의지를 피력했다.성 시장은 취임사에서 ""기쁨보다 책임, 영광보다 사명으로 시민의 삶을 바꾸는 시장이 되겠다""며 ""전통과 혁신이 융합하고 기술과 사람이 함께 성장하는 대한민국의 새로운 중심도시를 만들겠다""고 밝혔다.그러면서 ""시민이 정책의 주체가 되는 '시민주권 시대'를 열겠다""며 ""시민의 뜻이 정책이 되고 시민의 참여가 시정을 완성하는 도시를 실현하겠다""고 말했다.민선9기 성수석호는 시정 비전 실현을 위해 △미래를 키우는 산업혁신 △성장을 연결하는 교통도시 △일과 삶이 조화로운 안심도시 △미래인재를 키우는 교육도시 △일상이 풍요로운 매력도시 △평생 안심 복지도시 △지속가능한 미래농업도시 △시민이 참여하는 시정혁신 등 8대 정책과제를 추진한다.성수석 시장이 1일 이천아트홀에서 열린 취임식에서 선서를 하고 있다.(이천시 제공)산업 분야에서는 반도체 설계연구단지와 소부장 클러스터 조성, AI 반도체 전문인력 양성, 신산업센터 설립 등을 통해 첨단산업 생태계를 구축한다. 교통 분야에서는 광역교통망 확충과 스마트 교통체계 구축으로 도시 경쟁력을 높이겠다는 구상을 내놨다.또 역세권 개발과 도시공사 설립을 통한 균형발전, 반도체·AI 특성화 교육 확대, 문화·관광 활성화, 24시간 돌봄과 의료체계 구축, 스마트농업 육성 등 시민 삶의 질을 높이는 정책도 추진한다.성 시장은 시민이 시정에 참여하는 행정을 핵심 가치로 제시했다. 시민 거버넌스위원회와 시민참여예산제를 활성화하고 시장 직통 문자 운영 등을 통해 시민 의견을 정책에 반영하는 참여형 행정을 구현하겠다고 밝혔다. 공직사회에는 성과와 책임 중심의 공정한 인사와 데이터 기반 스마트행정을 도입해 시민 중심의 행정서비스를 제공하겠다는 방침이다.성 시장은 ""화려한 구호가 아니라 실천으로 증명하고 성과로 평가받겠다""며 ""24만 시민과 함께 더 많은 기회가 모이고 더 큰 미래가 열리는 이천, 시민이 진정한 주인이 되는 대한민국 최고의 행복도시를 만들어 가겠다""고 강조했다.",True,AI 반도체,"성수석 이천시장 민선9기 취임식에서 '미래가 모이는 도시 이천'을 시정 비전으로 제시하며, 산업혁신, 교통망 확충, 교육·복지 강화, 시민참여 확대 등 8대 정책과제를 추진하겠다고 밝혔다. 첨단산업 생태계 조성, 스마트 교통, 균형발전, 문화·관광 활성화, 시민 참여 행정 등을 통해 시민 삶의 질을 높이고, 책임과 성과 중심의 행정을 실천하겠다는 의지를 표명했다.",AI 반도체,1.0
2026-07-01,"최태원 ""AI 속도전 절실…기업이 예측 가능한 제도 환경 만들어야""",정보 없음,https://n.news.naver.com/mnews/article/277/0005784007,"조정식 국회의장 취임 후 첫 경제계 회동최태원 회장 등 대기업 사장단 15명 한자리로봇·수소 메가특구·RE100 산단 조성 제안최태원 대한상공회의소 회장이 기업들은 ""안 된다""는 거절보다 ""언제 될지 모르겠다""는 불확실성을 더 힘들어한다며, 국회가 기업들이 첨단 산업에 마음 놓고 투자할 수 있도록 예측 가능한 제도적 기반을 마련해줄 것을 촉구했다.최 회장은 1일 서울 중구 대한상의 챔버라운지에서 열린 '국회의장-대한상공회의소 경제대도약 간담회' 인사말에서 ""예측 가능한 환경은 단순한 기업의 편의를 위한 문제를 넘어 미래 준비를 위한 단단한 기반""이라며 이 같이 말했다. 이번 간담회는 후반기 국회를 이끄는 조정식 신임 국회의장의 취임 후 첫 경제계 공식 일정으로 마련됐다.최태원 SK그룹 회장이 1일 세종대로 대한상의회관 챔버라운지에서 열린 '국회의장-대한상공회의소 경제대도약 간담회'에서 인사말을 하고 있다. 대한상공회의소최 회장은 ""며칠 전에도 속도전이라는 말을 계속 썼는데, 우리가 그만큼 움직이는 속도가 빨라야 한다는 것을 산업 현장에서 절실하게 느끼고 있기 때문""이라며 ""새로운 기술을 도입하는 투자와 인재를 키우는 실행이 늦어지지 않도록 법과 제도, 환경이 적시에 같이 구축돼야 한다""고 국회의 발 빠른 지원 사격을 요청했다.최 회장은 국내 기업들이 AI와 반도체 분야에서 세계적인 경쟁력을 입증해내고 있다고 평가하면서도 이러한경쟁력이 화려한 경제 지표에만 머물러서는 안 된다는 점을 분명히 했다. 최 회장은 ""이제 중요한 것은 그 경쟁력을 다음 단계의 성장으로 연결하는 일""이라며 ""그 성장은 단순히 수치로만 나타나는 외형적 성장이 아니라, 청년들이 원하는 좋은 일자리와 국민의 더 나은 삶의 질로 이어지는 진정한 성장이어야 한다""고 역설했다.최 회장은 정치권을 향한 제도적 정비 요청과 함께 경제계 역시 주어진 사회적 책임을 다하겠다고 다짐했다. 그는 ""과감한 투자와 혁신을 통해 새로운 기술이 더욱 많은 비즈니스 기회로 이어지게 하고, 그 기회의 과실이 청년 세대와 지역사회로 넓게 확장될 수 있도록 상의 차원에서도 적극 노력하겠다""고 약속했다.이날 비공개로 진행된 간담회에선 피지컬 AI·로봇 생태계 육성을 위한 지원 필요성이 화두였다. 참석자들은 AI가 산업 현장의 경쟁력을 좌우하는 핵심 요소로 떠오른 만큼, 공공부문의 로봇 도입을 통한 초기 수요 창출과 데이터 인프라 구축 등 생태계 조성이 필요하다고 입을 모았다. 이와 함께 AI·로봇 운영에 따른 책임체계 정립, 데이터센터 인허가 절차 간소화 등 관련 제도 정비도 건의했다.지역 산업 거점을 미래 성장 기반으로 육성해 달라는 지원 요청도 있었다. 참석자들은 로봇·수소 분야 메가특구 지정, RE100 산업단지 조성, 관련 규제 해소 등을 통해 기업 투자가 지역으로 이어질 수 있는 여건을 마련해 달라고 요청했다.첨단전략산업 경쟁력 강화를 위한 제도적 뒷받침도 논의됐다. 참석자들은 글로벌 공급망 재편으로 핵심 소재·부품·장비의 전략적 중요성이 커지고 있다며, 첨단기술 유출 방지를 위한 입법 지원과 함께 국가첨단전략산업법의 적용 범위를 우주·항공·방산 분야 핵심 신소재까지 확대해 달라고 건의했다. 이 밖에 청년 일자리 창출 등 생활밀착 분야의 제도 개선을 요구하는 현장의 목소리도 나왔다.국회와 경제계는 경제 현안에 대해 앞으로도 상시로 소통해 나가기로 뜻을 모았다. 대한상의는 기업 현장의 목소리가 입법과 정책 논의 과정에 반영될 수 있도록 국회와의 소통을 강화해 나가겠다고 밝혔다.이날 행사에는 국회 측에서 조 의장을 필두로 이정희 정무수석비서관, 윤상은 정책수석비서관, 장현주 공보소통수석비서관 등이 참석했다. 경제계에선 최 회장을 비롯해 이형희 SK 부회장, 우기홍 대한항공 부회장, 박승희 삼성전자 사장, 성 김 현대차 사장, 하범종 LG 사장 등 15대 주요 그룹 경영진이 대거 참석했다.",True,AI 반도체,"조정식 국회의장 취임 후 첫 경제계 간담회에서 최태원 대한상의 회장은 기업들의 불확실성 해소와 예측 가능한 제도 마련을 촉구하며, 첨단 산업 투자를 위한 법·제도 정비와 지역 산업 거점 육성 필요성을 강조했다. AI·로봇 생태계 조성, 메가특구 지정, 규제 해소 등 산업 경쟁력 강화를 위한 정책 제언이 나왔으며, 국회와 기업 간 소통을 지속하기로 했다. 참석자들은 기술 혁신과 일자리 창출을 위한 협력을 다짐했다.",AI 반도체,1.0
2026-07-01,"국민성장펀드, '피지컬AI' 마중물 된다…올해 16조 금융지원",정보 없음,https://n.news.naver.com/mnews/article/421/0009033965,"금융위·산업부 '국민성장펀드-M.AX 프론티어 프로젝트' 간담회AI·로봇·미래차·방산·반도체·이차전지 6개 분야에 자금 공급이억원 금융위원장이 23일 오후 서울 마포구 SVC 서울에서 열린 모태펀드-국민성장펀드 이어달리기 간담회 ‘벤처·스타트업이 글로벌 유니콘으로 도약합니다’에 참석해 인사말을 하고 있다. 2026.6.23 ⓒ 뉴스1 김진환 기자(서울=뉴스1) 한병찬 기자 = 금융위원회가 올해 인공지능(AI)·로봇·미래차·방산·반도체·이차전지 등 6개 분야에 약 16조원 규모의 자금을 공급한다. 국민성장펀드를 통해 정부가 추진하는 '피지컬AI 글로벌 1강' 도약을 뒷받침할 방침이다.금융위와 산업통상부는 1일 오전 산업은행 대회의실에서 '국민성장펀드-M.AX 프론티어 프로젝트' 민관합동 간담회를 개최하고 피지컬AI 분야 선도기업·프로젝트 발굴·지원 방안을 논의했다.간담회에는 LS전선, CJ대한통운, 이수페타시스, 대성하이텍 등 AI팩토리 기업과 두산로보틱스, 원익로보틱스 등 로봇기업, 현대모비스, LX세미콘, 매그나칩반도체 등 미래차 기업이 참석했다. 금융권에서는 산업은행, 기업은행, 농협금융지주, KB국민은행, 하나은행, 우리은행, 모건스탠리가 자리했다.이번 간담회는 지난달 29일 발표된 '대한민국 대도약 3대 메가프로젝트(반도체·피지컬AI·AI데이터센터)'의 후속 조치로 산업과 금융을 연계한 'M.AX 프론티어 프로젝트'의 첫 단계다.M.AX 프론티어 프로젝트는 로봇·AI팩토리·미래차 등 분야의 선도기업을 육성해 피지컬AI 시대를 개척하는 산업·금융 협력 사업이다.금융위는 이날 '국민성장펀드 M.AX 분야 금융지원 및 협업방안'을 발표했다. 산업부의 M.AX 얼라이언스와 연계해 AI팩토리·로봇·미래차·방산 등 피지컬AI 주요 시장의 유망 선도기업과 메가프로젝트를 공동 발굴하고 AI·로봇·미래차·방산·반도체·이차전지 6개 분야에 올해 약 16조 원 규모의 자금을 공급할 예정이다.산업부는 'M.AX의 필요성과 지원방안'을 발표했다. 인구절벽, 생산성 감소 등 당면 위기를 극복하기 위한 방안으로 제조업의 AI 대전환을 제시했다. 산업부는 AI팩토리, AI로봇, AI반도체 세 가지 핵심축을 기반으로 신속히 제조업 전반에 AX를 적용·확산할 것이라 강조했다. 분야별로 대규모 R&D, 실증 등 M.AX 정책을 추진할 계획이다.간담회에 참석한 기업들은 산업현장의 투자수요와 성장전략을 공유하며 AI 시대를 선도하기 위해서는 연구개발 지원을 넘어 대규모 시설투자, 실증 인프라 구축, 글로벌 진출 등을 위한 장기 인내자본 공급이 필수적이라고 강조했다.김정관 산업부 장관은 ""오늘 논의되는 AI 팩토리, AI 로봇, 반도체는 다가오는 AI 시대 우리의 성장을 끌어낼 핵심인 만큼 과감한 투자가 필요하다""며 ""M.AX 인프라 구축 등의 투자는 대기업조차 결정하기 쉽지 않은 만큼 국민성장펀드가 든든한 성장 사다리가 되길 바란다""고 말했다.이억원 금융위원장은 ""국민성장펀드는 대한민국의 '피지컬AI 글로벌 1강' 비전을 현실로 만드는 강력한 이행수단으로서 민간 투자를 촉진하는 마중물이 되겠다""며 ""금융위는 피지컬 AI 부문에 대한 장기적이고 과감한 금융지원으로 대한민국이 대체 불가 초격차 산업강국으로 도약할 수 있는 토대를 마련하겠다""고 했다.금융위와 산업부는 이번 간담회를 계기로 산업육성정책과 금융정책을 긴밀히 연계해 기술개발, 실증, 사업화, 스케일업에 이르는 전 과정을 지원하고 대한민국이 글로벌 제조·피지컬AI 시장의 선도주자로 자리매김할 수 있도록 협력을 확대할 계획이다.김정관 산업통상부 장관이 29일 청와대 영빈관에서 열린 대한민국 대도약 3대 메가프로젝트 국민보고회에서 산업 대도약 비전과 성장전략, 반도체2.0, 피지컬 AI 관련 발표하고 있다. 2026.6.29 ⓒ 뉴스1 허경 기자",True,AI 반도체,"금융위와 산업부는 6개 핵심 분야(AI, 로봇, 미래차, 방산, 반도체, 이차전지)에 2026년까지 약 16조원 규모의 자금을 공급하는 ‘국민성장펀드-M.AX 프론티어 프로젝트’를 추진한다. 이는 피지컬AI 시대를 선도할 기업과 프로젝트 발굴·지원, 대규모 R&D와 실증, 글로벌 진출을 목표로 하며, 산업과 금융의 협력을 강화한다. 김정관 산업부 장관과 이억원 금융위원장은 이번 간담회를 통해 산업육성과 금융지원의 긴밀한 연계를 강조하며 대한민국이 글로벌 제조·AI 시장의 선도국가로 도약할 기반을 마련하겠다고 밝혔다.",AI 반도체,2.0
2026-07-01,호남 반도체 프로젝트 뜨자... 삼성 노조 ‘우리와 협의하라’,정보 없음,https://n.news.naver.com/mnews/article/023/0003985128,"“노사정 협의회 개최하자” 제안전문가 “노란봉투법 덕분에 주장”최승호 삼성그룹 초기업노조 삼성전자지부 위원장/뉴스1삼성전자 1노조인 초기업 노조가 사측이 발표한 호남권 반도체·인공지능(AI) 인프라 투자 계획과 관련해 ‘노사정 협의회’를 개최하자고 1일 제안했다. 표면적으로는 성공적 생산 기지 건설을 위한 협력을 강조한 것이지만, 실제로는 향후 투자 실행 과정에서 노조와 반드시 협의하라는 강경 발언으로 풀이된다.초기업 노조는 이날 ‘메가 프로젝트에 대한 초기업 노조 입장’이라는 입장문을 통해 “조급함보다는 철저한 준비가 필요하다”며 “정부와 회사, 노동조합이 한자리에 모이는 노사정 협의의 장을 제안한다”고 밝혔다.이들은 입장문에서 “라인 하나를 가동하기 위해 부지 선정, 인허가, 전력, 용수 등 기반 인프라 확보를 포함하면 최소 5년 이상 걸리는 긴 여정”이라며 “조합원이 일하게 될 현장의 산업 안전, 주거 환경, 인프라가 충실히 갖춰지고 그에 걸맞은 처우가 뒷받침돼야 한다”고 했다. 노조는 그러면서 “경쟁력을 유지하기 위해서는 천금매골(千金買骨·인재를 구하려는 정성과 노력)의 자세가 필요하다”며 “핵심 인재와 기술 확보를 위한 과감한 투자와 정부·회사의 지원이 뒷받침돼야 한다”고도 했다.노조가 경영 결정에 이 같은 발언을 내놓을 수 있는 건 지난 3월 시행된 노란봉투법 덕분이다. 노란봉투법은 노조의 쟁의 행위 대상을 ‘사업 경영상 결정’까지 넓혔다. 이에 따라 신규 공장 건설이나 생산기지 이전, 생산 라인 재배치 등 기업의 투자 결정이 노동자의 근로조건과 밀접한 관련이 있다면 교섭 대상이 될 수 있다. 과거에는 생산 시설 신설이나 투자 계획이 전형적인 경영 판단으로 여겨졌지만, 앞으로는 노조가 해당 결정이 고용, 전환 배치, 근무 형태 등에 영향을 미친다고 판단하면 교섭 요구 및 파업까지 이뤄질 수 있다는 뜻이다.재계에선 삼성의 국내 투자에 또 다른 불확실성이 생긴 것이란 해석이 나온다. 전력이나 용수 문제뿐 아니라 노조와의 협상도 변수가 될 것이란 얘기다. 한 재계 관계자는 “성과급 분쟁 국면에서 정부와 삼성 사측은 노조와 협상하는 데 애를 먹었는데 비슷한 상황이 반복될 가능성이 있다”며 “노조가 이 문제를 지렛대 삼아 내년 임금 협상 등에서 다른 요구를 확대할 수도 있다”고 했다.",True,반도체,"삼성전자의 초기업 노조는 호남권 반도체·AI 투자 계획과 관련해 노사정 협의회를 제안하며, 투자 과정에서 노조와 협의 필요성을 강조했다. 노조는 인프라 확보와 인재 유치 등 장기적 준비를 강조하며, 노란봉투법 시행 이후 경영 결정에 대한 노조의 교섭권이 강화된 점이 영향을 미쳤다. 이에 따라 투자와 협상 과정에서 노조의 역할이 커지고 있어, 재계는 불확실성이 증가할 것으로 보고 있다.",AI 반도체,1.0
2026-07-01,반도체 넘어 전선·철강까지…AI 수혜에 수출 신기록 행진,정보 없음,https://n.news.naver.com/mnews/article/001/0016169974,"이재명 대통령 ""서남권 대규모 투자로 압도적 반도체 공급역량 확보""(서울=연합뉴스) 서대연 기자 = 이재명 대통령이 29일 청와대에서 열린 3대 메가프로젝트 국민보고회에서 ""폭발적으로 늘어나는 반도체 수요에 맞춰서 현재 진행 중인 생산 거점들을 빠르게 완성해야 한다""며 ""서남권에 대규모 신규 투자를 통해 압도적인 공급역량을 미리 확보해야 한다""고 강조했다.사진은 이날 경기도 용인시 용인반도체클러스터 일반산업단지 공사현장의 모습. 2026.6.29 dwise@yna.co.kr(서울=연합뉴스) 신창용 기자 = 글로벌 인공지능(AI) 인프라 투자 붐이 한국 수출 역사를 통째로 바꾸고 있다.AI 대전환의 낙수효과를 반도체 등 한국의 주력 산업이 통째로 흡수하면서 지난달 사상 최초로 '월 수출 1천억달러 돌파'라는 전대미문의 신기록을 달성했다.1일 산업통상부에 따르면 한국의 6월 수출은 지난해 동월 대비 70.9% 급증한 1천22억5천만달러를 기록했다.지난 3월 사상 처음으로 월 800억달러를 돌파한 한국 수출은 5월까지 3개월 연속 800억달러를 상회한 뒤 900억달러를 거치지 않고 곧장 1천억달러대로 직행했다.이로써 한국은 독일, 중국, 미국에 이어 세계 4번째로 월 수출액 1천억달러 시대를 열었다.이번 역대 최대 실적은 반도체가 견인했다. 6월 반도체 수출은 작년 동월 대비 199.5% 폭증한 448억2천만달러를 기록했다.한국 수출 역사상 단일 품목의 월간 수출이 400억달러를 넘어선 것은 반도체가 처음이다.빅테크 기업들의 SSD(solid-state drive) 수요가 몰린 컴퓨터 수출이 308.8% 증가한 54억1천만달러를 기록했다.반도체와 컴퓨터의 이같은 질주는 글로벌 AI 인프라 투자의 조기 활성화가 핵심 배경으로 꼽혔다.최근 글로벌 빅테크 기업들의 AI 데이터센터 구축 경쟁 속에 주문이 몰리며 핵심 부품 수요가 폭발했다.이는 반도체 메모리 고정가격의 가파른 상승세로 이어져 DDR5 16Gb 가격은 40달러를 돌파했고, 낸드 128Gb는 28.8달러까지 치솟았다.AI 데이터센터발 낙수효과는 전방산업 전반으로 번졌다.전선과 차단기 등을 포함한 전기기기 수출은 16억5천만달러로 월간 기준 역대 최대 실적을 경신했다.전방 인프라 투자 확대에 따라 알루미늄·동제품 중심의 비철금속 수출도 45.8% 급증한 18억2천만달러를 나타내며 6월 기준 최대치를 기록했다.글로벌 공급 과잉 속에 고전하던 철강(21억4천만달러·9.6%↑) 역시 AI 데이터센터 건설 증가에 따른 반사이익을 누렸다.철근 등 건설용 자재의 수출이 증가하면서 지난해 4월 이후 14개월 만에 플러스 전환에 성공했다.이처럼 AI발 낙수효과가 고르게 퍼지며 20개 수출 주력 품목 중 18개 품목 수출이 증가했다.하이브리드·전기차 등 친환경차를 앞세운 자동차(67억1천만달러)와 고부가가치 LNG선 중심의 선박(28억3천만달러)도 수출 전선의 든든한 버팀목 역할을 했다.석유제품(55억9천만달러)과 석유화학(40억7천만달러)은 높은 수출단가에 힘입어 강세를 이어갔다.아울러 K-브랜드 열풍을 탄 화장품(13억4천만달러)과 농수산식품(11억7천만달러) 등 유망 소비재까지 일제히 우상향하며 월 수출액 1천억달러 달성을 앞당겼다.이 같은 AI발 수요가 한동안 지속될 것이라는 데는 견해차가 크지 않다.정부가 지난달 29일 반도체, 피지컬 AI, AI 데이터센터 등 3대 메가프로젝트를 발표하며 중장기 계획을 세운 것도 바로 이 때문이다.AI 투자 붐이 일시적인 유행에 그치지 않을 것으로 전망되는 만큼 핵심 산업의 주도권을 완전히 쥐겠다는 전략으로 풀이된다.changyong@yna.co.kr",True,AI 반도체,"이재명 대통령은 서남권에 대규모 반도체 투자로 공급역량을 확보하고, AI 인프라 투자 확대와 수출 호조로 한국의 반도체 및 주력 산업이 성장하고 있다고 강조했다. 6월 수출은 사상 최초로 1천억달러를 돌파하며, 반도체 수출이 199.5% 급증하는 등 AI 데이터센터와 관련 산업의 수요가 폭발적이다. 정부는 3대 메가프로젝트를 통해 핵심 산업의 경쟁력을 강화할 계획이다.",AI 반도체,2.0
2026-07-01,"국민성장펀드, 피지컬 AI에 16조 투입…제조업 AI 전환 지원 나선다",정보 없음,https://n.news.naver.com/mnews/article/003/0014039478,"AI·로봇·미래차 등 6대 분야 집중 지원…피지컬 AI 선도기업 육성M.AX 프로젝트 본격 추진…산업·금융 협력으로 스케일업 뒷받침이억원 ""초격차 산업강국 도약 위한 장기·과감한 금융지원""[서울=뉴시스] 고승민 기자 = 이억원 금융위원장이 지난 12일 서울 여의도 금융투자협회에서 열린 국민참여형 국민성장펀드 운용사 간담회에서 모두발언하고 있다. 2026.06.14. kkssmm99@newsis.com[서울=뉴시스]김민수 기자 = 국민성장펀드가 인공지능(AI) 팩토리·로봇·미래차 등 피지컬 AI 분야에 올해 약 16조원을 투입한다. 제조업의 AI 대전환(M.AX)을 이끌 선도기업 육성에 나선다는 계획이다.금융위원회는 1일 산업통상부와 산업은행 대회의실에서 '국민성장펀드-M.AX 프론티어 프로젝트 민관합동 간담회'를 개최했다고 밝혔다. 지난달 29일 발표된 'AI 혁명 3대 메가프로젝트(반도체·피지컬AI·AI데이터센터)'의 후속 조치 성격이다.M.AX 프론티어 프로젝트는 AI팩토리·로봇·미래차 등 제조업 인공지능 전환을 위한 산업·금융 협력 사업이다.산업통상부는 1500여개 산·학·연 기업·기관이 참여하는 'M.AX 얼라이언스'를 통해 제조기업의 AI 전환과 기술혁신을 지원하고, 금융위는 국민성장펀드를 활용해 유망 선도기업의 대규모 투자와 스케일업을 뒷받침한다.금융위는 AI·로봇·미래차·방산·반도체·이차전지 등 6개 분야에 올해 약 16조원 규모의 자금을 공급할 계획이라고 밝혔다.앞서 국민성장펀드는 지난달 25일 제1호 M.AX 투자 프로젝트로 LS전선의 초고압 해저케이블 생산공장 증설 투자를 승인했다.LS전선은 M.AX 얼라이언스 AI 팩토리 분과에 참여해 초장거리·고중량 해저케이블 생산과 품질 검사 공정에 AI를 도입하는 과제를 수행하고 있다.간담회에는 LS전선, CJ대한통운, 이수페타시스, 두산로보틱스, 현대모비스, LX세미콘 등 AI팩토리·로봇·미래차 분야 선도기업과 산업·기업은행, KB국민·하나·우리은행, 모건스탠리 등이 참석했다.참석 기업들은 AI 시대를 선도하기 위해 연구개발(R&D) 지원을 넘어 대규모 시설투자와 실증 인프라 구축, 글로벌 진출을 위한 장기 인내자본 공급이 필요하다고 강조했다.김정관 산업통상부 장관은 ""AI 팩토리, AI 로봇, 반도체는 다가오는 AI 시대 우리의 성장을 이끌 핵심인 만큼 과감한 투자가 필요하다""며 ""M.AX 인프라 구축 등의 투자는 대기업조차 결정하기 쉽지 않은 만큼 국민성장펀드가 든든한 성장 사다리가 되길 바란다""고 말했다.이억원 금융위원장은 ""국민성장펀드는 대한민국 '피지컬 AI 글로벌 1강' 도약 비전을 현실로 만드는 강력한 이행수단으로서, 민간 투자를 촉진하는 마중물이 될 것""이라며 ""피지컬 AI 부문에 대한 장기적이고 과감한 금융지원으로 대한민국이 대체불가 초격차 산업강국으로 도약할 수 있는 토대를 마련하겠다""고 강조했다.금융위와 산업부는 산업육성정책과 금융정책을 긴밀히 연계해 기술개발과 실증, 사업화, 스케일업에 이르는 전 과정을 지원하고 대한민국이 글로벌 제조·피지컬 AI 시장의 선도주자로 자리매김할 수 있도록 협력을 확대할 계획이다．",True,AI 반도체,"정부는 AI·로봇·미래차 등 6개 분야에 올해 약 16조원의 국민성장펀드를 투입하여 피지컬 AI 선도기업 육성과 산업혁신을 지원한다. M.AX 프로젝트는 산업·금융 협력을 통해 제조업 AI 전환과 기술개발을 촉진하며, 대규모 시설투자와 글로벌 진출을 위한 금융 지원을 강화한다. 기업들은 연구개발뿐 아니라 실증 인프라 구축과 장기 투자가 필요하다고 강조하며, 정부는 이를 통해 대한민국이 글로벌 피지컬 AI 시장을 선도하는 초격차 산업강국으로 도약하는 기반을 마련한다.",AI 반도체,1.0
2026-07-01,[뉴욕증시]기술주 강세에 일제히 상승 마감,정보 없음,https://n.news.naver.com/mnews/article/277/0005783649,"국제유가 하락 마감올해 상반기 마지막 거래일인 30일(현지시간) 미국의 3대 지수는 기술주 강세에 힘입어 일제히 상승 마감했다.이날 뉴욕증권거래소(NYSE)에서 다우존스30산업평균지수(다우지수)는 전 거래일보다 136.46포인트(0.26%) 상승한 5만2319.20에 마쳤다. 대형주 중심의 S&P500지수는 58.93포인트(0.79%) 오른 7499.36, 기술주 중심의 나스닥지수는 393.57포인트(1.52%) 뛴 2만6213.72에 마무리했다.뉴욕증권거래소 내부. 뉴욕(미국)=황윤주 특파원이날 증시는 반도체 업종의 급등에 힘입어 상승했다. 엔비디아 2.63%, AMD 7.68%, 인텔 6.01%, 반에크 반도체 상장지수펀드(ETF) 3.78% 등이 오름세로 마쳤다.다우존스지수는 올해 상반기 8% 이상 상승하며 2021년(12.7%) 이후 최고의 상반기 실적을 기록할 전망이다. S&P500지수 역시 상반기 8% 이상 상승했고, 나스닥지수는 11% 이상 올랐다.특히 S&P500과 나스닥은 2분기에만 각각 약 14%, 20% 급등하며 2020년 2분기 이후 최대 분기 상승률을 기록할 전망이다. 다우존스지수 역시 같은 기간 12% 이상 올라 2022년 4분기 이후 최고의 분기 실적을 기록할 것으로 보인다고 CNBC는 전했다.시장에서는 미국과 이란의 군사적 긴장이 증가하지 않는 한 강세장이 이어질 것으로 보고 있다. 오리온의 최고 투자 책임자인 팀 홀랜드는 ""세계는 여전히 인공지능(AI) 투자 확대와 AI 거래에 집중하고 있는데, 당연한 현상이다""고 분석했다.다만 ""시장의 이면을 살펴보면 올해 들어 지금까지, 적어도 6월 한 달 동안은 성장주보다는 가치주가 좋은 성과를 보였다""며 ""금리가 다소 높은 수준을 유지할 가능성이 있는데 이는 성장주에는 역풍이 될 수 있지만, 경기 변동에 민감한 주식 등에는 순풍이 될 수 있다""고 설명했다.국제유가는 내림세로 마무리했다. 뉴욕상업거래소에서 9월 인도분 미국 서부텍사스산원유(WTI)는 전장 대비 1.8% 하락한 배럴당 69.5달러를 기록했다. ICE선물거래소에서 8월 인도분 브렌트유는 전장보다 0.3% 내린 배럴당 72.92달러로 마쳤다.미국과 이란이 각각 카타르 도하로 대표단을 보냈으나 회담 성사 여부는 여전히 불투명하다. 에너지 거래 플랫폼 인덱스 리트로의 배런 라마르 석유 이코노미스트는 월스트리트저널(WSJ)에 ""시장은 이 모든 사태가 곧 해결될 수도 있다는 현실을 받아들이기 시작하고 있다""며 호르무즈 해협을 통과하는 선박 중 상당수가 위성 추적 장치를 끄고 있어 실제 파악된 물량보다 더 많은 원유가 해협을 지나고 있을 수 있다고 진단했다.",True,AI 반도체,"올해 상반기 미국 증시는 기술주 강세와 반도체 업종 급등으로 다우지수 8%, S&P500 8%, 나스닥 11% 이상 상승하며 최고의 성과를 기록했다. 특히 반도체 강세가 두드러졌으며, AI 투자 기대감이 시장을 이끌었다. 반면, 국제유가는 미국과 이란 간 긴장 완화 기대에도 불구하고 1.8% 하락하며 배럴당 69.5달러를 기록했다. 시장은 군사적 긴장 완화와 인플레이션 우려 속에서 강세 지속 가능성을 기대하고 있다.",AI 반도체,2.0
2026-07-01,국민성장펀드 16조 공급…피지컬AI ‘글로벌 1강’ 승부수,정보 없음,https://n.news.naver.com/mnews/article/016/0002664177,"금융위·산업부, M.AX 선도기업 발굴AI팩토리·로봇 등 6대 분야 집중지원R&D·실증 등 전과정 연계 육성 계획국민성장펀드가 ‘대한민국 대도약 3대 메가 프로젝트’의 일환으로 피지컬 인공지능(AI) 글로벌 1강 도약을 위해 관련 분야에 올해 약 16조원을 공급한다. 정부는 피지컬 AI 분야의 유망 선도기업과 메가 프로젝트를 발굴해 장기적이고 과감한 금융 지원을 펼칠 방침이다.금융위원회와 산업통상부는 1일 서울 여의도 한국산업은행에서 민관 합동간담회를 열고 이러한 내용의 ‘국민성장펀드-M.AX(제조업 AI 대전환) 프론티어 프로젝트’ 추진 계획을 발표했다.M.AX 프론티어 프로젝트는 우리나라 제조업 강점을 기반으로 글로벌 피지컬 AI 시장을 선도할 기업을 발굴·육성하기 위한 사업이다.산업부가 M.AX 얼라이언스를 통해 제조기업의 AI 전환과 기술혁신을 지원하면 금융위는 국민성장펀드를 통해 유망 선도기업의 대규모 투자와 스케일업을 뒷받침한다. 이날 간담회는 그 첫 단계로 산업 현장의 투자 수요를 듣고 AI팩토리·로봇·미래차 등 피지컬 AI 핵심 분야의 초대형 사업 발굴을 위한 협업 방안을 논의했다.우선 산업부는 제조 현장의 AI 보급과 기술적 토대를 다지는 역할을 맡는다. 산업부는 인구절벽, 생산성 감소 등 당면한 위기를 극복하기 위해 1500여개 산·학·연이 참여하는 M.AX 얼라이언스를 구축해 제조업 전반의 AI 확산을 추진중이다.앞으로도 AI 팩토리, AI 로봇, AI 반도체 등 3대 핵심축을 기반으로 대규모 연구개발(R&D)과 실증 등 M.AX 정책을 추진해 제조업 전반에 AX를 신속히 적용·확산할 계획이다.금융위는 기업이 글로벌 무대로 나아갈 수 있도록 자금 공급을 뒷받침한다. 산업부의 M.AX 얼라이언스와 연계해 AI팩토리·로봇·미래차·방산 등 피지컬 AI 주요 시장의 유망 선도기업과 메가 프로젝트를 공동 발굴하고 이들의 성장과 스케일업을 위한 장기 인내자본을 공급한다.특히, 금융위는 국민성장펀드를 통해 피지컬 AI와 밀접한 관련이 있는 AI·로봇·미래차·방산· 반도체·이차전지 6개 분야에 올해 약 16조원 규모의 자금을 투입할 계획이다.간담회에는 ▷AI팩토리(LS전선, CJ대한통운, 이수페타시스, 대성하이텍) ▷로봇(두산로보틱스, 원익로보틱스) ▷미래차(현대모비스, LX세미콘, 매그나칩반도체) 분야 주요 기업이 참석해 성장 전략을 공유했다.국민성장펀드의 제1호 M.AX 투자 프로젝트인 ‘초고압 해저케이블 생산공장 증설’을 추진하는 LS전선은 AI 팩토리 기반 제조혁신을 통한 글로벌 해저케이블 시장 선도 비전을 밝혔다. LS전선은 M.AX 얼라이언스에 참여해 초장거리·고중량 해저케이블 생산과 품질 검사공정에 AI를 도입하는 과제를 수행 중이다. 국민성장펀드는 관련 테스트베드 증설 등에 저리 대출로 800억원을 지원한다.참석 기업들은 AI 시대를 선도하기 위해서는 연구개발 지원을 넘어 대규모 시설투자, 실증 인프라 구축, 글로벌 진출 등을 위한 장기 인내자본 공급이 필수적이라고 입을 모았다.신영석 모건스탠리 애널리스트는 이 자리에서 “한국의 축적된 제조업 역량과 빠른 산업 전환 역량이 피지컬 AI시대의 새로운 성장기회를 선점할 수 있는 핵심기반”이라고 강조하기도 했다.앞으로 금융위와 산업부는 산업육성정책과 금융정책을 긴밀히 연계해 기술개발과 실증, 사업화, 스케일업에 이르는 기업의 성장 전 과정을 지원할 계획이다.이억원 금융위원장은 “제조 현장에서 구현될 피지컬 AI는 생산성 향상과 새로운 성장동력 창출에 크게 기여할 분야”라며 “국민성장펀드가 피지컬 AI 글로벌 1강 도약 비전을 현실로 만드는 강력한 이행수단으로서 민간 투자를 촉진하는 마중물이 되겠다”고 약속했다.김정관 산업부 장관 역시 “AI 팩토리, AI 로봇, AI 반도체는 다가오는 AI 시대 우리의 성장을 이끌어 낼 핵심인 만큼 과감한 투자가 필요하다”면서 “M.AX 인프라 구축 등의 투자는 대기업조차 결정하기 쉽지 않은 만큼 국민성장펀드가 든든한 성장 사다리가 되길 바란다”고 주문했다. 김은희 기자",True,AI 반도체,"정부는 국민성장펀드와 산업부·금융위의 협력으로 AI팩토리, 로봇, 미래차 등 6대 핵심 분야에 약 16조원의 투자를 계획하며 피지컬 AI 글로벌 강국 도약을 추진한다. M.AX 프로젝트를 통해 제조업의 AI 전환과 기술혁신을 지원하고, 대규모 연구개발과 실증을 추진한다. 기업에는 저리 대출과 장기 인내자본이 제공되며, LS전선 등 주요 기업이 글로벌 시장 경쟁력 강화를 위해 참여한다. 정부는 기술개발, 실증, 글로벌 진출 등 전 과정에 걸쳐 기업 성장을 적극 지원할 방침이다.",AI 반도체,1.0
2026-07-01,"또 TK 패싱?…경주 APEC 유산, '아·태 AI센터' 호남선 탈까?",정보 없음,https://n.news.naver.com/mnews/article/088/0001017142,"경북도, ""정상회의 레거시 반드시 지켜야""…포항 중심 유치전 총력광주도 '아시아 AI 허브' 앞세워 눈독…TK 대응력 또한번 시험대 올라이재명 대통령, 마크 카니 캐나다 총리, 시진핑 중국 국가주석 등이 1일 경주화백컨벤션센터(HICO)에서 열린 2025 아시아태평양경제협력체(APEC) 정상회의를 마치고 악수하고 있다. 연합뉴스2025 아시아태평양경제협력체(APEC) 정상회의를 성공적으로 치른 경북이 APEC AI센터 유치에 총력을 기울이고 있다. 하지만 최근 반도체·AI 분야에 '800조원' 투자가 결정된 광주 또한 일찌감치 유치전에 나선 상태로 지역에선 'APEC 유산마저 빼앗길 수 있다'는 불안감이 엄습하고 있다.정부는 지난해 경주 APEC 정상회의에 참가한 회원국 정상들을 상대로 역내 인공지능 협력 강화를 위해 'APEC AI 이니셔티브(Initiative)'를 채택했다. 이니셔티브 핵심은 역내 AI 역량 강화와 혁신, 정보 공유를 담당할 상설기구인 'APEC AI센터' 설립이다.센터는 아시아·태평양 국가들의 AI 기술 격차를 줄이고, AI 안전성과 책임성 확보, 연구·개발 및 실증 기반 구축, 국제 공동연구와 인재 양성 등을 지원하는 역할을 맡는다.경북도는 APEC 개최지라는 상징성과 APEC 레거시 활용 등을 내세워 포항을 후보지로 내세워 유치에 나서고 있다. 포항은 AI·디지털 인프라와 국제협력 연구 네트워크, 연구·실증 기반 등이 강점이다. 포항시, 경주시와 지역 정치권도 APEC 정상회의 성과 활용을 위해 힘을 보태고 있다.명분 또한 충분하다. 국내에서 APEC 정상회의가 열린 도시(1996년 서울, 2005년 부산)는 각각 APCTP(아·태 이론물리센터)와 APECC(APEC 기후센터) 등 APEC 관련 기구가 설립됐다.대한민국 제1호 광역행정통합 자치단체인 전남광주통합특별시청이 7월 1일 0시 출범을 앞두고 있는 가운데 30일 전남 무안군 전남도청 청사에 반도체 투자를 환영하는 대형 현수막이 내걸려 눈길을 끌고 있다. 연합뉴스변수는 광주다. 광주시는 지난 3월 '아시아 AI 허브 도약' 구상을 밝히며, APEC AI센터 유치의사를 공식적으로 밝혔다. 특히 지난달 29일 발표된 삼성전자·하이닉스 등의 800조원 투자 계획으로 인해 광주의 구상은 한층 탄력을 받게 됐다.친명계로 꼽히는 민형배 초대 통합 전남광주특별시장의 경우, 국회의원 시절부터 'AI 국가시범도시 광주 포럼' 등을 추진하는 등 정부·여당의 전폭적 지원 속에 유리한 위치를 선점할 수 있을 것이라는 전망도 나온다.반면 대구경북(TK)은 호남권 대규모 투자 계획도 발표 시점이 임박해서야 내용을 파악할 정도로 '병풍' 신세를 면치 못하고 있다. 경북도는 지난달 14일 보도자료에서 ""호남에 반도체가 들어서는 게 지역 균형 발전 측면에서는 긍정적""이라고 밝힌 바 있다. 그러면서 ""(호남에 투자가 이뤄지는 건) 반도체 후공정 집적화 단지 조성일뿐, 구미가 강점이 있는 반도체 전공정과 시너지 효과를 낼 수 있다""고 덧붙였다. 이는 이번 투자 규모에 대해서도 사전에 인지하지 못했음을 의미한다.도청 안팎에선 이를 두고 정부 정책 변화에 대한 대응력·정보력 등이 부족한 것 아니냐는 지적이 나온다. 민선 7기부터 도지사를 보좌해 온 도 정무직 공무원들은 지방선거 직전인 지난 3월 대부분 면직됐다.지역 정치권 관계자는 ""역대 가장 성공적으로 개최한 APEC 정상회의 레거시인 AI센터마저 타 지역에 넘어간다면 지역민의 상실감은 매우 클 것""이라고 했다.이철우 경북도지사는 ""경북은 APEC을 성공적으로 개최한 지방정부로서 국제무대에서 이미 역량을 검증받았고, AI 연구·산업을 아우르는 실증 기반까지 갖추고 있다""며 ""APEC AI센터를 반드시 유치해 APEC 회원국의 공동 번영을 선도하는 글로벌 협력 거점이 되겠다""고 했다.",True,AI 반도체,"경북은 2025 APEC 정상회의의 유산인 AI센터 유치에 총력을 기울이고 있으며, 포항을 후보지로 내세우고 있다. 반면, 광주는 '아시아 AI 허브' 도약과 800조원 투자 유치로 유치전에서 경쟁 중이다. 대구경북은 호남권 투자에 뒤처지고 있어 대응력 부족 지적이 나오고 있으며, 지역 정치권은 유치 실패 시 상실감이 클 것이라고 우려한다. 경북은 APEC 성공 경험과 AI 인프라를 바탕으로 유치에 자신감을 보이고 있다.",AI 반도체,1.0
2026-07-01,"삼성전자, '세이프 포럼'서 AI 반도체 생태계 확대 전략 공개",정보 없음,https://n.news.naver.com/mnews/article/030/0003443381,"삼성전자가 1일 삼성전자 서초사옥에서 '세이프 포럼 2026(SAFE Forum 2026)'를 개최했다. 신종신 삼성전자 파운드리 사업부 개발실 신종신 부사장이 기조연설을 하고 있다. (사진=삼성전자)삼성전자가 1일 서울 서초사옥에서 '세이프(SAFE) 포럼 2026'을 열고 인공지능(AI) 반도체 생태계 협력 확대 방안과 차세대 파운드리(반도체 위탁생산) 기술 전략을 공개했다.행사에는 고객·파트너사 관계자 400여명이 참석했으며 시높시스·케이던스·지멘스 등 전자설계자동화(EDA) 기업과 가온칩스·세미파이브 등 디자인솔루션파트너(DSP)를 포함한 21개 파트너사가 부스를 마련했다.신종신 삼성전자 파운드리사업부 디자인플랫폼개발실장은 기조연설에서 “세이프 포럼을 통해 고객·파트너사와 적극 소통하겠다”며 “AI·고성능컴퓨팅(HPC) 글로벌 고객사뿐만 아니라 국내 시스템반도체 기업과의 협력도 강화하고, 국내 시스템반도체산업 플랫폼 역할을 확대해 나가겠다”고 말했다.삼성전자는 이날 AI 반도체 수요에 대응하기 위한 차세대 2나노(㎚) 공정과 DTCO(설계·공정 동시 최적화) 기술 로드맵을 공개했다.AI 반도체 성능 향상의 핵심으로 꼽히는 S램 경쟁력 강화 방안도 소개하며 차세대 AI 반도체 개발을 지원하고 있다고 설명했다.또 AI 팹리스 기업 리벨리온과 지멘스 EDA 등 주요 파트너사는 삼성 파운드리 공정을 활용한 AI 반도체 개발 사례와 2.5D·3D 칩 설계 지원 기술 등을 발표했다.업계 관계자는 “올해 포럼은 지난해와 달리 선단 공정 로드맵뿐 아니라 실제 양산과 고객 확보를 강조한 자리로 볼 수 있다”며 “4나노 공정 안정화와 2나노 고객 확보, AI·HPC 분야 양산 레퍼런스 확대에 방점이 찍혔다”고 말했다.세이프 포럼은 2019년 10월부터 진행된 삼성전자 파운드리 생태계 프로그램으로 파트너사들과 최신 기술 동향을 공유하고 협력을 강화하는 자리다.AI 반도체 확산으로 그래픽처리장치(GPU)와 주문형반도체(ASIC) 수요가 늘면서 선단 공정 파운드리 시장도 빠르게 성장하고 있다.시장조사업체 옴디아에 따르면 3나노 이하 파운드리 시장은 지난해 257억달러에서 2028년 1019억달러로 성장할 전망이다.삼성전자는 2022년 세계 최초로 GAA(게이트 올 어라운드) 기술을 적용한 3나노 양산에 성공하는 등 선단 공정 기술 경쟁력을 강화해 왔다. 평택과 미국 테일러를 중심으로 생산라인도 확대 중이다.",True,AI 반도체,"삼성전자는 1일 서초사옥에서 '세이프 포럼 2026'을 열어 AI 반도체 생태계 협력 확대와 차세대 파운드리 기술 전략을 공개했다. 행사에는 400여 명이 참석했고, 21개 파트너사가 부스를 마련했다. 삼성은 2나노 공정과 설계·공정 동시 최적화 기술, AI 반도체 경쟁력 강화를 위한 전략을 발표했으며, 글로벌 고객과 국내 기업과의 협력도 강화하고 있다. 시장은 AI 수요 증가로 선단 공정 시장이 빠르게 성장하고 있으며, 삼성은 3나노 양산 등 기술 경쟁력을 지속 확대 중이다.",AI 반도체,2.0
2026-07-01,"산업부·금융위, M.AX 기업과 '피지컬 AI 글로벌 1강' 도약",정보 없음,https://n.news.naver.com/mnews/article/079/0004163586,"'국민성장펀드-M.AX 프론티어 프로젝트' 민관 합동간담회산업부, 제조기업의 AI 전환과 기술혁신 지원금융위, 국민성장펀드로 대규모 투자 등 뒷받침이억원 금융위원장이 모태펀드-국민성장펀드 이어달리기 간담회에서 인사말을 하고 있다. 연합뉴스정부가 최근 인공지능(AI) 혁명 3대 메가프로젝트를 발표한 가운데, 산업통상부와 금융위원회가 피지컬 AI 발전을 위해 협력한다.산업부와 금융위는 1일 산업은행에서 '국민성장펀드-M.AX 프론티어 프로젝트' 민관 합동간담회를 개최하고, 피지컬 AI 유망 기업과 프로젝트 발굴·지원 방안을 논의했다. M.AX 프론티어 프로젝트란 M.AX(제조업 AI 전환) 분야 선도기업을 육성해 피지컬 AI시대를 개척하는 산업·금융 협력 프로젝트다.산업부는 M.AX 얼라이언스를 통해 제조기업의 AI 전환과 기술혁신을 지원하고, 금융위는 국민성장펀드를 통해 유망 선도기업의 대규모 투자와 스케일업을 뒷받침한다. 이번 간담회에서 산업현장의 투자수요를 청취하고, AI팩토리·로봇·미래차 등 피지컬 AI 핵심 분야 협업 방안을 논의했다.산업부는 'M.AX 필요성과 지원방안'에 대해 발표했다. 인구절벽, 생산성 감소 등 위기를 극복하기 위해 1500여 산학연 기업·기관이 참여하는 M.AX 얼라이언스가 출범했으며, 산업부는 AI 팩토리, AI 로봇, AI 반도체의 세 가지 핵심축을 기반으로 신속히 제조업 전반에 AX를 적용·확산하겠다고 강조했다.금융위는 '국민성장펀드 M.AX 분야 금융지원 및 협업방안'을 발표했다. 피지컬 AI 주요 기업과 메가프로젝트를 공동 발굴하고, 이들을 지원하기 위한 장기 인내자본을 공급한다. 피지컬 AI와 밀접한 관련이 있는 AI·로봇·미래차·방산· 반도체·이차전지 6개 분야에 올해 약 16조 원 규모의 자금을 공급할 계획이다.김정관 산업통상부 장관. 산업통상부 제공특히 이번 간담회에는 국민성장펀드의 제1호 M.AX 투자 프로젝트인 '초고압 해저케이블 생산공장 증설'을 추진하는 LS전선이 참석했다. LS전선은 초장거리·고중량 해저케이블 생산 및 품질 검사공정에 AI를 도입하는 과제를 수행 중이다.김정관 산업부 장관은 ""M.AX 인프라 구축 등의 투자는 대기업조차 결정하기 쉽지 않은 만큼, 국민성장펀드가 든든한 성장 사다리가 되길 바란다""며 ""산업부도 정책역량을 총동원해 M.AX 확산을 뒷받침하고 국민성장펀드의 투자효과를 M.AX로 끌어올리겠다""고 밝혔다.이억원 금융위원장은 ""국민성장펀드는 대한민국 '피지컬 AI 글로벌 1강' 도약 비전을 현실로 만드는 강력한 이행수단으로서 민간 투자를 촉진하는 마중물이 되겠다""며 ""금융위는 피지컬 AI 부문에 대한 장기적이고 과감한 금융지원으로 대한민국이 대체불가 초격차 산업강국으로 도약할 수 있는 토대를 마련하겠다""고 강조했다.※CBS노컷뉴스는 여러분의 제보로 함께 세상을 바꿉니다. 각종 비리와 부당대우, 사건사고와 미담 등 모든 얘깃거리를 알려주세요.이메일 :jebo@cbs.co.kr카카오톡 :@노컷뉴스사이트 :https://url.kr/b71afn",True,AI 반도체,"정부는 인공지능(AI) 혁명 3대 메가프로젝트의 일환으로 산업통상부와 금융위원회가 협력하는 '국민성장펀드-M.AX 프론티어 프로젝트'를 추진한다. 이 프로젝트는 제조업 AI 전환과 기술혁신을 지원하며, 금융위는 약 16조 원 규모의 자금을 피지컬 AI 관련 기업에 투입할 예정이다. 간담회에서는 AI팩토리·로봇·미래차 등 핵심 분야 협업과 투자 방안을 논의했으며, LS전선 등 기업의 AI 도입 사례도 소개됐다. 김정관 산업부 장관과 이억원 금융위원장은 민관 협력을 통해 대한민국의 글로벌 AI 강국 도약을 목표로 하고 있다.",AI 반도체,1.0
2026-07-01,"中 저가 공세에 현대차 ""서비스로 승부…가격 경쟁 안한다"" 선언",정보 없음,https://n.news.naver.com/mnews/article/421/0009035213,"장재훈·무뇨스 '서비스 경쟁력' 강조…정비·인증중고차 전주기 관리가격 경쟁 대신 브랜드 가치↑…판매 이후 경험으로 고객 붙잡기현대자동차 수원하이테크센터 개관식이 열린 30일 경기 용인시 기흥구 현대자동차 수원하이테크센터가 공개되고 있다. 수원하이테크센터는 기존 경기 수원시 영통구에서 운영하던 센터를 용인시 기흥구로 이전해 새롭게 조성한 고난도 정비 전문 시설로 스마트 모빌리티 기반 자동화 서비스 환경과 정밀 진단, 품질 분석 역량을 갖춰 고난도 차량 정비를 전담하며 전국 블루핸즈와 협력해 고객 수요에 대응한다. 2026.6.30 ⓒ 뉴스1 김영운 기자(서울=뉴스1) 박기범 기자 = 현대자동차(005380)그룹이 차량 판매를 넘어 구매부터 정비, 인증중고차(CPO), 재구매까지 아우르는 '전주기(Life Cycle)' 서비스 체계 구축에 속도를 내고 있다.중국 완성차 업체들의 저가 공세를 가격 경쟁이 아닌 브랜드 가치와 서비스 차별화를 통해 극복하겠다는 전략으로 풀이된다.서비스가 브랜드 만든다…현대차, 고객 경험 강화 '속도'1일 업계에 따르면 현대차 최고경영진은 최근 공식 석상에서 잇따라 '고객 경험'과 '서비스 경쟁력'을 강조하고 있다.장재훈 현대차그룹 부회장은 전날(6월30일) 수원하이테크센터 개관식에서 ""저희가 우월할 수 있는 부분은 서비스""라며 ""외산차와 대비해서 서비스 품질과 고객 대응력을 계속 올리고, 그런 부분을 차별화 포인트로 만들어 나가겠다""고 밝혔다.장 부회장은 ""좋은 차는 공장에서 만들어지지만, 위대한 브랜드는 서비스 현장에서 완성된다""며 ""신차부터 인증중고차(CPO), 2차·3차 중고차까지 관리하고 고객의 생애 첫 차부터 여섯 번째 차까지 전부 관리하는 것이 큰 방향""이라고 설명했다.이에 앞선 지난달 26일 부산모빌리티쇼에서 호세 무뇨스 현대차 사장은 최근 중국 완성차 업체들의 공격적인 가격 정책에 대한 질문에 ""단순히 가격만 낮추는 방식이 아니라 최고의 고객 경험을 제공하는 데 집중하고 있다""며 ""현대차를 소유하면 최고의 서비스를 받을 수 있다는 인식을 심어주는 것이 우리의 경쟁력""이라고 말했다.장 부회장과 무뇨스 사장이 며칠 새 잇따라 '고객 경험'과 '서비스'를 미래 경쟁력으로 제시한 것은 차량 판매를 넘어 고객과의 접점을 확대하고 브랜드 가치를 높이겠다는 현대차의 전략을 보여준다는 평가다.기아 인증중고차 센터 평택 직영점. 2026.4.3. ⓒ 뉴스1 박기범 기자정비부터 인증중고차까지…전주기 관리로 브랜드 가치 제고이를 상징적으로 보여주는 곳이 최근 문을 연 수원하이테크센터다. 전국 22개 직영 서비스센터 중 하나인 이곳은 고난도 전동화 차량 정비와 디지털 기반 진단, 로보틱스 물류 시스템 등을 적용한 미래형 서비스 거점이다. 센터 내부도 단순 정비 공간이 아니라 고객 편의시설과 모빌리티 경험 공간으로 구성해 고객 경험을 강화하는 데 초점을 맞췄다.현대차가 이처럼 정비 인프라를 고도화하는 것은 국내 소비자들이 강점으로 꼽는 정비 접근성과 서비스 품질을 더욱 높이는 동시에 수입차와의 차별화를 확대하기 위한 전략으로 해석된다.인증중고차 사업 확대도 같은 맥락이다. 완성차 업체들이 인증중고차 사업을 확대하는 이유는 단순히 중고차를 판매하기 위해서가 아니라 차량의 잔존가치를 체계적으로 관리하기 위해서다. 중고차 가격이 안정되면 신차의 가치도 함께 높아지고, 리스와 렌털, 구독 등 다양한 모빌리티 서비스도 보다 안정적으로 운영할 수 있다.장 부회장이 ""고객 경험 데이터를 얼마나 촘촘하게 관리하느냐가 가장 중요하다""고 언급한 것도 신차 판매 이후까지 고객과 차량을 지속해서 관리하는 체계를 구축하겠다는 의미로 읽힌다.자동차 산업의 변화도 이러한 전략에 힘을 싣고 있다. 전동화와 소프트웨어 중심 자동차(SDV) 시대로 접어들면서 차량 간 성능 격차는 점차 줄어드는 반면, 유지관리와 소프트웨어 업데이트, 잔존가치 등 '판매 이후 경험'이 브랜드 경쟁력을 좌우하는 요소로 부상하고 있다. 현대차 역시 이러한 변화에 맞춰 신차 판매 중심에서 고객 생애주기 전체를 관리하는 사업 모델로 무게중심을 옮기고 있다는 분석이다.정비와 디지털 서비스, 인증중고차 등 판매 이후 경험이 강화될수록 고객 충성도와 차량의 잔존가치가 높아지고, 이는 가격 경쟁보다 브랜드 프리미엄을 유지하는 기반이 될 수 있다는 설명이다.업계 관계자는 ""현대차가 정비와 디지털 서비스, 인증중고차를 하나의 고객 경험으로 연결하는 것은 판매 이후까지 브랜드 가치를 높이기 위한 전략""이라며 ""고객이 현대차를 다시 선택하게 만드는 선순환 구조를 구축하는 것이 핵심""이라고 말했다.",True,CPO,"현대자동차는 차량 판매뿐만 아니라 정비, 인증중고차, 고객 경험을 아우르는 전주기 서비스 체계를 강화하고 있다. 수원하이테크센터 개관 등 첨단 정비 인프라와 디지털 기반 서비스, 고객 맞춤형 경험을 통해 브랜드 가치를 높이고, 가격 경쟁이 아닌 서비스 차별화로 시장 경쟁력을 확보하려는 전략이다. 이를 통해 고객 충성도와 차량 잔존가치를 증대시키며, 판매 이후 경험이 브랜드 경쟁력의 핵심으로 부상하고 있다.",CPO,1.0
2026-07-01,"‘IT’는 한미, ‘보안’은 녹십자… ‘보안 거버넌스’는 제약 빅5 모두 부실",정보 없음,https://n.news.naver.com/mnews/article/029/0003034742,"국내 전통제약사 ‘빅5’의 최근 3년간(2023~2025년) 정보기술(IT)·정보보호(보안) 투자금액은 늘었지만 정보보호 관리체계는 여전히 미흡한 것으로 나타났다.디지털타임스가 1일 유한양행·종근당·GC녹십자·한미약품·대웅제약의 정보보호 공시를 분석한 결과 IT 투자 규모는 한미약품이, 정보보호 투자는 GC녹십자가 선두를 차지했다.한미약품은 지난해 IT 부문에 빅5 중 가장 많은 303억여원을 투자했다. 이어 GC녹십자(232억원), 대웅제약(137억원), 종근당(113억원), 유한양행(107억원) 순이었다.3년 동안의 증가율은 GC녹십자가 58.8%로 가장 컸다. 2025년도 투자액의 전년 대비 증가율도 GC녹십자가 10.5%로 가장 높았고, 종근당은 빅5 중 유일하게 지난해보다 투자액이 4.0% 줄었다.GC녹십자는 지난해 24억9000만원을 정보보호에 투자했다. 5개사 중 가장 큰 규모다. 이어 한미약품(15억5000만원), 종근당(14억9600만원), 유한양행(12억3000만원), 대웅제약(12억원) 순이었다. 최근 3년간 정보보호 투자 증가율도 GC녹십자가 207.4%로 압도적으로 컸다. 2025년도 투자액의 전년 대비 증가율 역시 GC녹십자가 39.1%로 가장 높았다.또 지난해 IT 투자 대비 정보보호 투자 비중은 종근당(13.2%), 유한양행(11.8%), GC녹십자(10.8%) 등은 10% 이상이었고, 한미약품(5.1%)과 대웅제약(8.8%)은 10% 미만에 그쳤다.정보보호 인력에 대한 투자는 5개사 모두 아쉬웠다. 정보보호 전담 인력은 종근당 6.5명, 대웅제약 4.9명, 한미약품과 유한양행 각각 4.7명, GC녹십자 3명 등으로 5개사 모두 한 자릿수였다. IT 인력 중 정보보호 전담 인력이 차지하는 비중은 종근당이 25%로 가장 높았고, 유한양행이 22.5%로 뒤를 이었다.투자 확대와 달리 보안 거버넌스 수준은 빅5 모두 개선이 필요한 것으로 분석된다. 최고정보보호책임자(CISO)·최고개인정보보호책임자(CPO)의 겸직 문제와 보안 인력 외주 의존 등 핵심 체계는 대부분 개선되지 않았다.특히 정보보호 투자액 규모로는 1위인 GC녹십자의 경우, CPO 체계가 완전하지 않았다. CISO가 CPO를 겸임하고 있으며 디지털혁신실장도 맡고 있다. 이 회사는 현재 CPO 선임을 위해 적합한 인물을 내부적으로 검토 중이다.또 5개사 모두 CISO·CPO가 다른 직무를 겸하고 있었다. 상시 관리가 필요한 보안 업무가 후순위로 밀릴 수 있다는 지적이 나온다.유한양행은 CISO와 CPO가 각각 정보기술실장, 경영관리본부장을 겸직 중이며 종근당은 재경 담당이 CISO를, 컴플라이언스 담당이 CPO를 겸직하고 있다. 한미약품의 CISO, CPO는 각각 정보전략그룹장, 인사총무팀장 직책을 갖고 한미사이언스 CISO, CPO를 겸직 중이다. 대웅제약은 한 사람이 CISO와 CPO를 겸임하고 공급망관리(SCM)혁신 TFT본부장 역할도 수행하고 있다.김도승 전북대 법학전문대학원 교수는 “개인정보 유출사고나 인공지능(AI) 거버넌스 이슈처럼 기술적·법률적 판단이 동시에 요구되는 상황에서는 한 사람이 CISO, CPO 직책의 책임을 모두 감당하기 어렵다”고 지적했다.",True,CPO,"국내 전통제약사 ‘빅5’의 최근 3년간 IT·보안 투자액은 늘었지만, 정보보호 관리체계는 미흡한 상태다. GC녹십자가 정보보호 투자와 증가율 모두 가장 높았으며, 한미약품이 IT 투자액에서 선두를 차지했다. 그러나 보안 인력은 부족하고, 최고정보보호책임자(CISO)와 개인정보보호책임자(CPO)가 겸직하는 등 거버넌스 체계에 문제점이 드러난다. 전문가들은 핵심 역할 겸임이 보안 업무의 효율성을 저해할 수 있다고 지적한다.",CPO,1.0
2026-07-01,"[보안리더] 이상운 KT CISO ""방대한 데이터와 인프라 바탕 세계 수준 정보보호 달성""",정보 없음,https://n.news.naver.com/mnews/article/092/0002428814,"금융권서 30년 있다 통신 온 지 3개월...""안심하고 사용할 수 있는 KT 만드는데 기여""""지난 3개월이 3년처럼 느껴졌습니다.""이상운 KT 정보보안실장(전무) 겸 CISO는 KT판교빌딩에서 최근 이뤄진 지디넷코리아와 인터뷰에서 ""하루 하루를 치열히 보내고 있다""며 이 같이 밝혔다.1967년생인 그는 작년 보안사고로 홍역을 치른 KT가 금융권에서 스카우트한 보안전문가다.첫 직장인 금융결제원(금결원)에서만 30년(1995~2025년)을 일했다. 금결원의 웬만한 대형 IT프로젝트는 다 그의 손을 거쳤다. 제로트러스트 기반 정보보호체계 구축 총괄(2024~2025년)을 비롯해 ▲클라우드 네이티브 기반 차세대 시스템 전환 총괄 ▲차세대 IT 인프라 구축 총괄(2022~2024년) ▲ 비상운영센터(제3센터) 구축 총괄 ▲금융권 오픈API 포털 구축 총괄(2020 ~ 2021년)을 지냈다.또 ▲제로페이와 서울페이 플랫폼 구축 PM ▲전국 가맹점 관리 및 정산시스템 구축 PM(2018~2019년) ▲금융권 OTP공동센터 구축 PM(2015 ~ 2016년) ▲DA(Data Architecture) 구축 PM(2012년) ▲채널통합 시스템 구축 PM(2009년)으로도 활동했다. CISO, CPO, CIO도 역임했다.학부(서강대) 전공은 물리다. 컴퓨터에 관심이 많아 첫 직장 생활은 프로그래머로 시작했다. 개발을 10년 이상 했다. 금융에 날아다녔던 그가 물설고 낯설은 '통신'으로 왔다. 금융권의 주위 반응은 어땠을까. 말리지 않았을까. ""왜 더 힘든 곳으로 가냐는 분들이 많았다. 하지만 나름 잘 할 자신이 있었다""면서 ""금융이 단단한 성벽을 쌓는 보안이라면, 통신은 끊임없이 흐르는 거대한 강물을 지키는 보안이다. 금융권에서 30년간 근무하며 체득한 보안은 규제 중심의 철저한 통제와 망분리의 폐쇄성이 기본이었다. 성벽 안으로 위험이 들어오지 못하도록 완벽하게 문을 걸어 잠그는 방식이다. 반면, 통신사는 상상할 수 없을 정도로 방대한 규모의 트래픽과 서비스가 실시간으로 연결되는 개방형 인프라다. 문을 닫아 걸 수 없고, 끊임없이 흐르는 거대한 강물 속에서 위협을 실시간으로 탐지하고 걸러내야 한다. 양자간 이런 본질적인 차이가 있다""고 진단했다. 통신 업무를 시작한 지 이제 3개월인데 벌써 '업'의 본질을 파악한 듯했다.이상운 KT 정보보안실장(CISO)이 자사의 보안정책과 전략을 설명하고 있다.이 실장은 지난 4월1일자로 KT에 부임했다. 이로부터 한달 후(5월 7일)에 KT는 고강도 보안 체계 혁신안을 발표했다. 혁신안에는 ▲정보보안실 중심 ‘전사 통합 보안 거버넌스’ 구축 ▲제로트러스트 기반 ‘상시 예방·선제 대응’ 체계 전환 ▲개인정보 안전관리 체계 강화 등을 담았다.  혁신안 발표 당시 이 실장은 “보안의 기본부터 다시 세우겠다. 제로트러스트 기반의 상시 예방·선제 대응 체계를 통해 근본적인 체질 개선을 추진하겠다""고 말했다.아래는 이 실장과 인터뷰 일문일답. 이 실장은 ""그동안 짧은 시간이었지만 현장을 바쁘게 누비며 느낀 것은, KT가 가진 방대한 데이터와 인프라의 무게만큼 정보보호의 수준 역시 글로벌 최고 단계로 도약해야 한다는 것""이라고 강조했다.-보안의 기본부터 다시 세우겠다고 했다. CEO가 전폭적으로 힘을 실어줘야 가능한데....""대표께서 첫 상견례자리에서 그랬다. 정보보호의 중요성을 깊이 공감하고 있고, 관련한 일에 전력을 쏟겠다고. 정보보호를 회사의 핵심 자산으로 여기겠다고 했다. CISO로서 충분히 역할을 당부하며 언제든 직접 보고해달라고 했다.""-벌써 취임한지 3개월이 지났다. 그동안 어떻게 지냈나""지난 3개월이 3년처럼 느껴질 정도로 하루 하루를 치열히 보냈다. 지난 4월 1일 부임한 이후, 전체적인 업무 파악과 동시에 과거의 해킹 사고 사례들을 면밀히 복기하며 KT의 보안 수준과 체질을 확인하는 데 집중했다. 와중에 미토스(Mythos) 등장 등 대내외적인 이슈들이 이어졌다. 긴박한 현안에 유연하면서도 단호히 대응했다. 짧은 시간이었지만 현장을 바쁘게 누비며 느낀 것은, KT가 가진 방대한 데이터와 인프라의 무게만큼 정보보호의 수준 역시 글로벌 최고 단계로 도약해야 한다는 것이다. 이를 위해 지난 과오를 교훈 삼아 일회성 방어가 아닌, 근본적인 보안 체계를 재정립하는 보안 마스터플랜을 수립했다. 지난 3개월이 KT 보안의 현주소를 확인하는 시간이었다면, 앞으로는 이 마스터플랜을 바탕으로 고객이 가장 안심하고 이용할 수 있는, 신뢰할 수 있는 KT를 만드는 데 모든 역량을 쏟아부을 생각이다.""-금융권에서 30년 근무하다 통신사로 왔다. 양자가 차이가 있을 것 같다""그렇다. 많은 차이가 있다. 금융이 단단한 성벽을 쌓는 보안이라면, 통신은 끊임없이 흐르는 거대한 강물을 지키는 보안이다. 금융권에서 30년간 근무하며 체득한 보안은 규제 중심의 철저한 통제와 망분리의 폐쇄성이 기본이었다. 성벽 안으로 위험이 들어오지 못하도록 완벽하게 문을 걸어 잠그는 방식이다. 반면, 통신사는 상상할 수 없을 정도로 방대한 규모의 트래픽과 서비스가 실시간으로 연결되는 개방형 인프라다. 문을 닫아걸 수 없고, 끊임없이 흐르는 거대한 강물 속에서 위협을 실시간으로 탐지하고 걸러내야 한다. 본질적인 차이가 있다. 이 거대한 인프라를 들여다보면서, 금융권의 엄격한 거버넌스와 촘촘한 통제 DNA를 통신의 유연하고 방대한 시스템에 어떻게 접목할지 깊이 고민하고 있다.""-학부 전공이 물리다. 보안과 어떻게 인연을 맺었나""일단 수학은 잘했다(웃음). 대학에서 물리학을 전공했지만, 컴퓨터와 개발의 매력에 빠져 첫 커리어는 프로그래머로 시작했다. 코드를 짜다 보니 이 프로그램들이 구동되는 인프라의 세계가 궁금해 시스템 엔지니어로 영역을 넓혔다. 이후 전체적인 IT 인프라 판을 짜고 구조를 설계하는 IT 아키텍트로 성장했다. 인증과 암호 관련 업무도 맡았는데 이때 자연스레 보안과 인연을 맺었다. 프로그램이 어떻게 돌고 시스템이 어떻게 맞물리는지 그 본질을 알고 있다.  보안을 이해하고 접근하는데 많은 도움이 된다.""이상운 KT 정보보안실장(전무) 겸 CISO. 금융결제원에서 30년 근무하다 올 4월 1일 부임했다.-KT 정보보안실은 기존 보안조직을 통합해 새로 만들어졌다. 하는 일과 예산 및 인원은?""IT, 네트워크, 미디어 등 부문별로 분산돼 있던 기존 보안 기능을 하나로 통합, 전사적인 보안 거버넌스를 총괄하는 조직으로 KT 정보보안실이 탄생했다. 현재는 CISO를 중심으로 권한, 책임, 실행 체계를 일원화, 보다 체계적인 보안 환경을 구축했다.한국인터넷진흥원(KISA) 정보보호 공시 종합 포털에 따르면, 지난해 KT의 정보보호 전담인력은 317명(내부 165명, 외부 외주 152명)이고 예산은 1275억 원이다. 예산은 통신 3사 중 KT가 제일 많다. 보안에 대한 과감한 투자와 전문 인력 역량 강화는 KT가 가장 역점을 두고 추진하는 핵심 전략이다.""-CPO도 최근 새로 채용했다. CPO 조직과는 어떤 차이가?""CISO가 사이버 위협 대응, 정보 자산 보호, 보안 아키텍처 구축 등 전반적인 보안 운영을 총괄한다면, CPO는 개인정보 적법 처리와 고객 정보 전주기 관리라는 개인정보보호 중심 역할에 집중한다. 각자 영역은 다르지만, 고객정보 보호와 서비스 신뢰확보라는 궁극적인 목표는 동일하다. 두 조직이 독립적인 책임과 권한을 갖되, 긴밀히 협력하는 체계를 유지하고 있다.""-보안체질을 개선하고 제로트러스트 기반 상시 예방과 선제 대응으로 근본적인 체질 개선을 추진하겠다고 했다. 잘 되고 있나""보안 체질 개선이라는 방향성은 명확하다. 현재 계획에 따라 차질없이 진행중이다. 핵심은 사후 대응 위주였던 기존 방식을 선제적 예방 체계로 근본부터 전환하는 것이다. 이를 위해 KT의 보안 프레임워크를 더욱 실효성 있게 고도화하고 있다. 투자와 기획단계부터 보안 기준을 엄격히 적용하고, 개발 및 구축 이후 점검하는 방식에서 탈피, 설계와 도입 단계부터 취약점을 원천 차단하는 구조로 패러다임을 바꾸고 있다. 또 AI를 기반으로 진화하는 보안 위협에 효과적으로 대응할 수 있게 제로트러스트 아키텍처 목표 모델을 현행화하는 작업에도 속도를 내고 있다.""-AI발 사이버 위협에 사전대비, 통신사 특성에 맞춘 자체 AI보안 에이전트를 개발하겠다고 했는데...""국가 기간통신망 사업자로서 통신망 및 통신 서비스 안전성을 확보하기위해 AI를활용한 선제적인 보안위협 대응체계를 준비하고 있다. 보안 환경은 빠르게 변화하고 있다. 공격자는 AI를 활용해 자동화 및 지능화한 공격을 가하고 있다. 신속한 대응을 위해 AI기반의 선제적이고 자동화한 진단 체계로 전환하는 것이 필수다.KT정보보안실도 프론티어AI 및 프라이빗 모델을 활용한 AI 보안에이전트를 개발하는 등 AI보안진단체계를 구축하고 있다. 이미, 인터넷 접점 서비스에 시범적용, 이를 통한 진단을 수행하고 있다. 오는 2027년까지 AI기반의 자동화 진단체계 완성을 목표로 작업중이다. 단계별 적용 및 확장을 통해 전체 서비스의 보안 위협을 실시간 발굴하고 조치하는 상시 진단체계도 가동할 예정이다.""-보안 관제 개편과 공격자 관점에서 내부를 점검하는 '레드팀'을 통한 상시 모의해킹 체계를 갖췄다고 했다. KT의 레드팀 실력은?""기존 보안 관제는 사전에 정의된 룰 기반의 방어에 치중했다. 이는 고도화하는 변칙적 공격과 미세한 이상 징후를 포착하는 데 물리적 한계가 있다. 이에 KT는 부문별로 파편화된관제 체계를 하나로 통합하고, AI 기반 지능형 분석 역량을 내재화, 위협 탐지부터 대응까지 관제 정확도를 극대화하는 방향으로 개편을 추진하고 있다.레드팀은 철저히 외부 공격자 시각에서 KT의 보안 허점을 파고들고 검증하는 정예 조직이다. 단순 모의해킹 수준을 넘어, 실제 침투 시나리오를 바탕으로 잠재적 취약점을 상시 발굴해 우리 방어 체계가 잘 작동하는지 면밀히 점검한다. 현장 보안 수준을 지속적으로 고도화하고 개선하는 상시 검증 체계를 확립하는 것이 레드팀 운영의 지향점이다. KT의 레드팀은 내가 보기엔 국내 최고 수준이다. 보안 특화 에이전트도 우리 회사 레드팀이 만들었다.""이상운 실장이 직원들과 회의를 하고 있다.-작년 잇달은 대형 해킹 사고와 개인정보유출로 정부가 잇달아 사이버보안 강화 대책을 내놨다. 통신사 입장에서는 그만큼 지켜야 할 컴플라이언스가 많아졌는데""정부의 정책 방향성은 보안 생태계 조성을 위해 필요하고 또 타당한 접근이다. 제도와 현장 실행력이 유기적으로 결합할 때 실질적인 보안 수준이 올라간다고 본다. 단순히 규제와 점검 항목을 확대하는 것만으로는 근본적인 변화를 이끌어내기에 한계가 있다. 기업이 자율적인 책임하에 선제적 대응 체계를 고도화할 수 있게 투자 여력과 현장 상황을 고려한 정책이 필요하다고 생각한다.""-100% 완벽한 보안은 없다. 공격은 드러나 있지 않다. 또 1인도 가능하다. 반면 방어는 그렇지 않다. 공격과 방어가 비대칭 구조다.  와중에 '보안사고 제로'는 유지해야 한다.""맞다. 사이버 보안은 필연적으로 방어자가 불리한 비대칭의 전쟁이다. 하지만 방어자가 가질 수 있는 주도권에 집중할 필요가 있다. 공격자가 언제든 침투할 수 있다는 전제하에, 침투가 발생해도 즉각 인지하고 피해를 최소화하는 회복 탄력성이 중요하다. 공격자가 남긴 미세한 흔적을 AI와 자동화 탐지 체계를 통해 실시간으로 가시화하고 사전 취약점 진단 및 제거로 상시 예방과 선제 대응, 방어자에게 유리한 국면으로 이어가야 한다.""-금융권에서 30년 활동하다 통신으로 왔다. KT에서 어떤 족적을, 어떤 CISO로 기억되고 싶나?""보안 때문에 KT서비스를 이용한다는 확신을 고객에게 심어준 CISO로 기억되고 싶다. 고객들이 KT라는 브랜드를 떠올릴 때, 내 개인정보와 데이터까지 가장 안전하게 지켜주는 곳이라는 믿음을 가질 수 있게 하고 싶다. 고객 일상에 보안이 보이지 않게 스며들어 안심하고 디지털 라이프를 누리게 하는 것, 그래서 결국 그것이 KT서비스를 선택할 수밖에 없는 이유가 되는것, 그런 보안 체계를 만드는 것이 내가 KT에서 하고 싶은 일이다.""",True,CPO,"이상운 KT 정보보안실장(전무)은 금융권에서 30년간 근무 후, 3개월 전 통신사 KT에 합류해 보안 체계 혁신을 추진하고 있다. 금융권의 철저한 규제와 망분리 방식을 개방형 통신 인프라에 적용하는 데 어려움을 겪으며, 제로트러스트 기반 예방·선제 대응 체계 구축에 집중하고 있다. 그는 보안의 본질 차이와 방대한 데이터·트래픽을 실시간 보호하는 중요성을 강조하며, 글로벌 최고 수준의 보안 역량 확보를 목표로 하고 있다.",CPO,1.0
2026-07-01,"유심 해킹 1년…SKT, 정보보호 투자 70% 늘렸다",정보 없음,https://n.news.naver.com/mnews/article/138/0002232754,"정보보호 투자액 1000억 첫 돌파…5년간 7000억원 투자 목표SK텔레콤이 지난해 발생한 유심(USIM) 해킹 사고 이후 정보보호 투자와 전문인력을 대폭 확대한 것으로 1일 나타났다. 사진은 SK텔레콤 정재헌 최고경영자(CEO). [사진=디지털데일리][디지털데일리 강소현 기자] SK텔레콤이 지난해 발생한 유심(USIM) 해킹 사고 이후 정보보호 투자와 전문인력을 대폭 확대했다. 정보보호 투자액은 처음으로 1000억원을 넘어섰고, 정보기술(IT) 투자 대비 정보보호 투자 비중도 7%대로 올라서며 지난해보다 크게 개선된 것으로 나타났다.◆ 정보보호 투자액·전담인력 대폭 확대…CISO·CPO 비겸직 임원1일 정보보호 공시에 따르면 지난해 SK텔레콤의 정보기술(IT) 투자액은 1조5453억574만원, 정보보호 투자액은 1110억7360만원으로 집계됐다. 정보보호 투자액이 IT 투자액에서 차지하는 비중은 7.2%다.지난해 공시와 비교하면 뚜렷한 개선이다. 지난해 SK텔레콤의 정보보호 투자액은 652억3147만원, IT 투자 대비 정보보호 투자 비중은 4.25% 수준에 머물렀다. 올해는 정보보호 투자액이 약 70.3% 증가했고, 투자 비중도 4.25%에서 7.2%로 2.95%포인트(P) 상승했다.정보보호 인력도 확대됐다. 2025년 기준 SK텔레콤의 정보보호 전담인력은 총 400.5명(내부 87.8명, 외주 312.7명)으로, IT 부문 인력(3387.3명) 대비 비중은 11.8%에 달했다.이는 SK텔레콤과 SK브로드밴드의 합산 기준 6.16%였던 지난해 대비 두 배 가까이 뛴 수치다. SK텔레콤 단독 기준 정보보호 전담인력 비중이 2021년 7.8%에서 2024년 6.9%로 지속 감소해왔던 것과도 대비된다.정보보호 최고책임자(CISO)와 개인정보보호책임자(CPO) 지정 현황도 지난해 지적됐던 부분에서 개선됐다.이번 공시에서 SK텔레콤은 CISO(센터장)와 CPO(실장) 모두 임원(비겸직)으로 명시했다. 지난해에는 정보보호 공시에는 임원으로 지정됐다고 밝혔음에도 금융감독원 전자공시시스템(DART)상 등기임원으로 확인되지 않아 실효성 논란이 일었던 부분이다.◆ 조직 개편도 병행…통합보안센터 신설·SKT 레드팀 구성투자·인력 확대와 함께 조직 개편도 동반됐다. SK텔레콤은 지난해 정보보호 전담 조직을 확대 개편해 '통합보안센터'를 신설했다. CISO 직속으로 침투 테스트 전문가로 구성된 'SKT 레드 팀(Red Team)'도 새로 꾸렸다. 이용자 대상 서비스에선 모바일 단말 보안 솔루션 'Zimperium for SKT'를 도입해 제공하고 있다.이 외에도 ▲보이스피싱·스미싱·파밍 등 이용자 피해 예방 활동 ▲유통망 구성원 교육 및 자가 점검 가이드 배포 ▲유통망 고객정보 관리 실태 점검 등도 병행하고 있다.정보보호 관리체계 인증(ISMS) 역시 ▲이동통신서비스 인프라 운용(2024.12.01~2027.11.30) ▲T전화·NUGU 서비스 운영(2024.02.17~2027.02.16) ▲이동전화 고객관리서비스(T world·T멤버십·Swing 등, 2024.12.18~2027.12.17) 등 3개 부문에서 한국인터넷진흥원(KISA) 인증을 유지 중이다.◆ SKT '정보보호백서 2025' 발간… ""5년간 7000억원 투자""한편 SK텔레콤은 이날 자사의 첫 정보보호 활동 보고서인 '정보보호백서 2025'를 발간하고 지난해 유심 해킹 사고 이후 추진한 정보보호 혁신 과제와 향후 보안 전략을 공개했다.SK텔레콤은 정보보호 혁신안을 바탕으로 총 257개 혁신 과제를 추진 중이며, 지난 6월 기준 171개(66.5%)를 완료했다고 밝혔다. 회사는 향후 5년간 정보보호 공시 기준 약 7000억원을 투자해 보안 아키텍처와 AI 기반 보안 운영, 고객 보호 체계를 지속 강화한다는 계획이다.이종현 SK텔레콤 통합보안센터장(CISO)은 ""정보보호는 변화하는 위협을 지속적으로 검증하고 대응할 수 있는 구조로 발전해야 한다""며 ""책임 있고 투명한 실행을 통해 고객과 사회가 신뢰할 수 있는 정보보호 체계를 만들어 가겠다""고 말했다.",True,CPO,"SK텔레콤은 지난해 유심 해킹 사고 이후 정보보호 투자를 크게 확대하여, 투자액이 처음으로 1000억 원을 넘어섰다. IT 투자 대비 정보보호 비중도 4.25%에서 7.2%로 상승했고, 전담 인력도 400여 명으로 늘어났다. 조직 개편과 함께 통합보안센터와 레드팀을 신설했으며, 임원인 CISO와 CPO를 비겸직으로 지정하는 등 보안 체계를 강화했다. 회사는 향후 5년간 약 7000억 원을 투자해 보안 역량을 지속적으로 강화할 계획이다.",CPO,1.0
2026-07-01,"이커머스 업계 보안 투자 뜯어보니…쿠팡은 '규모', G마켓은 '집중'",정보 없음,https://n.news.naver.com/mnews/article/138/0002232816,"11번가는 IT 투자 줄여도 정보보호 비중 확대…SSG닷컴은 투자액·인력 동반 증가[사진=KISA에 공시된 내용을 바탕으로 챗GPT가 생성한 이미지][디지털데일리 왕진화기자] 생성형 인공지능(AI)과 초개인화 서비스 경쟁이 치열해지면서 국내 주요 이커머스 기업들의 정보보호 투자 전략도 뚜렷하게 갈리고 있는 것으로 나타났다.쿠팡은 정보보호 투자 규모에서 압도적인 1위를 기록한 반면 지마켓은 IT 투자 대비 정보보호 투자 비중이 가장 높았다. 11번가는 IT 투자 축소 속에서도 정보보호 투자 비중을 높였고 SSG닷컴은 투자 규모를 소폭 확대하는 데 그쳤다.1일 한국인터넷진흥원(KISA) 정보보호 공시에 따르면 지난해 기준 정보보호 투자액은 쿠팡이 1349억3672만원으로 가장 많았다. G마켓은 123억7230만원, 11번가는 49억3379만원, SSG닷컴은 46억3907만원으로 집계됐다.쿠팡의 정보보호 투자액은 나머지 3개사의 투자액을 모두 합친 규모보다도 약 6배 많았다. AI 기반 검색과 개인화 추천, 로켓배송 등 대규모 플랫폼 운영에 맞춰 보안 투자 역시 공격적으로 확대하고 있는 것으로 풀이된다.[사진=G마켓]절대 투자 규모에서는 쿠팡이 독보적이었지만 투자 강도에서는 다른 결과가 나타났다. 쿠팡의 지난해 IT 투자 대비 정보보호 투자 비중은 5.2%였다. 전년(4.6%)보다 0.6%포인트 상승했지만 지마켓(9.7%)과 11번가(7.8%)에는 미치지 못했다. SSG닷컴은 쿠팡과 같은 5.2%를 기록했다.G마켓은 IT 투자액이 전년보다 1357억원에서 1269억원으로 줄고 정보보호 투자도 149억9926만원에서 123억7230만원으로 감소했지만 정보보호 투자 비중은 여전히 9.7%를 유지하며 조사 대상 기업 가운데 가장 높았다. IT 투자 10원 가운데 약 1원을 정보보호에 투입한 셈이다. 투자 규모를 조정하는 과정에서도 보안 투자 우선순위는 유지했다는 해석이 가능하다.11번가는 다른 흐름을 보였다. IT 투자액은 723억원에서 630억원으로 줄었지만 정보보호 투자액은 49억원 수준을 유지했다. 이에 따라 정보보호 투자 비중은 6.9%에서 7.8%로 상승했다. 전체 IT 투자 규모는 축소됐지만 정보보호 예산은 사실상 유지하면서 상대적인 투자 비중을 끌어올린 것이다.SSG닷컴은 공격적인 확대보다는 안정적인 투자 기조를 이어갔다. 지난해 IT 투자액은 872억원에서 886억원으로, 정보보호 투자액은 40억원에서 46억원으로 각각 소폭 증가했다. 이에 따라 정보보호 투자 비중도 4.6%에서 5.2%로 높아졌다. 규모 변화는 크지 않았지만 투자 비중은 쿠팡과 같은 수준까지 올라왔다.알리익스프레스코리아는 지난해 첫 공시에 이어 올해도 정보보호 공시에 참여했다. 다만 CISO·CPO 운영 현황만 공개했을 뿐 정보보호 투자액과 전담 인력 규모 등은 공시하지 않았다.국내 사업 확대에 맞춰 정보보호 체계를 공개하고는 있지만 주요 투자 지표는 여전히 확인하기 어려운 셈이다. C커머스로 함께 거론되는 테무나 쉬인 경우 공시를 아예 하지 않았다.정보보호 전담 인력 규모에서도 기업별 전략 차이가 드러났다. 쿠팡은 지난해 정보보호 전담 인력을 211.6명에서 370.1명으로 약 75% 늘렸다. 특히 외주 인력이 48.9명에서 165.3명으로 크게 증가하며 조직 확대를 이끌었다.반면 G마켓은 전담 인력이 61명에서 42.8명으로 감소했고, 11번가 역시 31.9명에서 29명으로 소폭 줄었다. SSG닷컴은 15.2명에서 17.6명으로 인력을 확대하며 네 곳 가운데 유일하게 투자액과 전담 인력을 모두 늘렸다.최고정보보호책임자(CISO)와 최고개인정보보호책임자(CPO) 운영 방식도 달랐다. 쿠팡은 CISO와 CPO를 각각 별도로 두고 있는 반면 11번가와 지마켓, SSG닷컴은 한 명이 두 직책을 겸직하는 체계를 유지했다.보안업계 관계자는 “생성형 AI와 초개인화 서비스가 확산되면서 정보보호는 플랫폼 경쟁력을 좌우하는 핵심 요소가 되고 있다”며 “투자액 자체뿐 아니라 IT 투자에서 정보보호가 차지하는 비중과 전문 인력 확보 수준까지 함께 봐야 기업의 보안 전략을 제대로 평가할 수 있다”고 말했다.한편 이번 비교는 KISA 정보보호 공시 종합포털에 공시된 이커머스 주요 법인을 기준으로 했다.롯데온은 롯데쇼핑의 이커머스 사업부로 운영돼 롯데쇼핑 공시에 포함되며, 네이버는 포털 사업을 포함한 통합 법인 기준으로 공시가 이뤄지는 만큼 이번 비교 대상에서는 제외했다. 이에 따라 쿠팡, 지마켓, 11번가, SSG닷컴, 알리익스프레스코리아의 공시 내용을 중심으로 투자액과 투자 비중, 전담 인력 등을 비교했다.",True,CPO,"국내 이커머스 기업들의 정보보호 투자 전략이 다양하게 나타나고 있다. 쿠팡은 투자액이 가장 많지만, 투자 강도는 지마켓과 11번가보다 낮다. 11번가는 IT 축소 속에서도 정보보호 비중을 높였으며, SSG닷컴은 투자와 인력 모두 소폭 늘리며 안정적 전략을 유지했다. 기업별로 전담 인력과 CISO·CPO 운영 방식에도 차이를 보이며, AI와 초개인화 서비스 경쟁이 치열해지면서 보안이 핵심 경쟁력으로 부상하고 있다.",CPO,1.0
2026-07-01,"몸집 커지는 K-식품·뷰티, 정보보호 투자 성적은",정보 없음,https://n.news.naver.com/mnews/article/138/0002232765,"전담 인력 절반 이상 '외주 의존' 공통 리스크이재현 CJ그룹 회장이 미국에서 열린 더 CJ컵을 방문했다. [사진=CJ그룹][디지털데일리 유채리 기자] 글로벌 시장에서 영토를 확장하며 대한민국 주요 산업군으로 떠오른 'K-푸드'와 'K-뷰티'가 외형 성장세와 달리 늘어나는 글로벌 타깃 해킹 리스크에 대한 대비는 미약하다는 지적이 나온다. 해외 자사 몰 확대와 글로벌 인지도 상승으로 사이버 위협의 표적이 될 가능성은 급증했으나, 이를 뒷받침할 정보보호 투자는 기업별로 온도 차를 보이고 있다.1일 한국인터넷진흥원(KSA) 정보보호 공시현황에 따르면 국내 뷰티 및 식품 산업을 이끄는 주요 12개 기업의 분석한 결과, 취약점을 가진 기업들이 확인됐다. 분석 대상 기업은 달바글로벌, 롯데웰푸드, 농심, 삼립, 삼양식품, 아모레퍼시픽, 에이피알, 오뚜기, 오리온, CJ제일제당, CJ올리브영, LG생활건강이다.정보보호부문 '절대 투자 규모'로만 보면 뷰티와 식품 대기업들이 전면에 나선다. 뷰티 업계에서는 아모레퍼시픽이 93억5907만원을 투입해 가장 컸고 LG생활건강이 77억1700만원으로 그 뒤를 이었다.식품 업계에서는 CJ제일제당이 69억3741만원을 기록해 투자 규모 1위를 차지했다. 반면 절대 규모 측면에선 에이피알(3억2151만원), 삼양식품(3억6050만원) 등의 수치가 낮게 나타났다.다만 전체 정보기술(IT) 투자액 대비 정보보호부문 투자액 비율을 따져보면 순위는 다소 뒤바뀐다. 식품 업계에서는 CJ제일제당이 8.9%로 단순 투자액 순위와 같이 1위를 차지했다. 이어 오뚜기가 7.9%, 롯데웰푸드가 7.6%로 상위권에 안착했다. 삼립(4.6%)과 오리온(4.3%)은 4%대로 중간 순위에 머물렀다.투자 비율에서 '라면 투톱'이 아쉬움을 남긴다. 농심의 투자 비율은 3.7%로 하위권이며, 삼양식품은 신규 전사적자원관리(ERP) 시스템 도입으로 IT 투자 덩치는 커졌지만, 정보보호투자 비율은 2.5%에 불과했다.뷰티업계에서는 달바 글로벌의 투자 비율이 35.9%로 1등을 차지했다. LG생활건강(10.4%)과 아모레퍼시픽(6.7%)이 뒤를 이었다. 에이피알은 5.4% 수준으로 분석됐다.특히 올해부터 정보통신망법상 기업 규모 및 이용자 기준을 충족해 '의무 공시 대상'으로 신규 전환된 CJ올리브영의 투자 비율은 4.3%에 그쳐 뷰티 섹터 내 꼴찌를 기록했다. 올리브영의 IT부문 투자액은 1263억인데 반면 정보보호부문 투자액은 약 54억원에 머물렀다.[사진=농심]K-식품과 뷰티 기업들의 공통 리스크는 실질적인 보안 컨트롤타워 역할을 해야 할 '전담 인력'의 기형적 구조에 있다. 분석 대상 대다수 기업이 전체 전담 인력의 절반 가량을 외주 인력에 의존하고 있었다.특히 LG생활건강(27.7명 중 외주 16.5명), 아모레퍼시픽(33.3명 중 외주 19.6명), CJ제일제당(41.6명 중 외주 21.3명), 오뚜기 (4.5명 중 외주 2.5명)는 모두 내부 직원보다 외주 인력이 더 많았다.특히 농심은 정보보호 전담 인력이 2.9명이라고 공시했으나 이 중 내부 인력은 0명으로 모두 외주인력이다. 외주인력 비중이 큰 경우, 침해 사고 발생 시 책임 있는 내부 통제력과 관리 연속성에 공백이 생길 수 있다는 지적이다.올해 자산 5조원을 돌파하며 공정거래위원회의 공시대상기업집단으로 신규 지정된 오리온은 정보보호 투자 부문에서 다소 부족한 모습을 보였다. 정보기술부문 투자액은 87억6697만원인데 반해 정보보호부문 투자액은 3억7625만원(4.3%)다. 전체 정보보호 전담 인력은 1.5명(내부 1.0명, 외주 0.5명)에 그쳤다.보안 거버넌스 측면에서도 개선 과제를 드러냈다. 뷰티 섹터의 경우, LG생활건강과 아모레퍼시픽, CJ올리브영 모두 전문 조직인 '정보보안센터장' 직책의 임원급 인사를 정보보호최고책임자(CISO) 및 개인정보보호책임자(CPO)로 전면 배치해 사내 보안 목소리에 힘을 실었다. 다만 두 곳 모두 CISO가 CPO를 겸직하는 구조다. 에이피알 역시 본부장급 임원이 직을 수행 중이다.반면 식품 섹터는 일부 상위권을 제외하고는 거버넌스에서 보완점이 발견됐다. 롯데웰푸드는 부문장급 임원이 CISO와 CPO를 겸직하고 있다. 삼립은 경영기획실장이 임원 직급으로 CISO를 겸직하고 있다. 더욱이 CPO의 경우, 경영기획실장, 품질경영실장, 마케팅전략실장, 이커머스사업부장, 안전보건경영실장이 겸직하고 있는 가운데 주요 활동은 0건인 점이 아쉬움을 드러냈다.최근 식품·뷰티 부문은 K-문화의 인기에 따라 함께 주목받고 있다. 이에 해외 매출 비중을 높이기 위해 글로벌 자사몰 확대 등을 진행하고 있다. 이는 글로벌 해킹 범죄의 타깃이 될 가능성을 높인다는 우려로 이어진다. 업계 안팎에서는 이들이 글로벌 주류 기업으로 안착하기 위해서는 외형 규모에 걸맞은 글로벌 정보보호 표준을 확립하는 것이 필요하다는 지적도 나온다.",True,CPO,"K-푸드와 K-뷰티 기업들이 글로벌 시장 확장에 따라 해킹 위험이 높아지고 있으나, 정보보호 투자는 기업별로 차이 나며 부족한 곳도 많다. 특히 전담 인력의 절반 이상이 외주에 의존하는 구조로 내부 통제력에 공백이 발생할 우려가 크다. 일부 기업은 보안 조직을 강화했으나, 전체적으로 글로벌 표준에 맞는 보안 체계 구축이 시급하다.",CPO,1.0
2026-07-01,6월 수출 첫 1000억 달러 돌파…반도체도 첫 400억 달러 넘어,정보 없음,https://n.news.naver.com/mnews/article/421/0009033410,"전년比 70.9%↑…독일·중국·미국 이어 전세계 4번째반도체 주도…20개 주력 품목 중 18개 품목 수출 증가이재명 대통령이 광주 김대중 컨벤션센터에서 열린 서남권 첨단산업 발전비전 국민보고회에서 SK하이닉스 AI반도체 전시물을 관람하고 있다. (청와대통신사진기자단) 2026.6.30 ⓒ 뉴스1 이재명 기자(서울=뉴스1) 황덕현 기후환경전문기자 = 한국의 월간 수출이 사상 처음 1000억 달러를 넘어섰다. 반도체 수출도 처음으로 400억 달러를 돌파하며 전체 수출과 무역흑자 확대를 이끌었다.1일 산업통상부의 '2026년 6월 수출입 동향'에 따르면 6월 수출은 전년 동월 대비 70.9% 증가한 1022억 5000만 달러로 집계됐다. 수입은 30.1% 늘어난 661억 달러, 무역수지는 361억 5000만 달러 흑자를 기록했다.한국의 월 수출이 1000억 달러를 넘은 것은 이번이 처음이다. 독일, 중국, 미국에 이어 전 세계에서 4번째로 월 수출 1000억 달러 이상을 기록한 국가가 됐다.수출 증가세는 반도체가 주도했다. 6월 반도체 수출은 448억 2000만 달러로 전년 동월보다 199.5% 늘었다. 반도체 월 수출이 400억 달러를 넘어선 것도 처음이다.메모리 수요가 급증하면서 고정가격이 오른 영향이 컸다. DDR5 16Gb 가격은 3월 31달러에서 6월 40달러로 올랐고, NAND 128Gb 가격은 같은 기간 17.7달러에서 28.8달러로 상승했다.반도체 외 품목 수출도 증가했다. 6월 반도체 외 품목 수출은 574억 달러로 전년 동월보다 28% 늘었다. 20대 주력 수출 품목 중 18개 품목의 수출이 증가했다.컴퓨터 수출은 54억 1000만 달러로 308.8% 늘었다. 빅테크 기업의 AI 인프라 투자가 확대되면서 SSD 수요가 증가한 영향이다. 무선통신기기 수출은 15억 5000만 달러로 51.9% 늘었다. 휴대전화 완제품 수출이 112%, 휴대전화 부품 수출이 33% 증가했다.조업일수를 고려한 일평균 수출도 역대 최대치를 경신했다. 6월 일평균 수출은 45억 4000만 달러로 전년 동월 대비 59.5% 증가했다. 지난 5월 42억 8000만 달러에 이어 2개월 연속 역대 최대 실적이다.상반기 기준 수출은 4967억 달러로 전년 동기보다 48.4% 증가했다. 수입은 3584억 달러로 16.6% 늘었고, 무역수지는 1383억 달러 흑자를 냈다.상반기 반도체 수출은 1924억 달러로 전년 동기보다 163% 증가했다. 이는 2025년 연간 반도체 수출 실적 1734억 달러를 이미 넘어선 규모다. 상반기 반도체 외 품목 수출도 3043억 달러로 16% 늘었다.수출 구조는 AI 투자와 메모리 가격 상승에 크게 기대는 흐름을 보였다. 반도체가 전체 수출 증가 폭을 끌어올렸지만, 반도체 외 품목도 두 자릿수 증가세를 보이며 수출 확대에 함께 기여했다.",True,반도체,"한국의 6월 수출이 전년 동월 대비 70.9% 증가한 1022억 5000만 달러로 사상 처음 1000억 달러를 돌파했고, 반도체 수출도 448억 2000만 달러로 199.5% 급증하며 400억 달러를 넘어섰습니다. 반도체 외 품목도 574억 달러로 28% 증가했고, 컴퓨터와 무선통신기기 수출도 크게 늘었습니다. 상반기 수출은 4967억 달러로 48.4% 증가했으며, 반도체 수출은 1924억 달러로 163% 늘어 2025년 연간 실적을 이미 넘어섰습니다. 이는 AI·메모리 가격 상승과 글로벌 수요 증가에 힘입은 성과입니다.",반도체,3.0
2026-07-01,"추미애, 취임 첫 결재는 ‘K-반도체 혁신 대책’…직속 전략위 신설",정보 없음,https://n.news.naver.com/mnews/article/666/0000113550,"5년 내 생산능력 2배 승부수추미애 경기도지사가 1일 ‘K-반도체 혁신대책’을 1호 결재 안건으로 서명했다. 홍기웅기자추미애 경기도지사가 취임 첫 결재로 ‘K-반도체 혁신대책’을 선택하며 민선 9기 핵심 성장전략의 첫발을 내디뎠다. 도지사 직속 반도체전략위원회를 신설하고, 5년 안에 반도체 생산능력을 두 배로 확대하는 것을 목표로 세계 최대 반도체 클러스터 조성에 속도를 내겠다는 구상이다.추 지사는 1일 경기도청에서 취임 직후 ‘반도체 초격차를 위한 K-반도체 혁신대책’을 제1호 결재 안건으로 처리하고 “정부의 대한민국 대도약 3대 메가프로젝트 반도체 전략과 연계해 경기도가 글로벌 초격차를 선도하겠다”고 밝혔다.도가 마련한 혁신대책은 ▲세계 최대 반도체 생태계 조기 완성 ▲5년 내 생산능력 2배 확대 ▲미래 성장기반 구축 등을 중심으로 추진된다.우선 수원·용인·화성·성남·안성·평택·오산·이천을 잇는 ‘수용성평오이(수원·용인·성남·평택·오산·이천)’ 반도체 벨트를 중심으로 연구개발(R&D), 팹리스, 소부장, 제조를 연결하는 반도체 생태계를 조기에 완성한다는 계획이다.생산시설 구축 속도도 대폭 끌어올린다. 용인 국가산단과 일반산단은 기존 계획보다 각각 12년, 7년 획기적으로 앞당긴다는 구상이다. 이를 위해 전력·용수·도로 등 핵심 인프라 확충에도 행정력을 집중하기로 했다. 아울러 도지사 직속 ‘반도체전략위원회’를 구성해 정부와 중앙행정 기관과의 소통 채널을 강화할 예정이다.추 지사는 “이번 대책은 민선 9기 정책 목표인 강한 성장 반도체로 경제 1번지 구현을 실현하기 위한 것이자 신속한 반도체 클러스터 조성과 기업 투자 지원 체계를 구축하는 데 목적이 있다”며 “정부 전략과 경기도 실행력을 긴밀히 연계해 세계 최대·최고 수준의 반도체 생태계를 구축하겠다”고 말했다.반도체 산업 육성을 위한 재정 기반 확충 필요성도 강조했다. 추 지사는 “글로벌 초격차 유지와 인프라 구축에는 막대한 재원이 필요하다”며 “현재 법인지방소득세는 기초지자체에만 귀속돼 도에는 전혀 들어오지 않는 구조인 만큼 중앙정부와 국회를 통해 제도 개선을 추진하겠다”고 했다.반도체 클러스터 조성 과정에서 발생하는 송전선로, 전력시설 설치 등 지역 갈등에 대해서는 “주민 수용성을 높이는 것이 곧 반도체 속도전의 핵심”이라며 “상생기금과 경기미래투자공사 설립 등을 통해 재원을 마련하고 지중화 사업 등도 적극 추진해 지역이 함께 성장하는 기반을 만들겠다”고 설명했다.한편 추 지사는 취임 후 인사 방향과 관련해서 “경기준비위원회는 공약과 재원 점검에 집중했기 때문에 인사를 충분히 들여다볼 시간은 없었다”며 “재정혁신TF와 함께 도정 성과를 객관적으로 진단한 뒤 AI 행정혁신에 맞는 조직 혁신과 인사 재배치를 추진하겠다”고 했다.",True,반도체,"추미애 경기도지사는 취임 첫 결재로 ‘K-반도체 혁신대책’을 승인하며 5년 내 반도체 생산능력을 두 배로 확대하는 목표를 세웠다. 도는 반도체 클러스터 조성과 인프라 확충, 연구개발, 기업 투자 지원 등을 추진하며 글로벌 초격차를 선도한다. 이를 위해 반도체전략위원회 신설과 중앙정부와의 협력을 강화하고, 재정 기반 마련과 지역 갈등 해소 방안도 마련한다.",반도체,2.0
2026-07-01,월 수출액 사상 첫 1천억 달러 돌파…반도체 견인,정보 없음,https://n.news.naver.com/mnews/article/055/0001368910,"<앵커>지난달 우리나라의 월 수출액이 사상 처음으로 1천억 달러를 넘었습니다. 독일과 중국, 미국에 이어 네 번째로 이뤄낸 성과입니다. 전 세계적으로 수요가 폭증한 반도체가 수출을 이끌면서, 올해 연간 수출은 1조 달러도 가능할 거라는 전망이 나옵니다.첫 소식, 정준호 기자가 전하겠습니다.<기자>지난달 수출액은 1년 전보다 71% 증가한 1천22억 5천만 달러로 집계됐습니다.기존 역대 최대 기록이었던 5월의 878억 달러를 훌쩍 뛰어넘었습니다.월 수출 1천억 달러는 독일과 중국, 미국에 이어서 전 세계 네 번째입니다.수출을 견인한 건 단연 반도체였습니다.반도체 수출은 지난해 같은 달보다 200% 증가하면서 전체 수출액의 절반에 가까운 448억 달러를 기록했습니다.우리나라의 메모리 반도체가 AI 시대의 패권을 쥐기 위한 글로벌 기업들의 필수품이 된 데다 가격도 상승한 영향이 컸습니다.[젠슨 황/엔비디아 CEO (지난달 8일) : SK는 우리의 가장 큰 메모리 반도체 파트너입니다. SK 없이는 오늘의 AI 산업이 이만큼 성장하지 못했을 겁니다.]메모리 반도체의 가격이 올해 들어 2배 가까이 높아지면서 상반기 반도체 수출액은 지난해 전체 반도체 수출액을 넘겼습니다.전 세계적으로 AI 인프라 투자가 늘면서 데이터 저장장치가 포함된 컴퓨터 수출도 300% 넘게 증가했고, 데이터센터 건설에 필요한 철근 수요가 커지면서 철강 수출이 14개월 만에 플러스로 전환하는 등 AI 효과가 수출 주력 산업군 전반에 퍼졌습니다.[강감찬/산업통상부 무역투자실장 : 20대 주력 수출 품목 중에서 18개 품목이 상승하였습니다. 사상 처음으로 월 300억 달러 (무역수지)흑자 이상을 기록하였습니다.]정부는 하반기에도 반도체 가격이 상승할 것으로 보인다며 연 수출 첫 1조 달러 달성으로 세계 4위까지 오를 수 있을 것으로 내다봤습니다.영국의 캐피털이코노믹스가 올해 우리나라 성장률을 4%로 예상하는 등 반도체 수출 호조세에 힘입어 국내외 주요 기관들이 잇따라 성장률 전망치를 올리고 있습니다.(영상편집 : 이소영, 디자인 : 서승현)",True,반도체,"지난달 우리나라 수출액이 사상 최초로 1천22억 달러를 기록하며 71% 증가했고, 월 수출 1천억 달러는 독일, 중국, 미국에 이어 세계 네 번째입니다. 반도체 수출이 200% 늘어나 전체 수출의 절반에 가까운 448억 달러를 차지했으며, AI 시대의 수요 증가와 가격 상승이 주요 요인입니다. 데이터 저장장치와 철강 수출도 크게 늘어났으며, 정부는 하반기에도 반도체 가격 상승이 지속돼 연간 수출 1조 달러 돌파와 4위권 진입이 기대된다고 전망했습니다.",반도체,3.0
2026-07-01,월 수출 1000억 달러 돌파…반도체 타고 세계 4대 수출대국으로,정보 없음,https://n.news.naver.com/mnews/article/448/0000623641,"[앵커]지난 6월 한 달 동안의 우리나라 수출액이 사상 처음으로 1000억 달러를 넘었습니다. 독일, 중국, 미국에 이어 세계 네 번째인데, 일본과 인도 같은 경제 대국도 해본 적 없는 놀라운 성과입니다. 하지만 내용을 뜯어보면 반도체에 쏠려 있는 우리 수출 구조가 여실히 드러나 우려되는 부분도 없지 않습니다.신유만 기자가 짚어봤습니다.[리포트]지난달 우리나라 수출액은 1022억 5000만 달러. 1년 전보다 70.9% 급증했습니다.무역수지도 361억 5000만 달러 흑자. 사상 처음으로 300억 달러를 넘었습니다.독일과 중국, 미국만 넘었던 월 수출 1000억 달러 선을 우리나라가 네 번째로 넘은겁니다.강감찬 / 산업통상부 무역투자실장""월 수출 1000억 달러를 넘은 국가는 독일, 중국, 미국에 이어서 우리나라가 네 번째에 해당됩니다.""1977년 중화학 공업이 호황을 맞으며 연 100억 달러 수출을 기록한 우리나라는 1994년 12월 처음으로 월 수출액 100억 달러를 넘겼고, 2011년 7월 500억 달러를 지나 32년 만에 월 1000억 달러에 깃발을 꽂았습니다.주력 품목 전반이 증가세를 보인 가운데, 초호황기를 맞은 반도체가 신기록을 이끌었습니다.지난달 반도체 수출은 448억2000만 달러. 1년 전보다 2배 가까이 늘며 전체 수출의 43.8%를 차지했는데, 전통적 수출 효자인 자동차와 선박, 철강을 다 합친 것보다 4배나 많습니다.신세돈 / 숙명여대 경제학과 명예교수""워낙 지금 가격 (상승) 효과가 커서 우리나라 수출 전체가 굉장히 좋아지는 것 같은 착시 현상을 초래하는 거죠.""전문가들은 수출 규모가 커진 것은 환영하면서도 지나친 쏠림으로 반도체 가격이나 수요가 꺾이면 단번에 수출 전체가 흔들릴 수도 있다고 우려했습니다.TV조선 신유만입니다.",True,반도체,"지난 6월 우리나라 수출액이 사상 최초로 1022억5000만 달러를 기록하며 독일, 중국, 미국에 이어 세계 네 번째로 1000억 달러를 넘겼습니다. 1년 전보다 70.9% 급증했고, 무역흑자도 사상 최대인 361억5000만 달러입니다. 특히 반도체 수출이 448억2000만 달러로 전체 수출의 43.8%를 차지하며, 자동차, 선박, 철강보다 4배 이상 많아 수출 구조가 반도체에 쏠려 있는 점이 우려됩니다. 전문가들은 수출 호조는 긍정적이지만, 반도체 가격이나 수요가 하락하면 전체 수출이 흔들릴 위험도 있다고 지적합니다.",반도체,2.0
2026-07-01,"한국 수출, 마침내 '1000억달러 시대'…반도체가 새 역사 썼다",정보 없음,https://n.news.naver.com/mnews/article/123/0002385710,"6월 수출 사상 첫 1022억달러…독일·중국·미국 이어 '세계 4번째'반도체 월 448억달러·무역흑자 361억달러 모두 '역대 최대'20대 주력 품목 중 18개 증가…미·중 수출 나란히 200억달러 돌파상반기 반도체 수출, 지난해 연간 실적 이미 넘어..""5대 수출강국 도약""◆…어느 봄 부산항 신선대부두, 감만부두에 컨테이너가 가득 쌓여 있는 모습(연합뉴스 제공).한국이 세계에서 네 번째로 월 수출 1000억달러 시대를 열었다.반도체 호황을 발판으로 6월 수출이 사상 처음 1000억달러를 돌파했고, 무역수지도 처음으로 300억달러를 넘어섰다. 상반기 반도체 수출은 이미 지난해 연간 실적을 뛰어넘으며 한국 수출의 성장을 이끌었다.산업통상자원부가 1일 발표한 '2026년 6월 및 상반기 수출입 동향'에 따르면 6월 수출은 지난해 같은 달보다 70.9% 증가한 1022억5000만달러를 기록했다. 월간 수출이 1000억달러를 넘은 것은 처음이다. 한국은 독일(2006년 10월), 중국(2007년 6월), 미국(2007년 10월)에 이어 전 세계에서 네 번째로 월 수출 1000억달러를 달성한 국가가 됐다.6월 수입은 661억달러로 30.1% 늘었고, 무역수지는 361억5000만달러 흑자를 기록했다. 월간 무역흑자가 300억달러를 넘어선 것도 이번이 처음이다. 상반기 누적 무역흑자는 1383억달러로 역대 최대를 경신했다.◆…6월 수출입 개요(산업통상자원부 제공).◆…산업통상자원부 제공.1등 공신은 단연 반도체였다. 6월 반도체 수출은 전년 동월보다 199.5% 급증한 448억2000만 달러로, 월 기준 사상 처음 400억 달러를 넘어섰다. AI 데이터센터 투자 확대에 따른 메모리 수요 폭증이 고정가격 상승으로 이어지면서 수출단가와 물량이 동시에 뛴 결과다. DDR5 16Gb 고정가격은 지난 3월 31.0달러에서 6월 40.0달러로, NAND 128Gb는 같은 기간 17.7달러에서 28.8달러로 뛰었다. 이에 따라 반도체는 월간 수출과 상반기 누적 수출 모두 사상 최고치를 새로 썼다.◆…산업통상자원부 제공.반도체만 잘된 것은 아니다. 20대 주력 수출품목 가운데 18개 품목이 증가세를 보였다. 특히 컴퓨터(SSD 등) 수출은 빅테크 기업들의 AI 인프라 투자 확대에 힘입어 308.8% 증가한 54억1000만 달러를 기록하며 5개월 연속 세 자릿수 증가율을 이어갔고, 화장품(13억4000만 달러, +42.5%)과 바이오헬스(19억2000만 달러, +14.1%)는 나란히 역대 6월 최대 실적을 새로 썼다.자동차 수출은 67억1000만달러로 5.8% 증가했고, 선박은 LNG선 등 고부가가치 선박 수출 확대에 힘입어 12.9% 늘었다. 석유제품은 수출 물량 감소에도 국제유가와 수출단가 상승 영향으로 49.8% 증가했다.◆…산업통상자원부 제공.9대 주요 수출지역 중 7곳에서 수출이 늘었다. 주력 시장인 미·중 수출은 나란히 200억달러를 돌파했다. 중국향 수출은 반도체 수출이 세 자릿수 증가율을 유지하며 92.1% 증가한 200억3000만 달러를, 미국향 수출은 AI 서버 투자 확대에 힘입은 반도체·컴퓨터 호조로 78.6% 증가한 200억2000만 달러를 각각 기록했다. 두 지역 모두 6월 기준 역대 최대 실적이다.아세안(183억 달러, 86.6%)과 EU(76억 2000만 달러, 31.8%)도 반도체를 필두로 품목이 고르게 증가하며 역대 최대치를 새로 썼다. 반면 중동은 물류 차질 여파로 자동차부품·일반기계·철강 등이 부진하면서 8.4% 감소한 18억 달러에 그쳤다.◆…산업통상자원부 제공.상반기 전체 수출은 4967억달러로 지난해 같은 기간보다 48.4% 증가하며 역대 최대 실적을 새로 썼다. 특히 반도체 수출은 1924억달러로 지난해 연간 수출액(1734억달러)을 상반기 만에 넘어섰다. 컴퓨터 수출도 212억달러로 기존 연간 최고 기록을 경신했다.다만 산업부는 하반기에는 미국의 관세 정책, 국제유가 변동성, 글로벌 경기 둔화 가능성 등 대외 불확실성이 이어질 것으로 전망했다.김정관 산업통상부 장관은 ""올해 상반기는 미국의 관세 조치, 중동 전쟁에 따른 물류·에너지 불안 등으로 수출 여건이 녹록지 않았던 시기""라면서도 ""AI 서버향 투자 확대에 따른 반도체 호조와 선박·석유제품·화장품·농수산식품 등 주력·유망 품목의 고른 선전으로 역대 최대 실적을 경신했다""고 평가했다.이어 ""하반기에도 주요국과의 긴밀한 협의로 우리 기업의 불확실성을 최소화하고, 품목·시장 다변화와 중소기업 수출경쟁력 강화 등 질적 성장을 통해 수출 5대 강국으로 도약하겠다""고 밝혔다.◆…20대 주요 수출 품목 규모 및 증감률(단위: 백만 달러, 증감율: 퍼센트)",True,반도체,"한국이 6월 월 수출 1022억달러로 사상 처음 1000억달러를 돌파하며 세계 4위에 올랐으며, 무역흑자도 361억달러로 역대 최대를 기록했다. 특히 반도체 수출은 전년보다 199.5% 증가한 448억달러로, 상반기 수출 실적도 역대 최고를 경신했다. 20대 주력 품목 가운데 18개가 증가했고, 미국·중국 수출도 각각 200억달러를 넘겼다. 전반적으로 수출은 AI·반도체 호황 덕분에 성장했으며, 하반기 글로벌 불확실성 속에서도 질적 성장을 목표로 하고 있다.",반도체,3.0
2026-07-01,호남 반도체 팹 설립 움직임에 삼성 노조 “노사정 협의하자”,정보 없음,https://n.news.naver.com/mnews/article/009/0005701577,"삼성그룹 초기업노동조합 삼성전자지부 최승호 위원장. <연합뉴스>삼성전자 DS(반도체)부문이 주축이 된 삼성그룹 초기업노동조합 삼성전자 지부(이하 초기업노조)가 정부와 삼성전자 등이 추진 중인 대한민국 대도약 메가 프로젝트와 관련 노사정 협의를 1일 제안했다. 메가 프로젝트의 핵심은 삼성전자와 SK하이닉스가 호남권에 800조원을 투입해 전공정 반도체 팹을 4기 건설하는 것이다. 삼성전자의 반도체 팹이 수도권을 벗어나서 건설되는 것은 이번이 처음이다.초기업노조는 이날 입장문을 통해 “정부와 회사, 노동조합이 한자리에 모이는 노사정 협의의 장을 제안하며 건설적인 대화를 통해 이 국가적 과제가 대한민국의 새로운 도약으로 이어지길 기대한다”고 밝혔다.초기업노조는 “(대한민국 반도체 산업의) 경쟁력을 지키기 위해선 천금매골(인재를 얻기위해 정성을 다한다는 뜻의 고사성어)의 자세가 필요하다”며 “핵심 인재와 기술을 확보하는 데 망설임 없는 과감한 투자가 뒷받침돼야 한다”고 강조했다.이어 초기업노조는 “메가 프로젝트는 대한민국 반도체 산업의 미래를 좌우할 과제”라며 “라인 하나를 가동하기 위해 부지 선정, 인허가, 전력, 용수 등 기반 인프라 확보를 포함하면 최소 5년 이상 걸리는 긴 여정”이라고 주장했다.초기업노조는 “그만큼 조급함보다는 철저한 준비가 필요하며 긴 호흡으로 미래를 내다보며 차근차근 대비해 나갔으면 한다”고 밝혔다. 초기업 노조는 “이 모든 것의 근본에는 사람이 있다”며 “초기업노조는 조합원이 앞으로 일하게 될 현장의 산업 안전, 주거 환경, 인프라가 충실히 갖춰지고 그에 걸맞은 처우가 뒷받침되길 바란다”고 했다.초기업노조는 “이런 과제는 우리 모두가 뜻을 모을 때 해결할 수 있다”며 “현장을 가장 잘 아는 노동조합이 그 역할을 다하겠다”고 강조했다.삼성전자 노조가 회사의 호남 팹 설립 움직임에 대해서 함께 노사정 협의를 제안한 것은 예상밖이라는 설명이 나온다. 새로운 팹의 위치를 정하고 투자를 결정하는 것은 노동조합이 아니라 경영진의 몫이기 때문이다. 이처럼 노조가 회사측에 대화를 요구하는 것은 지난 3월 시행된 노란봉투법의 연쇄효과라는 설명도 나온다. 노란봉투법은 노조의 쟁의 행위 대상을 ‘사업 경영상 결정’까지 넓혔기 때문이다.삼성전자의 서남권 전공정 팹 건설 계획이 공개된 이후 삼성전자 내부에서는 광주로 이동할 직원의 조건과 처우를 추정하는 글이 돌기도 했다.앞서 삼성전자는 서남권 반도체 클러스터 육성을 위해 400조원을 투자해 팹 2기를 광주에 짓겠다고 발표했다.",True,반도체,"삼성전자 DS부문 초기업노조는 정부와 삼성전자 등이 추진하는 호남권 반도체 메가 프로젝트와 관련하여 노사정 협의를 제안했다. 이번 프로젝트는 SK하이닉스와 함께 800조원을 투입해 전공정 반도체 팹 4기를 건설하는 것으로, 삼성전자의 수도권 외 팹 건설은 처음이다. 노조는 인재 확보와 인프라 준비의 중요성을 강조하며, 긴 호흡으로 차근차근 준비할 것을 제안했고, 현장 안전과 처우 개선도 요구했다. 이는 노조의 대화 요청이 예상보다 이례적이며, 노란봉투법 시행 이후 노사 간 협의가 활발해지고 있음을 시사한다.",반도체,2.0
2026-07-01,[단독] 800조 호남 반도체 클러스터에 '주52시간 예외' 검토,정보 없음,https://n.news.naver.com/mnews/article/008/0005380160,"[the300]'메가특구 특별법' 잠정안 단독 입수R&D인력 근로시간 규제 적용 예외탄력·선택적 근로시간제 확대검토호남 클러스터 메가특구에도 적용메가특구특별법 잠정안 중 기업활동 신규 규제특례안/그래픽=이지혜이재명 정부가 호남(서남권) 반도체 제2클러스터 등에 지정하는 '메가특구'에 연구개발(R&D) 인력 등의 근로시간 규제 적용 제외를 검토하고 있는 것으로 확인됐다. 기업들의 숙원인 파격적인 근로시간 유연화 규제 특례를 적용해 특구 기업에 주52시간 근로시간 규제를 풀어주는 한국판 '화이트칼라 이그잼션'(White Collar Exemption)을 도입하겠다는 것이다. 삼성전자와 SK그룹이 4755조원 규모의 '3대 메가프로젝트' 투자계획을 발표한 가운데 규제 특례를 위한 법적·제도적 기반이 마련되면 초격차 산업 강국 도약에 한층 탄력이 붙을 전망이다.━한국판 '화이트칼라 이그잼션' 도입되나…메가특구 한정 '탄력근로제·연장근로 기간 확대'━1일 여권에 따르면, 대통령 직속 규제합리화위원회와 주무부처인 산업통상부는 최근 '메가특구 특별법 주요내용' 잠정안을 마련하고 부처 간 협의를 진행 중이다. 메가특구 특별법은 초광역 단위의 국가전략산업 거점을 육성하기 위해 최고 수준의 규제 특례와 파격적인 지원 패키지를 제공하는 제정 법안이다. 정부는 부처 협의와 당정 논의를 거쳐 최종안을 확정한 후 입법 절차에 착수한다는 계획이다.머니투데이가 단독 입수한 잠정안에는 메가특구 내 R&D 인력과 고소득 전문인력, 스타트업(신생 벤처기업) 핵심 인력 등에 대해 노사 협의를 거쳐 근로시간 및 휴일근로, 연장·야간근로 규제 등의 적용을 제외할 수 있다는 내용이 담겼다. 아울러 탄력근로제 단위 기간을 기존 최대 6개월에서 1년까지 확대하고 연장근로 관리단위를 '주'에서 '월·분기·반기·연' 단위로 확대하는 방안도 잠정안에 포함됐다.근로시간 유연화와 관련해 삼성전자와 SK하이닉스는 글로벌 반도체 시장에서 경쟁력을 갖추려면 R&D 업무의 연속성을 고려해 근로시간 규제 예외 적용이 필요하다는 입장이다. 하지만 지난 1월 여야가 합의해 처리한 '반도체 특별법'은 주 52시간 예외가 빠진 채 국회를 통과했다.이런 상황에서 메가특구법에는 파격적으로 근로시간 규제 적용 제외 특례를 반영하겠다는 것이다. 반도체 등 첨단기업과 스타트업의  첨단산업 연구개발 및 신산업 육성·선점을 위해 기업의 근로시간 운영 자율성을 대폭 확대하겠다는 뜻으로 풀이된다.이와 관련해 김정관 산업통상부 장관은 전날 '서남권 첨단산업 발전비전 국민보고회'에서 ""호남에 최소 1개 이상의 메가특구를 지정해 기업이 겪고 있는 다양한 애로들을 해소해 나가겠다""고 말했다. 이에 따라 삼성전자와 SK하이닉스가 800조원을 들여 호남에 건립하는 반도체 팹(전공정) 공장 4곳에는 근로시간 규제 적용이 제외될 가능성이 커 보인다.[서울=뉴시스] 조성봉 기자 = 이재명 대통령이 30일 서남권 산업단지 후보지 항공 시찰을 하고 있다. (사진=청와대 제공) 2026.06.30. photo@newsis.com  *재판매 및 DB 금지 /사진=━메가특구 내 '지주회사 수평출자' '직접 PPA' 등 파격 특례도 논의 테이블━정부는 이와 함께 그룹 전체가 메가특구 내 유망 기업을 지주회사와 자회사, 손자회사, 증손회사 등 여러 층위에서 투자하도록 허용하는 '지주회사 수평출자' 특례도 논의 중이다. 초기 투자액이 큰 반도체 등 첨단산업 분야에서 기업들의 투자 여력 제고와 신속한 신산업 진출 및 선점 효과가 기대된다.전력공급 특례인 '직접 PPA(Power Purchase Agreement)' 제도도 주목된다. 메가특구 기업이 한국전력 등을 거치지 않고 발전사업자와 직접 전기를 매매하도록 허용하는 내용이다. AI(인공지능) 등 첨단산업 분야에서 막대한 전력 수요가 발생한다는 점을 고려하면 직접 PPA 제도는 기업의 안정적인 전력 확보에 기여할 것으로 기대된다.한편, 메가특구는 이재명 대통령이 지난 4월15일 청와대에서 규제합리화위원회 제1차 전체회의를 주재하면서 논의가 본격화했다. 기존 특구와는 차별화된 파격적인 혜택과 규제 특례로 첨단산업 성장과 '5극3특' 등 국토균형발전을 동시에 꾀하는 게 목적이다.[광주=뉴시스] 조성봉 기자 = 이재명 대통령이 30일 광주 김대중 컨벤션센터에서 열린 서남권 첨단산업 발전비전 국민보고회에서 참석자들과 기념촬영을 하고 있다.   왼쪽부터 민형배 전남광주통합특별시장 당선인, 김영록 전남도지사, 강훈식 비서실장, 김성환 기후에너지환경부 장관, 배경훈 부총리 겸 과학기술정보통신부 장관, 이진안 엠코코리아 대표이사, 곽노정 SK하이닉스 대표이사, 이 대통령, 전영현 삼성전자 부회장, 구윤철 경제부총리 겸 재정경제부 장관, 김정관 산업통상부 장관, 김윤덕 국토교통부 장관, 김용범 정채실장, 하준경 경제성장수석, 강기정 광주시장. 2026.06.30. suncho21@newsis.com /사진=조성봉",True,반도체,"정부는 호남 등 메가특구 지정 지역에 R&D 인력 근로시간 규제 적용 제외와 근로시간 유연화 방안을 검토 중이다. 잠정안에는 탄력근로제 확대, 연장근로 기간 연장, 지주회사 수평출자, 직접 PPA 제도 등 파격적 규제 특례가 포함돼 첨단산업 경쟁력 강화와 산업 육성을 목표로 한다. 이로써 반도체 등 핵심 산업의 연구개발과 신산업 선점이 기대되며, 법제화 절차가 진행 중이다.",반도체,2.0
2026-07-01,"[속보] 삼성전자 초기업노조 ""호남반도체, 노사정 협의의 장 제안"" 입장",정보 없음,https://n.news.naver.com/mnews/article/003/0014039337,"초기업노조 '메가 프로젝트' 입장문 발표""대한민국 반도체 산업 미래 좌우할 과제""""건설적 대화 통해 새로운 도약 이어지길""[서울=뉴시스]이지용 기자 =",True,반도체,"초기업노조는 '메가 프로젝트'에 대한 입장문을 발표하며, 이번 프로젝트가 대한민국 반도체 산업의 미래를 결정할 중요한 과제라고 강조했다. 노조는 건설적인 대화를 통해 산업의 지속 가능한 발전과 새로운 도약을 이루기를 희망한다고 밝혔다.",반도체,1.0
2026-07-01,메모리값 상승에 반도체 수출 3배 껑충 … 올 GDP 4%대 성장 전망도,정보 없음,https://n.news.naver.com/mnews/article/009/0005701506,"韓 월간수출 첫 1천억달러무역수지 역대최대치 경신하반기 반도체값·유가 변수지난달 우리나라 수출이 월간 기준 사상 처음으로 1000억달러 고지를 넘어섰다. 메모리 반도체 고정거래 가격의 가파른 상승세와 주력 품목들의 고른 수출 호조가 맞물린 결과다. 같은 기간 무역수지 역시 역대 최대치를 경신하며, 올해 연간 경제성장률이 4%대를 상회할 것이라는 낙관론에 힘이 실리고 있다. 다만 정부는 하반기 국제 유가 변동성과 글로벌 보호무역주의 확산 등 대외 리스크가 수출 전선에 변수가 될 수 있다고 경고했다.1일 산업통상부에 따르면 지난달 고사양 반도체인 DDR5(16Gb) 가격은 40달러를 기록했다. 지난 1월 28.5달러, 3월 31달러 등 지속 상승세를 보이고 있다. 미국과 중국 빅테크들이 경쟁적으로 인공지능(AI) 투자를 강화하면서 반도체가 품귀 현상을 빚고 있기 때문이다.낸드플래시(128Gb) 가격도 28.8달러로 지난 1월 9.5달러 대비 3배 가까이로 올랐다. 이에 힘입어 반도체 수출은 전년 동월 대비 199.5% 급증한 448억2000만달러를 기록했다. 수출 중 절반 가까이를 반도체가 차지한 것이다.지역별로 살펴보면 중국 수출이 가장 많았다. 지난달 대(對)중국 수출은 200억3000달러로 전년 동기 대비 92.1% 상승했다. 반도체를 제외한 주요 수출 품목들도 호조를 보였다. 20대 주력 수출 품목 중 14개 품목 수출이 증가했다.원화 가치가 낮은 수준을 기록하고 있지만 원화 가격을 수출 증가의 주요 요인으로 보기는 어렵다는 것이 정부 생각이다. 수출금액에서 수입금액을 뺀 무역수지도 급격히 늘어났다. 지난 6월 한국의 무역수지는 361억5000만달러 흑자로, 전년 동기(90억달러) 대비 급증했다. 덕분에 한국의 올해 실질 국내총생산(GDP) 성장률이 4%를 넘을 수 있다는 전망도 조심스럽게 나온다. 이날 금융권에 따르면 영국의 리서치 회사 캐피털이코노믹스는 최근 보고서에서 한국의 올해 GDP 성장률 전망치를 4%로 제시했다. 국내 재보험사인 코리안리는 국내외 기관 중 가장 높은 4.1%를 제시했다.다만 하반기 경제 상황에 따라 수출 상황이 바뀔 수 있다는 전망도 나온다. 가능성은 낮지만 반도체 가격이 하반기에 하락할 경우 수출에 큰 영향을 미칠 수 있다. 유가와 글로벌 보호무역주의 확산도 수출에 부정적으로 작용할 수 있다. 산업부 관계자는 ""유가에 따라 석유제품 수출이 줄거나 가격이 하락할 가능성이 있다""며 ""유럽연합(EU)의 철강 저율관세할당(TRQ) 등 보호무역주의 대두도 우려 요인""이라고 설명했다.[강인선 기자]",True,반도체,"지난달 우리나라 수출이 사상 처음으로 1000억달러를 돌파하며 무역수지도 역대 최대치를 기록했다. 반도체 가격 상승과 호조 품목 덕분으로, 특히 반도체 수출은 전년 대비 199.5% 급증했다. 중국 수출이 가장 많았으며, 무역수지 흑자는 361억5000만달러로 확대됐다. 이에 따라 올해 국내 GDP 성장률이 4%를 넘을 것이라는 기대도 나오지만, 하반기 유가 변동과 보호무역주의 확산 등 대외 변수는 여전히 우려 요인으로 남아 있다.",메모리,3.0
2026-07-01,"“차세대 파운드리 기술 전략 공개”…삼성전자, ‘세이프 포럼 2026’ 개최",정보 없음,https://n.news.naver.com/mnews/article/421/0009034866,(서울=뉴스1) 김진환 기자 = 1일 서울 서초구 삼성전자 서초사옥에서 열린 ‘세이프(SAFE) 포럼 2026’ 행사를 찾은 기업 관계자들이 행사장 앞에 마련된 전시 부스를 살펴보고 있다.이번 행사에서 삼성전자는 인공지능(AI) 반도체 생태계 협력 확대 방안과 차세대 파운드리 기술 전략을 공개했다. 2026.7.1/뉴스1,True,파운드리,서울 서초구 삼성전자 서초사옥에서 열린 ‘세이프 포럼 2026’에서 삼성전자는 인공지능(AI) 반도체 생태계 협력 확대와 차세대 파운드리 기술 전략을 발표했다. 행사에는 기업 관계자들이 전시 부스를 둘러보며 최신 기술과 협력 방안을 살펴보는 모습이 보였다.,파운드리,2.0
2026-07-01,"삼성 파운드리, AI용 ‘2나노·S램’ 로드맵 공개",정보 없음,https://n.news.naver.com/mnews/article/016/0002664209,"‘세이프 포럼 2026’ 공정·설계 전략 소개‘엔비디아 AI 칩 탑재’ 고성능 S램 기술DTCO·차세대 2나노 기술 등도 선보여삼성전자 파운드리사업부가 1일 ‘세이프(SAFE·Samsung Advanced Foundry Ecosystem) 포럼 2026’을 열고 글로벌 인공지능(AI) 반도체 고객사를 붙잡기 위한 차세대 기술 로드맵을 공개했다.특히 엔비디아의 첫 AI 추론 전용 칩 ‘그록3 언어처리장치(LPU)’에 탑재돼 주목받은 ‘S램(SRAM)’ 기술 경쟁력 강화 방안을 제시하며 AI 반도체 성능 향상을 위한 혁신 전략을 공유했다.그록3 LPU는 현재 삼성전자 파운드리사업부가 수주해 생산 중인 제품이다. 삼성전자는 젠슨 황 엔비디아 최고경영자(CEO)가 올 3월 ‘GTC 2026’ 당시 서명한 그록3 LPU 웨이퍼 실물도 전시하며 양사의 공고한 협업 관계를 과시했다.이날 서울 서초구 삼성전자 서초사옥 다목적홀에서 열린 세이프 포럼 2026은 ‘실리콘 인텔리전스를 위한 연결(The Nexus for Silicon Intelligence)’을 주제로 진행됐다.세이프 포럼은 삼성전자가 파운드리 고객 및 협력사들과 최신 기술동향을 공유하는 연례 행사다. 이날 포럼에는 고객·파트너사 관계자 400여 명이 참석했다.이날 저녁에는 고객사 및 협력사의 C레벨 인사들이 모여 만찬을 갖는 ‘삼성 파운드리 포럼(SFF) 2026’이 이어진다. 이 자리에는 파운드리사업부 수장인 한진만 사장 등이 참석할 전망이다.최근 AI 반도체 주문 폭발로 세계 1위 파운드리인 대만 TSMC가 공급 차질을 빚는 가운데 삼성전자가 대안으로 주목받고 있어 이날 행사에 더욱 관심이 쏠렸다.기조연설에 나선 신종신 삼성전자 파운드리사업부 디자인 플랫폼 개발실장은 “글로벌 AI·HPC(고성능컴퓨팅) 고객사와의 협력을 본격화하는 한편 국내 시스템반도체 고객사와의 협력도 강화하고 있으며 파운드리 생산을 넘어 국내 시스템반도체 산업 플랫폼 역할을 강화하겠다”고 말했다.아울러 AI 반도체 고객사의 제품 경쟁력 향상을 위한 공정·설계 혁신 전략도 소개했다. 특히 반도체 설계와 공정 기술을 동시에 최적화하는 DTCO (Design Technology Co-Optimization)를 비롯해 차세대 2나노미터(㎚) 공정 기술, AI 반도체에 최적화된 공정 혁신 방향 등을 공개했다.이날 AI 반도체 성능 향상의 핵심 요소로 주목받고 있는 S램 기술 경쟁력 강화 방안도 소개됐다. S램은 D램보다 데이터 처리 속도가 빨라 AI 반도체를 개발하는 빅테크 기업들로부터 각광받고 있다. 다만 데이터를 저장하는 셀의 크기가 크고 회로 구조가 복잡해 대용량화에는 한계가 있다.삼성전자는 “DTCO 전략과 고성능 S램 기술을 통해 전력·성능·면적 경쟁력을 지속 향상시키며 AI 반도체 고객들이 요구하는 차세대 제품 개발을 지원하고 있다”고 강조했다.삼성전자 파운드리를 활용하고 있는 국내 AI 팹리스(설계전문) 업체 리벨리온의 박성현 최고경영자(CEO)는 ‘실리콘에서 양산까지: 리벨리온과 삼성이 여는 에이전틱 AI 시대’를 주제로 발표에 나섰다.박 CEO는 “삼성전자 4나노 파운드리 공정과 첨단 패키징 등을 기반으로 ‘리벨100’ NPU(신경망처리장치)를 개발했다”며 “향후 AI 반도체 영역에서 협력하며 소버린 AI를 구축할 것”이라고 밝혔다. 김현일·박지영 기자",True,반도체,"삼성전자 파운드리사업부는 ‘세이프 포럼 2026’에서 엔비디아 AI 칩 탑재 S램 기술, 차세대 2나노 공정, DTCO 전략 등을 공개하며 글로벌 AI 반도체 시장 경쟁력 강화를 강조했다. 특히 엔비디아와의 협업 사례를 소개하며 AI 성능 향상과 고객사 지원 방안을 제시했고, 국내 AI 팹리스 업체와의 협력도 강화하고 있다. AI 반도체의 성능 향상과 경쟁력 확보를 위해 공정·설계 혁신 전략을 추진하며, 대만 TSMC의 공급 차질에 대응하는 핵심 역할을 기대하고 있다.",파운드리,2.0
2026-07-01,"삼성 파운드리, AI칩 수요 대응 위한 2나노·S램 기술 로드맵 공개",정보 없음,https://n.news.naver.com/mnews/article/016/0002664038,"서초 사옥서 ‘세이프 포럼 2026’ 개최AI 칩 고객사 잡을 공정·설계 혁신전략 소개‘엔비디아 AI 칩 탑재’ 고성능 S램 기술 강조DTCO·차세대 2나노 기술 등도 선봬파운드리 파트너사들과 생태계 확장 모색만찬 겸한 파운드리 포럼엔 한진만 사장 참석삼성전자 파운드리사업부가 1일 서울 서초구 삼성전자 서초사옥 다목적홀에서 개최한 ‘세이프(SAFE) 포럼 2026’ 현장에는 400여 명의 고객 및 협력사 관계자들이 참석했다. 박지영 기자[헤럴드경제=김현일·박지영 기자] 삼성전자 파운드리사업부가 1일 ‘세이프(SAFE·Samsung Advanced Foundry Ecosystem) 포럼 2026’을 열고 글로벌 인공지능(AI) 반도체 고객사를 붙잡기 위한 차세대 기술 로드맵을 공개했다.특히 엔비디아의 첫 AI 추론 전용 칩 ‘그록3 언어처리장치(LPU)’에 탑재돼 주목받은 ‘S램(SRAM)’ 기술 경쟁력 강화 방안을 제시하며 AI 반도체 성능 향상을 위한 혁신 전략을 공유했다.그록3 LPU는 현재 삼성전자 파운드리사업부가 수주해 생산 중인 제품이다. 삼성전자는 젠슨 황 엔비디아 최고경영자(CEO)가 올 3월 ‘GTC 2026’ 당시 서명한 그록3 LPU 웨이퍼 실물도 전시하며 양사의 공고한 협업 관계를 과시했다.이날 서울 서초구 삼성전자 서초사옥 다목적홀에서 열린 세이프 포럼 2026은 ‘실리콘 인텔리전스를 위한 연결(The Nexus for Silicon Intelligence)’을 주제로 진행됐다.세이프 포럼은 삼성전자가 파운드리 고객 및 협력사들과 최신 기술동향을 공유하는 연례 행사다. 이날 포럼에는 고객·파트너사 관계자 400여 명이 참석했다.이날 저녁에는 고객사 및 협력사의 C레벨 인사들이 모여 만찬을 갖는 ‘삼성 파운드리 포럼(SFF) 2026’이 이어진다. 이 자리에는 파운드리사업부 수장인 한진만 사장 등이 참석할 전망이다.최근 AI 반도체 주문 폭발로 세계 1위 파운드리인 대만 TSMC가 공급 차질을 빚는 가운데 삼성전자가 대안으로 주목받고 있어 이날 행사에 더욱 관심이 쏠렸다.기조연설에 나선 신종신 삼성전자 파운드리사업부 디자인 플랫폼 개발실장은 “글로벌 AI·HPC(고성능컴퓨팅) 고객사와의 협력을 본격화하는 한편 국내 시스템반도체 고객사와의 협력도 강화하고 있으며 파운드리 생산을 넘어 국내 시스템반도체 산업 플랫폼 역할을 강화하겠다”고 말했다.삼성전자는 1일 서울 서초구 삼성전자 서초사옥 다목적홀에서 열린 ‘세이프(SAFE) 포럼 2026’에서 올 3월 젠슨 황 엔비디아 최고경영자(CEO)가 ‘GTC 2026’ 당시 서명한 그록3 LPU 웨이퍼 실물을 전시했다. 박지영 기자아울러 AI 반도체 고객사의 제품 경쟁력 향상을 위한 공정·설계 혁신 전략도 소개했다. 특히 반도체 설계와 공정 기술을 동시에 최적화하는 DTCO(Design Technology Co-Optimization)를 비롯해 차세대 2나노미터(㎚) 공정 기술, AI 반도체에 최적화된 공정 혁신 방향 등을 공개했다.이날 AI 반도체 성능 향상의 핵심 요소로 주목받고 있는 S램 기술 경쟁력 강화 방안도 소개됐다. S램은 D램보다 데이터 처리 속도가 빨라 AI 반도체를 개발하는 빅테크 기업들로부터 각광받고 있다. 다만 데이터를 저장하는 셀의 크기가 크고 회로 구조가 복잡해 대용량화에는 한계가 있다.삼성전자는 “DTCO 전략과 고성능 S램 기술을 통해 전력·성능·면적 경쟁력을 지속 향상시키며 AI 반도체 고객들이 요구하는 차세대 제품 개발을 지원하고 있다”고 강조했다.삼성전자 파운드리를 활용하고 있는 국내 AI 팹리스(설계전문) 업체 리벨리온의 박성현 최고경영자(CEO)는 ‘실리콘에서 양산까지: 리벨리온과 삼성이 여는 에이전틱 AI 시대’를 주제로 발표에 나섰다.박 CEO는 “삼성전자 4나노 파운드리 공정과 첨단 패키징 등을 기반으로 ‘리벨100’ NPU(신경망처리장치)를 개발했다”며 “향후 AI 반도체 영역에서 협력하며 소버린 AI를 구축할 것”이라고 밝혔다.반도체 설계 자동화 소프트웨어를 지원하는 지멘스EDA의 진 마리 브루넷 수석 부사장은 “2.5 차원·3차원 이종 칩 통합에서는 수율·설계검증·신뢰성·패키징 분야의 폭넓은 지원이 필수”라며 “지멘스EDA는 고객들이 삼성의 선단 공정을 활용해 AI·HPC 반도체를 빠르게 구현할 수 있도록 지원할 것”이라고 말했다.이어진 기술 세션에서는 시놉시스, 케이던스, Arm, AD테크놀로지 관계자 등이 차례로 무대에 올라 발표에 나섰다.행사장 입구에는 전자설계자동화(EDA)·설계자산(IP)·디자인솔루션(DSP)·가상설계(VDP)·첨단패키징(MDI) 분야 21개 파트너사가 부스를 마련하고 각사의 기술을 선보이며 삼성전자 파운드리와의 협력을 강조했다.",True,반도체,"삼성전자 파운드리사업부는 ‘세이프 포럼 2026’에서 AI 반도체 경쟁력 강화를 위한 차세대 기술 로드맵을 공개했다. 엔비디아의 ‘그록3 LPU’에 탑재된 S램 기술과 2나노 공정, DTCO 전략을 소개하며 AI 성능 향상을 추진한다. 글로벌 고객사와 협력 확대와 국내 산업 플랫폼 강화를 목표로 하며, 파운드리 생태계 확장에 힘쓰고 있다. 행사에는 400여 명이 참석했고, 첨단 기술과 협력 방안이 논의됐다.",파운드리,2.0
2026-07-01,"삼성전자, AI 반도체 파운드리 생태계 확대…2나노 로드맵 공개",정보 없음,https://n.news.naver.com/mnews/article/119/0003106585,"세이프 포럼 2026 한국 개최…고객·파트너사 400여명 참석EDA·IP·DSP·첨단패키징 등 21개 파트너 부스 운영리벨리온 ""삼성 4나노 기반 NPU 개발…소버린 AI 협력""ⓒ데일리안DB[데일리안 = 임채현 기자] 인공지능(AI) 반도체 경쟁이 첨단 공정뿐 아니라 설계, IP, 패키징을 아우르는 생태계 경쟁으로 확장되고 있다. 삼성전자가 국내 고객사와 파트너사를 한자리에 모아 차세대 파운드리 기술 로드맵과 AI 반도체 협력 전략을 공유한 배경이다.삼성전자는 1일 서울 서초사옥에서 '세이프 포럼 2026'을 열고 AI 반도체 생태계 협력 확대 방안과 차세대 파운드리 기술 전략을 공개했다. 세이프는 삼성전자의 파운드리 생태계 프로그램이다.올해 행사는 '실리콘 인텔리전스를 위한 연결점'을 주제로 열렸다. 고객사와 파트너사 관계자 400여 명이 참석했으며, 전자설계자동화, 설계자산, 디자인솔루션, 가상설계, 첨단패키징 분야 21개 파트너사가 부스를 마련했다.삼성전자는 SAFE를 중심으로 고객사와 파트너사 협력을 강화해 AI 반도체 생태계의 허브 역할을 확대하겠다는 구상이다. AI 반도체는 공정 미세화만으로 경쟁력을 확보하기 어렵고, 설계 최적화와 IP, 패키징, 검증 도구가 함께 맞물려야 하기 때문이다.신종신 삼성전자 파운드리사업부 디자인플랫폼 개발실장은 기조연설에서 ""삼성전자는 AI 수요에 대한 대응 역량을 높이는 동시에 SAFE 포럼을 활용해 고객·파트너사와 적극 소통하겠다""고 말했다. 이어 ""AI·HPC 글로벌 고객사와의 협력을 본격화하는 한편 국내 시스템반도체 고객사와의 협력도 강화하고 있으며, 파운드리 생산을 넘어 국내 시스템반도체산업 플랫폼 역할을 강화하겠다""고 밝혔다.행사에서는 삼성전자 파운드리를 활용한 국내 AI 반도체 개발 사례도 소개됐다. AI 팹리스 리벨리온의 박성현 대표는 ""삼성전자 4나노 파운드리 공정과 첨단 패키징 등을 기반으로 '리벨100' NPU를 개발했다""며 ""향후 AI 반도체 영역에서 협력하며 소버린 AI를 구축할 것""이라고 말했다.지멘스 EDA는 2.5D·3D 이종 칩 통합 과정에서 필요한 설계 지원 방안을 소개했다. AI와 고성능컴퓨팅 반도체는 여러 칩을 하나의 패키지 안에 결합하는 방식이 중요해지면서 수율, 설계검증, 신뢰성, 패키징 지원의 중요성도 커지고 있다.삼성전자는 AI 반도체 수요에 대응하기 위한 공정·설계 혁신 전략도 공개했다. 설계와 공정 기술을 동시에 최적화하는 DTCO 전략과 차세대 2나노 공정 기술, AI 반도체에 맞춘 공정 혁신 방향을 제시했다.AI 반도체 성능 향상의 핵심 요소로 꼽히는 SRAM 기술 경쟁력 강화 방안도 소개했다. 삼성전자는 DTCO와 고성능 SRAM 기술을 통해 전력, 성능, 면적 경쟁력을 높이고 AI 반도체 고객사의 차세대 제품 개발을 지원한다는 계획이다.국내 시스템반도체 생태계 협력도 확대한다. 삼성전자는 산업통상부가 추진하는 제조 AI 전환 얼라이언스에 참여하고 있으며, 파운드리사업부는 자동차, 가전, 로봇, 방산 분야에 필요한 저전력·고성능 온디바이스 AI 반도체 개발을 추진하고 있다.국내 팹리스의 초기 개발 부담을 낮추기 위한 MPW 프로그램도 운영 중이다. MPW는 한 장의 웨이퍼에 여러 종류의 반도체 제품을 함께 생산해 테스트하는 방식으로, 국내 팹리스 기업들이 시제품 제작과 제품 검증을 보다 효율적으로 수행할 수 있도록 돕는다.삼성전자는 K-CHIPS 사업에도 참여해 차세대 반도체 연구개발과 인재 양성을 지원하고 있다. K-CHIPS는 산업통상부와 기업이 함께 차세대 반도체 기술 연구개발과 석·박사 인력 양성에 투자하는 사업이다.삼성전자 측은 ""AI 반도체 시장이 커질수록 파운드리 경쟁력은 단순 생산능력만으로 결정되지 않는다. 공정, 설계, IP, 패키징, 검증 도구가 함께 움직이는 생태계가 제품 경쟁력을 좌우한다""며 ""삼성전자가 SAFE와 MPW 프로그램을 앞세워 국내 시스템반도체 생태계와 파운드리 경쟁력을 동시에 강화하려는 이유""라고 설명했다.",True,반도체,"삼성전자는 서울 서초사옥에서 '세이프 포럼 2026'을 열어 AI 반도체 생태계 협력 방안과 차세대 파운드리 전략을 발표했다. 행사에는 400여 명이 참석했고, 21개 파트너사가 부스를 운영했다. 삼성은 AI·HPC 시장 대응, 첨단 공정·설계 혁신, SRAM 기술 강화 등을 추진하며 국내 시스템반도체 생태계와 협력을 확대하고 있다. 또한, MPW 프로그램과 K-CHIPS 사업을 통해 국내 팹리스 지원과 인재 양성도 강화하고 있다.",파운드리,2.0
2026-07-01,"[팩트추적] 한국 반도체, 다음 10년의 승부",정보 없음,https://n.news.naver.com/mnews/article/052/0002373552,"【 스튜디오 】▶엄지민안녕하세요. 엄지민입니다. 현상 이면에 숨겨진 사실을 좇아, 팩트추적! 지금 시작합니다.【 인트로 】프로야구 경기장.수만 명의 관중 앞에 선 한 남자.서울의 한 삼겹살집에서도 그를 보기 위한 인파가 몰립니다.AI 열풍의 중심에 선 엔비디아 CEO 젠슨 황입니다.[젠슨 황 / 엔비디아 CEO (지난달 6일) : 우리는 언젠가, 바로 오늘날, AI 혁명이 시작될 것이라고 상상했습니다.]불과 몇 년 전만 해도 생소했던 인공지능은 이제 산업과 경제를 움직이는 새로운 성장 동력으로 떠올랐습니다.그리고 그 변화의 중심에는 AI를 학습시키고 운영하는 거대한 데이터센터가 있습니다.세계는 지금 AI 데이터센터를 더 많이, 더 빠르게 구축하기 위한 경쟁에 뛰어들고 있습니다.그리고 그 중심에 있는 것은 AI 연산 성능을 좌우하는 메모리 반도체입니다.[안기현 / 한국반도체산업협회 전무 : 직접적으로 엔비디아 GPU에 한국의 HBM이 합쳐져서 AI를 연산하는 AI 반도체가 됩니다. 엔비디아 GPU 수요가 폭증하고 거기에 더해서 HBM 수요도 폭증했어요.]AI 산업의 핵심 연산을 담당하는 엔비디아 GPU.그리고 그 성능을 뒷받침하는 한국의 HBM.AI 열풍이 거세질수록 한국 반도체의 위상도 높아지고 있습니다.반도체 불모지에서 출발해 세계 메모리 강국으로 성장한 한국.거대한 기회의 문 앞에 선 한국 반도체가 다음 10년에도 세계 시장을 이끌 수 있을지 그 현실을 짚어봅니다.【 스튜디오 】▶엄지민오늘의 팩트체커 윤성훈 기자와 함께합니다.윤 기자. 요즘 우리 반도체 기업의 영향력이 상당한데요.AI 대전환과 맞물리면서 우리 반도체가 최대 수혜 산업으로 꼽히고 있다고요?▶윤성훈AI 연산에 필수적인 HBM 시장을 우리 기업들이 사실상 독점하다시피 하면서 한국 반도체의 존재감도 크게 높아졌습니다.▶엄지민그런데 오늘의 영광이 하루아침에 만들어진 건 아니잖아요?▶윤성훈삼성전자와 SK하이닉스는 과감한 투자와 도전을 쌓아오며 오늘날 한국 반도체 산업의 기반을 만들었습니다.【 VCR 】경기도 기흥의 삼성전자 반도체 단지와 이천의 SK하이닉스 공장.오늘날 전 세계 AI 서버와 데이터센터를 움직이는 핵심 메모리가 만들어지는 곳입니다.하지만 시간을 40여 년 전으로 돌리면, 한국은 반도체 불모지에 가까웠습니다.모두가 무모하다고 말했던 1983년.당시 삼성그룹 창업주 이병철 회장은 '도쿄 선언'으로 반도체 사업에 뛰어들었습니다.같은 해 미국, 일본과의 기술 격차를 좁히며 국내 최초로 64K D램 개발에 성공해 가능성을 증명했고.[故 이건희 / 삼성그룹 선대회장 (지난 1987년) : 미래 지향적이고 도전적인 경영을 통해 삼성을 세계적인 초일류기업으로 성장시킬 것입니다.]삼성은 이후 반도체를 미래 성장동력으로 삼고 대규모 투자를 이어가면서 메모리 시장의 강자로 올라서는 결정적 발판을 마련했습니다.[이영우 / 인하대 반도체시스템공학과 교수 : 어떤 기술들을 선행해서 개발해야 하고 그다음에 제조 비용을 어떤 식으로 절감해야 하는지 이런 것에 대한 고민을 실제 많이 하고 있고….]또 다른 축인 SK하이닉스의 전신인 현대전자 역시 수차례 위기를 겪었습니다.당시 현대그룹 창업주 정주영 회장이 조선과 자동차를 넘어 첨단 산업 진출에 나서며 반도체 산업에 뛰어든 것입니다.하지만 성장 과정은 순탄치 않았습니다.외환위기와 업황 침체가 겹치며 생존을 걱정해야 했던 겁니다.그러다 2012년, SK그룹 인수를 계기로 새로운 전환점을 맞았습니다.[최태원 / SK그룹 회장 (반도체 공장 준공식, 지난 2015년) : 오늘은 하이닉스가 새로운 도전과 개척을 알리는 날입니다. 결전에 임하는 비장한 각오로 긍지를 갖고 세계 최고 반도체 회사의 위상을 더욱 굳건히 만들어 나갈 것입니다.]과감한 투자는 결실로 이어졌습니다.그렇게 오늘날 SK하이닉스는 AI 서버에 들어가는 HBM 시장의 핵심 공급사로 자리매김했습니다.[이영우 / 인하대 반도체시스템공학과 교수 : 남들이 가지 않은 길들, 다른 기업들이 포기했던 길들을 계속 유지하면서 연구 개발한 결과가 바로 HBM이라고 생각합니다.]【 스튜디오 】▶엄지민우리 기업들이 수십 년간 쌓아온 메모리 반도체 경쟁력이 AI 시대를 맞아서 다시 주목받는 건데요.그런데 반도체가 사이클 산업이다 보니까 이런 호황이 얼마나 이어질 수 있을지 여기에 대한 관심도 높은 것 같아요.▶윤성훈인류가 처음 맞는 AI 시대인 만큼 미래를 예측하는 게 쉽지만은 않습니다.다만, 전문가들은 지금의 흐름을 일시적인 호황이 아닌 AI 대전환의 시작으로 보고 있습니다.【 VCR 】글로벌 빅테크 기업들의 AI 데이터센터 건설 경쟁이 본격화되면서 전 세계 메모리 시장도 빠르게 달아오르고 있습니다.그 중심에 있는 것이 바로 고대역폭 메모리, 이른바 HBM입니다.HBM은 여러 장의 D램을 수직으로 쌓아 만든 차세대 메모리입니다.기존 메모리보다 훨씬 빠른 속도로 데이터를 주고받을 수 있어 AI 반도체의 성능을 끌어올리는 핵심 부품으로 꼽힙니다.AI 모델이 거대해지고 연산량이 폭증할수록 메모리의 데이터 처리 속도가 인공지능 성능을 좌우하기 때문입니다.[김용석 / 가천대 반도체대학 석좌교수 : 한국에 있는 기업들이 HBM 개발을 통해서 결국 AI 시대를 여는 데 결정적인 역할을 하게 된 거죠.]문제는 공급입니다.HBM은 고도의 미세 패키징 기술과 테스트, 생산설비가 함께 갖춰져야 하는 만큼 공급 능력을 단기간에 늘리기 쉽지 않습니다.수요는 폭증하고 있지만 공급은 빠르게 늘지 못하면서 시장의 병목 현상이 이어지고 있습니다.[안기현 / 한국반도체산업협회 전무 : 반도체가 점점 더 많이 필요합니다. 그런데 HBM의 공급량은 그렇게 빨리 늘지 않아요. 수요는 많은데 공급이 따라가지 못하니까 그 차이만큼 가격이 높아집니다.]전문가들은 이런 흐름이 당분간 이어질 것으로 보고 있습니다.AI 인프라 투자 확대와 생산능력 증설 속도를 고려할 때, 적어도 2028년까지는 강한 수요가 유지될 것이란 전망입니다.[안기현 / 한국반도체산업협회 전무 : (메모리) 공급이 2028년까지는 그렇게 늘지 않는다. 2028년까지는 계속 상승 국면이다.]2028년이 분기점으로 거론되지만, 그것이 곧 수요 둔화를 의미하는 건 아닙니다.AI가 이제 데이터센터를 넘어 우리 손안의 스마트폰과 웨어러블 기기, 그리고 휴머노이드 로봇으로까지 확산하고 있기 때문입니다.[김덕기 / 세종대 반도체시스템공학과 교수 : 휴머노이드 로봇이나 스마트폰 또는 웨어러블 디바이스 같은 엣지 디바이스에서도 메모리가 지속해서 많이 필요할 것이기 때문에….]물론 우려의 목소리도 있습니다.반도체 산업은 대표적인 사이클 산업으로 꼽히기 때문입니다.수요가 늘면 투자가 뒤따르고, 결국 공급 과잉으로 가격이 무너지는 흐름을 반복해 왔습니다.하지만 전문가들은 이번엔 조금 다를 수 있다고 말합니다.[김용석 / 가천대 반도체대학 석좌교수 : 과거에는 시장에 나와 있는 (메모리를) 사는 거였지만 이것은 맞춤복 같은 거죠. 그러니까 비싸게 팔 수 있는 거고 많이 만들어 놨다가 안 팔릴 걱정이 없는 거죠.]【 스튜디오 】▶엄지민결국 지금의 AI 열풍이 앞으로 반도체 산업 사이클을 과거와는 다른 양상으로 전개할 가능성도 있다는 거네요?▶윤성훈맞습니다.그래서 삼성전자와 SK하이닉스도 단순한 생산량 경쟁을 넘어 미래 시장 선점에 집중하고 있습니다.AI 시대 주도권을 이어가기 위한 두 기업의 전략을 살펴봤습니다.【 VCR 】7개월 만에 한국을 다시 찾은 엔비디아의 젠슨 황 CEO.삼겹살과 소맥을 즐기는 모습이 화제가 됐지만, 업계가 주목한 건 따로 있었습니다.바로 삼성전자와 SK하이닉스 등 한국 반도체 기업들과의 협업입니다.[젠슨 황 / 엔비디아 CEO (지난달 5일) : 가장 중요한 것은 공급망을 조율하는 것입니다. 모두가 엄청난 양의 기술 제품을 제조해야 하기 때문이죠. D램, HBM 메모리, 칩 등이 그렇습니다.]핵심 부품인 HBM 확보전이 치열해지면서 삼성전자와 SK하이닉스는 각자의 방식으로 시장 선점에 나서고 있습니다.먼저 삼성전자는 종합 반도체 기업이라는 강점을 내세우고 있습니다.메모리뿐 아니라 파운드리와 시스템반도체, 패키징 역량까지 갖추고 있다는 겁니다.이를 바탕으로 메모리와 파운드리, 첨단 패키징을 아우르는 통합 전략을 펼치고 있습니다.단순히 HBM이라는 단품 공급에 그치는 것이 아니라 독자적인 파운드리 공정과 첨단 패키징 기술을 앞세워 거대 고객사를 잡겠다는 목표입니다.[이영우 / 인하대 반도체시스템공학과 교수 : HBM이 3, 4세대로 넘어가면서 삼성전자에서 가지고 있는 파운드리(반도체 위탁생산) 기술들이 매우 중요해지게 되었고요.]반면 SK하이닉스는 HBM 선도 지위를 더욱 강화하는 전략입니다.엔비디아 공급 경험을 바탕으로 HBM4 등 차세대 제품 개발에 집중하고 있습니다.범용 D램을 넘어 고객사와 함께 설계하는 고부가가치 메모리 비중도 확대하고 있습니다.글로벌 빅테크 기업들의 요구에 맞춘 고부가가치 제품 공급을 늘리며, 메모리 시장의 주도권을 놓치지 않겠다는 구상입니다.[박재근 / 한양대 융합전자공학부 석학교수 : 앞으로 AI 수요가 계속 증가하면 현재 만드는 메모리 수준이 똑같은 것이 필요한 것이 아니고 앞으로의 수요는 이 메모리 성능이 좋은 것이 필요하고 숫자가 더 많아졌다는 거예요.]이처럼 메모리의 역할 자체가 달라지면서 경쟁 기준도 바뀌고 있습니다.이제는 얼마나 많이 생산하느냐보다 특정 AI 칩에 맞춰 얼마나 빠르게 최적화된 메모리를 공급할 수 있느냐가 중요해지고 있습니다.[박재근 / 한양대 융합전자공학부 석학교수 : AI에서 필요한 메모리 수요가 증가하는데 그 AI도 소프트웨어가 가만히 있는 게 아니고 AI 소프트웨어의 성능이 굉장히 향상되니까 그 성능에 맞춘 메모리를 공급해야만 수요도 증가하고….]AI 시장을 바라보고 있지만 두 회사의 전략은 다릅니다.삼성전자는 종합 반도체 플랫폼 전략을, SK하이닉스는 HBM 초격차와 고객 밀착 전략을 선택했습니다.전략은 다르지만 두 회사가 바라보는 방향은 같습니다.고객이 원하는 AI 성능을 구현하기 위해 얼마나 정교한 반도체 솔루션을 제공할 수 있느냐가 새로운 승부처가 되고 있습니다.【 스튜디오 】▶엄지민결국 AI 시대에는 메모리만 잘 만든다고 되는 건 아닌 것 같은데 전략이 좀 필요할 것 같네요.▶윤성훈AI 반도체 성능을 높이려면 설계와 패키징, 소프트웨어까지 함께 맞물려야 합니다.그래서 업계에서는 반도체 생태계 전반의 경쟁력이 더 중요해지고 있다고 보고 있습니다.▶엄지민결국 경쟁의 무대가 메모리 밖으로 넓어지고 있다는 건데 현장에서 움직임은 어떻습니까?▶윤성훈실제로 대학 연구 현장에서도 이런 변화에 대응하기 위한 연구가 한창인데요.AI 시대의 새로운 승부처를 찾아가 봤습니다.【 VCR 】국내 대학교의 한 연구실.연구진은 국내 반도체 대기업 등과 손잡고, AI 반도체의 두뇌와 메모리를 유기적으로 연결하는 성능 검증에 집중하고 있습니다.[곽태현 / 인하대 시스템반도체 설계 및 테스트 연구실 : AI 가속기 같은 AI 반도체에 테스트할 수 있는 연구를 하고 있고 또 머신러닝을 활용할 수 있는 테스트 방법론에 관해서도 연구하고 있습니다.]AI 시대에는 단순히 메모리 하나만 잘 만들어서는 살아남을 수 없습니다.설계부터 칩과 칩을 잇는 인터커넥트, 그리고 최종 패키징까지 하나의 거대한 사슬처럼 맞물려 돌아가야 합니다.[이영우 / 인하대 반도체시스템공학과 교수 : 메모리 기반의 기술과 메모리와 프로세서 간의 인터커넥트 기술들을 접목하면 향후 국내의 반도체 기술 경쟁력을 가져가면서 이겨낼 수 있다고 봅니다.]AI 반도체의 핵심인 HBM 시장에서 승부를 가를 기술력은 크게 두 가지.기반이 되는 D램 자체를 더 미세하게 만드는 스케일링 기술과 이를 높게 쌓아 올리는 패키징 기술입니다.[박재근 / 한양대 융합전자공학부 석학교수 : HBM의 적층 단수를 높이는 것도 너무 중요한 기술이지만 D램 자체의 스케일링 다운(미세공정)도 너무 중요한 거예요.]선폭을 줄이는 미세공정은 점차 물리적 한계에 부딪히고 있습니다.이제는 단순히 칩을 작게 만드는 것만으로는 극적인 성능 향상을 기대하기 어려워졌습니다.[김덕기 / 세종대 반도체시스템공학과 교수 : 지금까지의 반도체 발전은 무어의 법칙에 의한 스케일링 다운(미세공정), 반도체를 작게 만들어서 되었다면 이제는 원자 개수를 세어야 하는 물리적 한계에 다다르다 보니까 여러 가지 칩들을 하나의 칩처럼 만들 수 있는 패키징 기술이 매우 중요하게 됩니다.]물리적 한계를 극복하는 패키징 기술과 함께, 전문가들이 궁극적인 미래 승부처로 꼽는 분야가 또 있습니다.막대한 부가가치가 창출되는 '설계'와 '소프트웨어 생태계'입니다.하드웨어인 GPU를 넘어, 전 세계 AI 개발자들을 독점 플랫폼인 '쿠다(CUDA)'에 묶어둔 엔비디아가 대표적입니다.반면 우리나라는 팹리스, 즉 반도체 설계와 소프트웨어 분야에서 여전히 갈 길이 멀다는 지적입니다.[안기현 / 한국반도체산업협회 전무 : 우리 산업 분야로 보면 팹리스라고 하는 반도체 설계 영역 이 부분의 산업 경쟁력이 다른 나라보다 낮죠. 중국보다 낮아요.'그렇다고 기회가 없는 건 아닙니다.AI 반도체 시장이 이제 막 싹을 틔우고 있는 만큼, 최종 주도권의 향방은 아직 안갯속.다만, 격차를 좁히려는 글로벌 경쟁자들의 추격 역시 숨 가쁜 상황.미국의 마이크론은 HBM 시장에서 추격에 나서고 있습니다.중국 역시 막대한 투자를 바탕으로 메모리와 첨단 패키징 분야에서 존재감을 키우고 있습니다.[박재근 / 한양대 융합전자공학부 석학교수 : (우리의) 리스크는 중국입니다. 지금은 미국이 (중국에) 반도체 첨단 장비 수출을 제재하다 보니까 추격이 늦어지고 있는데 만약에 어느 날 제재가 풀린다고 생각해 보세요.]설계와 생산, 첨단 패키징, 그리고 소프트웨어까지 모두 아우르는 종합 반도체 생태계 조성이 다음 10년의 성패를 좌우할 관건입니다.【 스튜디오 】▶엄지민결국 그 경쟁력을 만드는 것도 사람일 텐데요.좋은 인력을 양성하는 것도 중요해 보이네요.▶윤성훈설계와 제조, 패키징, 소프트웨어를 아우르는 경쟁이 치열해질수록 인재 확보 역시 국가 경쟁력의 핵심 과제로 떠오르고 있습니다.미래 반도체 인재들이 성장하고 있는 현장을 찾아가 봤습니다.【 VCR 】최근 거세진 AI 열풍은 산업계를 넘어, 진로를 고민하는 젊은 연구자들의 선택도 바꿔놓고 있습니다.미래 핵심 산업으로 떠오르면서 반도체 연구를 선택하는 청년들도 늘고 있습니다.[정현태 / 세종대 반도체시스템공학과 대학원생 : 대한민국이 아무래도 반도체 메모리 쪽에서 강국이다 보니까 전문적인 인력 수요가 있지 않을까 싶어서 진학하게 되었고….]하지만 첨단 반도체 연구는 수년 동안 인내해야 하는 장기 프로젝트.부푼 꿈을 안고 들어온 연구 현장이지만, 정작 청년 연구자들 앞엔 인프라 부족이라는 현실적인 벽이 버티고 있습니다.[정현태 / 세종대 반도체시스템공학과 대학원생 : 연구실에 없는 장비는 외주를 맡겨야 하는데 외주를 맡기면 짧게는 며칠에서 길게는 몇 주까지 걸리는 공정들이 있습니다. 그래서 연구의 흐름이 깨지기도 하고….]대학의 장비 부족을 메워줘야 할 '산학 협력' 역시 제자리걸음입니다.[김덕기 / 세종대 반도체시스템공학과 교수 : 대기업이 보안 문제 등으로 인해서 제한적인 위탁 연구 이외에는 협력 연구가 잘 안 이루어지고 있는데 (외국은) 특히 인텔이라든가 TSMC 같은 기업들이 스탠퍼드나 MIT 같은 대학과 공동 연구소를 만들고….]연구 현장에서 장기 연구를 뒷받침할 제도적 지원이 부족하다는 지적도 있습니다.급급한 정부의 연구개발 지원 제도가 단기 성과에만 치중하고 있다는 겁니다.[김용석 / 가천대 반도체대학 석좌교수 : 중국 정부가 큰 그림을 그리고 굉장히 강하게 추진도 하고 보조금을 굉장히 많이 줬거든요. 기업들이 충분히 성장할 수 있도록 실패를 하더라도 다시 도전하는 데 있어서 충분하게.]기술 패권 경쟁이 격화되는 상황.대학과 기업, 연구소를 잇는 연구 생태계 구축이 필요하다고 강조합니다.[박재근 / 한양대 융합전자공학부 석학교수 : 요즘 슈퍼 호황이니까 결국 삼성과 SK하이닉스도 공급망 측면에서 국내 업체를 많이 쓰면 공급망 안정을 갖고 갈 수 있으니 그런 관점에서 소부장(소재·부품·장비) 기초연구 기금을 만들어주면 좋겠다.]특히 메모리 분야에서 쌓아 올린 초격차를 지켜내기 위해서는 차세대 기술 못지않게 이를 뒷받침할 고급 인력 양성이 중요하다는 목소리도 나옵니다.[김용석 / 가천대 반도체대학 석좌교수 : 결국은 대학 교육 자체가 많이 바뀌긴 해야 해요. 대학 교육이 논문을 쓰는 것에서 프로젝트 중심으로 바뀌어야 합니다. (학생들이) 설계해 보고, 만들어 보고, 실패도 해보면서 결과를 내는 것들을 많이 해봐야 하는 거거든요.]AI 시대 반도체 경쟁은 이미 시작됐습니다.그리고 그 경쟁의 출발점은 결국 사람입니다.【 스튜디오 】▶엄지민결국 다음 10년의 승부는 지금부터 시작된 셈인 거죠.▶윤성훈메모리 슈퍼사이클이 당분간 이어질 것이란 전망 속에서 결국 승부를 가를 건 기술 혁신의 속도입니다.AI 시대 반도체 패권의 향방도 여기에 달려 있습니다.▶엄지민윤 기자, 수고 많았습니다.오늘 팩트추적은 여기까집니다.저희는 다음 시간에도 현상 이면에 숨겨진 사실을 좇아 시청자 여러분 목소리에 귀 기울이겠습니다.함께해 주신 여러분 고맙습니다.윤성훈[ysh02@ytn.co.kr]■YTN <팩트추적> 제보[메일]:fact@ytn.co.kr[전화]:02-398-8602~3",True,반도체,"AI 열풍 속에서 한국 반도체 산업이 주목받고 있습니다. 엔비디아의 AI 데이터센터 확장과 함께, 한국의 HBM 메모리 수요가 급증하며 삼성전자와 SK하이닉스의 경쟁력이 강화되고 있습니다. 한국은 1980년대부터 반도체 개발에 투자해 글로벌 메모리 강국으로 성장했으며, 최근 AI 서버와 데이터센터에 핵심 역할을 하고 있습니다. 그러나 공급 부족과 시장 변동성으로 인해 수요와 공급의 격차는 당분간 지속될 것으로 전망됩니다. 전문가들은 2028년까지 강한 수요가 이어질 것으로 보고 있습니다.",파운드리,2.0
2026-07-01,PC용 D램 21달러 역대 최고가 경신…낸드도 18개월 연속 상승,정보 없음,https://n.news.naver.com/mnews/article/374/0000519341,"[연합뉴스 자료사진]세계적인 인공지능(AI) 열풍에 메모리 반도체 D램과 낸드플래시의 월평균 가격이 함께 상승세를 이어가며 역대 최고가를 찍었습니다.범용 D램 제품 DDR4 가격은 한 달 새 5% 상승하며 21달러를 기록했고, 낸드 가격도 10% 가까이 오르며 28달러를 넘어섰습니다.1일 시장조사업체 D램익스체인지에 따르면 6월 PC용 D램 범용 제품(DDR4 8Gb 1Gx8)의 평균 고정거래가격은 21달러로 전달(20달러)과 비교해 5% 올랐는데, 2016년 6월 조사 시작 당시(2.9달러)보다 7배 넘게 오른 것으로 역대 최고치 입니다.DDR4 평균가는 2025년 4월(1.65달러) 이후 올해 2월까지 11개월 연속 오르다가 3월 전달과 동일한 가격을 유지하며 상승세가 주춤했습니다.그러나 지난 4월에는 다시 가격이 전월 대비 23.1% 오른 16달러였다가 5월 25%의 상승세를 보였습니다.D램익스체인지 모회사 트렌드포스는 7∼8월에도 (PC용 D램) 공급업체들이 번갈아 가며 가격을 올리고 서로의 가격 인상에 보조를 맞출 것으로 예상했습니다.또 3분기 PC용 D램 고정거래가격의 전분기 대비 인상률 전망치를 8∼13%에서 15∼20%로 높였고, 4분기 상승률도 0∼5%에서 3∼8%로 상향 조정했습니다.메모리카드·USB용 낸드 범용제품(128Gb 16Gx8 MLC)의 6월 평균 고정거래가격은 28.8달러로, 전월(26.5달러) 대비 8.7% 올랐는데, 18개월 연속 상승세 입니다.1년 전인 2025년 6월(3.1달러)과 비교해 1년 만에 9배 넘게 급등했습니다.6월 싱글레벨셀(SLC)의 평균판매가격(ASP)은 극도의 재고 부족과 견고한 수요 효과로 28∼31% 상승하며 전달(3∼16%) 대비 가격 인상 속도가 크게 빨라졌고, 멀티레벨셀(MLC)은 8∼12%로 전달과 비슷한 상승세를 유지했습니다.트렌드포스는 ""3분기는 전통적인 비축 성수기 시즌을 맞아 주문이 더 늘어나지만 생산 능력 부족에 따른 극심한 불균형으로 SLC 제품 가격이 전 분기 대비 60∼70% 상승할 수 있다""며 ""반면 MLC 제품은 3분기에 가격 상승세가 다소 주춤할 것""이라고 전망했습니다.당신의 제보가 뉴스로 만들어집니다.SBS Biz는 여러분의 제보를 기다리고 있습니다.홈페이지 = https://url.kr/9pghjn",True,디램,"세계적 AI 열풍으로 메모리 반도체인 D램과 낸드플래시 가격이 역대 최고치를 기록하며 상승세를 이어가고 있습니다. 6월 PC용 DDR4 D램 가격은 한 달 새 5% 오른 21달러, 낸드플래시도 10% 가까이 상승해 28달러를 넘었습니다. 2016년 이후 꾸준히 오르며 1년 만에 낸드 가격은 9배 이상 급등했고, D램도 7배 넘게 올랐습니다. 공급 부족과 강한 수요로 인해 가격 상승이 지속될 것으로 예상되며, 3분기에는 SLC 제품 가격이 60~70% 급등할 가능성도 제기되고 있습니다.",낸드,2.0
2026-07-01,"호남으로 확장되는 K-반도체 벨트… 전력, 물, 인재가 성패 가른다",정보 없음,https://n.news.naver.com/mnews/article/037/0000038429,"탈(脫)탄소 에너지원, 용수 확보 넘어 ‘수도권 압도할 배후도시 구축’ 과제제미나이 생성 이미지“대한민국 반도체산업을 R&D(연구개발) 중심의 수도권 마더팹(mother fab)과 제조 중심의 서남권 도터팹(daughter fab)으로 개편하는, 그야말로 패러다임을 바꾸는 시도다. 이 계획의 성패는 전력과 수자원 등 인프라는 물론, 핵심 인재를 적기에 확보할 수 있는지에 따라 갈릴 것이다.”반도체 전문가인 박재근 한양대 융합전자공학부 석학교수 겸 한국반도체디스플레이기술학회장이 한 말이다. 그는 최근 정부와 삼성전자, SK하이닉스가 K-반도체 벨트를 기존 수도권에서 서남권으로 확대하는 계획을 발표한 데 대해 이렇게 평가했다.삼성전자·SK하이닉스, 서남권에 800조 원 투자이재명 대통령(가운데)과 이재용 삼성전자 회장(오른쪽), 최태원 SK 회장이 6월 29일 청와대 영빈관에서 열린 ‘대한민국 대도약 3대 메가프로젝트 국민보고회’에서 손을 맞잡고 있다. 뉴시스이재명 대통령과 이재용 삼성전자 회장, 최태원 SK 회장은 6월 29일 ‘대한민국 대도약 3대 메가프로젝트 국민보고회’에서 전남광주에 새로운 반도체 생태계를 구축하는 청사진을 발표했다. 삼성전자와 SK하이닉스가 서남권에 총 800조 원을 투입해 메모리 팹 4기를 구축하고 정부가 전폭적으로 지원하는 게 골자다. 보고회 자리에서 이 대통령은 “현재 수도권을 중심으로 건설되는 반도체 생산 거점을 빠르게 완성하는 동시에, 서남권에 대한 대규모 신규 투자를 통해 압도적 공급 역량을 확보해가야 한다”고 밝혔다. 삼성전자와 SK하이닉스를 이끄는 두 총수도 “전력, 용수, 인력, 여러 인프라 등 많은 인센티브 지원이 기대되는 광주를 (서남권 반도체 클러스터) 후보지로 계획 중”(이재용 회장), “서남권에 약 400조 원을 투자해 새로운 클러스터를 조성할 것”(최태원 회장) 등의 말로 화답했다.이번 발표가 나온 배경에 대해 박 석학교수는 “현재 조성 중인 용인 반도체 클러스터가 본격 가동된 후 수도권에 공장을 새로 지으려면 이미 물과 전력이 부족한 상황일 것이다. 해당 지역에선 RE100(재생에너지 100% 사용) 실현이 어려운 점도 현실적 한계”라면서 “메모리 반도체 공급난이 2030년대에도 이어질 것으로 전망되는 만큼, 정부와 양대 반도체 기업이 과거 대만이 한 것처럼 새로운 부지에 반도체 인프라를 선제적으로 조성하려는 계획을 세운 것으로 보인다”고 분석했다. 이미 반도체산업 기반이 갖춰진 수도권에서는 추가로 부지와 전력, 물을 확보하기 어렵기 때문이다.일각에선 호남 지역이 반도체 팹 조성에 필수인 전력과 용수 공급 면에서 불확실성을 갖고 있다는 지적도 나온다. 그러나 “수도권을 제외하면 어느 지역이나 사실상 제로베이스에서 인프라를 구축해야 하는 상황”이라는 게 전문가들 설명이다. 그런 관점에서 지금 중요한 부분은 ‘어디’가 아니라 ‘어떻게’라는 것이다.정부 계획대로라면 호남권 반도체 클러스터에는 6.3GW(기가와트) 수준의 전력이 필요하다. 이번 3대 메가프로젝트 보고회 때 함께 발표된 대규모 인공지능(AI) 데이터센터(18.4GW) 건설 계획까지 감안하면 원전 24기 이상의 발전 용량이 필요한 셈이다. 호남에 태양광발전 단지가 많은 점을 고려해도 추가 전력 확보가 불가피하다.“태양광 변동성·간헐성 보완 필요”서남권 반도체 클러스터 후보지로 거론되는 광주 첨단3지구 일대.  동아DB이에 대해 유승훈 서울과학기술대 미래에너지융합학과 교수는 “올해 말 나오는 ‘제12차 전력수급기본계획’(전기본)을 주목해야 한다. 단순한 송전로 확장을 넘어 송전망을 적기에 건설할 방안까지 구체적으로 담겨야 할 것”이라고 밝혔다. 유 교수는 또 이번 전기본에 반드시 포함돼야 할 사항으로 △서남권 반도체 클러스터에 필요한 송전망 건설 기간을 획기적으로 단축할 법적 근거 △주민 반대를 해결할 수 있는 구체적인 인센티브 및 보상 체계 △AI·반도체 등 전력을 많이 쓰는 산업 입지를 고려한 최적 계통 연결 로드맵 등을 꼽았다. 이어 서남권 반도체 벨트에 필요한 전력 확보 방안을 전원(電源)과 송전망 측면에서 다음과 같이 설명했다.“전원의 경우 태양광의 변동성과 간헐성을 보완할 방법을 마련해야 한다. 호남의 한빛원전을 기저 전력으로 활용하는 것이 바람직하다. 이와 함께 대규모 에너지저장장치(ESS)와 양수발전소를 병행 배치하고, 서남권에 액화천연가스(LNG) 발전소도 추가 건설해야 한다. 송전망 측면에서는 경주, 울산, 부산 기장에 있는 원전에서 생산한 전력을 서남권으로 보낼 방안을 마련해야 한다. 이를 위해 동서축 345kV/765kV 송전망 확충이 필요하다. 동시에 전남 남부 LNG 발전소에서 생산된 전기가 반도체 단지로 원활히 흐를 수 있도록 권역 내 송전망을 지중화하고 계통 연계도 속도감 있게 추진해야 한다.”전문가들은 미래 반도체산업에 위협이 될 수 있는 친환경에너지 수급난도 고려해야 한다고 지적한다. 최근 애플은 “2040년까지 자사 제품에 탑재되는 반도체를 전량 RE100 제품으로만 쓰겠다”고 선언했다. 친환경 전력의 중요성이 날로 커지는 상황이다. 박 석학교수는 이에 대해 “향후 삼성전자와 SK하이닉스가 RE100을 달성하지 않은 채 탄소배출권만 구입해 제품을 생산한다면 비용 부담이 어마어마하게 늘어날 것”이라며 “전남광주에 들어서는 반도체 팹의 전력은 풍력, 태양광, 원전 등을 통해 RE100 실현이 가능한 방법으로 확보해야 한다”고 짚었다.“소득세 감면도 검토할 만”반도체 생산에는 전력뿐 아니라, 물도 대량으로 요구된다. 특히 반도체 공정에 투입되는 물은 일반 공업용수와 달리 불순물 농도가 1조 분의 1(1ppt) 이하로 관리되는 ‘초순수(超純水)’여야 한다. 용존산소, 미립자, 금속이온 등이 극도로 제한돼야 하는 만큼 고도의 정제 공정이 필수다. 물의 양뿐 아니라 질도 중요한 셈이다. 이에 대해 유 교수는 “최근 정부가 발표한 것처럼 호남 지역의 댐을 증고(댐 높이를 키움으로써 수량을 더 많이 확보)하고 농업·발전용수를 공업용수로 전환하는 등의 방법으로 당장 쓸 수 있는 수자원부터 통합 관리해야 한다”고 말했다. 이어서 유 교수는 “서남권 반도체 공장에서 나온 폐수를 정화해 다시 쓰는 기술을 적극 도입하는 등 산업단지의 수자원 자급률을 높이는 전략도 병행해야 한다”고 덧붙였다.첨단 반도체 단지에 필요한 또 다른 핵심 자원은 인재다. 전남광주 지역 주요 대학에 반도체 관련 학과 및 연구소를 설치해 전문 인력을 육성하는 동시에, 반도체 클러스터 종사자들이 정주할 여건을 조성하는 게 핵심 과제다. 김대종 세종대 경영학부 교수는 “반도체 클러스터의 성공 여부는 공장을 어디에 짓는지보다 공장 주위에 인재들이 머물러 살 도시를 제대로 만들 수 있느냐에 달렸다”면서 “정부가 단순히 보조금을 지급하는 수준을 넘어 서남권 반도체 공장 종사자들에게 삶의 질은 물론, 자산 형성 측면에서 수도권 종사자를 압도하는 유인책을 제공할 필요가 있다”고 말했다. 이어지는 그의 설명이다.“3040세대 핵심 인력을 해당 지역에 정착하게 하려면 반도체 클러스터 배후도시에 국제학교, 과학고, 외국어고 등 우수한 교육시설과 상급종합병원을 최우선적으로 유치해야 한다. 대규모 주택을 특별 공급하는 것도 필요하다. 정부가 비수도권 반도체 클러스터에 근무하는 핵심 인력에게 5~10년간 소득세를 감면해주는 등 파격적인 세제 혜택을 제공하는 것도 검토할 만하다. 서남권 반도체 벨트에서 일하는 이들의 실질소득이 수도권 종사자보다 높아지도록 확실한 메리트를 주자는 취지다.”K-반도체 벨트 확장에 참고할 만한 사례도 있다. 대만 수도권과 중부, 남부를 아우르는 대규모 반도체 단지가 그것이다. 대만은 1980년대 수도 타이베이 인근 신주과학단지에 TSMC와 소부장 협력업체, 대학을 유치해 ‘대만판 실리콘밸리’를 조성했다. 이후 신주과학단지 인프라가 포화 상태에 이르자 1990년대 남부 타이난에 이어 2010년대 중부 타이중으로까지 반도체 벨트를 확대했다. 정부와 기업, 대학이 긴밀히 협력해 반도체산업 생태계를 조성하고, 특히 국가 차원에서 지속적으로 인프라를 구축한 게 특징이다. 반도체산업계 안팎에서 “우리 정부도 대만처럼 반도체 생산설비와 소부장 공급망은 물론, 인력 양성과 에너지 인프라 확보까지 아우르는 장기 로드맵을 추진해야 한다”는 목소리가 나오는 이유다.*유튜브와 포털에서 각각 ‘매거진동아’와 ‘투벤저스’를 검색해 팔로잉하시면 기사 외에도 동영상 등 다채로운 투자 정보를 만나보실 수 있습니다.",True,반도체,"정부와 대기업이 서남권에 800조 원을 투자해 반도체 클러스터를 조성하는 계획을 발표하며, 수도권의 인프라 부족과 공급난을 해결하기 위한 전략으로 평가받고 있다. 이에 따라 전력, 용수 확보와 인력 확보가 핵심 과제로 부상했으며, 전력 공급은 원전, ESS, LNG 발전소 등을 활용하는 방안이 검토되고 있다. 친환경 에너지와 수자원 확보, 송전망 확충이 중요한 과제이며, 지역 주민과의 인센티브 마련도 필요하다. 이번 계획은 반도체 산업의 공급 안정성과 미래 경쟁력을 강화하는 데 중점을 두고 있다.",반도체 공급망,2.0
2026-07-01,"미래에셋 'TIGER 차이나반도체FACTSET' ETF, 연초 이후 121% 수익률",정보 없음,https://n.news.naver.com/mnews/article/277/0005784094,"국내 상장 중국 투자 ETF 중 1위미래에셋자산운용은 'TIGER 차이나반도체FACTSET' 상장지수펀드(ETF)가 국내 상장 중국 투자 ETF 54종 중 연초 이후 수익률 1위를 기록했다고 1일 밝혔다.이 상품의 연초 이후 수익률은 전날 기준 121.4%로 집계됐다. 최근 1년 수익률은 239.2%에 달한다. 수익률 호조에 힘입어 지난해 말 1265억원이었던 순자산은 전날 기준 6533억원으로 약 5배로 성장했다. 국내 상장 중국 투자 ETF 가운데 순자산 2위 규모다.TIGER 차이나반도체FACTSET은 'FactSet China Semiconductor 지수'를 추종하는 상품으로, 중국 반도체 밸류체인 전반에 투자한다. 반도체 설계, 파운드리, 장비, 메모리 등 핵심 분야의 대표 기업을 편입하고 있으며, 주요 구성 종목으로는 기가디바이스(GigaDevice), 캠브리콘(Cambricon), 나우라(NAURA), 하이곤(Hygon) 등이 있다.최근 중국 반도체 산업은 정부의 반도체 자립(국산화) 정책과 인공지능(AI) 산업 확대에 따른 AI 칩 수요 증가를 바탕으로 성장세를 이어가고 있다. 미국의 대중국 반도체 규제 강화 이후 중국은 반도체 공급망 내재화에 속도를 내고 있으며, 설계·장비·메모리 등 반도체 밸류체인 전반에서 경쟁력을 갖춘 기업들의 실적 개선 기대가 커지고 있다.정의현 미래에셋자산운용 ETF운용본부장은 ""중국 정부의 반도체 자립 정책과 AI 칩 국산화 수요가 본격화되며 중국 반도체 기업들의 성장세가 두드러지고 있다""며 ""TIGER 차이나반도체FACTSET ETF는 중국 반도체 밸류체인 성장에 효율적으로 투자할 수 있는 상품""이라고 설명했다.",True,반도체,"미래에셋자산운용의 'TIGER 차이나반도체FACTSET' ETF가 국내 상장 중국 투자 ETF 중 연초 이후 수익률 1위(121.4%)를 기록했으며, 1년 수익률은 239.2%에 달한다. 이 ETF는 중국 반도체 산업 전반에 투자하며, 정부의 자립 정책과 AI 산업 확대에 힘입어 성장세를 보이고 있다. 최근 순자산도 약 5배 증가하여 6533억 원에 이르렀다.",반도체 공급망,1.0
2026-07-01,한국에 800억 中 공장 뜬다…삼전닉스 공급망 노린 '초강수' [도쿄나우],정보 없음,https://n.news.naver.com/mnews/article/015/0005304817,"삼전·SK하이닉스 공급망까지 노린다…中반도체 소재 굴기글라스·CCL 등 소재 생산 확대정부 지원 등에 업고 글로벌 진출 속도인공지능(AI) 반도체 경쟁이 본격화되면서 중국이 설계·제조뿐 아니라 반도체 소재 분야에서도 두각을 나타내고 있다. 중국 업체들은 정부 지원에 힘입어 생산 능력 확대와 해외 진출에 나서고 있다. 삼성전자 SK하이닉스도 이들의 타깃 고객이다.1일 니혼게이자이신문에 따르면 중국 유리섬유 소재 업체 광위안신소재(光遠新材料)는 최근 AI 반도체 패키지에 사용되는 ‘T글라스’ 출하를 시작했다. T글라스는 고속·대용량 데이터 처리를 수행하는 AI 반도체에서 발생하는 열팽창과 휨 현상에 강한 소재다.광위안신소재는 AI 서버와 5G 기지국 등에 사용되는 저유전율 글라스 크로스를 중국 최초로 개발한 기업이기도 하다. T글라스 생산 진입을 위해 68억위안을 투자해 허난성에 공장을 신설했으며, 지난해부터 순차 가동에 들어갔다.T글라스 시장은 그동안 일본 닛토방이 세계 시장을 사실상 독점해왔다. 광위안신소재 리즈웨이 회장은 “독자 특허와 다른 생산 기술을 갖고 있으며 아직 격차는 있지만 기술 발전 속도는 빨라지고 있다”고 밝혔다.중국 기업의 성장세는 반도체 소재 시장 전체에서도 나타난다. 반도체 시장 조사업체 SEMI에 따르면 2025년 세계 반도체 소재 시장 규모는 전년 대비 7% 증가한 732억달러(약 11조8000억엔)였다. 이 가운데 중국 본토 시장은 13% 성장한 156억달러로 가장 높은 성장률을 기록했다.중국 1위 업체 장펑전자재료(江豊電子材料)는 3억5000만위안을 투자해 한국에 공장을 설립할 계획이다. 삼성전자와 SK하이닉스 등 한국 반도체 기업 공급을 목표로 한다.AI 반도체 수요 확대에 대응해 중국 최대 동박적층판(CCL) 업체 성익과기(生益科技)는 약 52억위안을 투자해 광둥성에 신규 공장을 건설한다. AI 서버와 전기차 등 고성능 제품용 소재 생산을 목표로 하며, 2028년 1기, 2032년 2기 가동을 계획하고 있다.해외 생산 거점 확보도 확대되고 있다. 성익과기는 태국에 14억위안을 투자해 고성능 소재 공장을 건설하고 동남아와 유럽·미국 고객 공급을 추진한다. 반도체 박막 형성에 사용되는 타깃 소재 분야에서도 중국 기업의 해외 진출이 진행되고 있다.중국 기업들은 거대한 내수 시장을 기반으로 제품 개발과 생산 확대를 반복하며 격차 축소를 시도하고 있다. 중국 정부 역시 국산 소재와 장비 사용을 유도하기 위해 보조금과 정책 지원을 활용하고 있다.닛케이는 ""핵심 소재 시장에서 중국의 국가 지원형 추격이 본격화되고 있다""고 전했다.",True,반도체 공급망,"중국이 정부 지원 아래 반도체 소재 분야에서 글로벌 경쟁력을 강화하고 있다. 광위안신소재는 AI 반도체 패키지용 T글라스 생산을 시작했으며, 일본 시장을 넘어서 기술 발전을 빠르게 추진 중이다. 중국 반도체 소재 시장은 2025년까지 13% 성장하며, 장펑전자재료는 한국에 공장 설립을 계획하고 있다. 성익과기 역시 광둥성에 신규 공장을 건설하며 해외 시장 공략을 확대한다. 중국은 내수 기반을 바탕으로 제품 개발과 생산 능력을 키우며, 정부 정책과 보조금을 통해 핵심 소재 시장에서 경쟁력을 높이고 있다.",반도체 공급망,2.0
2026-07-01,‘준비금 수익분배’ 달러 스테이블코인 ‘OUSD’ 출범…삼성전자 등 韓 기업 13곳 참여,정보 없음,https://n.news.naver.com/mnews/article/009/0005701507,"달러 스테이블코인 ‘오픈USD(OUSD)’ 출범전 세게 140개 파트너 중 韓 기업 13곳 참여삼성전자·신한금융·국민카드·두나무 등 합류달러 스테이블코인 ‘오픈USD(OUSD)’ 출범을 위한 글로벌 기업 연합체 ‘오픈스탠다드(Open Standard)’에 참여한 한국 기업들. [출처=오픈스탠다드 발표 기반 AI 생성 이미지]새로운 달러 스테이블코인 ‘오픈USD(OUSD)’을 위한 글로벌 기업 연합체 ‘오픈스탠다드(Open Standard)’에 한국 대표 기술·금융·가상자산 기업들 총 13곳이 초기 파트너로 참여한다.지난 30일(현지시간) 비자, 블랙록, 스트라이프, 코인베이스 등 140여개 글로벌 기업들이 모여 출범한 오픈스탠다드는 파트너사 명단을 공개했다.이날 파트너 명단에 포함된 한국 기업은 삼성전자와 국내 최대 가상자산 거래소 업비트 운영사 두나무를 비롯해 금융권에서 신한금융그룹, 케이뱅크, 카카오뱅크, 한화생명, KB국민카드, 우리카드, 삼성카드, 하나카드, 현대카드, 비씨카드, 농협카드 등 13곳으로 드러났다.눈길을 끄는 지점은 국내 스테이블코인 지급결제 생태계 구성에 필수적인 모바일 하드웨어(삼성전자), 유통 플랫폼(두나무), 결제·정산(은행·카드) 인프라의 중추를 담당하는 주요 기업들이 달러 스테이블코인 OUSD 생태계에 직접 연결됐다는 점이다.OUSD가 기존 테더(USDT)나 서클(USDC)이 발행한 달러 스테이블코인과 차별화되는 지점은 기존 발행사 독점 체제의 한계를 깨고 생태계 참여자들과 미국 국채 준비금 수익을 공유하는 모델을 채택한 점이다.오픈스탠다드는 단일 발행사가 아니라 참여 기업들이 이사회를 구성해 공동으로 지배구조를 운영하는 구조다. 기업들은 수수료 없이 무제한으로 OUSD를 발행·상환할 수 있다.또한 오픈스탠다드에 기여한 파트너 기업들은 스테이블코인 담보 자산인 미국 국채 등에서 발생하는 이자 수익에서 운영비만 제외한 몫을 분배받을 수 있다.이날 오픈스탠다드에 따르면 ‘OUSD 일드 풀 디스커버리(Yield pool discovery)’ 시스템은 이미 가동을 본격화했다. OUSD 생태계 참여 기업과 초기 투자자들은 ‘프리 시즌 예치 단계’에 참여해 수익공유 풀에 조기 접근권한을 얻고 향후 제공될 보상 분배에서 유리한 고지를 선점할 수 있다.이 같은 수익 공유 모델이 공개되자 기존 달러 스테이블코인 점유율 2위인 USDC의 발행사 서클의 주가가 하루 만에 17% 이상 폭락하기도 했다.오픈스탠다드 초대 최고경영자(CEO)로는 자크 에이브럼스 브릿지 공동창업자가 선임됐다. 솔라나와 스트라이프 계열 결제 블록체인 ‘템포(Tempo)’는 출시 첫날부터 OUSD를 기본 통화로 채택하겠다고 밝혔다.오픈스탠다드(Open Standard) 공식 웹사이트에 공개된 ‘수익 공유형’ 달러 스테이블코인 ‘oUSD’ 관련 설명. [출처=오픈스탠다드]한국 기업들이 대거 오픈스탠다드에 합류한 건 글로벌 결제 시장이 스테이블코인을 중심으로 재편되는 추세에서 초기 주도권을 확보하기 위한 차원으로 풀이된다.글로벌 벤처캐피털 앤드리슨 호로위츠(a16z)에 따르면 최근 1년새 전 세계 스테이블코인의 조정 거래액은 9조달러에 달했다. 이는 세계 최대 국제 결제 네트워크 비자(16조 달러)를 위협하고 간편결제 강자 페이팔(1.7조 달러)을 압도하는 수치로 스테이블코인이 이미 주류 결제망에 안착했음을 보여준다.테더와 서클 등 양대 달러 스테이블코인 발행사들이 담보로 잡고 있는 미국 국채 규모는 이미 사우디아라비아, 독일, 그리고 한국의 국채 보유량을 상회하며 전 세계 20위권 내의 핵심 국채 보유 주체로 올라섰다.a16z가 집계한 전 세계 가상자산 웹 트래픽 데이터에 따르면 한국의 트래픽 점유율은 3.8%로 인구 10억명당 환산 기준 전 세계 2위에 달한다. 국내 가상자산 투자 인구는 약 1300만명에 달할 정도로 대중적 기반도 탄탄하다.국내 기업들은 오픈스탠다드 참여를 통해 스테이블코인 발행·유통·보관·결제 등 다양한 신사업을 전개해 나갈 수 있을 것으로 기대된다.예컨대 삼성전자는 스마트폰과 모바일 지갑 생태계에 OUSD를 통합해 국경 없는 제로 수수료 결제망을 구축할 수 있다.은행·카드사 등 금융권은 글로벌 핀테크 회사들에게 결제 주도권을 빼앗기는 위험을 방어하는 동시에 미국 국채 이자 수익 분배라는 이득도 챙길 수 있게 될 전망이다.국내 가상자산 거래대금 1위 거래소인 두나무는 OUSD의 한국 유통 플랫폼으로 독점적 지위를 다질 수 있을 것으로 기대된다.",True,삼성전자,"달러 스테이블코인 ‘오픈USD(OUSD)’ 출범을 위한 글로벌 연합 ‘오픈스탠다드’에 한국 기업 13곳이 참여한다. 삼성전자, 신한금융, 두나무 등 주요 기업들이 생태계에 연결되어 결제·유통·보관 등 다양한 신사업을 추진할 전망이다. 오픈스탠다드는 참여 기업들이 공동 지배구조를 운영하며 미국 국채 수익을 공유하는 모델을 채택했고, 이미 수익 공유 시스템이 가동 중이다. 이로 인해 기존 USDC 등과 차별화되며, 글로벌 결제 시장 재편에 영향이 기대된다. 국내 기업들은 글로벌 결제·핀테크 시장에서 주도권 확보와 신사업 확장 기회를 얻고 있다.",삼성전자,1.0
2026-07-01,"삼성전자, 2나노 파운드리 공정 기술 공개",정보 없음,https://n.news.naver.com/mnews/article/032/0003455568,"“AI 반도체 생태계 협력 확대”삼성전자가 인공지능(AI) 반도체 생산을 위한 차세대 2나노 파운드리 공정 기술을 공개하며 AI 반도체 생태계 협력을 확대하겠다고 밝혔다.삼성전자는 1일 삼성전자 서초사옥에서 파운드리 고객사·파트너사들이 참석한 가운데 ‘세이프(SAFE·삼성전자 파운드리 생태계 프로그램) 포럼 2026’을 개최했다. 2019년부터 시작된 세이프 포럼은 파운드리 파트너사들과 최신 기술 동향을 공유하고 협력을 강화하는 자리다.삼성전자는 이날 차세대 2나노 공정과 설계·공정 동시 최적화를 구현하는 DTCO 기술 로드맵을 공개했다. 또한 AI 반도체 성능 향상의 핵심 요소로 주목받는 SRAM 경쟁력 강화 방안도 소개했다.신종신 삼성전자 파운드리사업부 디자인플랫폼개발실장은 기조연설에서 “AI·고성능컴퓨팅(HPC) 글로벌 고객사뿐 아니라 국내 시스템반도체 기업과의 협력도 강화하고, 국내 시스템반도체산업 플랫폼 역할을 확대해 나가겠다”고 말했다.AI 확산으로 고객 니즈에 맞춘 AI 반도체를 개발하는 선단 공정 파운드리 시장도 빠르게 성장하는 추세이다. 3나노 이하 파운드리 시장은 2028년 1019억달러로 지난해 대비 4배가량 성장할 것으로 옴디아는 전망하고 있다.삼성전자는 2022년 세계 최초로 GAA(게이트 올 어라운드) 기술을 적용한 3나노 양산에 성공한 데 이어 평택, 미국 테일러를 중심으로 생산라인을 확대하고 있다.최근 대만 TSMC 공정 포화로 인해 빅테크 등 대형 고객사들이 삼성전자 파운드리 협력을 모색하는 흐름도 이어지고 있다. 삼성전자는 현재 테슬라, 엔비디아의 AI칩 생산에 협력하고 있으며 퀄컴, AMD 등 글로벌 고객사와 협력을 확대할 가능성도 거론된다.",True,파운드리,"삼성전자는 인공지능(AI) 반도체 생산을 위해 차세대 2나노 파운드리 공정을 공개하며 생태계 협력을 확대하고 있다. 1일 개최된 ‘세이프 포럼 2026’에서 최신 기술과 DTCO, SRAM 경쟁력 강화 방안을 발표했고, 국내외 고객사와 협력 확대를 강조했다. 글로벌 시장은 3나노 이하 파운드리 수요가 급증하는 가운데, 삼성은 이미 3나노 GAA 기술을 상용화했으며, TSMC 공정 포화로 인해 대형 고객사들이 협력을 모색하는 추세다. 삼성은 AI·HPC 시장에서 경쟁력을 강화하며, 테슬라·엔비디아 등과 협력하고 있다.",삼성전자,2.0
2026-07-01,"삼성전자, '세이프 포럼 2026' 서 AI 반도체 생태계 청사진 제시",정보 없음,https://n.news.naver.com/mnews/article/293/0000087048,"삼성전자는 서울 서초사옥에서 ‘세이프(SAFE) 포럼 2026’을 열고 국내 AI 반도체 생태계 협력 확대 방안과 차세대 파운드리 기술 전략을 발표했다. /사진 제공=삼성전자삼성전자가 AI(인공지능) 반도체 수요 확대에 대응해 2나노 공정과 고성능 S램(정적램), 첨단 패키징을 아우르는 차세대 파운드리 전략을 공개했다. 고객·파트너사와 설계·IP(설계자산)·패키징 협력을 강화해 위탁생산을 넘어 국내 시스템반도체 생태계의 플랫폼 역할도 확대한다는 계획이다.""국내 시스템반도체 플랫폼 역할 강화""1일 삼성전자에 따르면 회사는 이날 서울 서초사옥에서 '세이프(SAFE) 포럼 2026'을 열고 국내 AI 반도체 생태계 협력 확대 방안과 차세대 파운드리 기술 전략을 발표했다. 올해 포럼 주제는 '더 넥서스 포 실리콘 인텔리전스(The Nexus for Silicon Intelligence·실리콘 지능을 연결하는 중심)'다.세이프 포럼은 삼성전자가 파운드리 고객사와 생태계 파트너를 대상으로 공정 기술과 설계 지원 방안을 공유하는 행사다. 삼성전자는 세이프를 중심으로 고객·파트너사와 협력을 확대해 AI 반도체 생태계의 핵심 거점으로 자리 잡겠다는 비전을 제시했다.신종신 삼성전자 파운드리사업부 디자인플랫폼개발실장은 기조연설에서 ""AI·HPC(고성능컴퓨팅) 글로벌 고객사와 협력을 본격화하는 동시에 국내 시스템반도체 고객사와의 협력도 강화하고 있다""며 ""파운드리 생산을 넘어 국내 시스템반도체산업의 플랫폼 역할을 강화하겠다""고 말했다.행사에는 고객사와 파트너사 관계자 400여명이 참석했다. EDA(전자설계자동화), IP, DSP(디자인솔루션파트너), VDP(가상설계파트너), MDI(멀티다이통합) 분야 21개 파트너사는 전시 부스를 마련해 반도체 설계부터 첨단 패키징까지 지원하는 설루션을 소개했다.국내 AI 팹리스 리벨리온과 지멘스EDA도 삼성전자 파운드리 공정을 활용한 AI 반도체 개발 사례와 2.5D·3D 칩 설계 지원 방안을 발표했다.박성현 리벨리온 대표는 ""삼성전자 4나노 파운드리 공정과 첨단 패키징을 기반으로 '리벨100' NPU(신경망처리장치)를 개발했다""며 ""AI 반도체 분야에서 협력을 이어가며 소버린 AI(주권형 인공지능) 구축에 나설 것""이라고 밝혔다.진 마리 브루넷 지멘스EDA 수석부사장은 ""2.5D·3D 이종 칩 통합에는 수율과 설계 검증, 신뢰성, 패키징을 아우르는 지원이 필요하다""며 ""고객사가 삼성전자의 선단 공정을 활용해 AI·HPC 반도체를 신속하게 구현하도록 지원하겠다""고 말했다./ 사진 제공=삼성전자공정·설계 혁신하고 국내 AI 생태계 키운다삼성전자는 AI 반도체 경쟁력을 높이기 위한 공정·설계 혁신 전략도 공개했다. 차세대 2나노 공정과 DTCO(설계·공정 동시 최적화)를 활용해 전력 소모와 칩 면적을 줄이고 성능과 수율을 높인다는 구상이다.DTCO는 반도체 설계와 공정 기술을 함께 최적화해 전력·성능·면적과 수율, 제조비용을 개선하는 기술이다. 미세공정 전환만으로 반도체 성능을 높이는 데 한계가 커지면서 공정 개발 단계부터 회로와 제품 설계를 함께 고려하는 방식의 중요성이 커지고 있다.삼성전자는 AI 반도체의 연산 성능을 좌우하는 S램 기술 강화 방안도 제시했다. S램은 전원이 공급되는 동안 데이터를 유지하는 휘발성 메모리로 D램보다 처리 속도가 빠르다. 다만 데이터 저장 셀의 면적이 크고 회로 구조가 복잡해 집적도를 높이기 어렵다.AI 가속기는 연산 장치에 데이터를 빠르게 전달하기 위해 대용량·고성능 SRAM을 필요로 한다. 삼성전자는 DTCO와 SRAM 설계·공정 혁신을 통해 AI 반도체의 전력 효율과 성능, 면적 경쟁력을 높여 고객사의 차세대 제품 개발을 지원할 계획이다.국내 시스템반도체 생태계 지원도 확대한다. 삼성전자 파운드리사업부는 산업통상부가 추진하는 제조 AI 전환 얼라이언스에 참여해 자동차와 가전, 로봇, 방산 분야에 필요한 저전력·고성능 온디바이스 AI 반도체 개발을 추진하고 있다.국내 팹리스의 초기 개발 비용을 낮추기 위해 MPW(멀티프로젝트웨이퍼) 프로그램도 운영한다. MPW는 여러 반도체 설계를 한 장의 웨이퍼에서 함께 생산하는 방식으로, 팹리스가 단독으로 웨이퍼를 생산할 때보다 시제품 제작 비용을 줄일 수 있다.삼성전자는 디자인 설루션 협력 체계를 확대하고 산업통상부·한국산업기술기획평가원·한국반도체연구조합이 운영하는 'K-칩스' 사업에도 참여한다. 차세대 반도체 연구개발과 전문인력 양성을 지원해 국내 팹리스와 설계 기업의 사업화 기반을 넓힌다는 방침이다.AI 반도체는 공정 미세화뿐 아니라 설계, IP, 패키징 기술을 함께 최적화해야 성능과 전력 효율을 높일 수 있다. 삼성전자는 세이프와 MPW를 중심으로 고객사·파트너사·정부와 협력을 강화해 파운드리 수주 경쟁력과 국내 시스템반도체 생태계 기반을 함께 확대할 계획이다.",True,AI 반도체,"삼성전자는 ‘세이프 포럼 2026’에서 AI 반도체 수요에 대응하는 차세대 파운드리 전략을 발표하며, 2나노 공정과 고성능 SRAM, 첨단 패키징 기술을 도입한다. 국내 AI 생태계 강화를 위해 고객·파트너와 협력 체계를 확대하고, MPW 프로그램 등을 통해 팹리스 지원도 강화한다. 공정·설계 혁신으로 성능과 전력 효율을 높이고, 국내 시스템반도체 플랫폼 역할을 강화하는 것이 목표다.",삼성전자,1.0
2026-07-01,"삼성전자, 8세대 폴더블폰 라인업 티저 공개",정보 없음,https://n.news.naver.com/mnews/article/215/0001257187,"삼성전자가 1일 공개한 8세대 폴더블폰 라인업의 티저 영상. (영상=삼성전자)삼성전자가 8세대 폴더블폰 라인업의 방향성을 담은 티저 영상을 1일 공개했다.삼성전자는 이날 글로벌 공식 SNS 계정에 길쭉한 초콜릿을 부러뜨리거나 스티커 사진을 찢는 등 일상 소재를 활용해 8세대 폴더블폰의 특정 비율과 형태를 드러내는 영상을 게시했다.삼성전자는 ""AI 경험의 핵심 진입점으로 모바일 기기가 자리 잡는 변화에 맞춰 기존 폼팩터의 핵심 경험을 한층 강화하는 동시에 새로운 선택지를 더해 경험의 폭을 확대할 것이라는 의미""라고 설명했다.IT업계에 따르면 갤럭시 Z 폴드8은 기존 모델보다 세로 길이를 줄이고 가로 폭을 넓혀 펼쳤을 때 약 4대 3 비율의 화면을 적용할 것으로 알려졌다.갤럭시 Z 폴드8은 퀄컴 스냅드래곤 8 엘리트 5세대 칩셋과 12GB 램, 최대 1TB 저장공간을 지원할 것으로 예상된다.배터리 용량은 4천800mAh, 유선 충전은 최대 45W를 지원하며, 후면에는 2억 화소 메인 카메라를 포함한 트리플 카메라가 탑재될 것으로 알려졌다.기존 폴드 시리즈의 화면비는 새롭게 추가되는 '울트라' 라인업에 적용될 예정이다.이번 8세대 폴더블폰 라인업은 이달 말 영국 런던에서 열리는 갤럭시 언팩에서 공개된다.",True,삼성전자,"삼성전자는 8세대 폴더블폰 라인업의 방향성을 담은 티저 영상을 공개하며, 일상 소재를 활용해 제품의 형태를 드러냈다. 갤럭시 Z 폴드8은 세로 길이를 줄이고 가로 폭을 넓혀 4:3 비율의 화면을 제공하며, 퀄컴 스냅드래곤 8 엘리트 5G 칩셋과 12GB 램, 최대 1TB 저장공간, 4,800mAh 배터리, 45W 유선 충전을 지원한다. 후면에는 2억 화소 카메라를 포함한 트리플 카메라가 탑재될 예정이며, 새 폼팩터는 울트라 라인업에 적용된다. 이 제품은 이달 말 영국 런던에서 열리는 갤럭시 언팩에서 공개된다.",삼성전자,1.0
2026-07-01,"삼성전자 초기업노조 ""메가 프로젝트, 우리와도 논의해야""",정보 없음,https://n.news.naver.com/mnews/article/022/0004139775,"1일 입장문 통해 노사정 협의 제안반도체를 맡는 삼성전자 DS(디바이스솔루션)부문이 주축이 된 삼성그룹 초기업노동조합 삼성전자 지부가 정부와 삼성전자 등이 추진 중인 대한민국 대도약 메가 프로젝트와 관련 노사정 협의를 제안했다.초기업노조는 1일 입장문을 통해 ""정부와 회사, 노동조합이 한자리에 모이는 노사정 협의의 장을 제안하며 건설적인 대화를 통해 이 국가적 과제가 대한민국의 새로운 도약으로 이어지길 기대한다""고 밝혔다.서울 삼성전자 서초사옥 모습. 연합뉴스초기업노조는 ""대한민국 반도체 산업의 경쟁력을 지키기 위해선 천금매골의 자세가 필요하다""며 ""핵심 인재와 기술을 확보하는 데 망설임 없는 과감한 투자가 뒷받침돼야 한다""고 강조했다.이어 ""메가 프로젝트는 대한민국 반도체 산업의 미래를 좌우할 과제""라며 ""라인 하나를 가동하기 위해 부지 선정, 인허가, 전력, 용수 등 기반 인프라 확보를 포함하면 최소 5년 이상 걸리는 긴 여정""이라고 주장했다.초기업노조는 ""그만큼 조급함보다는 철저한 준비가 필요하며 긴 호흡으로 미래를 내다보며 차근차근 대비해 나갔으면 한다""고도 했다.또한 ""이 모든 것의 근본에는 사람이 있다""며 ""초기업노조는 조합원이 앞으로 일하게 될 현장의 산업 안전, 주거 환경, 인프라가 충실히 갖춰지고 그에 걸맞은 처우가 뒷받침되길 바란다""고 했다.초기업노조는 ""이런 과제는 우리 모두가 뜻을 모을 때 해결할 수 있다""며 ""현장을 가장 잘 아는 노동조합이 그 역할을 다하겠다""고 강조했다.",True,삼성전자,"삼성전자 DS부문 초기업노조는 정부와 삼성전자 등과의 노사정 협의를 제안하며, 대한민국 대도약 메가 프로젝트의 성공을 위해 긴 호흡과 철저한 준비를 강조했다. 반도체 산업 경쟁력 강화를 위해 인재 확보와 과감한 투자 필요성을 언급하며, 인프라 구축과 산업 안전, 처우 개선 등 현장 중심의 협력을 기대한다고 밝혔다.",삼성전자,1.0
2026-07-01,"정부 ""삼성전자·SK하이닉스 '성과급 백지화 공문설' 허위""(종합)",정보 없음,https://n.news.naver.com/mnews/article/001/0016169733,"""악의적 유포행위 강력대처""…이달 중 반도체 이익배분 토론회 개최 예정삼성전자·SK하이닉스[촬영 홍기원](서울=연합뉴스) 옥성구 기자 = 정부가 삼성전자와 SK하이닉스에 '반도체 초과이익 공유제'를 위한 기존 성과급 협약 백지화 공문을 보냈다는 의혹에 대해 고용노동부와 산업통상부가 1일 전면 부인했다.노동부는 이를 ""허위 사실""로 규정하며, 악의적인 유포 행위에 대해 강력히 대처하겠다고 경고했다.이날 노동부는 ""현재 온라인상에 유포되고 있는 '반도체 초과 이익 공유제' 및 '성과급 협약 백지화' 관련 글은 전혀 근거 없는, 사실과 다른 내용""이라고 밝혔다.최근 직장인 익명 커뮤니티 등에서 '정부가 삼성전자와 SK하이닉스에 공문을 보내 기존의 성과급 협정을 전면 재검토하게 하고, 내년부터 정부 주도 초과이익 공유 정책에 맞춰 보상·배분 방식을 설계 운영할 것'이라는 내용의 글이 퍼졌다.노동부는 실제 공문을 발송한 사실이 없다고 밝혔다.노동부는 ""향후 이같은 잘못된 글을 악의적으로 유포하는 경우에 대해서는 수사기관 신고 등을 통해 강력히 대처할 계획""이라고 밝혔다.산업부 역시 공지를 통해 ""온라인상 유포되고 있는 초과이익 공유제 관련 정부 주도 싱크탱크 구성 등을 위해 정부가 삼성전자, 하이닉스에 공문을 발송했다는 글은 전혀 사실과 다르다""고 밝혔다.산업부는 ""향후 이 같은 잘못된 글을 악의적으로 유포하는 경우에 대해서는 수사기관 신고 등을 통해 강력히 대처할 계획""이라고 강조했다.한편, 노동부는 이달 중에 반도체 이익 배분 등을 주제로 토론회를 개최한다는 계획이다. 현재 구체적 의제와 시기에 대해 조율 중인 것으로 전해졌다.ok9@yna.co.kr",True,삼성전자,"정부는 삼성전자와 SK하이닉스에 ‘반도체 초과이익 공유제’ 관련 공문을 보냈다는 의혹을 부인하며, 온라인 유포된 허위 사실에 대해 강력히 대처하겠다고 밝혔다. 노동부와 산업부는 관련 공문 발송 사실이 없으며, 잘못된 정보 유포자에 대해 수사기관 신고 등 대응 방침을 예고했다. 또한, 이달 중 반도체 이익 배분 토론회를 개최할 예정으로, 구체적 일정은 조율 중이다.",삼성전자,1.0
2026-07-01,‘삼전닉스 성과급 백지화’ 공문 보냈다?…노동부 “사실 아냐”,정보 없음,https://n.news.naver.com/mnews/article/024/0000106592,"온라인서 ‘성과급 협약 백지화 공문설’ 의혹 확산정부 “허위사실…악의적 유포 엄정 대응할 것”삼성전자·SK하이닉스. (연합뉴스)최근 온라인 상에서 정부가 삼성전자, SK하이닉스에 ‘반도체 초과이익 공유제’ 도입을 위해 기존 성과급 협약 백지화 공문을 보냈다는 의혹이 확산되고 있다. 이에 대해 고용노동부는 “사실과 다른 내용”이라며 전면 부인했다.노동부는 1일 “현재 온라인 상에 유포되는 ‘반도체 초과 이익 공유제’ 및 ‘성과급 협약 백지화’ 관련 글은 전혀 근거 없는 내용”이라고 밝혔다. 또 해당 내용을 “허위 사실”로 규정하며, 악의적인 유포 행위에 대해서 강력히 대처하겠다고 했다.앞서 직장인 익명 커뮤니티 등을 중심으로 ‘정부가 삼성전자, SK하이닉스에 공문을 보내 기존 성과급 협정을 재검토하도록 하고, 내년부터 정부의 초과이익 공유 정책에 맞춰 보상 체계를 운영할 예정’이라는 글이 확산됐다. 게시글에는 정부가 이달부터 반도체 대기업의 초과이익 공유 방안을 논의해, 성과급 상한을 7000만원으로 제한할 계획이라는 주장도 담겼다.노동부는 관련 공문을 발송한 적이 없다는 입장을 밝히며 “향후 이같은 잘못된 글을 악의적으로 유포하는 행위에 대해서 수사기관 신고 등 엄정하게 대처할 방침”이라고 경고했다.이날 김영훈 고용노동부 장관도 엑스(X·옛 트위터)를 통해 “어제 오후 정부가 삼성전자 성과급 노사합의를 백지화한다는 이른바 ‘지라시’가 커뮤니티를 중심으로 확산됐다”며 “명백한 가짜뉴스이고 일터민주주의를 파괴하는 범죄”라고 강조했다.한편 노동부는 이달 중 반도체 초과이익 배분 등을 주제로 전문가, 노동계, 기업, 일반 국민 등이 참여하는 토론회를 개최할 계획이다. 대기업 초과이익을 재분배하는 방식을 논의해 ‘한국형 사회연대 임금’의 가능성을 모색하겠다는 취지다. 정부는 관계 부처와 함께 구체적인 의제와 일정을 조율하는 것으로 알려졌다.",True,삼성전자,"최근 온라인에서 정부가 삼성전자와 SK하이닉스에 반도체 초과이익 공유제 도입을 위해 성과급 협약 백지화 공문을 보냈다는 의혹이 확산됐으나, 고용노동부는 이를 전면 부인하며 허위사실이라고 밝혔다. 정부는 악의적 유포에 대해 강력히 대응하겠다고 경고했고, 노동부는 관련 공문 발송 사실이 없음을 강조했다. 김영훈 노동부 장관도 가짜뉴스임을 지적하며, 이번 의혹이 일터민주주의를 훼손하는 범죄라고 비판했다. 한편, 정부는 반도체 초과이익 배분 방안을 논의하기 위한 전문가, 노동계, 기업 참여 토론회를 이달 중 개최할 계획이다.",삼성전자,1.0
2026-07-01,달러 코인 '오픈USD' 삼성전자·두나무 참여,정보 없음,https://n.news.naver.com/mnews/article/009/0005701546,"美국채 준비금 수익 공유글로벌 140개 기업 참여신한금융 등 국내 13곳 합류기존 테더(USDT), 서클(USDC)에 대항할 새로운 달러 스테이블코인인 '오픈USD(OUSD)'가 윤곽을 드러냈다.오픈USD 발행을 위해 비자와 마스터, 스트라이프 등 글로벌 기업과 더불어 국내 삼성전자, 신한금융그룹, 두나무 등이 힘을 합쳐 만든 '오픈스탠더드(Open Standard)' 네트워크도 본격 가동에 나선 모습이다. 지난달 30일(현지시간) 비자, 블랙록, 스트라이프, 코인베이스 등 140여 개 글로벌 기업이 모여 출범한 오픈스탠더드는 파트너사 명단을 공개했다. 이날 파트너 목록에 포함된 한국 기업은 삼성전자와 국내 최대 가상자산 거래소 업비트 운영사 두나무를 비롯해 금융권의 신한금융, 케이뱅크, 카카오뱅크, 한화생명, KB국민카드, 우리카드, 삼성카드, 하나카드, 현대카드, 비씨카드, 농협카드 등 총 13곳이다.OUSD가 기존 테더나 서클이 발행한 달러 스테이블코인과 차별화되는 지점은 기존 발행사 독점체제의 한계를 깨고 생태계 참여자들과 미국 국채 준비금 수익을 공유하는 모델을 채택한 점이다.오픈스탠더드는 단일 발행사가 아니라 참여 기업들이 이사회를 구성해 공동으로 운영하는 구조다. 기업들은 수수료 없이 무제한으로 OUSD를 발행·상환할 수 있다.또한 오픈스탠더드에 기여한 파트너 기업들은 스테이블코인 담보 자산인 미국 국채 등에서 발생하는 이자 수익에서 운영비를 제외한 몫만 분배받을 수 있다.오픈스탠더드 초대 최고경영자(CEO)로는 잭 에이브럼스 브리지 공동창업자가 선임됐다.국내 기업들은 오픈스탠더드 참여를 통해 스테이블코인 발행·유통·보관·결제 등 다양한 신사업을 전개해나갈 수 있을 것으로 기대된다.예컨대 삼성전자는 스마트폰과 모바일 지갑 생태계에 OUSD를 통합해 국경 없는 제로수수료 결제망을 구축할 수 있다. 국내 가상자산 거래대금 1위 거래소인 두나무는 OUSD의 한국 유통 플랫폼으로서 독점적 지위를 다질 수 있을 것으로 기대된다. OUSD는 올해 하반기 출시될 예정이다.[안갑성 기자]",True,삼성전자,"오픈USD(OUSD)는 기존 달러 스테이블코인과 차별화된 새로운 모델로, 글로벌 기업 비자, 블랙록, 스트라이프, 코인베이스와 함께 한국 기업인 삼성전자, 신한금융 등 13개사가 참여하는 오픈스탠더드 네트워크를 통해 발행된다. 이 생태계는 미국 국채 준비금 수익을 참여 기업들과 공유하며, 공동 운영 구조로 수수료 없이 무제한 발행·상환이 가능하다. 국내 기업들은 이를 활용해 결제, 유통, 보관 등 다양한 신사업을 추진할 전망이다. 오픈USD는 올해 하반기 출시 예정이다.",삼성전자,1.0
2026-07-01,"에이전트AI, 디지털 신약 플랫폼 '몰포지' 엔비디아 인셉션 선정",정보 없음,https://n.news.naver.com/mnews/article/008/0005379699,"에이전트AI는 자회사 디지털바이올로지가 개발한 AI(인공지능) 기반 저분자 신약 후보물질 발굴 플랫폼 '몰포지(MolForge)'가 엔비디아(NVIDIA)의 스타트업 지원 프로그램 '엔비디아 인셉션'(NVIDIA Inception)에 선정됐다고 1일 밝혔다.이번 선정은 에이전트AI 계열사 가운데 두 번째 엔비디아 인셉션 선정 사례다. 앞서 AI 로봇 안전 검증 플랫폼 '로보게이트'(RoboGate)를 개발하는 자회사 에이전트AI랩스는 엔비디아 인셉션에 선정된 바 있다. 디지털바이올로지 역시 AI 신약개발 플랫폼 기술력을 인정받으며 엔비디아 글로벌 AI 생태계에 합류하게 됐다.에이전트AI 관계자는 ""자체 AI 플랫폼이 로보틱스와 신약 개발 등 미래 핵심 분야에서 연이어 기술력을 인정받았다는 점에서 의미가 크다""고 말했다.엔비디아 인셉션은 AI, 바이오, 로보틱스 등 혁신 기술 기업을 대상으로 GPU(그래픽처리장치) 컴퓨팅 인프라와 기술 지원, 글로벌 네트워크를 제공하는 프로그램이다. 디지털바이올로지는 이번 선정을 계기로 엔비디아의 AI 컴퓨팅 인프라를 활용해 플랫폼 성능을 고도화하고, 글로벌 제약·바이오 기업과의 공동연구 및 사업 협력을 확대할 계획이다.제약·바이오 업계에 따르면 신약 하나를 개발하기 위해서는 평균 10년 이상의 기간과 막대한 연구개발 비용이 필요하며, 수억 개의 후보물질 가운데 실제 신약으로 이어지는 경우는 극히 드물다.디지털바이올로지가 개발한 몰포지는 새로운 저분자 화합물을 설계하고 검증한 뒤 우선순위를 결정하는 AI 신약개발 플랫폼이다. 단일 후보물질 개발에 그치지 않고 다양한 질환으로 확장 가능한 플랫폼이라는 점이 핵심 경쟁력이다. 이를 통해 반복적인 신약 후보 발굴이 가능하다.몰포지는 자체 개발한 생성형 AI 'MolForge-Gen'(몰포지 젠)을 기반으로 약 160만개의 약물 데이터를 학습해 새로운 저분자 화합물을 설계한다. 생성 분자의 97.5%가 화학적으로 유효한 구조를 보였으며, 분자 생성부터 결합 예측, 독성, 약물성, 합성 가능성까지 7개 이상의 독립 AI 모델이 동시에 분석하는 다중모델 검증 기술을 적용했다.현재까지 MolForge-Gen이 생성한 후보 분자는 219만 168개에 이른다. 이 가운데 약물성(ADMET), 신규성, 합성 가능성 등을 통과한 7만 1651개를 선별하고, 다시 2401개의 최상위 후보군으로 압축해 실제 실험 대상으로 제시하는 'AI 퍼널(Funnel)' 방식을 운영하고 있다. 사람이 직접 검토하기 어려운 수백만 개 규모의 화합물을 AI가 자동으로 분석해 가장 가능성이 높은 후보를 찾아내는 것이다.디지털바이올로지는 AI 예측의 신뢰성을 높이기 위한 검증 체계도 마련했다. AI가 제시한 예측의 신뢰도를 함께 제공하는 Conformal Prediction(정합 예측) 기술은 외부 평가에서 86.5%의 적중률을 기록했으며, AI가 예측한 단백질-분자 결합 구조의 99.5%가 국제 검증 도구(PoseBusters)의 물리화학적 타당성 검사를 통과했다.또한 실험 전 AI 예측 결과를 시간 기록과 함께 공개 저장소에 사전 등록(Pre-registration)하는 방식을 운영해 연구의 투명성과 재현성도 확보하고 있다.몰포지는 생성되는 후보물질의 95% 이상이 기존 약물과 겹치지 않는 신규 구조로 특허 경쟁력을 확보하고 있다.디지털바이올로지 관계자는 ""이번 엔비디아 인셉션 선정은 디지털바이올로지의 AI 신약 플랫폼 경쟁력이 글로벌 AI 생태계에서 인정받았다는 의미이자, 에이전트AI 그룹의 AI 플랫폼 기술력이 다시 한번 검증된 성과""라고 말했다.에이전트AI는 독자적 AI 분석 기술을 바탕으로 기업 및 기관의 선제적 의사결정을 돕는 솔루션을 개발하고 있으며, 우주 위성 데이터 가공 및 인텔리전스 서비스로 파이프라인을 확장하고 있다.",True,엔비디아,"에이전트AI의 자회사 디지털바이올로지는 AI 신약개발 플랫폼 '몰포지'가 엔비디아 인셉션에 선정되면서 글로벌 AI 생태계에 진입했다. 몰포지는 생성형 AI 'MolForge-Gen'을 통해 수백만 개의 후보물질을 설계·검증하며, 높은 유효성과 특허 잠재력을 갖춘 신약 후보를 선별한다. 이번 선정은 디지털바이올로지의 기술력과 AI 신약개발 역량이 세계적으로 인정받았음을 의미하며, 글로벌 제약·바이오사와의 협력 확대를 기대하고 있다.",엔비디아,1.0
2026-07-01,삼성전자에서 생산하는 엔비디아 그록 3 LPU,정보 없음,https://n.news.naver.com/mnews/article/421/0009034859,(서울=뉴스1) 김진환 기자 = 1일 서울 서초구 삼성전자 서초사옥에서 열린 '세이프(SAFE) 포럼 2026' 행사장 앞에 마련된 전시 부스에 젠슨 황 엔비디아 최고경영자(CEO)의 친필 서명이 적힌 언어처리장치(LPU) '그록 3' 생산용 웨이퍼가 전시돼 있다.그록3 LPU는 대형언어모델(LLM)에 최적화된 처리장치로 미국 텍사스주 테일러 공장의 삼성전자 파운드리가 위탁생산하고 있다. 2026.7.1/뉴스1,True,엔비디아,"서울 서초구 삼성전자 서초사옥에서 열린 '세이프 포럼 2026' 행사에 엔비디아 CEO 젠슨 황의 서명이 적힌 언어처리장치 '그록 3' 생산용 웨이퍼가 전시됐다. '그록 3'은 대형언어모델에 최적화된 처리장치로, 미국 텍사스 테일러의 삼성전자 파운드리에서 위탁생산되고 있다.",엔비디아,1.0
2026-07-01,2년만에 지은 日구마모토 TSMC처럼?…서남권 반도체 '전력·용수' 난제,정보 없음,https://n.news.naver.com/mnews/article/421/0009035842,"기반시설 갖춘 구마모토와 대조…서남권은 관로·송전망 신설 과제 산적평택도 송전망에 10년 소요…인허가 특례만으론 주민수용성·공기단축 한계경기 용인시 처인구 원삼면에 위치한 용인 반도체 클러스터 일반산업단지 공사현장의 모습. 2026.6.29 ⓒ 뉴스1 김영운 기자(세종=뉴스1) 김승준 기자 = 정부가 896조 원 규모의 서남권 반도체 투자에 대해 일본 구마모토 TSMC 공장을 사례로 들며 '속도전'을 강조하고 있다. 임기 내인 2년 안에 기반 공사를 마무리하고 착공에 들어가겠다는 구상이다.일본 구마모토 TSMC 공장은 2021년 건설 계획 발표 이후 약 2년 만에 준공되며 통상 4~5년 이상 걸리는 반도체 팹 구축 기간을 크게 단축한 사례로 평가된다. 다만 이는 인허가 특례와 대규모 보조금 지원, 기존 산업 집적에 따른 공급망 활용 등 제도·입지 조건이 결합된 결과라는 분석이 많다. 특히 용수와 전력 등 핵심 인프라가 빠르게 확보된 점이 공기 단축의 핵심 요인으로 꼽힌다.반면 서남권 반도체 클러스터는 대규모 용수 공급을 위한 장거리 관로 건설과 송전망 확충, 전력계통 인허가 등 물리적 기반 시설을 새로 구축해야 하는 과제가 남아 있다. 인허가 특례를 통한 행정 절차 단축은 가능하지만, 실제 생산 기반이 되는 전력·용수 확보 단계에서는 토지 보상과 주민 민원, 지역 간 송전망 갈등 등이 변수로 작용할 수 있다는 지적이 나온다.정부 ""서남권 반도체 프로젝트 임기 내 완공""…'구마모토식 속도전' 선언1일 정부와 업계에 따르면 정부는 서남권 반도체 클러스터 조성을 위해 반도체 특별법과 메가 특구법을 근거로 인허가 특례와 기반 시설 국비 지원을 통해 반도체 팹(FAB) 구축 시기를 기존 계획·일반적인 공사 기간보다 대폭 앞당긴다는 방침이다.강훈식 청와대 대통령 비서실장은 서남권 반도체 투자 계획 공개 후 언론을 만나 ""이 정부 (임기) 안에 완공시키는 것을 목표로 도전할 것""이라며 ""일본 구마모토처럼 2년 안에 기반 공사를 충분히 마무리하고 기업들이 공장 짓는 것을 목표로 하고 있다""고 말했다.다만 공기 단축을 위한 구체적 계획은 아직 공개되지 않은 상태로, 정부는 8월 11일 시행되는 '반도체 특별법'과 향후 입법될 '메가 특구법'을 중심으로 인허가 단축, 지원 강화에 나선다는 방향성을 밝혔다.실제 주무 부서인 산업부는 신중한 입장이다.김정관 산업통상부 장관은 KBS 뉴스9에 출연해 ""(임기 내 완공은) 정부가 비상한 각오를 가지고 빠르게 추진하겠다는 의지의 표명으로 저는 이해하고 있다""고 말했다.삼성과 SK 등이 총 896조 원을 투자해 서남권에 대규모 반도체 생산 거점과 인공지능(AI) 데이터센터(DC) 인프라 구축에 나선다. 이에 따라 수도권과 충청권, 서남권을 잇는 반도체 벨트가 전국으로 확산하고 신재생 에너지를 활용한 AI DC 모델 실증 작업도 진행된다. ⓒ 뉴스1 양혜림 디자이너약 2년 걸린 구마모토 TSMC 공장…유리했던 용수·전력 환경구마모토의 반도체 공장 설립·양산까지 걸리는 시간을 단축한 전략은 크게 인허가·제도·공사 방식과 용수·전력이라는 입지 조건으로 나눠볼 수 있다.일본 정부와 의회는 반도체 지원법을 통해 농지 전용, 개발 허가, 환경영향평가 등 행정을 한데 묶어 처리하는 원스톱 인허가 체계를 구축해, 통상 수년이 걸리던 인허가 과정을 수개월 수준으로 압축해 착공에 들어갔다. 이 과정에서 구마모토현은 '반도체 산업 강화 추진본부'를 설치해 관련 행정을 한데 모아 처리하며 속도를 높였다.아울러 약 4760억 엔 규모의 보조금을 통해 TSMC가 빠르게 설계, 건설, 장비 발주 등을 진행할 수 있도록 했다.이러한 인허가 특례·보조금 중심의 속도전 전략은 이번 서남권 반도체 투자에 대해서도 정부가 유사한 방향으로 약속한 사안이다.반도체 특별법에는 인허가 특례가 다수 담겼고, 앞으로 입법될 '메가특구법'에는 대규모 특구 기업에 대한 특별 보조금 지원의 법적 근거가 담길 것으로 알려졌다.부지 조성 단계에서는 인허가에 상당 시일이 소요되는 만큼, 법·제도와 행정 의지에 따라 일정 부분을 단축·조정할 수 있는 영역이라고 볼 수 있다.다만 실제 양산에 필요한 용수와 전력을 공급하는 문제는 상황이 다르다.구마모토는 소니 이미지센서 공장과 도쿄일렉트론·신에츠 등 반도체 장비·소재 업체가 이미 집적된 지역으로, 일본 정부의 보조금·인허가 특례가 투입됐을 때 TSMC가 공급망·인력·물류 인프라를 빠르게 활용할 수 있었던 입지라는 점도 공기 단축의 배경으로 꼽힌다.또한 구마모토는 반도체 산업단지 입지로서 용수 조달 여건이 유리한 지역으로 평가된다. 화산성 지형과 다공성 암석층 영향으로 지하수를 주요 상수원으로 활용할 만큼 지하수 자원이 풍부한 곳이기 때문이다.서남권 반도체의 경우, 여러 댐에서 필요 용수를 조달하는 계획으로 용수 수송을 위한 관로 건설 등에 시간이 소요된다.ⓒ 뉴스1 윤주희 디자이너이와 함께 생산 설비를 구동하기 위한 전력망 확보도 빠르게 이뤄졌다. 해당 지역에 전력을 공급하는 규슈 전력은 TSMC 공장 증설에 맞춰 약 100억 엔을 투입해 변전소·송전선 증설 프로젝트를 진행한 결과, 약 2년 만에 핵심 송전선 증설을 마쳤다.또한 TSMC를 위한 추가 발전소 건설 없이 기존 원전·태양광 전원 믹스 내에서 수백 메가와트(MW) 수준의 TSMC 전력 수요를 흡수할 수 있었던 점도 빠른 양산에 유리하게 작용했다. 당시 규슈 전력권은 총 4기가와트(GW) 수준의 원전 4기와 10GW 규모의 태양광 설비가 있었고, TSMC 공장의 2개 팹에 필요한 수백 메가와트(㎿) 수준의 전력을 공급할 여력이 있었다.최첨단 팹에 필요한 전력만 '6.3GW'…구마모토보다 큰 전력 부담서남권 프로젝트의 경우, 4개 팹에 6.3GW 규모의 전력 공급이 필요하다. 구마모토 TSMC 공장의 경우 12~28㎚ 범용 제품 제품을 생산하는 반면, 서남권 반도체 클러스터에는 최첨단 메모리와 AI용 반도체를 생산할 계획이어서 더 많은 전력이 필요한 것으로 추정된다.현재 광주·전남권의 한빛 원전 1~6호기의 총발전량은 6GW로 정기 정비 등을 감안하지 않더라도 다른 발전원을 활용하거나 타지역에서 전력을 끌어와야 한다.2024년 기준 광주·전남의 태양광 발전량은 7.86TWh로 풍부하지만, 태양광 발전 특유의 간헐성을 극복하려면 에너지 저장 장치(ESS)와 같은 보조 수단이 필요하다.또 송전망 구축 기간 또한 변수로 작용한다. 구마모토의 경우 2년 만에 핵심 송전선 증설이 가능했지만, 한국의 경우 주민 반발·보상 협의·소송·지자체 인허가 지연 등의 문제로 수년간 지연될 가능성이 있다.'평택도 10년 걸렸는데'…송전망 구축·주민 수용성 등 물리적 제약 산더미정부와 전력계통 연구자료 등에 따르면 345kV 송전선로 기준 건설 기간은 평균 13년이 걸린다.실제 서남권에 앞서 삼성전자의 평택캠퍼스 반도체 생산에 필요한 전력 공급을 위해 서안성 변전소–평택 단지 구간 송전 선로는 10년 만에 완공된 바 있다.이러한 전력 공급 계획은 조만간 공개될 '제12차 전력수급기본계획'(전기본) 을 통해 윤곽이 드러날 전망이다. 앞서 용인 클러스터 역시 11차 전기본에 필요 수요가 반영되며 전체 전력 수급 계획의 틀에서 다뤄졌다.강훈식 대통령 비서실장은 지난달 29일 서남권 반도체 전력공급과 관련해 ""12차 전기본에 원전과 관련한 내용이 포함될 것으로 보인다""며 ""원전뿐 아니라 LNG나 수소, 모든 다양한 재생에너지에 대한 내용도 전기본에 들어갈 것""이라고 말했다.전문가들은 인허가 단축 등 제도적 지원만으로는 공사 기간을 획기적으로 줄이기 어렵다고 본다. 특히 반도체 클러스터 조성에서 핵심 변수로 꼽히는 용수와 전력망 구축은 토지 보상, 송전선로 건설, 주민 수용성 문제 등이 맞물리며 장기간 소요될 가능성이 크다는 지적이다.산업계 관계자는 ""인허가 패스트트랙은 속도를 내는 데 도움이 될 수 있지만, 실제 생산 기반이 되는 전력·용수 인프라는 물리적 제약이 커 단기간에 해결하기 어려운 영역""이라고 말했다.이 같은 구조적 제약은 전문가들도 공통적으로 지적하는 부분이다. 석병훈 이화여대 경제학과 교수는 ""전력 확보 여부가 의문""이라며 ""원전 등 전력 인프라를 구축하려 해도 님비(NIMBY) 문제가 있는데, 정부가 책임지고 추진한다고 해도 쉽지는 않을 것""이라고 말했다. 박영준 서울대 전기정보공학부 명예교수도 ""용인 클러스터도 현재 원활하게 진행되지 못하고 있는 상황""이라며 ""전력과 용수 등 핵심 인프라 확보가 가장 큰 과제""라고 지적했다.",True,TSMC,"정부는 896조 원 규모의 서남권 반도체 투자에 대해 일본 구마모토 TSMC 공장 사례를 참고하며 '속도전'을 선언했다. 구마모토 공장은 인허가 특례와 보조금, 기존 산업 인프라 덕분에 2년 만에 준공됐지만, 이는 용수·전력 확보와 같은 물리적 인프라 구축이 수월했기 때문이다. 반면, 서남권은 용수 공급을 위한 관로와 송전망 확충 등 과제가 산적해 있으며, 인허가 절차 단축과 지원 정책이 추진 중이다. 정부는 임기 내 완공 목표를 세우고, 관련 법률 개정과 인프라 지원을 통해 속도전 전략을 펼치고 있다.",TSMC,2.0
2026-07-01,"퀄컴, 대학원생 논문 경연 ‘이노베이션 펠로우십 코리아 2026’ 모집",정보 없음,https://n.news.naver.com/mnews/article/366/0001175760,"퀄컴 테크날러지스는 이공계 학술 논문 경연 대회 ‘퀄컴 이노베이션 펠로우십 코리아 2026(Qualcomm Innovation Fellowship Korea 2026)’에 참여할 국내 대학원생을 모집한다고 1일 밝혔다.퀄컴 로고./로이터연합뉴스올해 프로그램의 논문 주제는 ▲엣지 AI ▲자율 주행 ▲에이전틱 AI로 선정됐다. 지원 대상은 2025~2026 학사년도 기준 국내 대학에서 정규 석사 또는 박사 학위 과정을 이수 중인 대학원생이다. 지원자는 주제와 관련된 세부 분야 중 하나를 선택해 연구 논문을 제출하면 된다. 제출 기한은 오는 8월 15일까지다. 참가자들은 프로그램 기간 동안 퀄컴 연구진과 지식 교류를 통해 논문 주제와 아이디어에 대해 논의하고 조언을 받을 수 있다.제출된 논문은 퀄컴 평가단의 1차 심사를 거쳐 발표 및 포스터 세션에 진출하게 된다. 1차 심사는 아이디어의 혁신성과 창의성, 연구 이해도 및 실험 결과, 추가 연구 가능성 등을 기준으로 평가하며, 이를 통과한 최대 30팀이 최종 심사 대상이 된다. 퀄컴은 오는 11월 최종 수상 팀을 최대 15개 선정해 팀당 400만원의 장학금을 소속 학교에 전달할 예정이다.퀄컴 이노베이션 펠로우십 코리아는 국내 이공계 인재의 연구 활동 지원을 목적으로 하는 학술 논문 경연 대회다. 퀄컴은 혁신, 실행, 팀워크를 바탕으로 잠재력 있는 이공계 대학원생의 성과 창출을 장려하고, AI 생태계와 미래 기술의 발전을 도모하기 위해 지난 2020년부터 매년 대회를 개최하고 있다.김상표 퀄컴코리아 사장은 “퀄컴은 글로벌 엣지 AI 개발자 생태계 확대를 위해 IoT, AI, 컴퓨트, XR, 데이터센터 워크로드 전반에 걸쳐 다양한 기술 콘텐츠 및 프로그램을 제공하고 있다”며 “혁신·실행·팀워크라는 핵심 가치를 바탕으로 퀄컴 이노베이션 펠로우십을 통해 폭넓은 기술 연구 분야의 석·박사 과정 학생들을 발굴하고 지원하며 멘토링하는 데 중점을 두고 있다. 이번 프로그램을 통해 대학원생들이 연구 목표 달성을 향해 도약할 수 있기를 기대한다”고 전했다.퀄컴 이노베이션 펠로우십 코리아 2026에 대한 자세한 정보 확인 및 논문 접수는 퀄컴 이노베이션 펠로우십 웹페이지를 통해 가능하다.",True,퀄컴,"퀄컴 테크날러지스는 ‘퀄컴 이노베이션 펠로우십 코리아 2026’에 참여할 국내 대학원생을 모집한다. 올해 주제는 엣지 AI, 자율주행, 에이전틱 AI이며, 지원 대상은 2025~2026 학사년도 기준 석사 또는 박사 과정 학생이다. 연구 논문을 제출하고, 퀄컴 연구진과 교류하며 심사를 거쳐 최대 15개 팀에 400만원의 장학금이 수여된다. 이 대회는 이공계 인재의 연구 활동 지원과 미래 기술 발전을 목적으로 2020년부터 매년 개최되고 있다.",퀄컴,1.0
2026-07-01,"삼성, 갤럭시A18 4G에 미디어텍 AP 사용...5G는 퀄컴",정보 없음,https://n.news.naver.com/mnews/article/092/0002428893,"전작 A17은 5G에 삼성 엑시노스 적용삼성전자가 올해 하반기 출시 예정인 저가폰 갤럭시A18의 4G 모델 AP에 미디어텍, 5G 모델 AP에 퀄컴 제품을 사용할 예정인 것으로 1일 파악됐다.전작인 갤럭시A17에선 4G 모델 AP에 미디어텍 헬리오 G99, 5G 모델 AP에 삼성전자 엑시노스 1330을 적용한 바 있다.갤럭시A1 시리즈는 리지드 유기발광다이오드(OLED)를 적용하는 저가 모델이다. 삼성전자는 4G 모델을 우선 출시하고, 수개월 뒤 5G 모델을 출시한다. A1 시리즈는 가격이 낮지만 물량이 많아서 업체별 고정비 해소에 도움을 주는 모델이다.시장조사업체 카운터포인트에 따르면 전작 갤럭시A17은 올해 1분기 전 세계 스마트폰 출하량 순위에서 10위 안에 포함됐다. 5G 모델이 5위, 4G 모델이 9위였다.한 업계 관계자는 ""삼성전자는 갤럭시A18의 4G 모델에는 미디어텍 AP를 적용한다""며 ""관련 부품은 양산을 시작했다""고 밝혔다. 이어 ""5G 모델 부품은 퀄컴 준비 상황에 맞춰 양산할 전망""이라고 말했다.삼성전자 갤럭시A17 5G (사진=삼성전자)삼성전자는 완제품 기준으로 갤럭시A18의 4G 모델을 8월부터 양산할 예정이다. 현재 월별 A18 4G 모델 생산계획은 ▲8월 10만대 ▲9월 240만대 ▲10월 250만대 등으로 알려졌다. 제품 생산계획은 시장 상황에 따라 바뀔 수 있다.삼성전자 MX사업부가 갤럭시A18의 4G와 5G 모델 모두에 시스템LSI사업부의 엑시노스를 적용하지 않는 원인은 가격일 것이란 풀이가 나온다. 최근 메모리 반도체 가격 급등으로 삼성전자 등은 제조원가 상승을 억제하기 위해 노력 중이다. 중저가폰 비중이 큰 중국 스마트폰 업체는 사업계획을 축소했다. 미디어텍도 이러한 시장 위축에서 자유롭지 않다.삼성전자 시스템LSI사업부는 레거시 공정에서 만든 엑시노스 매출을 확보할 기회를 놓쳤다. 전작 갤럭시A17 5G 모델에 적용했던 엑시노스 1330은 5나노 공정에서 만들었다. 삼성전자가 올해 상반기 출시한 플래그십 갤럭시S26 시리즈 일부 모델에 적용한 엑시노스 2600은 2나노 공정 제품이다.또 다른 시장조사업체 시그마인텔에 따르면 지난 1분기 전 세계 스마트폰 AP 출하량 순위에서 삼성전자는 5위였다. 출하량은 전년 동기보다 11%, 시장 점유율은 1%포인트 상승했다.1분기 업체별 스마트폰 AP 출하량(시장 점유율)은 ▲미디어텍 9700만개(33%) ▲퀄컴 7100만개(24%) ▲애플 5300만개(18%) ▲유니SOC 3000만개(10%) ▲삼성전자 엑시노스 2100만개(7%) ▲화웨이 하이실리콘 1600만개(5%) 순으로 많았다.",True,퀄컴,"삼성전자는 하반기 출시 예정인 갤럭시A18의 4G 모델에 미디어텍 AP, 5G 모델에 퀄컴 AP를 각각 사용할 예정이며, 4G 모델은 8월부터 양산에 들어간다. 전작 A17은 4G에 미디어텍 헬리오 G99, 5G에 삼성 엑시노스 1330을 적용했으며, A18은 가격 경쟁력을 위해 시스템LSI사업부의 엑시노스 칩을 배제했다. 시장 점유율은 상승했으며, 갤럭시A 시리즈는 글로벌 시장에서 인기를 끌고 있다.",퀄컴,1.0
2026-07-01,"퀄컴, '이노베이션 펠로우십 코리아 2026' 참가자 모집",정보 없음,https://n.news.naver.com/mnews/article/092/0002428766,"에이전틱 AI·자율주행·엣지 AI 관련 논문 공모... 11월 최종 심사퀄컴이 정규 석박사 과정 학생 대상 학술 논문 경연 대회 '퀄컴 이노베이션 펠로우십 코리아 2026' 지원자를 모집한다.퀄컴 이노베이션 펠로우십은 2020년부터 시작된 대회로 이공계 학생들이 혁신, 실행, 팀워크를 바탕으로 AI 생태계와 미래 기술 발전을 돕고 창의적인 아이디어를 도출하도록 독려하는 것을 목표로 한다.대상자는 2025-2026 학사년도를 기준으로 국내 대학의 정규 석박사 과정에 있는 대학원생이다. 올헤 모집 분야는 에이전틱 AI, 자율주행, 엣지 AI 등이며 논문 제출 기한은 8월 15일까지다.퀄컴 이노베이션 펠로우십 코리아 2025 선정자들. (사진=퀄컴)퀄컴 내/외부 평가단은 제출된 논문을 아이디어의 혁신성/창의성과 연구 이해도, 실험 결과, 추가 연구 가능성 등을 기준으로 1차 평가 후 최대 30팀을 선정한다.오는 11월 지원자들의 발표 및 포스터 세션을 바탕으로 최대 15팀을 선정하고 선발 논문 당 400만원의 장학금을 소속 학교로 전달할 예정이다. 또한 참가자들과 소통하는 지식 교류의 장도 마련한다.김상표 퀄컴코리아 사장은 ""퀄컴은 폭넓은 기술 연구 분야의 석·박사 과정 학생들을 발굴하고 지원하며 멘토링하는 데 중점을 두고 있다""며 ""이번 프로그램을 통해 대학원생들이 연구 목표 달성을 향해 도약할 수 있기를 기대한다""고 밝혔다.상세 정보 확인과 논문 접수는 퀄컴 이노베이션 펠로우십 코리아 2026 페이지에서 가능하다.",True,퀄컴,"퀄컴은 정규 석박사 과정 대학원생 대상 '퀄컴 이노베이션 펠로우십 코리아 2026' 논문 공모를 진행한다. 대상 분야는 에이전틱 AI, 자율주행, 엣지 AI이며, 논문 접수는 8월 15일까지이다. 평가를 통해 최대 30팀을 선정하며, 최종 15팀은 11월 발표와 포스터 세션 후 선발되고, 논문당 400만원의 장학금이 지급된다. 이번 대회는 혁신성과 연구 이해도 등을 기준으로 평가하며, 대학원생의 연구 역량 강화를 목표로 한다. 자세한 내용은 공식 홈페이지에서 확인할 수 있다.",퀄컴,1.0
2026-07-01,삼전닉스가 끝이 아니다…NEXT,정보 없음,https://n.news.naver.com/mnews/article/024/0000106595,"인공지능(AI) 투자 경쟁이 칩 확보전에서 생산능력 확장전으로 옮겨붙고 있다. 빅테크가 GPU와 고대역폭메모리(HBM)를 선점하려 벌이던 ‘AI CAPEX 1.0’을 지나, 칩 병목을 풀기 위해 증설 경쟁을 벌이는 ‘CAPEX 2.0’ 국면으로 접어들었다는 진단이다.기존에는 범용 칩 생산라인을 HBM으로 바꾸려는 전환투자가 중심이었기에 증설 규모가 제한적이었다. 지금은 상황이 달라졌다. 범용 메모리는 물론 차세대 HBM까지 무차별적인 투자가 이뤄진다. 증착·식각·검사·본딩 장비부터 기판·절연재·클린룸·전력설비까지 수혜 범위도 넓어졌다. 웨이퍼 한 장과 칩 하나에 투입되는 공정과 장비도 늘고 있다. 유례없는 증설 사이클을 ‘한국판 ASML’을 키워낼 마중물로 삼아야 한다는 목소리도 높다. 글로벌 반도체 산업에 불어닥친 ‘AI 팹 골드러시’를 들여다본다.AI 칩 경쟁, 천문학적 증설 전쟁으로펄펄 끓는 소재·부품·장비·인프라인공지능(AI) 인프라 투자 경쟁이 ‘CAPEX 2.0’ 국면으로 접어들고 있다. ‘AI CAPEX 1.0’이 빅테크 데이터센터 건설과 그래픽처리장치(GPU), 고대역폭메모리(HBM) 확보 경쟁이었다면, 2.0은 공급난 해소를 위해 파운드리·메모리·패키징·장비 업체가 동시다발적으로 생산능력을 확장하는 단계다.일각에서는 이를 2000년대 중국이 공장과 공급망에 대규모 자본을 투입해 제조비용을 끌어내린 것에 비견되는 생산요소의 대이동으로 본다. AI 역시 지식노동 비용을 낮추는 ‘저렴한 지능’을 만들어내지만, 이를 구현하려면 천문학적 규모의 데이터센터와 반도체 생산설비를 서둘러 구축해야 한다. 특히, 과거 범용 칩 시절과 달리, AI 설비투자 사이클에서는 미세화와 메모리 적층, 첨단 패키징 고도화로 웨이퍼 한 장에 투입되는 공정과 장비 수도 늘고 있다. AI의 무형 생산성 혁신을 떠받치는 유형자산 투자가 폭발하면서 칩 랠리가 소재·부품·장비·인프라 전반의 ‘AI 팹 골드러시’로 옮겨붙고 있다.美 4대 빅테크, 7250억달러 투자삼성·하이닉스, 수백조 투자할 듯빅테크의 AI 설비투자는 2023년 이후 해마다 계단식으로 뛰고 있다. 월스트리트저널(WSJ)과 영국 파이낸셜타임스(FT) 등에 따르면, 미국 4대 빅테크(마이크로소프트·알파벳·아마존·메타)의 올해 합산 설비투자(CAPEX·자본적 지출)는 7250억달러(약 1113조원)에 달한다. 이는 지난해 4100억달러보다 77%나 늘어난 사상 최대 규모다.삼성전자와 SK하이닉스 역시 천문학적인 금액을 설비투자와 연구개발(R&D)에 쏟아붓는다. 기업데이터연구소 CEO스코어에 따르면, 지난해 삼성전자는 설비투자에 52조1531억원, R&D에 37조7404억원 등 총 89조8935억원을 썼다. 이는 글로벌 반도체 10대 기업 가운데 1위다. 삼성전자 투자 규모는 2위 대만 TSMC(69조4109억원)와 20조원 이상 차이가 난다. 미국 인텔이 40조4499억원으로 3위였고, SK하이닉스는 35조450억원으로 4위다.삼성전자와 SK하이닉스는 호남·충청권에 반도체 클러스터 투자도 검토 중이다. 투자 규모만 수백조원대에 달한다. 두 회사는 호남·충청권 반도체 클러스터에 반도체 전공정(前工程)과 후공정(後工程)을 함께 구축하는 방안을 검토하는 것으로 전해졌다.설비투자 사이클이 숨 가쁘게 돌아가면서 ‘소부장(소재·부품·장비)’ 산업도 들썩인다. 반도체 산업에서는 생산 공정별로 업황 체감 시점이 달라 시차 효과가 뚜렷하다. 설비 증설에 긴 시간이 걸리는 구조 때문에 장비 업체들이 업황 후반부 뒤늦은 수혜를 누릴 때가 많다. 메모리 가격이 상승하고 수요가 급증해도 반도체 기업은 곧바로 생산능력을 늘릴 수 없어 초기 호황기 땐 기존 설비 가동률을 높이는 방식으로 대응한다.가령, 메모리 판매량이 늘면 불량 검사나 패키징을 담당하는 후공정 업체들이 낙수효과를 누린다. 노광(빛으로 회로를 새기는 공정)·식각(불필요한 부분을 깎는 공정)·증착(얇은 막을 쌓는 공정) 장비나 소재·부품을 공급하는 전공정 소부장 업체는 상황이 다르다. 이들 기업은 반도체 업체들이 신규 설비투자를 결정하고 장비 발주가 이뤄져야 수주를 기대할 수 있다. 이 때문에 설비투자 사이클 초기에는 전공정 업체 주가가 먼저 움직이고 후공정 업체는 시차를 두고 덜 오른 주가를 채우는 패턴을 보인다는 평가다.전환 투자 → 신규 증설로공정 고도화로 장비 수요↑무엇보다 ‘AI CAPEX 2.0’은 과거 설비투자 사이클과 3가지 측면에서 구분된다고 전문가들은 진단한다.첫째, 전환 투자에서 신규 증설로 투자 성격이 바뀐다. 지난 2년간 설비투자는 기존 범용 D램 생산라인 일부를 HBM용으로 바꾸는 공정 전환에 집중됐다. 앞으로는 AI 가속기와 차세대 HBM 등 새로운 제품을 생산하기 위해 팹과 라인을 새로 구축하는 투자가 중심이다. 기존 장비를 개조하거나 일부 공정을 보강하는 수준을 넘어 증착·식각·세정·검사·본딩 장비를 줄줄이 새로 들여놓아야 한다. 투자 규모와 장비 발주 범위가 커질 수밖에 없다. 김록호 하나증권 애널리스트는 “대부분 장비 업체는 설비투자 사이클 수혜를 무차별적으로 받을 것”이라 말했다.둘째, 생산량 증가와 공정 고도화에 따른 장비 수요 증가다. 과거 범용 메모리 사이클은 PC·스마트폰 수요 회복에 맞춰 웨이퍼 투입량을 늘리는 양적 증설 성격이 두드러졌다. AI CAPEX 2.0에서는 미세공정 전환과 HBM 적층, 실리콘관통전극(TSV), 하이브리드 본딩, 첨단 패키징이 맞물려 웨이퍼와 칩 하나를 만드는 데 필요한 공정 수와 장비 투입량 자체가 늘어난다. 전공정에서 주로 쓰이던 식각·증착·정밀 검사 기술이 후공정으로 확장되는 ‘후공정의 전공정화’도 장비 시장 외연을 넓힌다는 분석이다.셋째, 후공정의 재발견이다. 후공정 업체는 HBM 이후 병목이 패키징·기판·테스트로 확산하는 흐름에 올라탔다. AI 가속기는 ▲HBM 적층 ▲칩렛(Chiplet·여러 칩을 연결해 블록처럼 조립) ▲2.5D·3D 패키징 ▲고성능 기판 ▲테스트 공정이 함께 따라붙어야 하므로, 중장기 수혜가 기대된다.이는 JP모건이 반도체 산업 중심이 ‘AI 칩 강세장’에서 생산 인프라 전반을 포괄하는 ‘증설 강세장’으로 옮겨가고 있다고 진단한 배경이다.다만, 증설 사이클에 가려진 변수를 바라보는 신중한 시각도 있다. 첫째, 빅테크 현금흐름 지속성이다. 현재 반도체 슈퍼사이클은 미국 빅테크의 AI 데이터센터 설비투자가 만드는 수요다. 하지만, 천문학적인 설비투자가 영업현금흐름에 근접하거나 잉여현금흐름(FCF)을 잠식하면 2027~2028년 투자 증가율 둔화가 나타날 수 있다.둘째, 외부 차입 의존은 AI를 금리와 신용등급에 민감한 경기순환 산업으로 바꿀 수 있다. 빅테크가 자체 현금으로 설비투자에 나설 때는 금리 민감도가 낮았지만, 회사채·리스·프로젝트 금융 비중이 커지면 얘기가 달라진다. 장기금리 상승은 자금 조달 비용과 AI 프로젝트 요구수익률을 끌어올린다. AI 서비스에서 벌어들이는 현금이 감가상각비와 이자비용을 충분히 보전 못하면, AI 인프라 경쟁에도 브레이크가 걸릴 수 있다.박유악 키움증권 애널리스트는 “2026년 빅테크의 연간 설비투자가 영업현금흐름(OFCF)과 맞먹는 수준까지 늘어날 것”이라며 “외부 자금 조달이 불가피하므로, 이는 AI 산업이 경기 민감 섹터로 변모했음을 의미한다”고 진단했다.그럼에도, 현재로선 빅테크 자체 현금만으로 설비투자를 감당하는 단계가 끝나더라도 AI 인프라 투자가 큰 폭 꺾이지는 않을 것이라는 데 무게가 실린다. ‘AI CAPEX 2.0’은 단순한 기술주 투자 사이클을 넘어 반도체·전력·데이터센터·신용 시장·사모자본이 맞물린 거대한 인프라 금융 사이클로 진입했다는 게 다수 전문가 시각이다.전문가들은 유례없는 AI 설비투자 사이클을 ‘한국판 ASML’을 육성할 수 있는 마중물로 삼아야 한다고 입을 모은다. 특히, 특정 고객과 단일 장비에 편중된 사업 구조에서 벗어나 공정 솔루션과 유지보수·부품 등 반복 매출을 키우고 하이브리드 본딩과 첨단 패키징처럼 차세대 기술을 선점해야 한다는 진단이다. 정부 지원 역시 해외 고객 확보, 양산 공정 채택, 수율 개선, 특허 경쟁력 같은 핵심 성과를 중심으로 재설계해야 한다는 지적이다. 이병훈 포스텍 반도체공학과 교수는 “정부는 개별 기업 차원의 지원을 넘어 산업 생태계 조정자로 나서야 한다”고 강조했다.[배준희 기자 bae.junhee@mk.co.kr][본 기사는 매경이코노미 제2366호(2026.07.01~07.07일자) 기사입니다][Copyright (c) 매경AX. All rights reserved. 무단 전재, 재배포 및 AI학습 이용 금지]",True,삼성전자,"AI 투자 경쟁이 칩 병목 해소와 생산능력 확장으로 전환되면서 ‘CAPEX 2.0’ 국면에 접어들었다. 과거 GPU와 HBM 확보 경쟁에서 벗어나, 새 생산라인 구축과 장비 증설이 활발히 이뤄지고 있다. 글로벌 빅테크와 한국 기업들이 수백조원 규모의 설비투자에 나서며 반도체 산업 전반이 ‘AI 팹 골드러시’로 빠르게 변화 중이다. 생산량 증가와 공정 고도화, 후공정 확대로 장비 수요도 급증하고 있으며, 이는 AI 가속기와 차세대 HBM, 첨단 패키징 등 신기술 발전을 뒷받침한다.",ASML,2.0
2026-07-01,ASML 등 장비주 들썩…삼전닉스 반도체 투자 계획 여파,정보 없음,https://n.news.naver.com/mnews/article/374/0000519263,"ASML 사상 최고가…KLA·어플라이드·램리서치도 동반 급등삼성전자와 SK하이닉스의 대규모 국내 투자 계획 발표에 글로벌 반도체 장비주가 일제히 들썩였습니다.지난달 30일(현지시간) 블룸버그 통신과 인베스팅닷컴에 따르면 네덜란드의 극자외선(EUV) 노광장비 생산업체 ASML은 암스테르담 증시에서 6.79% 오른 1천721.40유로로 마감하며 사상 최고가를 새로 썼습니다.나스닥에 상장된 ASML 미국주식예탁증서(ADR)도 5.65% 오른 1천989.44달러로 마감했는데, 장중 한때 1천999.96달러까지 치솟으며 52주 최고가를 경신했습니다.반도체 공정에서 웨이퍼 표면 결함을 검사·계측하는 미국 공정제어 장비업체 KLA는 장중 9.28% 급등한 304.23달러까지 오르며 52주 최고가(304.42달러)에 근접했습니다.박막 증착 등 반도체 제조 전 공정에 걸쳐 장비를 공급하는 어플라이드머티어리얼즈도 6.02% 올랐고, 식각·증착 공정 전문업체 램리서치는 5.86% 상승했습니다.이는 삼성전자·SK하이닉스가 국내에 800조원(약 1조3천억달러) 규모의 반도체 공장을 짓겠다고 발표한 직후 나온 반응입니다.SML의 EUV 노광장비, 램리서치의 식각·증착장비, KLA의 공정제어·검사장비, 어플라이드머티어리얼즈의 박막장비가 신규 팹마다 필수로 투입되는 만큼 두 회사의 팹 신설 계획 발표가 장비업체 매출 확대로 직결될 것이라는 투자자들의 베팅이 깔려 있습니다.당신의 제보가 뉴스로 만들어집니다.SBS Biz는 여러분의 제보를 기다리고 있습니다.홈페이지 = https://url.kr/9pghjn",True,ASML,"최근 삼성전자와 SK하이닉스의 800조원 규모 반도체 공장 투자 발표에 힘입어 글로벌 반도체 장비주가 급등했습니다. 네덜란드 ASML은 사상 최고가인 1,721유로에 마감했고, 미국 KLA, 어플라이드머티어리얼즈, 램리서치도 각각 상승하며 52주 최고가를 기록했습니다. 이들 장비업체의 성장 기대감이 반도체 팹 신설과 장비 수요 증가에 따른 투자 심리를 자극하고 있습니다.",ASML,2.0
2026-07-01,"앤트로픽, 가성비 앞세운 '클로드 소넷 5' 출시…""오퍼스급 성능 구현""",정보 없음,https://n.news.naver.com/mnews/article/092/0002428778,"입력 토큰 100만개당 2달러부터…""정확도는 오퍼스 4.8가 앞서""앤트로픽이 기존보다 더 높은 가성비를 갖춘 인공지능(AI) 모델을 공개했다.1일 테크크런치 등 외신에 따르면 앤트로픽은 '클로드 소넷 5'를 출시했다고 공식 홈페이지에서 밝혔다. 클로드 소넷 5는 이날부터 무료와 프로 요금제 기본 모델로 제공되며 모든 구독 상품에서 이용 가능하다.클로드 소넷 5는 사용자 지시에 따라 계획을 세우고 브라우저·터미널을 활용해 작업을 수행하는 모델이다. 그동안 크고 비싼 모델이 맡았던 수준의 자율 작업도 수행할 수 있도록 설계됐다. 복잡한 작업을 끝까지 처리하고, 별도 지시 없이 스스로 결과를 점검하는 능력을 갖춘 것이 특징이다.앤트로픽이 가성비를 앞세운 신규 AI 모델 '클로드 소넷 5'를 출시했다. (사진=앤트로픽 홈페이지)앤트로픽은 모델 핵심 경쟁력으로 가격을 꼽았다. 소넷 5가 대형 모델인 '오퍼스 4.8'과 비슷한 성능을 더 낮은 가격에 제공한다는 이유에서다. 가격 기준으로는 오퍼스 4.8과 오픈AI 'GPT-5.5', 구글 '제미나이 3.1'프로보다 낮다.소넷 5는 내달 31일까지 입력 토큰 100만개당 2달러, 출력 토큰 100만개당 10달러에 제공된다. 이후 가격은 입력 토큰 100만개당 3달러 출력 토큰 100만개당 15달러로 오른다.앤트로픽은 소넷 5 성능도 이전 모델보다 개선됐다고 밝혔다. 해당 모델은 지난 2월 공개된 소넷 4.6보다 추론, 도구 활용, 소프트웨어(SW) 코딩, 지식 업무에서 향상된 성능을 보인 것으로 전해졌다. 에이전트 코딩 벤치마크 점수는 63.2%로 소넷 4.6의 58.1%보다 높은 수준이다.지식 업무 평가에서는 오퍼스 4.8을 근소하게 앞선 것으로 나타났다. 오퍼스 4.8은 어려운 판단이나 심층 조사처럼 고난도 작업에 강한 모델로 알려져 있다. 이에 앤트로픽은 정확도가 더 중요한 작업에는 여전히 오퍼스 4.8이 적합하다고 봤다.앤트로픽은 소넷 5가 작업 완성도도 높였다는 평가를 받았다는 점도 알렸다. 테스터들은 이전 모델이 중간에 멈추던 복잡한 작업을 소넷 5가 끝까지 처리했다고 전했다. 명시적으로 요청하지 않아도 결과물을 스스로 점검하는 모습도 보였다는 설명이다.안전성 측면에서도 개선이 이뤄졌다. 앤트로픽은 소넷 5가 오용에 협조하거나 사용자를 속이는 등 바람직하지 않은 행동을 이전 모델보다 덜 보였다고 밝혔다. 악의적 요청을 거부하고 프롬프트 인젝션 공격을 피하는 능력도 나아졌다고 설명했다.소넷 5가 모든 안전성 평가에서 최상위 모델 수준에 오른 것은 아니다. 앤트로픽은 소넷 5가 부정렬 행동 대응에서는 오퍼스 4.8과 클로드 미토스 프리뷰 수준에 미치지 못한다고 밝혔다. 위험한 사이버보안 작업 수행 능력은 현재 오퍼스 모델보다 훨씬 낮다고 설명했다.앤트로픽은 ""소넷 5는 이전보다 훨씬 높은 성능을 더 낮은 비용으로 제공하는 개발자용 모델""이라고 밝혔다.",True,앤트로픽,"앤트로픽은 가성비 높은 AI 모델 ‘클로드 소넷 5’를 출시했다. 이 모델은 기존보다 성능이 향상되었으며, 복잡한 작업도 자율적으로 처리 가능하다. 가격은 100만 입력 토큰당 2달러에서 3달러로 인상되며, 성능은 이전 모델인 소넷 4.6보다 개선돼 지식 업무와 에이전트 코딩에서 우수한 평가를 받았다. 오퍼스 4.8과 비슷하거나 더 우수한 성능을 제공하지만, 안전성 측면에서는 일부 한계도 존재한다. 앤트로픽은 이 모델이 비용 대비 뛰어난 성능을 갖춘 개발자용 AI로 자리매김할 것으로 기대하고 있다.",앤트로픽,1.0
2026-07-01,"美정부, 앤트로픽 AI '미토스' 수출통제 해제…내일 서비스 재개",정보 없음,https://n.news.naver.com/mnews/article/001/0016168937,"앤트로픽[로이터=연합뉴스 자료사진. 재판매 및 DB 금지](샌프란시스코=연합뉴스) 권영전 특파원 = 미국 정부가 앤트로픽의 최상위 인공지능(AI) 모델 '클로드 미토스'에 대해 내렸던 수출 통제를 거둬들였다.미 상무부는 '미토스5'와 '페이블5'에 대해 내린 수출 통제 지침을 18일 만에 해제했다는 통보를 해왔다고 앤트로픽이 30일(현지시간) 밝혔다.앤트로픽은 ""내일부터 서비스를 재개할 예정""이라며 ""인내심을 보여준 사용자 여러분과 모델 재배포를 위해 노력해주신 모든 분께 감사드린다""고 말했다.미토스5는 전문가 수준의 사이버 보안 취약점 탐지 능력을 갖춘 것으로 나타나 세계 보안 업계에 충격을 준 모델이다.페이블5는 미토스5에 해킹이나 무기 제조에 악용될 수 있는 민감한 주제 관련 답변을 제한하도록 안전장치를 추가한 모델이다.상무부는 지난 12일 이들 두 모델이 국가 안보에 위협이 된다며 외국인이 이들 모델에 접속할 수 없도록 하는 수출 통제 지침을 내렸다.이에 이용자의 국적을 식별하는 기능을 갖추지 못한 앤트로픽은 이들 모델에 외국인뿐 아니라 미국인들의 접속도 막았다.다만 지난 26일부터는 미 정부가 신뢰할 수 있다고 승인한 자국 기업·기관 100여 곳은 미토스 사용이 허가됐다.미 정부는 당초 이용자들이 이른바 '탈옥'이라고 불리는 방법을 통해 앤트로픽이 자사 모델에 적용한 안전장치를 우회할 수 있다는 점을 우려해 수출 통제 지침을 내린 것으로 알려졌다.한편 오픈AI도 지난 26일 새 AI 모델 'GPT-5.6'을 선보이는 과정에서 정부와 공유된 '신뢰할 수 있는 파트너'를 대상으로 모델을 선공개했다.당시 오픈AI는 ""이와 같은 형태의 정부 승인 절차가 장기적인 표준이 돼선 안 된다고 생각한다""고 비판적인 입장을 냈다.comma@yna.co.kr",True,앤트로픽,"미국 정부는 앤트로픽의 최상위 AI 모델인 '클로드 미토스'와 '페이블5'에 대한 수출 통제를 해제했다. 이들 모델은 보안 취약점 탐지와 안전장치를 갖추고 있어 국가 안보 우려로 수출이 제한됐으나, 18일 만에 재개가 허용됐다. 미국 정부는 신뢰받는 기관에 한해 미토스 사용을 허가했고, 오픈AI도 유사 모델 공개 시 정부 승인 절차를 비판하는 등 AI 규제와 관련한 논의가 계속되고 있다.",앤트로픽,1.0
2026-07-01,"앤트로픽 클로드 페이블,오늘부터 非미국인도 접속 가능",정보 없음,https://n.news.naver.com/mnews/article/015/0005305270,"美상무부 수출통제 해제로 해외접근 차단 풀어""미국 AI모델 제한해 중국이 따라잡은 시간 줘""비판도이 기사는 국내 최대 해외 투자정보 플랫폼한경 글로벌마켓에 게재된 기사입니다.사진=REUTERS미국 정부가 외국인의 이용을 규제했던 앤트로픽의 클로드 페이블5에 대한 해외 접근 제한을 해제했다. 이에 따라 7월 1일부터 미국인이 아닌 전세계 사용자들도 클로드 플랫폼, 클로드AI 및 클로드 코드를 통해 페이블 5에 접속할 수 있게 됐다.앤트로픽은 현지시간으로 30일에 소셜미디어 X에 올린 게시글을 통해 미 상무부가 클로드 페이블5에 대한 수출통제 지침을 해제함에 따라 해외 접근 차단을 풀었다고 발표했다.앤트로픽은 이 모델이 프로,맥스, 팀 플랜 사용자 및 일부 기업 플랜 사용자에게 7일까지 주간 사용량 제한의 최대 50%까지 포함될 것이라고 밝혔다. 또 가능한 빠른 시일내 아마존웹서비스, 구글 클라우드, 마이크로소프트 파운드리에서도 페이블5에 대한 접근을 다시 활성화한다고 언급했다.이에 앞서 페이블과 함께 외국인의 사용이 금지됐던 미토스5는 26일부터 접근 제한이 풀렸다.앤트로픽은 별도의 게시물에서 사이버 보안 작업을 더 많이 탐지하고 차단하기 위해 새로운 분류기 세트를 사용하여 페이블5를 재배포한다고 밝혔다. 앤트로픽은 또 ‘프로젝트 글래스윙’에서 탈옥 분석 및 대응 평가 프레임워크 개발에 착수했다고 설명했다.프로젝트 글래스윙은 앤트로픽으로부터 미토스를 사용해 사이버 취약점을 탐지할 수 있도록 승인받은 집합체이다. 아마존, 마이크로소프트, 구글 등 약 200개 조직이 참여해 고급 AI 모델을 활용한 방어적 보안 테스트를 실시하고 있다.블룸버그에 따르면, 앤트로픽은 미토스급 모델의 첫 번째 공개 버전인 페이블 5를 출시하면서 안전장치도 마련했다. 페이블 5는 사이버 보안 및 생물학 관련 질문을 포함한 특정 유형의 질문에는 응답할 수 없다. 이 경우, 앤트로픽은 클로드 챗봇이 오푸스 4.8이라는 다른 모델을 통해 응답을 제공한다고 밝혔다.미국 상무부는 지난 달 12일 비공개 서한을 통해 앤트로픽의 미토스5와 페이블5모델에 대한 수출 통제 규정을 부과했다. 회사는 당시 ‘국가안보당국’으로부터 ‘미국 내외를 막론하고 외국인 직원을 포함한 모든 외국인의 접근을 차단하라’는 지시를 받았다고 밝혔다.이 규정에 따라, 외국인은 미국 거주자라도 이 회사의 강력한 AI 모델인 미토스5와 유사한 모델인 페이블5에 접근하기 전에 미국 정부의 허가를 받아야 했다.상무부의 수출 통제 지침은 미국 정부가 AI 벤처 기업의 운영에 개입한 가장 눈에 띄는 사례였다. 앤트로픽의 모델 사용 제한 결정은 업계 전반에 큰 파장을 일으켰다. 오픈AI도 미국 정부의 압력으로 강력한 신형 인공지능 모델인 GPT-5.6의 공개를 제한했다.그러나 미국 정부의 앤트로픽 모델에 대한 규제 강화는 중국산 오픈소스 모델들이 급속도로 성장하는 시기와 맞물리면서 AI업계 안팎으로 비판을 받아왔다.CNBC에 따르면, 중국의 AI 모델들은 미국 모델에 버금가는 성능을 보이면서 가격은 훨씬 저렴하다. 트럼프 행정부가 앤트로픽의 최신 모델 출시를 제한하자, 미국 기술 업계와 투자자들로부터 중국 개발자들이 따라잡을 귀중한 시간을 벌어주는 것 아니냐는 우려가 제기됐다.앤트로픽은 이번 일을 계기로 정부 및 업계의 협력으로 AI모델 개발업계 전반에 공평하게 적용될 규칙이 법규로 명문화돼야 한다고 강조했다.클로드 챗봇 개발사인 앤트로픽은 최근 투자 유치 후 기업 가치가 9,650억 달러로 평가되어 세계에서 가장 가치 있는 비상장 기업 중 하나가 됐다. 이 회사는 6월 1일 기업 공개(IPO)를 위한 비공개 서류를 제출했다고 발표했다. 이르면 10월에 상장을 추진하는 방안을 검토 중이다.",True,앤트로픽,"미국 정부가 앤트로픽의 AI 모델 페이블5에 대한 수출통제 규제를 해제하면서 전 세계 사용자가 접속 가능하게 됐다. 이로써 미국 외국인도 페이블5 이용이 가능해졌으며, 아마존웹서비스, 구글 클라우드, 마이크로소프트 등에서도 곧 접근이 재개될 예정이다. 규제 해제는 미국과 중국 AI 경쟁 구도에 영향을 미칠 것으로 보이며, 앤트로픽은 안전장치를 강화하고 규제 정립을 강조하며 글로벌 AI 산업 발전에 힘쓰고 있다.",앤트로픽,1.0
2026-07-01,앤트로픽 ‘AI 수출통제’ 해제…미·중 AI 경쟁은 더 격화,정보 없음,https://n.news.naver.com/mnews/article/032/0003455468,"미국 정부가 앤트로픽의 고성능 인공지능(AI) 모델 ‘미토스5’ ‘페이블5’에 대한 수출통제를 해제했다. 이에 따라 앤트로픽 주도 보안 연합체 ‘프로젝트 글래스윙’에 참여하는 한국 기업·기관도 미토스에 다시 접근할 수 있게 될 전망이다. 그러나 미국의 수출통제 기간 동안 ‘미토스급’ AI 모델을 출시한 중국의 영향력이 더욱 커진 데다, 최첨단 AI 모델 차단 조치가 되풀이될 수 있어 각국 정부의 AI 정책이 시험대에 올랐다는 지적이 나온다.앤트로픽은 30일(현지시간) 미 상무부로부터 수출통제 해제 통보를 받았다면서 “내일부터 서비스를 재개할 예정”이라고 밝혔다. 미 상무부가 국가안보 우려를 이유로 지난달 12일 ‘미토스5·페이블5’에 대한 외국 기관·개인의 접근을 차단하는 긴급 수출통제 지침을 발표한 지 18일 만이다. 하워드 러트닉 상무장관은 엑스에서 앤트로픽이 위험 대응을 위해 미 정부와 긴밀하게 협력했다면서 “(이번 조치로) AI 분야에서 미국의 지배력을 강화했다”고 주장했다.그러나 미국의 수출통제가 중국 오픈소스 AI에는 추격의 발판을 마련하는 계기가 되는 등 미·중 AI 패권 경쟁 구도에서 미국의 ‘자충수’가 됐다는 지적도 나온다. 특히 중국 즈푸 AI(Z.AI)가 이달초 출시한 거대언어모델(LLM) ‘GLM-5.2’는 미토스와 비슷한 수준의 소프트웨어 취약점 탐지 능력을 갖췄다는 평가를 받고 있다. GLM-5.2는 코딩 역량에서 글로벌 2위(코드 아레나)를 기록했고, 즈푸 AI는 앤트로픽과 오픈AI에 이어 3위 연구소로 평가(아티피셜 애널리시스의 인텔리전스 인덱스)됐다. 조지타운대 안보신흥기술센터(CSET) 연구원 샘 브레즈닉은 GLM-5.2에 대해 “분명 경각심을 일깨우는 사건”이라고 말했다.미·중 간 최첨단 AI 모델 격차가 6개월 이내로 좁혀졌다는 관측까지도 나온다. 최근 일론 머스크 테슬라 최고경영자가 GLM-5.2가 2027년 1분기가 되면 앤트로픽의 최신 모델을 따라잡을 것으로 전망하자, 탕제 즈푸 AI 창업자 겸 수석과학자가 ‘올 해 안’이라고 공언하기도 했다.그동안은 중국산 AI 모델 성능이 벤치마크를 충족하더라도 상용화 역량은 뒤떨어진다는 지적이 우세했다. 하지만 앤트로픽 모델 차단이나 기업들의 ‘토큰 비용’ 절감 흐름과 맞물려 가격 경쟁력이 높은 중국 오픈소스 AI 모델의 저변이 넓어지는 추세이다. 미국의 AI 스타트업 린디는 클로드 모델 구독을 철회하고 딥시크로 100% 전환했다면서 “비용 곡선이 바닥으로 곤두박질쳤다”고 말했다. 마이크로소프트(MS)와 아마존은 일부 중국 AI모델을 클라우드에서 제공하고 있고, MS는 자사 서비스에 최신 딥시크 모델을 추가하는 방안을 검토하고 있다.미국이 기술 우위 유지를 위해 AI칩은 물론 최첨단 AI 모델까지 통제하는 사이, 중국이 빠르게 생태계 확대를 노리고 있는 것이다.트럼프 대통령은 최근 기술 기업들이 신규 AI 모델 출시 전 자발적으로 정부에 감독을 요청하도록 하는 내용의 행정명령에 서명하기도 했다. 앞으로도 미국 정부가 국가안보 등을 이유로 첨단 AI 모델을 통제하려는 경향이 계속될 수 있는 것이다. 업계 관계자는 “AI를 전략자산으로 보고 통제할 가능성에 대비해 독자 AI 역량을 높이고 국가 AI 인프라 체계도 점검해야 할 것”이라고 말했다.로이터연합뉴스",True,앤트로픽,"미국 정부가 앤트로픽의 고성능 AI 모델 ‘미토스5’와 ‘페이블5’에 대한 수출통제를 해제하며 한국 기업·기관의 접근이 가능해졌다. 그러나 중국의 오픈소스 AI 모델 ‘GLM-5.2’의 등장으로 미·중 AI 경쟁이 치열해지고 있으며, 미국의 기술 통제 정책이 중국의 생태계 확장과 경쟁력을 강화하는 계기가 되고 있다는 지적이 있다. 특히 중국 AI의 성능 향상과 가격 경쟁력 증대로 글로벌 AI 시장에서의 격차가 좁혀지고 있어, 미래 기술 패권 경쟁이 가속화될 전망이다.",앤트로픽,2.0
2026-07-01,"앤트로픽, 미토스 서비스 내일 재개…美, 수출 통제 해제",정보 없음,https://n.news.naver.com/mnews/article/448/0000623584,"/TV조선 방송화면 캡처미국 정부가 앤트로픽의 최상위 인공지능(AI) 모델 '클로드 미토스'에 대한 수출 통제 조치를 해제했다.미 상무부가 '미토스5'와 '페이블5'에 대해 내린 수출 통제 지침을 18일 만에 해제했다는 통보를 해왔다고 앤트로픽이 30일(현지시간) 밝혔다.앤트로픽은 ""내일부터 서비스를 재개할 예정""이라며 ""인내심을 보여준 사용자 여러분과 모델 재배포를 위해 노력해주신 모든 분께 감사드린다""고 말했다.미토스5는 전문가 수준의 사이버 보안 취약점 탐지 능력을 갖춘 것으로 나타나 세계 보안 업계에 충격을 준 모델이다.페이블5는 미토스5에 해킹이나 무기 제조에 악용될 수 있는 민감한 주제 관련 답변을 제한하도록 안전장치를 추가한 모델이다.상무부는 지난달 12일 두 모델이 국가 안보에 위협이 된다며 외국인은 접속할 수 없도록 수출 통제 지침을 내렸다.이에 이용자의 국적을 식별하는 기능을 갖추지 못한 앤트로픽은 이들 모델에 외국인뿐 아니라 미국인들의 접속도 막았다.미 국가안보국(NSA) 법률고문 출신인 글렌 거스텔 전략국제문제연구소(CSIS) 선임 고문은 수출 통제를 해제한 데 대해 ""올바른 조치""라고 평가하면서 ""최신 혁신 기술에 단순히 수출 통제를 가하는 것만으로는 첨단 AI 분야에서 중국에 대한 우리의 우위를 유지할 수 없다""고 정치전문 매체 폴리티코에 지적했다.",True,앤트로픽,"미국 정부가 앤트로픽의 최상위 AI 모델 '클로드 미토스'와 '페이블'에 대한 수출 통제 조치를 해제했다. 미상무부는 지난달 12일 이들 모델이 국가 안보에 위협이 된다며 수출 금지 조치를 내렸으나, 18일 만에 해제 통보를 받았다. 미토스5는 고급 보안 취약점 탐지 능력을 갖추고 있으며, 페이블5는 안전장치를 추가해 악용 가능성을 낮췄다. 앤트로픽은 내일부터 서비스를 재개할 예정이며, 전문가들은 이번 조치가 적절하다고 평가하면서, 첨단 AI 기술 경쟁력 유지를 위해 수출 규제만으로는 부족하다고 지적한다.",앤트로픽,2.0
2026-07-01,"美, 앤트로픽 '미토스·페이블' 수출통제 '18일만에' 철회…이유는?",정보 없음,https://n.news.naver.com/mnews/article/008/0005379866,"[WHY] 앤트로픽 ""상무부 통제 해제 통보, 7월1일부터 접근 권한 복구""러트닉 ""앤트로픽, 보안 위험 선제 탐지·대응…정부 협력 합의""/로이터=뉴스1도널드 트럼프 미국 행정부가 국가 안보 위협을 이유로 시행했던 앤트로픽의 최상위 AI(인공지능) 모델 '클로드 미토스'에 대한 수출 통제를 전면 해제한다.지난 30일(현지시간) 로이터통신 등에 따르면 앤트로픽은 이날 ""미 상무부가 자사 AI 모델 '미토스5'와 '페이블5'에 적용했던 수출 통제 지침을 해제했다""고 밝혔다. 이어 ""내일(7월1일)부터 (서비스) 접근 권한 복구를 시작할 것""이라며 ""인내심을 보여준 사용자 여러분과 모델 재배포를 위해 노력해주신 모든 분께 감사드린다""고 전했다.미토스5와 페이블5에 대한 상무부의 수출 통제 해제 조치는 6월12일 통제 발표 후 18일 만이다. 앞서 상무부는 두 모델이 국가 안보 위협된다며 외국인이 이들 모델에 접근할 수 없도록 하는 수출 통제 지침을 내렸고, 앤트로픽은 이를 즉각 수용했다. 미토스5는 전문가 수준의 사이버 보안 취약점 탐지 능력을 갖춘 AI 모델이고, 페이블5는 미토스5의 '보안 강화 버전'이다.전문가들은 미토스 모델이 해커에 의해 잘못 사용될 경우 노후 기술 시스템에 의존하는 은행 등이 공격받을 수 있다고 경고해 왔다. 이용자의 국적 식별이 불가능한 앤트로픽은 상무부의 지침에 따라 미토스5와 페이블5에 대해 외국인뿐만 아니라 미국인들의 접근도 차단했다. 그러나 지난 26일 상무부가 미 정부가 신뢰할 수 있다고 승인안 기업과 기관들을 대상으로 미토스 사용을 허가하면서 앤트로픽에 대한 수출 통제 해제 기대가 높아졌다./사진=앤트로픽 X하워드 러트닉 미 상무장관은 앤트로픽에 보낸 서한에서 ""이제 미토스와 페이블 모델의 수출에는 별도의 라이선스(허가)가 필요하지 않다""며 수출 통제 해제 소식을 알렸다. 그는 ""앤트로픽은 해당 AI 모델과 관련된 보안 위험을 선제적으로 탐지하고 대응했다""며 수출 통제 해제 이유를 설명했다.러트닉 장관은 ""미토스·페이블 모델 이외 앞으로 출시될 모델에 대한 프로토콜과 기준 마련, 모델 공개 과정에서 미국 정부와 협력하고, 악의적인 활동을 발견할 경우 이를 미국 정부에 통보하기로 합의했다""고 강조했다. 상무부의 수출 통제 이후 앤트로픽이 미토스와 페이블의 보안 위험과 관련된 대책을 마련하고, 새로 출시될 AI 모델에 대한 미 정부의 사전 점검 등을 약속해 제재를 해제했다는 설명이다.트럼프 대통령은 미토스 출시로 고조된 AI 모델의 국가 안보 위협 우려에 기존 'AI 규제 반대' 기조를 버리며 AI 기술 감독 강화에 나섰다. 그는 6월2일 새로운 AI 모델을 대중에게 공개하기 전 정부의 사전 검토를 요구하는 행정명령에 서명했다. 이 행정명령에 따라 기업들은 새로운 AI 모델 출시 최대 30일 전 정부에 사전 제공해 보안 결함을 받아야 한다.다만 일각에선 정부의 심사 방식을 두고 비판의 목소리를 높인다. 샘 올트먼 오픈AI CEO(최고경영자)는 최근 SNS X를 통해 정부의 사전 보안 결함 점검이 ""나쁜 아이디어는 아니다""라면서도 ""정부가 고객을 선별하는 방식은 마음에 들지 않는다""라고 불만을 드러냈다. 로이터에 따르면 오픈AI는 미 정부의 요청에 따라 GPT-5.6의 대중 출시일을 연기하고, 미 정부가 승인한 일부 기업과 기관에만 접근을 허용하고 있다.",True,앤트로픽,"미 행정부는 앤트로픽의 AI 모델 '미토스5'와 '페이블5'에 대한 수출 통제를 7월1일부터 해제하며 접근 권한을 복구한다. 이는 국가 안보 위협 우려 후 18일 만의 조치로, 앤트로픽은 보안 위험 대응과 정부와의 협력 하에 규제 해제를 이뤘다. 러트닉 미 상무장관은 앞으로 모델 공개와 수출에 대한 프로토콜 마련과 협력을 약속했으며, AI 규제 강화와 보안 검증 절차를 도입하는 계기가 되었다. 일부 전문가와 기업은 정부의 사전 검증 방식에 비판적이지만, AI 기술 안전성과 보안을 위해 규제 강화가 계속될 전망이다.",앤트로픽,1.0
2026-07-01,"공정위, 구글 '앱마켓 갑질' 제재 착수…최대 8500억 과징금",정보 없음,https://n.news.naver.com/mnews/article/421/0009034358,"관련 매출액 14조 1600억 원 산정…과징금 상한 6% 적용 시 최대 8496억 원공정위 ""게임사 경쟁 앱마켓 입점 유인 저해""…심사관, 시정명령·과징금 의견세종시 정부세종청사 공정거래위원회 전경 ⓒ 뉴스1 김기남 기자(세종=뉴스1) 심서현 기자 = 공정거래위원회가 국내외 주요 게임사의 경쟁 앱마켓 입점을 사실상 제한한 구글의 시장지배적 지위 남용 혐의에 대해 제재 절차에 착수했다.구글의 시장지배적 지위 남용행위로 영향을 받은 관련 매출액은 92억 1777만 달러, 약 14조 1600억 원으로 산정됐다.향후 위원회 심의에서 혐의가 인정될 경우 관련 매출액의 최대 6%까지 과징금이 부과될 수 있어 최대 8496억 원 규모의 과징금이 예고됐다.공정위는 1일 구글 엘엘씨(미국), 구글 아시아 퍼시픽 피티이 엘티디(싱가포르), 구글코리아 유한회사(대한민국) 등 3개 사의 '독점규제 및 공정거래에 관한 법률'(공정거래법) 위반 혐의에 관해 시정명령 및 과징금 부과 의견을 담은 심사보고서(검찰의 공소장 격)를 송부하고 같은 날 이를 전원회의에 제출했다고 밝혔다.구글, 게임사 22곳과 GVP 계약…최혜대우 조건으로 경쟁사업자 방해구글은 2019년 7월부터 올해 3월까지 약 6년 9개월간 국내외 주요 게임사와 GVP(Games/Google Velocity Program), 이른바 '프로젝트 허그'(Project Hug) 계약을 체결했다.GVP 계약은 게임사가 출시 시기와 품질 등을 다른 앱마켓보다 구글 앱마켓(플레이스토어)에 유리하게 또는 최소한 동등하게 설정하는 것을 조건으로, 구글이 클라우드, 애즈(Ads), 유튜브 등 구글 플랫폼 서비스 이용 비용을 지원하는 내용이다.정희은 공정위 시장감시국장은 이날 정부세종청사에서 브리핑을 열고 ""심사관은 구글이 높은 인앱 결제 수수료 때문에 게임사들이 플레이스토어를 이탈하려고 시도하자 이런 시도를 차단하기 위해 국내외 주요 게임사와 GVP 계약을 체결한 것에 대해 공정거래법 위반 혐의가 있다고 판단했다""고 말했다.정 국장은 ""구글이 GVP의 최혜대우 조건과 누진적 지원 방식 등을 통해 게임사의 경쟁 앱마켓 입점 유인을 현저히 저해하고, 원스토어 등 경쟁 앱마켓의 사업활동을 방해했다고 봤다""고 설명했다.계약 대상은 총 22개 사로, 국내 게임사 5곳과 해외 게임사 17곳이다. 국내 게임사는 엔씨소프트, 넥슨, 넷마블, 펄어비스, 컴투스 등 5개 사다. 해외 게임사로는 액티비전 블리자드 킹, 라이엇 게임즈 등이 명시됐다.특히 GVP 계약은 구글 앱마켓 내 게임 매출액이 증가하면 구글의 지원 금액도 함께 증가하는 누진적 구조로 설계됐다.정 국장은 ""누진적 구조 자체가 법 위반은 아니지만 최혜대우를 조건으로 요구했다는 점에서 경쟁제한적 요소가 있다""며 ""누진적 구조로 설계돼 그런 효과가 더 커진다고 봤다""고 설명했다.심사관은 구글이 GVP의 최혜대우 조건과 누진적 지원방식 등을 통해 게임사가 경쟁 앱마켓에 입점하려는 유인을 현저히 저해했다고 판단했다.이를 통해 원스토어 등 경쟁 앱마켓의 사업활동을 방해하고, 계약 대상인 게임사의 앱마켓 시장 진출까지 봉쇄했다는 것이다.정 국장은 ""게임사가 별도의 새로운 앱마켓을 출시하고자 하는 가능성 또는 시도가 차단됐다""며 ""안드로이드 앱마켓 시장의 플레이어 중 하나인 원스토어의 경쟁 상황에 영향을 미쳤다""고 말했다.또 공정위는 구글이 GVP 계약을 통해 사실상 구글과의 독점적 거래를 강제했다고 봤다.심사관은 구글의 이 같은 행위가 공정거래법상 시장지배적지위남용행위 중 사업활동방해행위와 배타조건부거래행위 등을 위반하는 매우 중대한 위법행위라고 판단하고 시정명령 및 과징금 부과 의견을 제시했다.이번 사건으로 영향을 받은 관련 매출액은 국내 매출액을 기준으로 산정됐다.정희은 공정거래위원회 시장감시국장 ⓒ 뉴스1 김기남 기자과징금 최대 8496억 원…전원회의서 제재 수위 결정향후 위원회 심의 등을 거쳐 혐의가 인정될 경우 공정위는 관련 법령에 따라 시장지배적지위남용행위로 영향을 받은 관련 매출액의 최대 6%까지 과징금을 부과할 수 있다.""심사관 조치 의견에서는 과징금 고시에 따른 가중 사유가 있다고 봤다""면서도 ""다만 법상 시장지배적지위남용행위 과징금 상한은 관련 매출액의 6%인 만큼, 가중 사유가 반영되더라도 최종 과징금은 약 8496억 원을 넘을 수 없다""고 설명했다.공정위는 지난 2024년 11월 경제정의실천시민연합, 한국게임이용자협회, 한국게임소비자협회의 신고를 접수한 뒤 조사에 착수했다.정 국장은 게임사 책임 여부에 대해 ""이 사건은 시장지배적 지위 남용행위 사건으로, 담합 혐의에 대한 조사를 한 것은 아니다""라며 ""구글의 압도적인 지위를 고려했을 때 그런 지원 사항을 게임사들이 거절하는 것이 사실상 어려웠을 것으로 보인다""고 말했다.이어 ""단순히 경제적 지원을 받았다는 이유만으로 게임사들이 공정거래법을 위반했다고 보기는 어렵다""고 덧붙였다.앞서 공정위는 지난 2023년 구글이 원스토어를 배제한 행위에 대해 시정명령과 과징금을 부과한 바 있다. 당시 사건은 2016년부터 2018년까지 원스토어에 출시하지 않는 조건으로 지원한 행위였다. 이번 사건은 2019년 이후 GVP 계약을 통한 최혜대우 조건 부과 행위라는 점에서 차이가 있다.다만 2023년 제재와 관련해 구글이 공정위를 상대로 제기한 과징금 취소 소송은 현재 고등법원에 계류 중이다.공정위는 구글 측의 의견을 제출받은 뒤 전원회의를 열고 제재 여부와 수위를 결정할 예정이다.",True,구글,"공정거래위원회는 구글이 시장지배적 지위를 남용해 경쟁 앱마켓 입점을 제한한 혐의로 제재 절차에 착수했다. 구글은 22개 게임사와 GVP 계약을 맺어 경쟁 앱마켓 유인을 저해하고, 구글 지원 금액이 증가하는 누진적 구조를 이용해 시장 경쟁을 방해한 것으로 판단된다. 관련 매출액은 약 14조 원으로, 최대 6%인 8496억 원의 과징금 부과가 예상된다. 이번 조치는 구글의 독점적 행위에 대한 규제 강화의 일환이다.",구글,2.0
2026-07-01,"""최혜대우시 비용 지원""…공정위, 구글에 최대 8000억대 과징금 예고",정보 없음,https://n.news.naver.com/mnews/article/008/0005379935,"구글 CI공정거래위원회가 게임사들의 구글 앱마켓 이탈 시도를 막기 위해 게임사들에 최혜대우를 조건으로 각종 지원을 제공한 의혹을 받는 구글에 대한 조사를 마무리하고 본격적인 제재 절차에 착수했다. 구글의 이같은 시장지배적 지위 남용 행위 관련 매출액이 약 14조원에 이르는 만큼 최대 8000억원대 과징금이 부과될 수 있단 전망이 나온다.공정위는 구글의 공정거래법 위반 혐의에 대한 행위 사실 및 위법성, 조치의견 등을 담은 심사보고서(검찰 공소장 격)를 송부했다고 1일 밝혔다.심사보고서는 공정위 심사관이 조사 과정에서 파악한 위법성 및 그에 대한 조치 의견을 기재한 문서다. 단, 위원회 최종 판단을 구속하진 않는다. 향후 독립된 위원회 심의를 거쳐 사건에 대한 최종 판단이 이뤄진다.공정위에 따르면 구글은 높은 인앱결제 수수료로 촉발된 게임사들의 구글 앱마켓 이탈 시도를 차단하기 위해 2019년 7월부터 2026년 3월까지 6년 9개월간 국내외 주요 게임사 22곳과 'GVP(Games/Google Velocity Program) 계약'을 체결했다. 이중 5곳은 △NC소프트 △넥슨 △넷마블 △펄어비스 △컴투스 등이다. 나머지 17곳은 액티비전 블리자드 킹, 라이엇 게임즈 등 외국 게임사다.GVP 계약은 게임사가 출시 시기와 품질 등을 다른 앱마켓보다 구글 플레이스토어에 유리하게 또는 최소한 동등하게 설정하는 것을 조건으로 구글이 클라우드, 애즈, 유튜브 등 구글 플랫폼 서비스 이용 비용 등을 지원하는 내용을 담고 있다. 구글 앱마켓 매출이 증가하면 지원 금액도 증가하는 누진적 구조로 설계됐다.공정위는 구글이 이같은 행위를 통해 게임사의 경쟁 앱마켓 입점 유인을 현저하게 저해하는 등 원스토어 등 경쟁 앱마켓의 사업활동을 방해했다고 지적했다. 계약 대상인 게임사의 앱마켓 시장 진출도 봉쇄했다고 판단했다. 아울러 구글이 GVP 계약을 통해 사실상 구글과의 독점적 거래를 강제했다고 봤다.공정위는 구글의 안드로이드 앱마켓 시장에서의 시장지배적 지위 남용 행위로 영향을 받은 관련 매출액을 92억1777만달러(약 14조1600억원)으로 산정했다. 특히 구글의 행위가 공정거래법이 금지하는 시장지배적지위남용행위 중 사업활동 방해행위, 배타조건부거래행위 등에 해당하는 '매우 중대한 위법행위'라고 판단했다.아울러 공정위는 구글이 2023년 경쟁 앱마켓인 원스토어를 배제하려는 목적으로 구글 플레이스토어에만 게임을 독점 출시하도록 유도한 혐의로 제재 받은 전력을 고려해 과징금을 가중 부과할 사유가 있다고 조치 의견에 담았다.공정거래법상 시장지배적지위 남용 행위 과징금은 관련 매출액의 최대 6%까지 부과될 수 있다. 최대 약 8496억원의 과징금 부과가 가능하단 의미다.정희은 공정위 시장감시국장은 ""서면의견 제출, 증거자료의 열람·복사 신청, 의견진술 기회 제공 등의 절차를 통해 피심인의 방어권을 충분히 보장하고 있다""며 ""향후 전원회의 심의를 통해 최종 판단을 내릴 계획""이라고 밝혔다.",True,구글,"구글이 게임사들의 앱마켓 이탈 시도를 막기 위해 경쟁 앱마켓 진입을 방해하는 조건으로 지원하는 GVP 계약을 체결한 혐의로 공정거래위원회의 조사를 받았다. 구글은 이를 통해 시장지배적 지위 남용과 경쟁 방해 행위를 한 것으로 판단돼 최대 8000억 원대 과징금 부과 가능성이 제기된다. 공정위는 구글이 독점적 거래를 강요하고 경쟁사 시장 진출을 막았다고 지적하며, 최종 판단은 향후 심의를 거쳐 결정될 예정이다.",구글,1.0
2026-07-01,구글 게임앱 불공정행위 적발,정보 없음,https://n.news.naver.com/mnews/article/001/0016170222,(세종=연합뉴스) 김주성 기자 = 정지은 공정거래위원회 시장감시국장이 1일 세종시 정부세종청사에서 구글의 앱마켓 관련 시장지배적 지위 남용행위 사건에 대해 브리핑하고 있다. 2026.7.1utzza@yna.co.kr,True,구글,정지은 공정거래위원회 시장감시국장은 1일 세종시 정부세종청사에서 구글의 앱마켓 관련 시장지배적 지위 남용행위 사건에 대해 브리핑했다.,구글,1.0
2026-07-01,"구글 ‘게임사 독점계약’ 최대 과징금 8500억 전망...공정위, 제재 절차 돌입",정보 없음,https://n.news.naver.com/mnews/article/011/0004636897,"국내외 게임사에 ‘최혜대우’ 요구 혐의공정위, 시장지배력 남용 잠정 결론경쟁 제한 여부 전원회의서 최종 판단최대 과징금 8496억 원에 이를 것으로구글플레이 화면. 사진 제공=구글공정거래위원회가 국내외 게임 회사들의 경쟁 앱마켓 진출을 막기 위해 사실상 독점 거래를 유도한 구글에 대해 제재 절차에 착수했다. 구글에 부과될 수 있는 과징금은 최대 8496억 원에 이를 전망이다.공정위는 1일 구글의 공정거래법 위반 혐의와 관련한 심사보고서를 피심인에게 송부하고 심의 절차를 개시했다고 밝혔다. 심사보고서는 위법 행위에 관한 사실과 공정위 심사관의 제재 의견을 담은 문서로, 형사소송으로 치면 공소장에 해당한다. 피심인은 구글 엘엘씨(미국)와 구글코리아 유한회사(한국), 구글 아시아 퍼시픽 피티이 엘티디(싱가포르)다.공정위에 따르면 구글은 높은 인앱결제 수수료를 계기로 게임사들의 앱마켓 이탈 움직임이 나타나자 액티비전 블리자드 킹, 라이엇게임즈 등 해외 게임사 17곳과 엔씨소프트, 넷마블 등 국내 주요 게임사 5곳 등 총 22곳과 GVP 계약을 체결했다.이 계약은 게임사가 신작 출시 시기와 품질 등을 구글 플레이보다 경쟁 앱마켓에 유리하게 제공하지 않는 것을 조건으로 구글이 클라우드와 광고, 유튜브 등 자사 플랫폼 서비스 이용 비용을 지원하는 내용이다. 구글 플레이 매출이 늘어날수록 지원 규모도 함께 커지는 방식으로 설계됐다. 이 같은 내용은 2019년 7월부터 올해 3월까지 약 6년 9개월간 이어진 것으로 파악됐다. 2024년 11월 경제정의실천시민연합과 한국게임이용자협회 등이 공정위에 관련 내용을 신고하면서 조사가 시작됐다.공정위 심사관은 구글의 계약이 게임사의 경쟁 앱마켓 입점 유인을 크게 떨어뜨려 원스토어 등 경쟁 사업자의 사업 활동을 방해하고, 게임 회사들의 자체 앱마켓 시장 진출을 막은 ‘매우 중대한 위법 행위’라고 판단했다. 구체적으로 구글의 행위가 시장지배적 지위 남용 가운데 사업활동 방해와 배타조건부 거래에 해당한다고 보고 시정명령과 과징금 부과 의견을 제시했다.이번 사건으로 구글이 국내에서 벌어들인 관련 매출액은 약 92억 1777만 달러(약 14조 1600억 원)로 산정됐다. 최종 심의 결과 위법성이 인정될 경우 관련 매출액의 최대 6%인 8496억 원까지 과징금을 부과할 수 있다.구글은 이미 2023년에도 원스토어의 시장 진입을 방해한 혐의로 공정위의 제재를 받은 바 있다. 당시 공정위는 구글이 2016~2018년 게임사들에 원스토어에 게임을 출시하지 않는 조건으로 혜택을 제공한 행위를 문제 삼아 시정명령과 과징금 421억 원을 부과했다. 공정위는 이번 심사보고서에서 구글의 과거 법 위반 이력을 과징금 가중 사유로 반영했다. 다만 최종 과징금은 관련 매출액의 최대 6%라는 법정 상한을 초과할 수 없다.해외 경쟁당국이 구글의 GVP 계약을 제재한 사례는 아직 없다. 미국에서는 해당 계약을 둘러싼 반독점 민사소송이 진행돼 판결이 확정됐지만, 경쟁당국 차원의 제재는 이번이 처음이다.다만 이번 심사보고서는 공정위 심사관의 의견으로, 향후 전원회의 심의를 거쳐 최종 제재 여부와 수위가 결정된다. 구글은 심사보고서 수령 후 8주 동안 의견서를 제출하는 등 방어권을 보장받는다. 공정위 관계자는 “앱마켓 시장의 실질적인 경쟁 회복과 관련된 중대한 사건인 만큼 방어권 보장 절차가 마무리되는 대로 신속히 위원회를 열어 최종 판단할 계획”이라고 밝혔다.",True,구글,"공정거래위원회는 구글이 국내외 게임사에 ‘최혜대우’ 조건을 내세워 경쟁 앱마켓 진입을 방해한 혐의로 제재 절차를 시작했다. 구글은 6년여간 게임사와 GVP 계약을 맺어, 경쟁 앱마켓 이용을 어렵게 하고 시장 지배력을 남용한 것으로 판단된다. 관련 매출액은 약 14조 원 규모이며, 최대 8496억 원의 과징금 부과가 예상된다. 이번 사건은 해외 경쟁당국이 제재한 사례가 없으며, 최종 판단은 전원회의에서 결정된다. 구글은 방어권 행사 후 최종 결정을 기다리고 있다.",구글,1.0
2026-07-01,구글 앱마켓 불공정 거래 제재… 과징금 최대 8496억,정보 없음,https://n.news.naver.com/mnews/article/022/0004139791,"공정위, 심사보고서 송부구글, 게임사 22곳과 GVP 계약‘최혜대우’ 제공 게임사 이탈 막아지원도 누진적… 독점적 거래 강제3년 전에도 400억대 과징금 물어매출 14조원 최대 6% 과징금 가능구글 “법 위반 행위 없었다” 주장구글이 자사 앱마켓을 이용하는 국내외 게임사의 이탈을 막기 위해 최혜대우를 조건으로 지원을 해준 혐의로 공정거래위원회의 심판대에 올랐다. 구글의 시장 지배력 남용 혐의에 대한 관련 매출액은 14조원대로, 최대 8400억원대의 과징금이 부과될 수 있다.사진=AFP연합뉴스공정위 사무처는 1일 구글의 독점규제 및 공정거래에 관한 법률(공정거래법) 위반 혐의에 대한 심사보고서를 구글 측에 송부했다고 밝혔다. 공정위 심사보고서는 검찰의 공소장 격으로, 심사보고서가 당사자에게 송부되면 공정위 제재 절차가 시작된다. 구글은 2023년에도 게임사의 경쟁 앱마켓 출시를 방해한 혐의로 400억원대 과징금을 부과받았는데, 3년 만에 다시 공정위 제재 대상에 올랐다.공정위 사무처에 따르면 구글은 자사 앱마켓의 인앱결제(중개) 수수료가 높다는 이유로 게임사들이 이탈 조짐을 보이자, 이를 막기 위해 국내외 주요 게임사들과 GVP(Games·Google Velocity Program) 계약을 체결했다. GVP 계약은 게임사가 게임의 출시 시기나 품질 등을 다른 앱마켓보다 구글 앱마켓에서 유리하거나 동등한 기준으로 설정하는 ‘최혜대우’ 조건을 담고 있다. 그 대가로 구글은 게임사들에 클라우드, 애즈, 유튜브 등 자사 플랫폼의 서비스 이용 비용을 지원했다.공정위는 구글 앱마켓 내에서 게임 매출액이 늘었을 때, 구글이 게임사에 지원하는 금액이 증가하는 누진적 구조에 주목했다. 누진적 지원 방식 자체가 위법은 아니지만, 최혜대우 조건과 맞물리며 사실상의 독점적 거래를 강제했다는 것이 공정위 심사관의 의견이다.정희은 공정위 시장감시국장은 “게임사들이 구글로부터 지원금을 받았지만, 거래 지위상 구글의 지원을 거절하는 것이 사실상 어려웠을 것”이라고 설명했다. 정 국장은 “가장 문제되는 것은 GVP 계약으로 최혜대우 조건을 부가했다는 점”이라며 “누진적 구조로 설계돼 그 효과가 더 커진다고 봤다”고 말했다.구글과 GVP 계약을 맺은 게임사는 총 22개사다. 국내 게임사는 엔씨소프트, 넥슨, 넷마블, 펄어비스, 컴투스 5개사이고, 외국 게임사가 17개사다. 계약 기간은 게임사마다 상이하지만, 전체 기간은 2019년 7월부터 지난 3월까지로 파악됐다.공정위 심사관은 구글의 행위가 시장지배적지위 남용행위 중 사업활동방해행위와 배타조건부거래행위 등에 해당하는 중대한 위반행위라고 보고 시정명령과 과징금 부과 의견을 제시했다. 이 사건의 영향을 받은 구글 앱마켓 관련 매출액은 91억1777만달러(약 14조1600억원)로 산정됐다. 향후 공정위는 심의를 거쳐 관련 매출액의 최대 6%인 8496억원의 과징금을 부과할 수 있다. 2023년 제재를 받은 구글이 5년 이내 법 위반 행위로 제재 대상에 오른 만큼, 관련 고시에 따라 과징금이 20∼40% 가중될 수 있다. 다만 심사보고서는 심사관의 판단과 조치 의견을 담은 것으로, 공정위 전원회의의 최종 판단을 구속하지 않는다.정지은 공정거래위원회 시장감시국장이 1일 세종시 정부세종청사에서 구글의 앱마켓 관련 시장지배적 지위 남용행위 사건에 대해 브리핑하고 있다. 연합뉴스구글은 심사보고서 수령일부터 8주 안에 서면 의견을 제출할 수 있고, 증거자료 열람·복사 신청 등 방어권을 보장받는다. 공정위는 앱마켓 시장의 경쟁 복원을 위한 중대 사안인 만큼 신속하게 최종 판단을 내린다는 계획이다. 정 국장은 “공정위는 앞으로도 앱마켓 시장 내 실질적 경쟁 복원을 위한 감시를 지속할 예정”이라고 말했다.구글은 “구글플레이는 타 앱 마켓들과 공정하게 경쟁하고 있다”며 “법 위반 행위가 없었다”는 입장이다. 구글 측은 “한국의 개발자들과 이용자들에게도 여러 혜택을 제공하고 있다”면서 “그동안 공정위 조사에 성실히 협조해 왔으며 앞으로 진행될 위원회 심의 과정에서 법 위반 행위가 없었음을 소명하기 위해 최선을 다할 것”이라고 밝혔다.",True,구글,"공정거래위원회는 구글이 국내외 게임사 22개와 GVP 계약을 맺으며 ‘최혜대우’ 조건을 부여하고 지원금을 누진적으로 지급해 독점적 거래를 강제한 혐의를 심사보고서로 제기했다. 구글은 이를 통해 시장 지배력을 남용했으며, 관련 매출액은 14조원대에 달한다. 공정위는 시정명령과 최대 6%인 8496억 원의 과징금을 부과할 방침이며, 구글은 법 위반이 없다고 주장한다. 이번 사건은 구글의 시장 지배력 남용에 대한 규제 강화의 일환이다.",구글,1.0
2026-07-01,"공정위 ""구글, 게임사에 플레이스토어 독점적 거래 강요... 14조 원 벌어""",정보 없음,https://n.news.naver.com/mnews/article/469/0000939692,"최혜대우 요구하는 GVP 계약 맺어혐의 확정 시 최대 8500억 과징금2023년에도 과징금 부과 전력미국 캘리포니아주 마운틴뷰에 위치한 구글 캠퍼스의 로고. 한국일보 자료사진공정거래위원회가 국내외 게임사에 사실상 독점적 거래를 강제한 혐의를 받는 구글을 상대로 칼을 빼 들었다.공정위는 구글의 공정거래법 위반(시장 지배적 지위 남용 행위 등) 혐의에 대한 심사보고서를 송부하고 위원회 심의절차를 개시했다고 1일 밝혔다. 심사보고서는 검찰의 공소장에 해당하는 문서로, 공정위가 파악한 위법 행위에 관한 사실과 제재를 해야 한다는 의견이 담겨있다.공정위에 따르면, 구글은 인앱결제 수수료 문제가 촉발된 2019년 7월부터 올해 3월까지 6년 9개월 동안 NC소프트 등 22개 게임사와 'GVP 계약'을 맺고 원스토어 등 경쟁 앱마켓의 사업활동을 방해한 혐의를 받는다. GVP 계약은 구글이 게임사에 클라우드와 유튜브 등 플랫폼 서비스 비용을 지원하는 조건으로 다른 앱마켓보다 출시시기 등을 최소 동등하게 설정하는 최혜대우를 요구하는 내용이 담겼다.  구글은 게임사의 플레이스토어 매출액이 증가하면 지원 금액도 누진적으로 확대시켰다.공정위는 ""구글이 최혜대우 조건과 누진적 지원방식으로 원스토어 등 경쟁 앱마켓의 사업활동을 방해했고, 특히 게임사의 앱마켓 시장 진출을 봉쇄했다""며 ""구글이 GVP 계약을 통해 사실상 독점적 거래를 강제했다고 판단했다""고 설명했다.혐의가 확정되면 구글은 최대 8,496억 원의 과징금을 부과받는다. 공정위가 이번 혐의에 영향을 받은 구글 매출액을 92억1,777만 달러(약 14조1,600억 원)에 이르는 것으로 산정한 데 따른 것이다.  관련 법령에 따르면, 공정위는 위원회 심의를 거쳐 매출액의 최대 6%까지 과징금으로 부과할 수 있다.구글은 앞서 2023년에도 원스토어에 리니지2 등 모바일게임을 출시하지 못하게 막은 혐의로 과징금 421억 원을 부과받은 바 있다. 해당 사건은 구글이 과징금 취소 소송을 제기해 현재 고등법원에 계류 중이다. 공정위는 ""최근 5년간 법 위반 경력이 있어 과징금 가중 사유가 있다고 판단했다""고 밝혔다.",True,구글,"공정거래위원회는 구글이 2019년부터 2023년까지 22개 게임사와 GVP 계약을 맺으며 원스토어 등 경쟁 앱마켓의 사업을 방해하고 사실상 독점적 거래를 강요한 혐의에 대해 심사보고서를 송부하고 심의를 개시했다. 구글은 최혜대우와 누진 지원 조건으로 시장 경쟁을 저해했으며, 위반 시 최대 8,496억 원의 과징금이 부과될 수 있다. 이는 2023년 과징금 421억 원에 이어 두 번째 제재 가능성이다.",구글,1.0
2026-07-01,"[D리포트] ""공정 경쟁 맞아?"" 3년 만에 '또'…구글, 과징금 최대 '8천5백억' 위기",정보 없음,https://n.news.naver.com/mnews/article/055/0001368873,"구글이 앱마켓 시장에서 독점적인 지위를 이용해 불공정 거래를 한 혐의로 공정위의 제재 심의를 받게 됐습니다.자체 앱마켓인 플레이스토어를 운영하는 구글은 지난 2019년부터 국내외 주요 게임사와 GVP, 이른바 '프로젝트 허그' 계약을 체결했습니다.이 계약은 게임사가 신작 게임의 출시 시기나 서비스 품질 등을 다른 앱마켓보다 구글 플레이에 불리하게 제공하지 않도록 하는 내용을 담고 있다고 공정위는 설명했습니다.게임사가 이 같은 조건을 지키면 구글은 유튜브나 클라우드 등 자사 플랫폼 서비스 이용료를 지원했는데, 지원 규모는 구글 플레이를 통한 게임 매출이 많을수록 커지는 구조였습니다.공정위는 이런 계약 때문에 게임사가 경쟁 앱마켓에 입점할 유인이 크게 약화됐다고 판단했습니다.[정희은/공정거래위원회 시장감시국장 : (수수료 등) 비용이 드니까 차라리 그냥 내가 앱마켓을 새로 만들어서 이렇게 내 게임을 거기다 올리고자 하는 그런 유인이 있을 수 있는데, 그런 유인 자체가 차단됐다.] 공정위는 구글에 시정명령과 과징금을 부과해 달라는 내용의 심사보고서를 위원회에 상정하고 구글에도 발송했습니다.공정위가 산정한 위반 행위 관련 매출액은 92억 1천만 달러, 우리 돈으로 14조 원이 넘습니다.법령에 따라 과징금은 관련 매출액의 최대 6%까지 부과할 수 있습니다.이에 따라 심의를 거쳐 최대 8천500억 원의 과징금이 부과될 가능성이 제기되고 있습니다.앞서, 구글은 3년 전에도 게임사들에 경쟁 앱마켓과의 거래를 제한해 421억 원의 과징금을 받았습니다.공정위는 구글 측의 의견을 듣는 등 방어권 보장 절차를 거친 뒤 전원회의를 열어 최종 제재 여부를 결정할 계획입니다.구글은 ""다른 앱마켓들과 공정하게 경쟁하고 있다""며 ""심의 과정에서 법 위반 행위가 없다는 것을 소명하기 위해 최선을 다할 것""이라고 밝혔습니다.(취재 : 채희선, 영상취재 : 이재영, 영상편집 : 윤태호, 제작 : 디지털뉴스부)",True,구글,"구글은 앱마켓 시장에서 독점적 지위를 이용해 불공정 거래 혐의로 공정위 심의를 받고 있습니다. 구글은 2019년부터 게임사와 '프로젝트 허그' 계약을 맺어 신작 출시와 서비스 품질을 경쟁 앱마켓보다 구글 플레이에 유리하게 제한했고, 이에 따른 지원금은 매출에 비례했습니다. 공정위는 이로 인해 경쟁 앱마켓 진입이 어렵게 됐다고 판단해 시정명령과 최대 8,500억 원의 과징금 부과를 검토 중입니다. 구글은 경쟁 공정성을 주장하며 방어에 나섰습니다.",구글,2.0
2026-07-01,"'AI 올인' 구글, 온실가스 배출 역대 최고폭 증가",정보 없음,https://n.news.naver.com/mnews/article/055/0001368730,"▲ 구글주요 테크 대기업들이 인공지능(AI) 인프라 구축 경쟁을 치열하게 벌이는 가운데, 지난해 구글의 온실가스 배출량이 역대 최대 폭으로 증가했고, 전력과 물 소비량 역시 사상 최고치였던 것으로 집계됐습니다.악시오스 등 미국 언론에 따르면 구글은 지난달 30일(현지시간) 발표한 '2026 환경 보고서'에서 자사의 2025년 온실가스 총 배출량이 전년 대비 18% 증가한 1천450만 이산화탄소상당량톤(tCO₂e)이었다고 밝혔습니다.이는 구글이 연례 환경 보고서를 내기 시작한 2016년 이래 역대 최고 증가율로, 주로 반도체 칩과 서버를 포함한 하드웨어 제조, 그리고 아시아태평양 지역이 중심인 공급망 부문의 배출량 증가에 기인한 것입니다.전력 수요는 2024년에 27% 증가한 데 이어 2025년에는 또 37% 늘어 2019년의 3.5배 수준이 됐습니다.물 소비량은 34% 증가해 109억 갤런(412억 6천만ℓ)에 이르렀습니다.이는 2021년 수준의 2배가 넘는 규모로, 증가분 대부분은 데이터 센터가 차지했습니다.AI의 급성장으로 인해 구글은 기후 목표의 기준점을 '총 배출량의 절대적 감축'에서 '배출량 증가 속도가 성장 속도를 뛰어넘지 않도록 억제'하는 방향으로 전환시켰습니다.온실가스 배출량, 전력 수요, 물 소비량 등 지표들이 급격히 증가하는 가운데, 구글은 이들 지표들이 더욱 빠르게 증가하는 것을 막기 위한 노력을 기울이고 있다고 보고서에서 강조했습니다.구글은 자사의 적극적 탄소 감축 이니셔티브가 없었다면 배출량 규모가 지금의 5배에 이르렀을 것이라며, 하드웨어 효율성 개선, 청정 에너지 구매 등을 통해 2025년 한 해 동안 5천800만tCO₂e 이상의 배출을 회피할 수 있었다고 주장했습니다.아울러 구글은 보고서에서 ""이런 에너지 수요의 급격한 팽창은 우리가 적극적으로 관리해야 할 현실""이라며 ""AI의 성장이 환경 기준을 낮추는 구실이 되지 않도록 하겠다""고 강조했습니다.악시오스에 따르면 거대 기술 기업들의 연례 기후 보고서들은 주로 청정에너지 사용과 기후 변화 대응 성과를 자랑하는 자리였으나, AI 붐으로 전례 없는 인프라 확충이 일어나면서 기업들이 내세웠던 야심적 기후 목표가 현실과 얼마나 괴리돼 있는지가 이런 보고서들에서 드러나고 있다고 전했습니다.",True,구글,"구글은 지난해 온실가스 배출량이 18% 증가하며 역대 최고치를 기록했고, 전력과 물 소비도 사상 최고 수준으로 늘어났습니다. AI 성장으로 데이터 센터와 하드웨어 제조에 대한 에너지 수요가 급증했기 때문입니다. 구글은 배출량 감축 대신 증가 속도를 제한하는 목표로 전환했으며, 청정 에너지 구매와 효율성 개선으로 배출을 일부 억제했다고 밝혔습니다. 그러나 인프라 확충으로 기후 목표와 현실 간 격차가 커지고 있는 상황입니다.",구글,1.0
2026-07-01,"구글, 게임앱 불공정행위 3년새 또 적발…과징금 최대 8천500억",정보 없음,https://n.news.naver.com/mnews/article/001/0016170013,"게임사 22곳에 '최혜대우 조건'으로 구글 클라우드 비용 등 지원구글 앱 마켓 점유율 80%대 유지…공정위 ""최대한 신속 판단""미국서 이미 민사소송 판결 확정…3년 전에도 400억대 과징금구글 사옥[연합뉴스 자료사진. 재판매 및 DB 금지](세종=연합뉴스) 김수현 기자 = 구글이 자사 앱 마켓을 이용하는 국내외 주요 게임사에 '최혜 대우'를 요구했다가 공정거래위원회의 심판대에 오르게 됐다.구글은 2023년에도 경쟁 앱 마켓인 원스토어에 앱을 출시하지 않는 조건으로 게임사에 지원했다가 400억원대 과징금을 부과받았으나 불과 3년 만에 다시 처분받게 됐다.공정위 사무처는 구글의 '독점규제 및 공정거래에 관한 법률'(공정거래법) 위반 혐의와 관련해 심사보고서를 당사자에 송부하고 공정위에 제출했다고 1일 밝혔다.구체적인 피심인은 구글 엘엘씨(미국), 구글 아시아퍼시픽 피티이 엘티디(싱가포르), 구글코리아 유한회사(한국)다.심사보고서는 공정위 심사관이 파악한 위법 행위에 관한 사실과 제재 의견을 담은 문서로, 형사소송으로 치면 공소장에 해당한다.심사보고서가 당사자에게 송부되면 공정위 제재 절차가 시작된다.구글은 인앱 결제 수수료(유료 아이템 등을 구매할 때 결제 금액의 일정 비율을 떼어가는 중개 수수료)가 높다는 이유로 게임사들이 구글 앱 마켓인 플레이스토어에서 이탈하려고 하자 이를 막기 위해 국내외 주요 게임사와 일명 GVP(Games/Google Velocity Program) 계약을 체결했다.이 계약은 게임사가 출시 시기, 품질 등을 다른 앱 마켓보다 유리하게 또는 최소한 동등하게 설정하는 조건으로, 구글이 각 게임사에 클라우드, 애즈(광고 구매 도구), 유튜브 등 구글 플랫폼 서비스 이용 비용을 지원하는 내용이 골자다.계약을 맺은 게임사는 넷마블, 엔씨소프트 등 국내 5개사와 액티비전 블리자드 킹, 라이엇 게임즈 등 외국계 17개사다.계약 기간은 게임사별 상이하지만, 총기간은 2019년 7월부터 올해 3월까지라고 공정위는 설명했다.구글, 모든 앱 · 콘텐츠에 30% 수수료 적용 (PG)[장현경 제작] 일러스트이 계약은 구글 앱 마켓 매출액이 증가할수록 지원 금액도 늘어나는 누진적 구조로 설계된 점이 특징이다.공정위 심사관은 구글이 이 같은 방식으로 각 게임사가 다른 앱 마켓에 입점할 유인을 상당 부분 떨어뜨렸다고 봤다.특히 누진적 구조 탓에 구글이 사실상 각 게임사와 독점적 거래를 강제했다는 것이 공정위 심사관의 의견이다.이를 통해 원스토어 등 경쟁 앱 마켓의 사업 활동을 방해했다는 것이다. 실제로 국내 안드로이드 앱 마켓에서 구글 플레이스토어의 점유율은 80% 이상을 유지했다.아울러 일부 게임사가 자체 앱 마켓을 출시하는 가능성도 차단했다고 봤다.정희은 공정위 시장감시국장은 ""게임사들은 구글로부터 지원금을 받긴 했지만, 거래 지위상 구글이 압도적이었기에 지원을 거절하는 것이 사실상 어려웠을 것""이라며 ""게임사들의 경우 경제적 지원을 받았다고 공정거래법 위반은 아니다""라고 설명했다.최근 미국이 자사 기업과 관련한 제재에 예민한 점을 염두에 두지 않았느냐는 물음에는 아니라고 선을 그었다.정 국장은 ""이 사안은 공정위가 처음 인지한 것은 아니다""라며 ""이미 미국에선 이 사안의 반독점 행위와 관련해 민사소송으로 진행돼 판결까지 확정됐다""고 선을 그었다.구글의 이 같은 시장지배적 지위 남용 행위로 벌어들인 국내 매출은 92억1천777만달러(약 14조1천600억원)에 이르는 것으로 산정됐다.심사관은 구글의 이 같은 계약이 매우 중대한 위법 행위로 보고 시정 명령과 과징금 부과 의견을 제시했다.향후 공정위는 심의를 거쳐 관련 법령에 따라 관련 매출액의 최대 6%까지 과징금을 부과할 수 있다. 최대 8천496억원의 과징금이 부과될 수 있는 셈이다.앞서 구글은 지난 2023년에도 경쟁 앱인 원스토어에 앱을 출시하지 않는 조건으로 게임사들에 앱 상단 노출·해외 진출 지원 등을 제공한 사실이 드러나 과징금 421억원과 시정명령 처분을 받았다.5년 이내 다시 법 위반 행위가 적발된 만큼 관련 고시에 따라 과징금은 20∼40% 가중될 수 있다.다만 공정위 관계자는 ""가중되더라도 과징금 최대는 동일하게 8천496억원""이라고 설명했다.구글은 심사보고서 수령일로부터 8주 이내에 서면 의견 제출, 증거자료의 열람·복사 신청 등 방어권을 충분히 보장받을 수 있다.공정위는 앱 마켓 시장의 실질적인 경쟁 복원을 위한 중대 사안인 만큼 신속하게 최종 판단을 내린다는 계획이다.porque@yna.co.kr",True,구글,"구글이 국내외 주요 게임사에 '최혜대우' 조건으로 클라우드 지원 등을 제공하며 공정거래법 위반 혐의로 공정위 심판대에 올랐다. 구글은 인앱 결제 수수료 문제로 GVP 계약을 맺어 경쟁 앱 마켓 입점을 방해했고, 이로 인해 구글 플레이스토어의 시장점유율은 80% 이상 유지됐다. 지난해 과징금 421억 원에 이어 이번에는 최대 8천496억 원의 과징금 부과 가능성이 제기되며, 공정위는 신속히 판단을 내릴 예정이다.",구글,1.0
2026-07-01,"“하는 짓이 구멍가게 수준”…구글, 한국 앱마켓 죽이려 돈 뿌렸다",정보 없음,https://n.news.naver.com/mnews/article/009/0005701554,"공정위 ‘앱마켓 독점’ 조사광고·클라우드 지원 대가로게임 출시서 구글 우대 요구국내외 업체 22곳과 계약해국내 마켓 점유율 80% 유지공정위 “경쟁사 진출 방해”공정거래위원회 [연합뉴스]공정거래위원회가 구글의 앱마켓 독점 행위에 칼을 빼든 것은 구글이 게임사들의 ‘플랫폼 이탈’을 방지하고자 거액의 수수료를 징수한 뒤 이를 다시 보조금으로 돌려주는 ‘변칙적 드로백’ 체계를 구축했기 때문이다.공정위는 구글이 인앱결제 수수료 30%를 통해 확보한 막대한 자본력을 바탕으로 대형 게임사들에 유튜브 광고비와 클라우드 이용권 등을 지원하는 리베이트성 계약을 맺어 경쟁 앱마켓으로의 진출을 원천 봉쇄했다고 판단했다. 특히 지원금 규모를 구글 내 매출액과 연동한 누진적 환급 구조는 게임사들이 사실상 구글 생태계에 종속되도록 설계된 ‘독점의 덫’이었다는 설명이다.구글의 이 같은 ‘플랫폼 이탈’ 방지 전략은 4년 전 해외에서 벌어진 소송에서 드러난 바 있다. 당시 구글은 대형 앱 개발사들과 최소 24건의 계약을 맺었고, 이를 ‘프로젝트 허그(Project Hug)’로 불렀다.당시 구글은 높은 인앱결제 수수료에 반발하는 게임사들을 달래고자 유튜브·클라우드·광고 이용권을 지원했다. 액티비전 블리자드에는 3년간 약 3억6000만달러, 라이엇게임즈에는 1년간 약 3000만달러를 지급하기로 했다.이후 의혹은 국내에서도 불거졌다. 2024년 11월 경제정의실천시민연합과 한국게임이용자협회, 한국게임소비자협회는 국내 게임사들이 구글 플레이스토어에 게임 앱을 독점 출시하는 조건으로 수익 배분과 마케팅 지원 등을 부당하게 받았다며 구글 3개사와 국내 게임 4개사를 공정위에 신고했다.경실련은 구글이 구글 플레이스토어 결제액의 30%를 수수료로 받은 뒤 게임사들이 다른 앱마켓으로 이탈하지 않도록 그 일부를 되돌려줬다고 주장했다. 이후 공정위는 구글코리아와 의혹이 제기된 게임 업체들을 대상으로 현장조사를 진행했다.통상적인 ‘리베이트’가 판매 촉진을 위해 대금의 일부를 되돌려주는 행위라면, 이번 사건은 30%라는 고율의 수수료를 먼저 징수한 뒤 이탈 방지를 조건으로 다시 내어주는 ‘드로백’ 성격이 짙다는 평가가 나온다.조사 결과 구글은 높은 인앱결제 수수료 부담으로 게임사들이 구글 앱마켓을 이탈하려고 하자 이를 막기 위해 국내외 주요 게임사들과 계약(GVP)을 맺은 것으로 나타났다.계약은 구글이 게임사에 금전·마케팅 지원을 제공하는 대가로 게임 출시 시기와 프로모션 등을 경쟁 앱마켓보다 구글플레이스토어에 유리하게 설정하도록 한 것이 핵심이다. 계약을 맺은 게임사는 총 22개사로 파악됐다. 국내 업체는 넷마블, 엔씨소프트, 넥슨, 컴투스, 펄어비스 등 5개이며, 해외 업체는 액티비전 블리자드, 라이엇게임즈 등 17개다.하지만 공정위는 함께 의혹이 제기된 게임사들에 대해서는 위반 소지가 없다고 판단했다. 정희은 공정위 시장감시국장은 “게임사들의 경우 경제적 지원을 받았다고 공정거래법 위반은 아니다”고 설명했다.계약은 구글 앱마켓 매출이 늘어날수록 게임사에 대한 지원금도 함께 증가하는 누진 구조로 설계된 것이 특징이다. 공정위는 이런 구조가 게임사들이 다른 앱마켓에 입점할 유인을 크게 낮췄다고 판단했다. 특히 지원금이 구글 앱마켓 매출과 연동된 탓에 게임사들이 사실상 구글과 독점적으로 거래하도록 압박받았다는 것이 공정위의 판단이다.이를 통해 계약 대상 게임사들이 독자적으로 앱마켓 시장에 진출할 유인이 줄어들었고, 원스토어 등 경쟁 앱마켓의 사업 활동도 방해받았다고 판단했다. 그동안 국내 안드로이드 앱마켓 시장에서 구글플레이 스토어 점유율은 80% 이상을 유지해왔다.[로이터 연합뉴스]공정위 심사보고서가 당사자에게 전달되면 공정위의 본격적인 제재 절차가 시작된다. 보고서는 공정위 심사관이 파악한 위법 혐의와 제재 의견을 정리한 문서로, 형사소송의 공소장에 해당한다. 구글은 심사보고서 수령일부터 8주 안에 서면 의견을 제출할 수 있다. 공정위는 방어권 보장 절차가 끝나는 대로 전원회의를 열어 최종 제재 여부와 수위를 정할 계획이다.앞서 구글은 2023년에도 게임사들이 경쟁 앱마켓인 원스토어에 게임을 출시하지 않는 조건으로 앱마켓 상단 노출과 해외 진출 지원 등을 제공했다가 과징금 421억원과 시정명령을 부과받은 바 있다. 같은 앱마켓 시장에서 유사한 행위가 다시 문제가 된 만큼 최종 제재가 확정될 경우 관련 고시에 따라 과징금이 가중될 수 있다는 관측도 나온다.한편 공정거래법상 시장지배적 사업자는 시장점유율이 50% 이상인 1개 사업자, 또는 3개 이하 사업자의 합계 시장점유율이 75% 이상인 경우 해당된다.1일 한국게임이용자협회는 “공정위의 시정명령 및 관련 매출액의 최대 6%의 과징금 부과 등 신속하고 엄중한 최종 판단을 기대한다”고 밝혔다. 협회는 한국소비자원에 구글이 위법하게 거둔 인앱결제 수수료를 소비자에게 돌려줄 것을 촉구하는 집단분쟁조정신청을 제기할 예정이다.",True,구글,"공정위는 구글이 인앱결제 수수료 30%를 바탕으로 광고·클라우드 지원 등 리베이트 계약을 맺어 게임사들의 구글플레이스토어 독점과 경쟁 앱마켓 진출 방해를 했다고 판단했다. 국내외 22개 게임사와 계약을 맺으며 매출 연동 지원금을 제공했고, 이로 인해 구글의 시장 점유율이 80% 이상 유지됐으며, 경쟁사 진입이 어려워졌다. 공정위는 구글의 위법 행위에 대해 조사 중이며, 최종 제재와 과징금 부과를 검토하고 있다.",구글,1.0
2026-07-01,‘게임사들에 갑질’ 구글 앱마켓…과징금 최대 8천억 심의 착수,정보 없음,https://n.news.naver.com/mnews/article/028/0002812154,"미국 뉴욕의 구글 스토어 첼시에 구글의 로고가 그려져 있다. 뉴욕/로이터 연합뉴스구글이 앱마켓 운영 과정에서 시장지배적 지위를 남용한 혐의로 공정거래위원회 제재 절차를 받는다. 구글이 게임사들에 금전적 지원을 하는 대신 자사 앱마켓에 유리한 대우를 요구했다는 게 공정위의 판단인데, 최대 8천억원대 과징금 부과 가능성도 거론된다.공정위 사무처는 1일 구글 엘엘씨, 구글 아시아 퍼시픽 피티이 엘티디, 구글코리아 유한회사의 공정거래법 위반 혐의에 대해 제재 의견을 담은 심사보고서를 위원회에 제출하고 구글에 송부해 심의 절차가 개시됐다고 밝혔다.공정위 조사 결과, 구글은 게임사들이 높은 인앱결제 수수료 탓에 구글의 앱마켓인 구글플레이를 이탈하려 하자 이를 막기 위해 국내외 주요 게임사와 2019년 7월부터 올해 3월까지 ‘지브이피’(GVP) 계약을 체결했다. 계약 대상은 액티비전 블리자드 킹, 라이엇 게임즈, 엔씨소프트, 넷마블 등 구글 앱마켓 매출 상위 게임사 22곳이었다. 주요 내용은 게임사가 게임 출시 시기와 혜택 등을 다른 앱마켓보다 유리하게 또는 최소한 동등하게 설정(최혜대우)하는 조건으로 구글클라우드, 구글애즈, 유튜브 등 구글 플랫폼 서비스 이용 비용 등을 지원하는 것이다. 특히 구글 앱마켓 매출액이 증가하면 구글의 지원 금액도 증가하는 누진적 구조였던 것으로 조사됐다.공정위 심사관은 구글이 이런 방식을 통해 게임사가 원스토어 등 경쟁 앱마켓에 입점할 유인을 현저히 저해함으로써 경쟁 앱마켓의 사업 활동을 방해했다고 판단했다. 게임사가 별도로 새로운 앱마켓을 출시할 가능성도 차단해, 사실상 구글과의 독점적 거래를 강제한 것이라고도 봤다. 공정위는 국내 안드로이드 앱마켓 시장에서 구글의 점유율은 80% 이상이라고 설명했다.공정위는 구글의 시장지배적 지위 남용행위로 영향을 받은 매출액을 92억1777만달러(약 14조1600억원)로 산정했다. 과징금 상한(시장지배적 지위 남용행위·6%)을 고려하면 최대 8496억원의 과징금이 부과될 수 있다.구글은 2023년에도 경쟁 앱인 원스토어에 앱을 출시하지 않는 조건으로 게임사들에 앱 상단 노출 등을 제공한 사실이 드러나 과징금 421억원을 부과받은 바 있다. 공정위 심사관은 관련 고시에 따라 과징금 가중 사유가 있다고 심사보고서에 기재했다.이번 조사는 2024년 11월 경제정의실천시민연합 등 시민단체들이 게임사들이 구글 앱마켓에서 리베이트와 광고비를 지원받은 의혹에 대해 구글과 게임사들을 공정위에 신고하면서 시작됐다. 정희은 공정위 시장감시국장은 “구글의 압도적인 지위를 고려했을 때 게임사들이 지원 사항을 거절하는 것이 사실상 어려웠을 것”이라며 “게임사들이 공정거래법을 위반했다고 보기는 어렵다”며 구글에 대해서만 제재에 착수한 배경을 설명했다.구글 제재가 미국과의 통상 마찰로 이어질 수 있단 우려에 대해선 정 국장은 “이 사안은 이미 미국에서 민사소송으로 진행돼 (구글의 위법성을 인정한) 판결이 확정됐기 때문에 자국 기업 제재와 관련한 (미국의 반응 등) 사항을 특별히 고려하지는 않았다”고 선을 그었다.최종 제재 여부와 수준은 업체들의 의견서를 받은 뒤 전원회의를 열어 결정하게 된다. 구글 관계자는 “위원회 심의 과정에서 법 위반 행위가 없었음을 소명하겠다”고 밝혔다.시민단체와 함께 이 사안을 공정위에 신고한 이철우 한국게임이용자협회 회장은 “공정위 결정에 환영한다”며 “구글의 행위가 결국 소비자에게 최종가격으로 전가됐다고 보고 한국소비자원에 집단분쟁조정에 나설 예정”이라고 말했다.",True,구글,"구글이 앱마켓 시장지배적 지위를 남용해 경쟁 앱마켓을 저해한 혐의로 공정거래위원회 심사를 받고 있다. 구글은 2019년부터 게임사들과 ‘지브이피’ 계약을 맺어 유리한 조건을 제공하며 경쟁 앱마켓의 입점을 방해했고, 이에 따른 매출액 기준으로 최대 8496억 원의 과징금이 부과될 가능성이 있다. 이번 조사는 시민단체 신고로 시작됐으며, 구글은 법 위반 없음을 주장하고 있다.",구글,1.0
2026-07-01,[정동칼럼]AI를 보는 거시적 관점,정보 없음,https://n.news.naver.com/mnews/article/032/0003455537,"|이호승 전 대통령비서실 정책실장최근 만난 교수의 작업 흐름도에는 세 개의 AI 에이전트가 움직이고 있었다. 젠슨 황은 엔비디아가 10년 내 직원당 100개의 AI 에이전트를 운영하는 조직이 될 거라고 했다(GTC 2026). AI의 흐름이 에이전트로 옮겨가고 있다. AI 전문가가 아니지만, AI가 경제와 시장, 사회에 미칠 영향에 대해 고민하게 된다. 우리 미래가 이 혁명적 기술과의 관계 속에서 상당 부분 결정될 것 같다.첫째, 한국은 어떤 위치에 있는가. 이란전쟁으로 세계가 성장률 하락을 겪고 있지만, 한국은 올해 성장률이 3% 수준까지 상향 조정되었다. 코스피 8000이 1년 만에 가능하다고 생각한 사람은 없었다. AI라는 주제 없이는 이 현상을 설명할 수 없다. 한국은 AI의 거대한 물결에 올라타서, 핵심 하드웨어인 반도체와 발전·송배전 기기의 특수를 누린다. 조선, 방산, 원자력, 배터리 등 제조 능력과 소프트 파워가 힘을 보탠다.오픈AI, 구글, 앤트로픽이 주축인 거대언어모델 간 경쟁은 목숨을 건 싸움이다. 미·중 간 기술패권 경쟁도 치열하다. AI 선도모델 경쟁에서 누군가 파산할 수 있고 고금리나 규제로 붐이 잦아들 수도 있다. 하지만 AI의 성능과 파급력은 의문의 여지가 없는 단계로 가고 있다. 거스를 수 없는 기술혁명의 물결이다. AI 모델 중 누가 최종 승자가 되든 한국은 그의 베스트 파트너가 되는 전략적 입지를 점하고 있다.둘째, 소버린 AI는 필요한가. 거대모델 경쟁의 선두에는 돈, 인재, 학습데이터를 갖춘 미국 기업들이 있다. 중국과 유럽이 오픈소스, 기업 간 연합, 슈퍼컴 등 비용 절감형으로 가는 것은 그 세 가지의 부족 때문이다. 특정 국가만의 AI 모델이 지속되기 어려움에도 많은 나라가 독자 모델을 가지려고 하는 이유는 무엇일까.유럽의 시각을 보자. 유럽은 미국의 디지털 식민지가 되었다고 자책한다. 인터넷 혁명 과정에서 미국 빅테크가 모바일 서비스, 검색엔진, 이커머스, 동영상 플랫폼을 장악해 버렸다. AI 시대에 또 식민지가 될 수 없다는 생각을 가진다. AI가 학습, 추론하는 바탕은 인간이 만든 데이터와 지식의 축적물이다. 소수 미국 기업이 독점력을 가지게 되면 정당한 대가를 치를까. AI 사용료를 얼마나 요구할지도 알 수 없다. 대안 없이 협상력도 없다. 클로드 최신 모델(Fable, Mythos)에 대한 미 정부의 접근 통제는, 기술을 독점한 나라가 동맹국에 취할 수 있는 행동을 예시한다.규모가 중요하고 승자독식이 강한 AI에 대한 걱정은 한국도 같다. 소버린 AI는 데이터와 지적 생산물의 주권, 경제와 안보의 이익을 지키기 위한 수단이 된다. 스탠퍼드대 ‘2026 AI 인덱스’의 ‘주목할 만한 AI 모델’에 한국의 독자 파운데이션 모델이 8개 포함된 것은 소버린 AI에서의 가능성을 보여준다.셋째, AI가 가져올 경제·사회적 충격을 어떻게 할까. AI는 우리 생활에 깊이 들어와 있고 위험 요소를 안고 있다. AI가 일과 공부와 마음가짐, 회사와 국가의 운영, 민주주의까지 바꾸게 될 것이다. 돈·권력의 집중이 심해지고 성과 격차도 더 벌어질 것이다. 이제 시작이다. 그렇다고 이미 형성된 AI 혁명의 흐름에서 빠지겠다고 할 수도 없다. 한국만 별도 규제를 만들거나 일시 멈출 수 없다. 선택할 수 없다면 흐름에 올라타서 남보다 빠르게 움직이는 것이 현실적이다.보완장치를 강구하는 데에도 유능해야 한다. 아니면 이 거대한 변화를 감당할 수 없고 도중에 좌초할 것이다. 선례도 찾기 어렵다. 삼성전자, SK하이닉스의 성과급 논란은 다가올 혁명적 변화를 어떻게 준비해야 하는지 사회적 논의가 필요함을 알려줬다.적극적 노동시장 정책과 유연안정성 모델, 데이터연대기금과 보편기본소득, 국부펀드, 미래대응기금, 나아가 AI 기업에 대한 준국유화(트럼프)까지 다양한 주장이 있다. 전략기술 분야에서의 중국식 국가주도 방식이 미국에서 원용되는 모습은 흥미롭다. AI가 전략적으로 너무나 중요하니 시장에만 맡겨놓을 수 없게 된 것이다.외부 충격에 대한 첫 방어막은 국가재정이다. 한국은 AI가 가져온 세수 슈퍼사이클을 맞고 있다. 인구·성장·지역 문제를 해결하고, 사회보장을 강화해야 하는 때에 AI라는 흐름 속으로 들어온 것이다. 그간 일본식 잃어버린 30년을 피하려고 했다면, 이제 한국식 재도약의 30년을 시도할 수 있게 되었다. K-컬처, K-자본시장에 이어 K-AI 시대를 열 수 있을까. 명과 암이 함께 커진 새로운 길이 다가오고 있다.이호승 전 대통령비서실 정책실장",True,오픈AI,"이호승 전 정책실장은 AI가 경제와 사회에 미치는 영향이 커지고 있음을 강조한다. 한국은 반도체와 제조업 강점을 바탕으로 AI 경쟁에서 유리한 위치를 차지하며, 미국·중국과의 기술패권 경쟁에서 전략적 파트너 역할을 할 가능성이 높다. 또한, AI의 독점과 데이터 주권 문제, 사회적 충격에 대응하기 위해 유연한 정책과 재정적 지원이 필요하다고 지적한다. AI 혁명은 불가피하며, 한국은 이에 적극 대응해 새로운 성장 기회를 모색해야 한다.",오픈AI,1.0
2026-07-01,"IP·도메인 위협 분석 한 번에…AI스페라, 오픈CTI 공식 연동",정보 없음,https://n.news.naver.com/mnews/article/003/0014040602,"CTI 솔루션 '크리미널 IP' 커넥터, 오픈CTI 커넥터 허브 공식 등재IP·도메인·URL 평판·취약점·피싱 정보 자동 보강[서울=뉴시스] AI스페라는 크리미널 IP를 오픈CTI와 공식 연동했다고 1일 밝혔다. 2026.07.01. (사진=AI스페라 제공) *재판매 및 DB 금지[서울=뉴시스]윤정민 기자 = AI스페라 사이버 위협 인텔리전스(CTI) 솔루션 '크리미널 IP'가 글로벌 오픈소스 CTI 플랫폼 '오픈CTI'와 연동된다. AI스페라 솔루션을 사용하는 기업 보안팀은 오픈CTI 환경에서 IP, 도메인, URL 등 위협 지표를 자동 분석할 수 있게 됐다.AI스페라는 크리미널 IP를 오픈CTI와 공식 연동했다고 1일 밝혔다. 이번 연동을 위해 개발한 크리미널 IP 커넥터는 오픈CTI 커넥터 허브에 등재됐다.오픈CTI는 조직이 사이버 위협 인텔리전스와 관측 지표를 관리할 수 있도록 지원하는 오픈소스 플랫폼이다. 위협 관련 정보를 구조화·저장·시각화하고 다른 보안 도구와 연동할 수 있도록 설계됐다.이번 연동으로 보안운영센터(SOC), 침해사고대응팀(CERT), 정부기관, 기업 보안팀은 오픈CTI에서 크리미널 IP 위협 인텔리전스 데이터를 활용할 수 있다. 여러 보안 서비스를 따로 조회하지 않고 기존 CTI 업무 환경 안에서 위협 정보를 보강·분석하는 방식이다.기존에는 분석가가 수집된 IP, 도메인, URL을 여러 서비스에서 각각 확인한 뒤 평판, 취약점, 공격 인프라 연관성을 비교해야 했다. 크리미널 IP를 연동하면 오픈CTI에 수집된 위협 지표에 평판 점수, 인터넷 인프라 정보, 취약점, 피싱 분석 결과 등이 자동으로 추가된다.공개 취약점(CVE) 정보도 함께 연계된다. 분석가는 특정 IP가 악성 활동과 관련됐는지뿐 아니라 실제 공격에 악용될 수 있는 취약점을 보유하고 있는지도 오픈CTI 안에서 확인할 수 있다. IP의 자율시스템번호(ASN), 국가·지역 정보도 관계 정보로 저장돼 공격 인프라를 따라가는 피벗 분석에 활용할 수 있다.도메인과 URL에 대해서는 피싱 여부, 자격증명 탈취 페이지, 악성 파일, 브랜드 사칭 기법 등을 자동 분석한다. VPN, 프록시, 토르(TOR) 등 익명화 기술 사용 여부도 함께 제공한다.강병탁 AI스페라 대표는 ""이번 연동은 개별 위협 지표를 실제 대응에 활용할 수 있는 위협 인텔리전스로 전환하고 공격의 맥락까지 함께 제공한다는 점에서 의미가 크다""며 ""보안 분석가들이 반복적인 조회 작업을 줄이고 실제 위협 분석과 대응에 집중할 수 있을 것으로 기대한다""고 말했다.",True,오픈AI,"AI스페라의 CTI 솔루션 '크리미널 IP'가 글로벌 오픈소스 플랫폼 '오픈CTI'와 공식 연동되어, IP, 도메인, URL 등 위협 지표를 자동 분석할 수 있게 됐다. 크리미널 IP 커넥터는 평판, 취약점, 피싱 분석 등 다양한 위협 정보를 오픈CTI에 보강하며, 분석가들이 여러 서비스 없이 통합된 환경에서 신속하게 위협 정보를 파악하고 대응할 수 있도록 지원한다. 이번 연동은 보안 업무 효율성을 높이고 공격 맥락 파악에 기여한다.",오픈AI,1.0
2026-07-01,"""GPT 써달라""…오픈AI, 韓스타트업에 '구애'",정보 없음,https://n.news.naver.com/mnews/article/015/0005305275,"앤트로픽·中 AI 동시 견제글로벌 임원들 일주일간 방한스타트업 20여곳과 연쇄 미팅""요금 할인하고 투자도 하겠다""사진=AP오픈AI가 한국에서 본격적으로 움직이고 있다. 특히 국내 스타트업과의 접촉을 대폭 늘리고 있다. 국내 기업용 인공지능(AI) 시장에서 최근 한국에 상륙한 앤트로픽을 견제하고 ‘가성비’(가격 대비 성능)를 앞세워 한국에 진출한 중국 AI 회사들을 견제하기 위한 것이란 분석이 나온다.30일 스타트업 업계에 따르면 마크 마나라(Marc Manara) 오픈AI 헤드오브스타트업, 토마스 젱(Thomas Jeng) 아시아태평양 헤드오브스타트업 오픈AI 임원과 한국 지사 임직원들이 한국무역협회가 지난 17~18일 주최한 ‘넥스트라이즈 20206’에 등장했다. 본사에서 온 두 임원은 행사가 시작하기도 전인 지난 14일 한국에 들어와 20일까지 머물렀다.스타트업 관계자는 “표면적으로는 행사 참석을 위한 방한이었지만, 행사보다 마키나락스, 셀렉트스타, 뤼튼, 망고부스트 등 최소 20곳의 국내 스타트업과 릴레이 미팅하는 데 대부분 시간을 보냈다”며 “국내 기업용 AI 시장에서 오픈AI 모델의 영향력을 확대하기 위한 것으로 보였다”고 했다.아직 국내 대표 AI 모델이 없는 국내 기업은 기업용 AI에 미국과 중국 회사의 모델을 엔진으로 쓰고 있다. 글로벌 주요 AI 회사 가운데 가장 먼저 한국 시장에 진출한 오픈AI는 이 시장의 절대 강자다. 하지만 이달 앤트로픽이 서울 사무소를 열고, 지난달엔 중국의 오픈AI로 불리는 미니맥스가 운영비가 빠듯한 스타트업을 대상으로 영업에 나서자 위기감을 느낀 것으로 알려졌다.AI업계 관계자는 “오픈AI 스타트업 조직의 핵심성과지표(KPI)는 자사 응용프로그램인터페이스(API)를 활용한 글로벌 서비스가 얼마나 많은지로 결정된다”며 “회사 외에도 임직원들도 위협을 크게 느꼈을 것”이라고 전했다.실제로 마나라 헤드는 국내 스타트업과 만난 자리에서 한국 회사들과 적극 협력하겠다는 의지를 피력하면서 오픈AI와 깊이 협력하는 국내 스타트업을 대상으로 투자할 의향도 밝히기도 했다. 일부 기업에는 가격을 할인해주겠다는 프로모션을 제안했다. 오픈AI 프로모션을 받아들이고 연장하기로 의사를 전한 일부 스타트업도 있는 것으로 알려졌다.오픈AI와 맞서는 다른 회사들도 한국 기업들을 본격 공략하며 맞불을 놓고 있다. 지난 17일 서울 사무소를 연 앤트로픽은 국내 스타트업 관계자와 개발자 등과 ‘빌더 데이(Builder Day)’ 등을 개최하며 접점을 늘리고 있다. 이와 함께 영업 인력도 계속 보강하고 있다.중국 AI 회사들은 오픈AI와 앤트로픽이 국내 통신사나 시스템통합(SI) 회사를 발판 삼아 시장을 가져가고 있는 대기업을 제쳐두고, 중소기업과 스타트업을 집중 공략하고 있다. 미국 AI모델의 6분의 1 가격을 앞세운 미니맥스는 지난달 말 국내 한 벤처투자사가 투자한 기업 목록을 확보, 이들과 만나 영상·음성 생성 모델을 적용하는 방안을 논의하고 있다.",True,오픈AI,"오픈AI는 한국 시장에서 국내 스타트업과의 접촉을 확대하며 앤트로픽 등 중국 AI 기업과 경쟁하고 있다. 임원들이 국내 스타트업과 미팅하며 협력과 투자 의사를 밝히고, 가격 할인 프로모션도 제시했다. 앤트로픽은 서울 사무소를 열고 영업을 강화하며 시장 점유를 노리고 있으며, 중국 미니맥스도 저렴한 가격으로 중소기업을 공략 중이다. 글로벌 경쟁이 치열해지고 있다.",오픈AI,1.0
2026-07-01,"앤트로픽 AI '미토스' 봉인 풀렸다…美,수출통제 해제",정보 없음,https://n.news.naver.com/mnews/article/079/0004163530,"앤트로픽, 1일부터 서비스 재개외국인 포함 일반인 사용 가능오픈 AI  'GPT-5.6'도 '주목'연합뉴스첨단 테크기업 앤트로픽의 최상위 인공지능, AI 모델 '클로드 미토스'에 대한 수출  금지가 해제됐다.앤트로픽은 30일(현지시간) 미 상무부가 '미토스5'와 '페이블5'에 대해 내린 수출 통제 지침을 18일 만에 해제했다는 통보를 받았다고 밝혔다.앤트로픽은 ""내일부터 서비스를 재개할 예정이다. 인내심을 보여준 사용자 여러분과 모델 재배포를 위해 노력해주신 모든 분께 감사드린다""고 말했다.미토스5는 전문가 수준의 사이버 보안 취약점 탐지 능력을 갖춘 것으로 평가되면서 세계 보안 업계에 충격을 준 모델이다.페이블5는 미토스5에 해킹이나 무기 제조에 악용될 수 있는 민감한 주제 관련 답변을 제한하도록 안전장치를 추가한 모델이다.상무부는 지난 12일 이들 두 모델이 국가 안보에 위협이 된다며 외국인이 이들 모델에 접속할 수 없도록 하는 수출 통제 지침을 내리면서 외국인뿐 아니라 미국인들의 접속도 막았다.다만 지난 26일부터는 미 정부가 신뢰할 수 있다고 승인한 자국 기업·기관 100여 곳은 미토스 사용이 허가됐다.미 정부는 당초 이용자들이 이른바 '탈옥'이라고 불리는 방법을 통해 앤트로픽이 자사 모델에 적용한 안전장치를 우회할 수 있다는 점을 우려해 수출 통제 지침을 내린 것으로 알려졌다.한편 오픈AI도 지난 26일 새 AI 모델 'GPT-5.6'을 선보이는 과정에서 정부와 공유된 '신뢰할 수 있는 파트너'를 대상으로 모델을 선공개했다.당시 오픈AI는 ""이와 같은 형태의 정부 승인 절차가 장기적인 표준이 돼선 안 된다고 생각한다""고 비판적인 입장을 냈다.※CBS노컷뉴스는 여러분의 제보로 함께 세상을 바꿉니다. 각종 비리와 부당대우, 사건사고와 미담 등 모든 얘깃거리를 알려주세요.이메일 :jebo@cbs.co.kr카카오톡 :@노컷뉴스사이트 :https://url.kr/b71afn",True,앤트로픽,"앤트로픽의 최상위 AI 모델 '클로드 미토스'에 대한 수출 금지가 해제되면서 서비스가 1일부터 일반인과 외국인 모두 이용 가능하게 됐다. 미토스5는 전문가 수준의 보안 취약점 탐지 능력을 갖추었으며, 페이블5는 안전장치로 악용 방지 기능이 포함됐다. 미 정부는 지난 12일 수출 통제 지침을 내렸으나, 일부 신뢰받는 기관은 사용이 허가됐다. 오픈AI도 최근 'GPT-5.6'을 정부 승인 하에 일부 파트너에게 선공개하며 AI 규제와 관련한 논란이 이어지고 있다.",오픈AI,2.0
2026-07-01,"오픈AI 수석경제학자 ""AI가 인간 일자리 대체 않을 것""",정보 없음,https://n.news.naver.com/mnews/article/055/0001368670,"▲ 오픈AI오픈AI 소속 수석 경제학자가 인공지능(AI)의 부상이 인간의 일자리를 없애지 않을 것이라는 전망을 내놨습니다.로니 차터지 오픈AI 수석경제학자는 포르투갈 신트라에서 열린 유럽중앙은행(ECB) 연례 워크숍에서 ""어떤 업무가 AI에 노출됐다고 해서 AI가 그 업무를 대체하는 것은 아니다""라는 의견을 피력했다고 블룸버그 통신이 현지시간 30일 보도했습니다.그는 역시 경제학자였던 자신의 아버지가 1985년 PC를 도입하면서 경험한 사례를 들어 이처럼 주장했습니다.그는 ""아버지의 업무는 PC의 영향을 크게 받았다""면서도 ""시간이 지나면서 (PC는) 아버지의 업무 효율성을 높여줬고, 결과적으로 생산성을 향상시켰다""고 지적했습니다.이전에는 통계를 위한 회귀분석 작업을 할 때 메인 컴퓨터가 있는 거대한 방에서 펀치 카드를 사용해야 했지만, PC를 설치한 이후에는 자신의 컴퓨터로 분석할 수 있게 됐다는 것입니다.이어 최근 소프트웨어(SW) 개발 분야에서도 AI로 인한 일자리 감소는 예상과 달랐다는 견해를 내보였습니다.그는 ""AI 역량이 높아지면서 일자리가 줄어들 것이라는 예측은 사람들이 예상했던 것처럼 현실화하지는 않았다""고 주장했습니다.그러면서 그는 ""우리는 일자리가 무엇인지, 어떻게 진화할지 훨씬 더 깊이 고민해야 한다""며 ""이런 고민을 통해 단순히 (근거 없는) 낙관적·비관적 태도를 보이는 데서 벗어나 노동 시장 동향에 대한 조언을 할 수 있게 될 것""이라고 강조했습니다.AI가 경제에 미치는 영향은 주요 정부·중앙은행의 핵심 쟁점으로 떠올랐으나, ECB 연구원들은 실제 일자리 감축의 징후는 아직 보이지는 않는다는 연구 결과를 내놨습니다.크리스틴 라가르드 ECB 총재는 유럽이 AI를 신속하게 수용하는 쪽이 이점이 크다는 입장을 보이면서도, AI의 일자리 대체 문제에 대해 각별히 주의를 기울이고 있다고 말했습니다.(사진=AP, 연합뉴스)",True,오픈AI,"오픈AI 수석 경제학자는 AI가 인간 일자리를 완전히 대체하지 않을 것이라고 전망했습니다. 그는 AI가 업무 효율성을 높이고 노동 시장이 자연스럽게 진화할 것이라고 설명하며, 과거 PC 도입 사례를 통해 기술이 생산성을 향상시킨 점을 예로 들었습니다. 또한, AI로 인한 일자리 감소 예상은 현실과 달리 크지 않으며, 노동 시장의 변화에 대해 더 깊이 고민해야 한다고 강조했습니다. ECB 연구도 아직 일자리 감축 징후는 없음을 보여줍니다.",오픈AI,1.0
2026-07-01,"디토닉, ‘프리사이트’ 글로벌 AI 액셀러레이터 선정",정보 없음,https://n.news.naver.com/mnews/article/016/0002664328,"세계 62개국 376개 AI 기업 경쟁…최종 12개 기업 선정MENA·유럽 등 글로벌 AI 시장 진출 위한 파트너십 강화[디토닉 제공][헤럴드경제=정윤희 기자] 인공지능(AI) 플랫폼 기업 디토닉(Dtonic)이 중동·북아프리카(MENA)를 비롯한 유럽, 중앙 아시아 소버린 AI 시장 확장을 위한 강력한 글로벌 협력의 발판을 마련했다.디토닉은 글로벌 AI 기술 그룹 G42의 핵심 상장사 프리사이트(Presight)가 운영하는 글로벌 AI 액셀러레이터 프로그램 ‘코호트 II’(Cohort II)에 최종 선정됐다고 1일 밝혔다.지난해에 이어 2기 참가 기업을 선발한 이번 프로그램에는 전 세계 62개국에서 총 376개의 유망 AI 기업들이 지원해 치열한 경쟁을 펼쳤다. 프리사이트는 지난 4월부터 서류 심사, 기술 평가, 심층 인터뷰 등 엄격한 검증 과정을 거쳐 최종 12개 혁신 AI 기업을 확정했다.프리사이트는 디토닉에 대해 “AI 시티, 국방, 그리고 리테일 운영을 위한 시공간 및 물리 세계 데이터를 실시간 운영 인텔리전스로 변환하는 AI 기반 데이터 플랫폼”이라며 선정 이유를 밝혔다.디토닉은 이번 선정으로 G42 그룹이 구축한 글로벌 AI 생태계와 직접 연결된다는 점을 강조했다. G42 그룹은 마이크로소프트(MS), 오픈AI, 엔비디아(NVIDIA) 등 글로벌 빅테크 기업들과 글로벌 신흥국 AI 시장 선점을 위해 긴밀하게 협력하고 있다.프리사이트는 선정 기업들과 G42 그룹의 글로벌 AI 생태계가 연결돼 하이퍼스케일 컴퓨팅 인프라와 기술 지원 및 글로벌 AI 파트너 네트워크와의 협업 기회를 제공할 계획이라고 밝혔다.디토닉은 이미 유럽과 MENA 지역의 스마트시티, 스마트리테일 프로젝트에 성공적으로 참여하며 현지 발판을 다져왔다. 이번 코호트 선정을 발판으로 기존에 추진해온 글로벌 소버린 AI 시장 진출에 한층 속도를 내게 됐다.글로벌 시장 확장뿐 아니라 투자 유치 가능성도 한층 커졌다. 코호트 2기 기업들은 틸 캐피탈의 잭 셀비(Jack Selby)를 비롯한 글로벌 테크 씬의 주요 투자자들과 협업하는 기회를 얻는다. 또 프리사이트 자체 펀드를 통한 투자 검토 대상에도 포함된다.전용주 디토닉 대표는 “이번 프로그램 선정은 디토닉의 AI 플랫폼 기술력과 사업 역량이 글로벌 시장에서도 인정받았다는 의미”라며 “G42 그룹과 프리사이트의 AI 생태계를 기반으로 MENA를 비롯한 글로벌 신흥국에서 소버린 AI 사업을 본격 확대해 나가겠다”고 말했다.디토닉은 최근 천안·아산시 및 주요 AI 기업들과 협력해 국토교통부가 주관하는 AI 특화 시범도시 대상 사업에 최종 선정되기도 했다. 또, LIG 디펜스&에어로스페이스(LIG D&A)와 ‘소프트웨어 정의 국방(Software-Defined Defense)’ 운영 환경 고도화를 위해 협력 중이다.",True,오픈AI,"디토닉은 글로벌 AI 액셀러레이터 프로그램 ‘코호트 II’에 최종 선정되어, 세계 62개국 376개 기업 중 12개 기업에 선정됐다. G42 그룹의 글로벌 AI 생태계와 연계되어 하이퍼스케일 인프라와 협업 기회를 확보했으며, 유럽과 MENA 지역의 스마트시티·리테일 프로젝트에 참여하며 시장 확대를 추진한다. 이번 선정으로 투자 유치와 글로벌 시장 진출이 기대되며, 디토닉은 AI 특화 도시사업 및 국방 분야 협력도 강화하고 있다.",오픈AI,1.0
2026-07-01,"케이엔알시스템, 앰코에 자동화 로봇 공급",정보 없음,https://n.news.naver.com/mnews/article/018/0006320258,"반도체 장비 시장 첫 진출HBM 칩 레벨 테스트 공정 적용6축 다관절 로봇으로 칩 정밀 이송[이데일리 신영빈 기자] 로봇 전문기업 케이엔알시스템(199430)은 앰코테크놀로지코리아에 반도체 이송 자동화 로봇 설비를 공급하는 계약을 체결했다고 1일 밝혔다.앰코코리아는 미국 애리조나주 템피에 본사를 둔 앰코테크놀로지의 주요 한국법인이다. 앰코테크놀로지는 반도체 후공정인 패키징과 테스트 서비스를 제공하는 글로벌 반도체 후공정(OSAT) 기업으로, 애플과 퀄컴, 엔비디아 등을 주요 고객사로 두고 있다.케이엔알시스템, 로봇 부품 시험인프라 시장 진출이번에 공급하는 설비는 특수 규격 반도체 칩의 최종 검사공정에 적용되는 자동화 솔루션이다. 양산된 칩을 정밀하게 이송해 테스트 장비에 투입하고, 검사가 끝난 칩을 양품과 불량품으로 자동 분류·적재하는 역할을 한다.해당 설비는 고대역폭메모리(HBM) 칩 레벨 테스트와 패키지 파이널 테스트 공정에 적용된다. HBM 칩 레벨 테스트는 여러 층으로 쌓은 D램 스택과 이를 제어하는 로직 다이가 설계대로 작동하는지 전용 로직 테스터로 검사하는 단계다. 작은 오차도 불량으로 이어질 수 있어 칩을 테스트 장비에 정확히 올려놓는 이송 로봇의 정밀도가 중요하다.그동안 특수 규격 반도체 칩 이송 공정은 주로 수작업에 의존해왔다. 이를 자동화하기 위해 3직선축 직교 로봇을 도입할 경우 설비 구조가 복잡해지는 한계가 있었다.케이엔알시스템은 6회전축 다관절 로봇을 적용해 설비 구조를 간소화했다. 다관절 로봇은 회전 관절을 활용해 세밀한 움직임을 구현할 수 있고, 자유도와 유연성이 높다. 회사는 이를 통해 반도체 설비의 디바이스 교체 과정을 줄이고 공정 효율을 높일 수 있다고 설명했다. 유지보수와 장비 운용 교육에 드는 비용도 줄일 수 있을 것으로 기대하고 있다.김명한 케이엔알시스템 대표는 “이번 반도체 장비 시장 첫 진출에 그치지 않고, 반도체 후공정 테스트 공정 전반에서 로봇 기술을 활용한 자동화 솔루션 확대 적용을 적극 추진하고 있다”며 “로봇 기술과 반도체 자동화 솔루션의 협업 경험을 바탕으로 글로벌 반도체 장비업체를 추가 공략 중”이라고 말했다.",True,HBM,"케이엔알시스템이 앰코테크놀로지코리아에 반도체 이송 자동화 로봇 설비를 공급하며 반도체 장비 시장에 처음 진출했다. 이 설비는 HBM 칩 레벨 테스트와 패키지 파이널 테스트에 적용되며, 6축 다관절 로봇을 활용해 정밀 이송과 자동 분류를 가능하게 한다. 기존 수작업 방식을 자동화하여 공정 효율과 유지비용 절감 효과를 기대하며, 글로벌 반도체 후공정 시장으로의 확대도 추진 중이다.",HBM,1.0
2026-07-01,"SK하이닉스, 나스닥 상장 등록서 수정 제출…공모 조건은 미정",정보 없음,https://n.news.naver.com/mnews/article/081/0003657487,"경기 이천 SK 하이닉스 본사. 뉴시스SK하이닉스가 미국 나스닥 상장을 위한 미국주식예탁증서(ADR) 발행을 추진하는 가운데 증권신고서 수정본을 제출했다. 최근 발표한 1100조원 규모 국내 반도체 투자 계획과 함께 2027년 말까지 극자외선(EUV) 노광장비에 약 11조 9000억원을 투입하는 계획, 투자 재원과 위험 요인 등을 증권신고서에 담았다.1일 미국 증권거래위원회(SEC) 전자공시시스템에 따르면 SK하이닉스는 지난달 30일(현지시간) 증권신고서(Form F-1) 수정본을 제출했다. 앞서 회사는 신주 최대 1779만주(발행주식의 약 2.5%)를 ADR로 발행하는 상장 계획을 발표했으며, 공모 규모는 최대 294억 7000만 달러(약 45조 4000억원)다. 공모가와 최종 발행 물량, 보통주 대비 ADR 환산비율 등은 아직 확정되지 않았다.수정 신고서에는 조달 자금을 국내 생산시설 확충과 첨단 패키징 설비 투자, 2027년 말까지 도입 예정인 EUV 노광장비 구매 등에 활용할 계획이라고 명시했다. 최근 발표한 1100조원 규모 국내 반도체 투자 계획과 관련해서는 시장 수요와 고객사 투자 계획, 정부·지방자치단체와의 인허가 및 인프라 구축 협의 등에 따라 투자 일정과 규모가 달라질 수 있다고 설명했다. 투자 재원은 영업활동으로 확보한 현금을 우선 활용하되 필요하면 차입이나 증자 등 외부 자금 조달도 검토할 수 있다고 밝혔다. 다만 이번 중장기 투자 계획은 ADR 발행을 통해 조달하는 자금의 사용 목적에는 영향을 미치지 않는다고 덧붙였다.이와 함께 미국에서 제기된 D램 가격 관련 반독점 집단소송을 투자 위험 요인으로 새롭게 추가했다. SK하이닉스는 올해 1분기 기준 HBM 시장 점유율 56.4%로 세계 1위, D램(HBM 포함) 시장 점유율은 29.1%를 기록했다고 밝혔다. 이 같은 시장 지배력을 바탕으로 확보한 투자 자금은 첨단 메모리 생산 역량 확대에 활용될 전망이다.",True,반도체,"SK하이닉스는 미국 나스닥 상장을 위해 ADR 발행을 추진하며 증권신고서 수정본을 제출했다. 최대 1779만주(약 2.5%)를 발행하며, 공모 규모는 약 45조 원에 달한다. 조달 자금은 국내 생산시설 확충, 첨단 패키징, EUV 노광장비 구매 등에 활용될 예정이며, 투자 일정과 규모는 시장 수요와 인허가 등에 따라 달라질 수 있다. 또한, 미국 D램 반독점 소송이 투자 위험 요인으로 추가되었다. SK하이닉스는 글로벌 D램 시장 점유율 29.1%, HBM 시장 점유율 56.4%를 기록하며 첨단 메모리 생산 역량 확대에 자금을 사용할 계획이다.",EUV,2.0
2026-07-01,반도체 수출 400억弗 첫 돌파…6월 수출 1000억弗 돌파 견인,정보 없음,https://n.news.naver.com/mnews/article/123/0002385735,"6월 수출 1022억5000만弗…사상 첫 1000억달러 상회반도체 199.5% 급증…AI 서버·메모리 가격 상승 영향무역수지 361억5000만달러 흑자…17개월 연속 흑자◆…6월 부산항 신선대부두에 컨테이너가 가득 쌓여 있는 모습. 사진=연합뉴스 제공6월 반도체 수출이 사상 처음으로 400억달러(약 62조원)를 넘어서며 전체 수출 1000억달러 돌파를 이끌었다. AI 서버 투자 확대와 고부가 메모리 수요가 맞물리면서 반도체가 사실상 전체 수출 증가를 견인했다.산업통상자원부가 1일 발표한 6월 수출입 통관기준 잠정치에 따르면 지난달 수출은 전년 동월 대비 70.9% 증가한 1022억5000만달러(약 159조원)를 기록했다. 월 수출이 1000억달러를 넘어선 것은 이번이 처음으로, 독일·중국·미국에 이어 전 세계 네 번째다. 수입은 30.1% 증가한 661억달러, 무역수지는 361억5000만달러 흑자로 집계됐다.반도체 수출은 448억2000만달러로 전년 동월 대비 199.5% 급증했다. 월 기준 역대 최대 실적이자 사상 첫 400억달러 돌파다. 메모리 수요가 폭발적으로 늘어난 가운데 DDR5와 낸드 등 메모리 고정가격 상승이 수출단가를 끌어올린 영향이 컸다.AI 서버 투자 확대도 반도체와 IT 품목 수출을 함께 밀어 올렸다. 컴퓨터 수출은 SSD 수요 증가에 힘입어 54억1000만달러로 308.8% 늘었다. 무선통신기기는 신제품 판매 호조와 휴대폰 완제품 수출 증가 영향으로 15억5000만달러를 기록해 51.9% 증가했다.IT 품목별 흐름은 대체로 강했다. 디스플레이 수출은 15억4000만달러로 37.0% 증가했고, 반도체·컴퓨터·무선통신기기와 함께 주요 IT 품목이 모두 플러스를 기록했다. 반도체 중심의 수요 확대가 부품과 저장장치, 완제품 일부로 확산되는 모습이다.지역별로는 9대 주요 수출지역 중 7개 지역에서 수출이 증가했다. 중국 수출은 200억3000만달러로 92.1% 늘었고, 최대 품목인 반도체 수출이 세 자릿수 증가율을 보였다. 미국 수출도 200억2000만달러로 78.6% 증가했으며, AI 서버 투자 확대 영향으로 반도체와 컴퓨터 수출이 크게 늘었다.아세안 수출은 183억달러로 86.6% 증가했다. 반도체와 석유제품, 디스플레이 등 주력 품목이 고르게 늘며 5개월 연속 월 기준 역대 최대 실적을 경신했다. EU 수출은 76억2000만달러로 31.8% 증가했으며 선박, 반도체, 자동차, 바이오헬스 등이 증가를 이끌었다.수입은 에너지와 비에너지 품목이 모두 늘었다. 에너지 수입은 125억1000만달러로 45.1% 증가했고, 에너지 외 수입은 535억9000만달러로 27.0% 늘었다. 원유 수입 물량은 줄었지만 수입단가 상승으로 원유 수입액은 85억6000만달러를 기록해 50.4% 증가했다.비에너지 부문에서는 비철금속과 반도체장비 수입이 늘었다. 반도체장비 수입은 27억1000만달러로 41.3% 증가해 반도체 생산·투자 수요가 수입 흐름에도 반영됐다. 6월 무역수지는 사상 처음으로 300억달러를 넘었고, 흑자 흐름은 17개월 연속 이어졌다.",True,반도체,"6월 한국의 수출은 1022억5000만달러로 사상 최초 1000억달러를 돌파했으며, 반도체 수출은 448억2000만달러로 전년 대비 199.5% 급증해 역대 최대 실적을 기록했다. AI 서버 투자 확대와 메모리 가격 상승이 수출 증가를 견인했으며, 전체 수출은 70.9% 증가했다. 수입도 30.1% 늘어나 무역수지는 361억5000만달러 흑자를 기록했고, 17개월 연속 흑자 행진을 이어갔다. 주요 수출 지역인 중국, 미국, 아세안, EU 모두 수출이 증가했으며, 에너지와 비에너지 품목 모두 수입이 늘어났다.",AI 반도체,2.0
2026-07-01,"삼성전자 ""AI 반도체 핵심 허브 도약, 차세대 2나노 기술 공개""",정보 없음,https://n.news.naver.com/mnews/article/421/0009033512,"SAFE 포럼 개최, 고객·파트너사 400여명 참석시스템반도체 플랫폼 역할 강화…S램 기술력도 선봬삼성전자 파운드리 생태계 프로그램(SAFE) 포럼에서 강연이 진행되고 있다.(삼성전자 제공)/뉴스1(서울=뉴스1) 황진중 기자 = 삼성전자가 인공지능(AI) 반도체 생태계의 핵심 허브로 도약하고 국내 시스템반도체산업 플랫폼 역할을 강화하기로 했다. 또 차세대 2나노 공정 기술과 AI 반도체에 최적화된 공정 혁신 방향을 공개했다. 특히 AI 반도체 성능 향상의 핵심 요소로 주목받고 있는 S램 기술 경쟁력 강화 방안도 내놨다.삼성전자는 1일 서초사옥에서 '삼성전자 파운드리 생태계 프로그램'(SAFE·Samsung Advanced Foundry Ecosystem) 포럼 2026'을 개최하고 이같은 미래 비전을 공개했다.고객·파트너사 협력 강화…AI 반도체 생태계 허브 도약삼성전자는 반도체 기술과 인공지능(AI)이 융합되는 시대에 SAFE를 중심으로 고객·파트너사와의 협력을 강화하고, AI 반도체 생태계의 핵심 허브로 자리매김해 나가겠다는 비전을 제시했다.신종신 삼성전자 파운드리사업부 디자인 플랫폼 개발실장은 기조연설에서 ""삼성전자는 AI 수요에 대한 대응 역량을 높이는 동시에 SAFE 포럼을 활용해 고객·파트너사와 적극 소통하겠다""고 말했다.이어 ""AI·고성능 컴퓨팅(HPC) 글로벌 고객사와의 협력을 본격화하는 한편 국내 시스템반도체 고객사와의 협력도 강화하고 있으며, 파운드리 생산을 넘어 국내 시스템반도체산업 플랫폼 역할을 강화하겠다""고 덧붙였다.HPC는 수많은 컴퓨터를 하나로 연결해 방대한 데이터를 초고속으로 병렬 처리하는 기술이다. AI 학습, 기후 예측, 신약 개발 등 일반 컴퓨터로는 감당하기 힘든 복잡하고 거대한 연산을 수행할 때 사용된다.이번 세이프 포럼 2026행사에는 고객·파트너사 관계자 400여 명이 참석했다. 전자설계자동화(EDA), 설계 자산(IP), 디자인솔루션(DSP), 가상설계(VDP), 첨단패키징(MDI) 분야 21개 파트너사가 부스를 마련해 삼성의 파운드리 고객들을 지원하는 다양한 설루션을 선보였다.또 AI 팹리스 기업 리벨리온과 EDA 기업 지멘스 EDA 등 주요 파트너사가 연사로 참여해 삼성전자 파운드리 공정을 활용한 AI 반도체 개발 사례와 2.5D·3D 칩 설계 지원 방안을 소개했다.AI 팹리스 기업 리벨리온의 박성현 최고경영자(CEO)는 ""삼성전자 4나노 파운드리 공정과 첨단 패키징 등을 기반으로 '리벨100' 신경망처리장치(NPU)를 개발했다""며 ""향후 AI 반도체 영역에서 협력하며 소버린 AI를 구축할 것""이라고 말했다.NPU는 인간의 뇌 구조를 모방해 인공지능(AI)의 딥러닝 알고리즘 연산을 빠르고 효율적으로 처리하는 데 특화된 전용 반도체다. 대규모 동시다발적 연산에 최적화돼 있어, 스마트폰이나 자율주행차 등 다양한 기기에서 AI 기능을 저전력으로 구동할 때 핵심적인 역할을 수행한다.지멘스 EDA의 진 마리 브루넷 수석 부사장은 ""2.5D·3D 이종 칩 통합에서는 수율과 설계검증, 신뢰성, 패키징 분야의 폭넓은 지원이 필수""라면서 ""지멘스 EDA는 고객들이 삼성의 선단 공정을 활용해 AI·HPC 반도체를 빠르게 구현할 수 있도록 지원할 것""이라고 말했다.AI 맞춤형 공정 로드맵 공개… DTCO·SRAM·2나노 기술 소개삼성전자는 반도체 생태계 협력과 함께 AI 반도체 수요 대응을 위한 공정·설계 혁신 전략도 소개했다.삼성전자는 DTCO(Design Technology Co-Optimization)를 비롯해 차세대 2나노 공정 기술과 AI 반도체에 최적화된 공정 혁신 방향을 공개하며 고객의 제품 경쟁력 향상을 위한 기술 로드맵을 제시했다.DTCO는 반도체 칩 설계와 제조 공정을 분리하지 않고 초기 단계부터 함께 최적화하는 기법이다. 초미세 공정의 물리적 한계를 극복해 성능, 전력, 면적, 비용(PPAC) 등 종합적인 경쟁력을 끌어올리는 데 핵심적인 역할을 한다.AI 반도체 성능 향상의 핵심 요소로 주목받고 있는 S램 기술 경쟁력 강화 방안도 소개했다. S램은 전원이 공급되는 동안 데이터를 계속 유지해 주기적인 재충전(리프레시) 과정이 필요 없는 초고속 메모리 반도체다. 데이터 처리 속도가 D램보다 빨라 주로 컴퓨터 중앙처리장치(CPU)의 캐시 메모리 등 최고 수준의 응답 속도가 요구되는 영역에 사용된다.삼성전자 관계자는 ""설계와 공정을 최적화하는 DTCO 전략과 고성능 SRAM 기술을 통해 △전력 △성능 △면적 경쟁력을 지속 향상시키고 있다""면서 ""AI 반도체 고객들이 요구하는 차세대 제품 개발을 지원하고 있다""고 설명했다.산업통상부·업계 협력 확대…시스템반도체 생태계 기반 강화삼성전자는 산업통상부·업계와 협력해 국내 시스템반도체 생태계 조성에도 힘을 쏟고 있다.AI 반도체 시장이 확대됨에 따라 첨단 공정 기술뿐만 아니라 생태계 구축 역량이 핵심 경쟁력으로 부상하고 있다. 공정·설계·IP·패키징 등 다양한 분야의 협력이 제품 경쟁력을 좌우하는 요소로 자리 잡고 있다.삼성전자는 산업통상부가 추진하는 제조 AI 전환(M.AX) 얼라이언스에 참여하고 있다. 파운드리사업부는 자동차·가전·로봇·방산 분야에 필요한 저전력·고성능 온디바이스 AI 반도체 개발을 추진하고 있다.삼성전자는 MPW(Multi Project Wafer) 프로그램을 통해 분과 참여 기업을 비롯한 국내 팹리스 기업들이 초기 개발 부담을 줄이고 시제품 제작과 제품 검증을 더욱 효율적으로 수행할 수 있도록 지원하고 있다. 또 디자인 설루션 협력 체계를 통해 국내 AI 반도체 생태계 기반을 넓혀가고 있다.MPW는 하나의 반도체 웨이퍼에 여러 기업이나 연구소의 다양한 칩 시제품 설계를 함께 올려 제작하는 방식이다. 제작 비용을 여러 참여자가 나눠 낼 수 있어, 팹리스 기업이나 벤처기업이 본격적인 양산에 앞서 적은 비용으로 설계의 성능을 검증하는 데 유용하게 활용된다.삼성전자는 산업통상부, 한국산업기술기획평가원, 한국반도체연구조합이 운영하는 K-칩스(CHIPS) 사업에도 참여해 차세대 반도체 연구개발과 인재 양성에 기여하고 있다.삼성전자 관계자는 ""국내 시스템반도체 생태계 발전과 파운드리 경쟁력 강화를 위해 SAFE와 MPW 프로그램을 중심으로 고객과 파트너, 산업통상부와 지속 협력할 방침""이라고 전했다.",True,AI 반도체,"삼성전자는 SAFE 포럼에서 인공지능 반도체 생태계 강화를 선언하며, 고객·파트너사와의 협력을 확대하고 2나노 공정 기술과 AI 최적화 공정 혁신을 공개했다. 특히, S램 기술 경쟁력 강화를 통해 AI 반도체 성능 향상에 집중하고 있으며, 국내 시스템반도체 생태계 구축을 위해 MPW 프로그램과 협력체계를 강화하고 있다. 400여 명의 관계자가 참석한 이번 행사에서는 AI 반도체 개발 사례와 첨단 설계 솔루션도 소개됐다.",AI 반도체,2.0
2026-07-01,"승부수 던진 배경훈 ""피지컬AI, 국가 미래 좌우할 전략 산업""",정보 없음,https://n.news.naver.com/mnews/article/047/0002521156,"과기정통부, 미·중 기술 종속 벗어나 '국산 풀스택' 구축... 피지컬 AI 1강, 수출 국가로▲배경훈 부총리 겸 과학기술정보통신부 장관이 29일 청와대에서 이재명 대통령 주재로 열린 3대 메가프로젝트 국민보고회에서 정책을 발표하고 있다.ⓒ 연합뉴스""피지컬 AI(Physical AI)는 국가의 미래를 좌우할 핵심 전략산업 중 하나다. 국내에는 양질의 데이터와 최적의 산업 현장이 갖춰져 있는 만큼 대한민국을 피지컬 AI 1강으로 만드는 것은 결코 도전적인 이야기만은 아니다. 글로벌 선도 국가인 미국과 중국 등의 기술력에 종속되지 않고,우리만의 기술력을 확보해 세계로 수출하는 명실상부한 1강 되도록 하겠다.""1일 공개된 '피지컬 AI 핵심 경쟁력 확보 전략'은 배경훈 부총리 겸 과학기술정보통신부 장관의 이 한마디로 요약된다. 생성형 AI를 넘어 실제 공간에서 스스로 판단하고 행동하는 '피지컬 AI'를 국가 성장 전략으로 삼겠다는 것이다. 특히 향후 3년 안에 독자 기술과 산업 생태계를 구축해 미국·중국 중심의 경쟁 구도에 정면 승부를 걸겠다는 선언이다.배 부총리는 케이(K)-문샷 프로젝트의 하나로 범부처 합동으로 마련한 이번 전략을 공개하면서 강한 자신감을 드러냈다. 지난 6월 29일 '대한민국 대도약 3대 메가프로젝트 국민보고회'에서 정책 방향을 제시한 데 이어, 기술 확보부터 산업 확산, 생태계 조성까지 담은 첫 종합 로드맵(단계별 이행안)을 내놓았다.생성형 AI 다음은 '피지컬 AI'... 산업과 일상 바꾸는 '게임체인저'▲이재명 대통령이 30일 광주 김대중컨벤션센터에서 열린 서남권 첨단산업 발전비전 국민보고회에서 정부와 기업의 MOU체결식이 끝난 뒤 참석자들과 기념촬영을 하고 있다. 왼쪽부터 배경훈 부총리 겸 과기정통부 장관, 이진안 앰코테크놀로지코리아 대표, 곽노정 SK하이닉스 대표, 이재명 대통령, 전영현 삼성전자 부회장, 구윤철 부총리 겸 재정경제부 장관, 김정관 산업부 장관.ⓒ 연합뉴스최근 인공지능(AI) 기술은 단순히 인간의 언어(텍스트)와 이미지를 이해하고 생성하는 단계(생성형 AI)를 넘어섰다. 피지컬 AI는 물리적 법칙이 작용하는 현실 세계를 인식하고 예측하며, 스스로 행동하는 인공지능을 말한다. 사람의 지시를 기다리는 것이 아니라 로봇과 자율기계, 제조설비 등이 주변 환경을 분석해 스스로 의사결정을 내리는 기술이다.정부는 이것이 생산성 정체와 인구 감소, 지방 소멸, 재난 대응, 돌봄 공백 등 우리 사회가 직면한 구조적 문제를 해결할 핵심 기술이 될 것으로 보고 있다. 제조 혁신은 물론 농업과 국방, 물류, 의료, 돌봄까지 산업 전반의 경쟁력을 다시 쓰는 '핵심 주권 기술'이자 '게임체인저'라는 판단이다.세계 각국도 이미 주도권 경쟁에 뛰어들었다. 미국은 엔비디아와 테슬라 등 빅테크 기업들을 중심으로 AI 칩부터 모델, 로봇까지 연결하는 '피지컬 AI 풀스택 플랫폼'을 구축해 독점적 생태계를 다지고 있다. 중국 역시 거대한 제조 기반을 바탕으로 AI 모델과 반도체, 로봇 산업을 연계하며 독자 생태계 구축에 속도를 내고 있다.이에 정부는 지금부터 3년을 '골든타임'으로 규정했다. 다행히 피지컬 AI는 이제 막 걸음마를 뗀 초기 시장이다. 한국이 보유한 양질의 산업 현장 데이터와 세계 최고 수준의 ICT(정보통신기술) 기반시설, 국민들의 높은 AI 수용성을 결합한다면 충분히 승산이 있다는 판단이다.데이터·모델·반도체까지... 국산 '풀스택' 구축▲피지컬 AI 풀스택 체계ⓒ 과학기술정보통신부이러한 미·중 패권 경쟁 속에서 정부가 내놓은 해법은 '우리만의 강점을 극대화한 독자적 풀스택 국산화'다.우선 AI 경쟁력의 출발점인 대량의 고품질 데이터를 국가 차원에서 확보한다. 정부 사업으로 축적되는 로봇 행동 데이터와 제조·모빌리티·농업 등 산업 현장의 데이터를 종합 관리체계로 통합 관리하고, 품질 검증과 표준화 체계를 마련해 기업과 연구기관이 자유롭게 활용하도록 지원한다.기술 개발도 속도를 낸다. 사람처럼 스스로 계획을 세우고 복잡한 작업을 수행하는 '피지컬 AI 파운데이션 모델', 세상의 변화를 시뮬레이션해 AI의 의사결정을 돕는 '월드모델', AI가 현장에서 실시간으로 작동하는 온디바이스 컴퓨팅 플랫폼을 3대 핵심 기반 기술로 육성한다.이미 엘지(LG)전자, 마음에이아이(AI), 케이티(KT), 한국과학기술원(KAIST), 서울대 등이 참여하는 컨소시엄이 월드모델 개발에 착수했다. 여기에 통신망과 보안, 로봇, 센서, 시스템 통합 기술까지 더해 국산 풀스택 체계를 완성한다는 계획이다.공장에서 농촌·국방·돌봄까지... 생활 속 AI 확산▲배경훈 부총리 겸 과학기술정보통신부 장관이 지난 1월 26일 오후 전북특별자치도 전주시 덕진구 전북대학교에서 열린 '피지컬 AI 실증랩 개소식'에서 피지컬AI 기술을 적용한 로봇을 살펴보고 있다.ⓒ 과학기술정보통신부개발된 기술이 연구실에 머물지 않고 현장 적용도 확대한다. 정부는 제조 공정이 스스로 생산을 최적화하는 자율 제조를 시작으로 농업과 국방, 재난 대응, 돌봄 서비스 등 다양한 분야에서 피지컬 AI 실증사업을 추진한다. 기술 개발과 데이터 구축, 실증, 상용화를 범부처 협업으로 연결해 빠른 산업화를 지원한다는 계획이다.실제로 정부는 지난해 전북과 경남에서 국내 기업들로 구성된 '팀 코리아'를 통해 피지컬 AI 기반 첨단 공장을 실증했다. 공장 상황을 예측해 생산 계획을 스스로 조정하는 운영 시스템과 제조 장비가 공정을 자율 제어하는 기술을 구현하며 수출 가능성도 확인했다.정부는 이 경험을 토대로 지난달 출범한 '피지컬 AI 얼라이언스' 2기를 중심으로 모델과 솔루션은 물론 통신망, 데이터센터, 시스템 통합, 보안까지 아우르는 산업 생태계 전체의 국산화를 추진하고, 이를 수출 산업으로 육성한다는 계획이다. 아울러 기술개발과 상용화를 뒷받침할 법·제도 정비, 스타트업 투자 확대, 전문인력 양성, 안전성과 신뢰성을 확보하기 위한 시험·인증 체계도 함께 마련하기로 했다.배 부총리는 ""피지컬 AI 산업을 제대로 육성하기 위해서는 글로벌 선도 국가인 미국과 중국 등의 기술력에 종속되지 않고 우리만의 기술력을 확보하는 것이 중요하다""며 ""이를 위해 국산 기술 기반의 피지컬 AI 풀스택 체계를 갖출 뿐만 아니라, 국내 여건에 맞는 적용과 실증을 통해 우리 일상에 피지컬 AI를 확산시키고, 지속 가능한 육성을 위한 범정부와 산·학·연의 협력을 강화할 것""이라고 밝혔다.이어 그는 ""민간의 창의적인 도전과 정부의 전폭적인 지원이 시너지를 내어 대한민국이 피지컬 AI 경쟁력을 확보하고 세계로 수출하는 명실상부한 1강이 되도록 적극 뒷받침하겠다""고 덧붙였다.",True,AI 반도체,"과기정통부는 미·중 기술 종속을 벗어나 '국산 풀스택' 피지컬 AI 구축을 추진한다. 생성형 AI를 넘어 현실 세계에서 판단·행동하는 피지컬 AI를 3년 내 독자 기술과 산업 생태계로 육성해 글로벌 경쟁에 대응한다. 이를 위해 고품질 데이터 확보, 핵심 기술 개발, 산업 현장 실증을 강화하며, 제조, 농업, 국방 등 다양한 분야에 적용한다. 정부는 법·제도 정비와 투자 확대를 통해 산업 경쟁력과 수출 기반을 마련할 계획이다.",AI 반도체,2.0
2026-07-01,"[AI픽] ""3년 안에 판가름""…한국, '피지컬AI 세계 1강' 도전",정보 없음,https://n.news.naver.com/mnews/article/001/0016170920,"2030년 세계 선도 목표…정부, 4대 육성전략 발표월드모델·데이터·풀스택 국산화로 제조AI 경쟁력 강화이도규 과기정통부 정보통신정책실장과학기술정보통신부가 1일 서울 광화문 KT 웨스트빌딩에서 '피지컬AI 핵심 경쟁력 확보 전략'을 발표한 가운데 이도규 과기정통부 정보통신정책실장이 인사말을 하고 있다. [권하영 촬영](서울=연합뉴스) 권하영 기자 = 정부가 실제 물리 환경에서 인공지능(AI) 스스로 판단해 행동하는 '피지컬AI' 분야에서 향후 3년을 '골든타임'으로 규정하고 국가 전략산업 육성에 나섰다.아직 절대 강자가 없는 초기 시장인 만큼 한국이 갖춘 제조 기반과 AI 기술 경쟁력을 바탕으로 2030년까지 세계 1강으로 도약하겠다는 목표도 내걸었다.과학기술정보통신부는 1일 서울 광화문 KT 웨스트빌딩에서 기자들을 대상으로 이 같은 내용의 '피지컬AI 핵심 경쟁력 확보 전략'을 발표했다.데이터 절대 부족한 초기 시장…""지금이 골든타임""최근 AI는 언어와 이미지를 이해하는 생성형 AI 단계를 넘어, 실제 환경을 이해하고 예측·추론을 통해 현실에서 능동적으로 행동하는 피지컬AI로 진화하고 있다.이런 흐름 속에 미국과 중국 등 주요국은 이미 주도권 경쟁에 뛰어든 상태다.엔비디아와 테슬라 등 미국 빅테크는 AI 반도체와 AI 모델, 하드웨어를 아우르는 피지컬AI 풀스택 플랫폼을 중심으로 개방형 생태계를 구축하거나 자사 맞춤형 수직계열화로 경쟁 패러다임을 주도하고 있다.중국 역시 AI 모델과 반도체, 로봇 기업이 상호 협력·경쟁하며 독자 생태계를 구축하는 한편 핵심기술 연구개발에 힘을 쏟고 있다.이런 경쟁 구도 속에서도 정부는 한국이 '피지컬AI 1강'으로 도약할 잠재력을 지니고 있다고 판단했다.대규모언어모델(LLM)의 경우 이미 축적된 텍스트·이미지 데이터를 대량의 그래픽처리장치(GPU)로 학습시키는 구조여서 후발주자가 따라잡기 어려웠던 반면, 데이터 자체를 새로 만들어야 하는 피지컬AI 영역은 절대 강자가 없는 지금이 골든타임이자 최적의 기회라는 진단이다.특히 한국은 제조 기반 양질의 현장 데이터와 최적의 실증 현장, 국민의 높은 AI 수용성이 잠재력으로 꼽힌다.이도규 과기정통부 정보통신정책실장은 ""최근 젠슨 황 엔비디아 CEO가 방한한 이유도 결국 데이터 때문""이라며 ""한국은 조선을 비롯해 전 산업 분야에 걸쳐 제조 기반을 갖춘 몇 안 되는 나라로, 숨은 노다지와 같다""고 평가했다.다만 ""그렇다고 한국이 데이터가 많은 상황은 아니다""라며 ""피지컬AI를 학습시킬 수 있는 형태로 데이터를 뽑아내야 하는 과제가 남아 있다""고 덧붙였다.'피지컬AI 핵심 경쟁력 확보 전략' 발표(왼쪽부터) 과학기술정보통신부 송창종 디바이스AX혁신팀장, 박태완 정보통신산업정책관, 이도규 정보통신정책실장, 정보통신산업진흥원(NIPA) 정수진 지역AX본부장, 정보통신기획평가원(IITP) 김욱 PM이 기자들의 질문에 답변하고 있다. [권하영 촬영]정부가 특히 강조하는 대목은 월드모델의 국산화다.월드모델은 세상의 변화를 미리 예측·시뮬레이션해 AI의 학습과 의사결정을 지원하는 기술로, 실 데이터가 절대적으로 부족한 피지컬AI 분야에서는 이를 통해 대량의 합성 데이터를 생성해 활용하는 것이 중요하다.박태완 과기정통부 정보통신산업정책관은 ""해외 월드모델을 그대로 가져다 쓰면 학습 과정에서 국내 현장의 데이터가 그대로 빠져나가는 구조가 될 수 있다""며 ""특히 원자력이나 반도체 등 안보·첨단산업 분야는 자체 월드모델을 갖추지 못하면 결과적으로 해외 기업의 데이터 자산만 불려주는 꼴이 될 수 있다""고 했다.송창종 과기정통부 디바이스AX혁신팀장은 ""글로벌 속도를 따라가기 위해 가용한 모든 방법을 동원해 로봇 파운데이션 모델을 우선 개발하고, 그 중간 단계에서는 선도국의 기존 모델을 활용하되 이를 단계적으로 국산 모델로 대체해 나갈 것""이라고 설명했다.4대 전략으로 2028년 풀스택 확보…법적기반 마련정부는 '피지컬AI를 수출하는 글로벌 선도국가 도약'을 비전으로 내걸고 2028년까지 글로벌 최고 수준의 풀스택 기술을 확보해 제조·농업·국방·돌봄 등 전 영역으로 확산한다는 목표를 세웠다.이를 위해 데이터 확보 체계 구축, 기술 개발, 서비스 확산, 생태계 조성 등 4대 전략을 추진한다.데이터 분야에서는 정부 사업으로 생성되는 로봇 행동데이터 등 범용 데이터와 분야별 특화 데이터를 한곳에 모으는 범정부 데이터 라이브러리를 구축한다.기업이 필요한 범용 행동 데이터를 자유롭게 획득·학습·실증할 수 있도록 지원하는 한편, 제조·모빌리티·농업 등 현장의 특화 데이터도 확보해 활용할 수 있는 범부처 협력 기반의 데이터 수집·활용 체계를 마련한다.기술 분야에서는 피지컬AI 파운데이션 모델과 월드모델, 온디바이스 컴퓨팅 플랫폼 등 3대 공통 기반기술을 확보해 풀스택 체계를 갖춘다는 구상이다.올해부터 LG전자와 마음AI, KT, 카이스트, 서울대 등으로 구성된 컨소시엄이 월드모델을 중심으로 기반 기술 확보에 착수했다.아울러 경남에서는 제조장비가 공정 상태를 예측해 스스로 최적 제어하는 자율 정밀제조 기술을, 전북에서는 공장 상황 변화에 맞춰 미래 상태를 예측하고 유연 생산하는 공장 운영 기술을 각각 확보해 실증하고 있다.정책발표하는 배경훈 부총리(서울=연합뉴스) 한상균 기자 = 배경훈 부총리 겸 과학기술정보통신부 장관이 29일 청와대에서 이재명 대통령 주재로 열린 3대 메가프로젝트 국민보고회에서 정책을 발표하고 있다. 2026.6.29 [청와대통신사진기자단] xyz@yna.co.kr확산 분야에서는 부처별·분야별 피지컬AI 적용 수요를 발굴해 기술개발과 실증, 상용화까지 전 주기에 걸친 범부처 협력체계를 구축한다.생태계 분야에서는 관련 지원을 위한 법적 기반을 마련하고 국민성장펀드와 과기정통부 정책펀드 등을 통한 투자를 지원한다. 실무 인재부터 박사급 고급 인재까지 전방위 양성체계도 갖춘다는 계획이다.지난달 19일 출범한 '피지컬AI 얼라이언스' 2기를 통해 모델과 솔루션, 통신망, 데이터센터, 보안 등 피지컬AI 전 영역을 아우르는 풀스택 국산화와 수출 산업화도 추진한다.피지컬AI 육성을 뒷받침할 법적 기반 마련도 과제로 남아 있다.이도규 실장은 ""법적 기반 마련은 산업계 수요와 국회 상황, 다른 부처와의 관계 등을 종합적으로 고려해 추진할 것""이라며 법 제정 이전이라도 규제 샌드박스나 안전 가이드라인 등을 통해 산업계가 당장 필요로 하는 부분을 우선 지원하겠다고 밝혔다.배경훈 부총리 겸 과기정통부 장관은 ""민간의 창의적인 도전과 정부의 전폭적인 지원이 시너지를 내어 대한민국이 피지컬 AI 경쟁력을 확보하고 세계로 수출하는 명실상부한 1강이 되도록 적극 뒷받침하겠다""고 전했다.kwonhy@yna.co.kr",True,AI 반도체,"정부는 2030년까지 피지컬AI 분야 세계 1강을 목표로, 4대 육성전략을 발표했다. 이 전략은 데이터 확보, 기술 개발, 서비스 확산, 생태계 조성에 초점을 맞추며, 특히 월드모델 국산화와 풀스택 기술 확보를 통해 제조·국방·농업 등 전 산업에 AI를 확산한다. 현재 시장은 초기 단계로, 한국은 제조 기반과 AI 수용성을 활용해 글로벌 경쟁에서 잠재력을 갖추고 있으며, 법적 기반 마련과 인재 양성도 추진한다.",AI 반도체,2.0
2026-07-01,"'움직이는 AI'가 미래 먹거리…정부, '피지컬AI' 3년 골든타임 건다",정보 없음,https://n.news.naver.com/mnews/article/003/0014041017,"과기정통부, 범부처 합동 '피지컬 AI 핵심 경쟁력 확보 전략' 발표美中 기술 종속 막는다…하드웨어·소프트웨어 아우르는 '풀스택 국산화'제조·농업·국방 등 산업 전반 확산…2029년까지 독자 생태계 구축해 수출 드라이브[서울=뉴시스] 박영태 기자 = 19일 서울 중구 더플라자 호텔에서 열린 피지컬 AI 얼라이언스 2기 출범식에서 한국 스타트업 RLWRLD의 로봇 AI 'RLDX-1‘이 제품포장을 시연하고 있다. 2026.06.19. since1999@newsis.com[서울=뉴시스]심지혜 기자 = 정부가 로봇·공장·드론 등 현실 세계에서 움직이는 인공지능(AI)을 국산 기술로 키워 수출 산업으로 육성하겠다는 전략을 내놨다. 앞으로 3년을 피지컬 AI 주도권 확보의 골든타임으로 보고 데이터 확보부터 핵심기술 개발, 현장 실증, 산업 생태계 조성까지 범부처 차원에서 추진한다는 구상이다.과학기술정보통신부는 이같은 내용을 담은 '피지컬 AI 핵심 경쟁력 확보 전략'을 1일 공개했다.피지컬AI 3년 골든타임…미중 풀스택 경쟁 속 주도권 확보피지컬 AI는 언어와 이미지를 이해하는 기존 AI를 넘어 실제 환경을 인식하고 예측·추론을 통해 현실에서 능동적으로 행동하는 AI를 뜻한다. 로봇, 제조장비, 드론, 자율주행차, 휴머노이드 등에 적용될 수 있다.특히 인구 절벽, 재난·안보 위기, 지방 소멸 등 우리나라가 당면한 고질적 난제를 해소할 수 있는 기술로 여겨진다. 생산성 정체를 돌파하고 지속 가능한 사회를 실현할 수 있는 게임체인저이자 핵심 주권 기술로 주목받고 있다.정부는 피지컬 AI가 아직 초기 시장인 만큼 향후 3년이 주도권 확보의 골든타임이라고 보고 있다. 미국 빅테크는 AI 칩, 모델, 하드웨어를 아우르는 풀스택 플랫폼을 구축하고 있고, 중국도 AI 모델과 반도체, 로봇 등 독자 생태계 구축에 속도를 내고 있다. 최근에는 AI 모델, 데이터, 반도체 등 핵심기술 연구개발도 강화하며 풀스택 내재화에 나서고 있다.이에 정부는 글로벌 최고 수준의 피지컬 AI 풀스택 기술 확보와 제조·농업·국방·돌봄 등 전 영역 확산을 목표로 제시했다.현장 데이터가 경쟁력…로봇 행동데이터 확보 체계 구축정부는 피지컬 AI 학습에 필요한 데이터를 범부처 차원에서 모으는 체계를 구축한다. 실데이터와 합성데이터를 수집하고 분야별 플랫폼을 통해 피지컬 AI 기술개발에 활용할 수 있는 체계를 마련한다.정부 사업으로 생성되는 로봇 행동데이터 등 범용 데이터와 분야별 데이터를 한곳에 모으고, 데이터 유효성 검증과 상호운용성 표준 제정 등 품질 관리 체계도 구축한다.기업이 필요한 범용 행동 데이터를 자유롭게 획득하고 학습·실증할 수 있도록 지원한다. 제조, 모빌리티, 농업 등 현장의 특화 데이터를 확보하고 피지컬 AI 모델 학습과 고도화에 활용할 수 있도록 범부처 협력 기반의 데이터 수집·활용 체계도 마련한다.[서울=뉴시스] 피지컬 AI 풀스택 체계. (사진=과기정통부 제공) *재판매 및 DB 금지스스로 계획하고 예측하는 AI…월드모델 등 기반기술 개발핵심기술 개발도 추진한다. 정부는 사람처럼 스스로 계획을 수립하고 장기 작업과 정밀 조작이 가능한 피지컬 AI 파운데이션 모델, 세상의 변화를 미리 예측·시뮬레이션해 AI 학습과 의사결정을 지원하는 월드모델, 온디바이스에서 AI 모델이 지연 없이 작동할 수 있는 컴퓨팅 플랫폼을 3대 공통 기반기술로 확보해 피지컬 AI 풀스택 체계를 갖춘다는 방침이다.올해부터는 LG전자, 마음AI, KT, 카이스트, 서울대 등이 참여하는 컨소시엄이 월드모델 중심의 기반기술 확보에 착수했다.피지컬 AI 핵심기술은 지역 제조 현장에서 선도적으로 실증하고, 성과를 다른 산업 분야로 확산한다. 제조장비가 공정 상태를 예측하고 스스로 최적 제어하는 자율 정밀제조 기술, 공장 상황 변화에 맞춰 미래 상태를 예측하고 유연하게 생산하는 공장 운영 기술 등이 대표적이다.앞서 과기정통부는 지난해 전북에서 공장 상황 변화에 맞춰 미래 상태를 예측하고 유연 생산하는 공장 운영 OS 기술 기반의 피지컬 AI 팀 코리아를 구성해 첨단공장 해외 수출 가능성을 확인했다. 경남에서는 제조장비가 공정 상태를 예측하고 스스로 최적 제어하는 자율 정밀제조 기술 확보를 추진했다.피지컬 AI 핵심기술이 탑재될 디바이스 기술과 안전·신뢰 확보를 위한 통신·보안 기술 개발도 병행한다.공장 밖으로 나가는 피지컬AI…수출 산업까지 노린다과기정통부는 피지컬 AI가 단순한 기술개발에 머물지 않도록 현장 실증도 본격화한다. 범부처 차원의 협력체계를 구축해 부처별, 분야별 피지컬 AI 적용 수요를 발굴하고 필요한 기술을 수요와 연결한다. 이를 통해 기술개발부터 데이터 구축·활용, 실증·상용화까지 전 주기에 걸쳐 범부처 정책을 연계해 지원할 예정이다.구체적으로는 과기정통부의 기술개발 지원과 각 분야 부처의 현장 수요 발굴을 연계해 피지컬 AI 적용 프로젝트를 추진한다. 개별 작업이나 공정 단위에 기술을 먼저 적용해 국민이 체감할 수 있는 성과를 빠르게 만들고, 안전·국방·돌봄·농업 등 다양한 분야에서는 개발된 기술을 실제 수요와 연결해 자율지능 구현을 지원한다는 계획이다.산업 생태계 조성도 병행한다. 우선 기술개발, 실증·상용화, 산업 육성 등을 종합적으로 지원하기 위한 법적 기반을 마련하고 관계부처와 협의해 유망 스타트업부터 핵심 기업에 이르는 맞춤형 투자를 지원한다. 피지컬 AI를 활용할 수 있는 실무인재부터 모델을 개발할 수 있는 고급인재까지 전방위 인재 양성체계도 갖춘다.피지컬 AI와 로봇 성능을 평가할 벤치마크 개발, 표준화, 시험·인증 지원도 추진한다. 피지컬 AI 활용 과정에서 제기될 수 있는 안전성 우려를 해소하고 객관적인 성능 지표를 확보하기 위한 조치다.최근 출범한 '피지컬 AI 얼라이언스' 2기 등을 통해 모델, 솔루션뿐 아니라 통신망, 시스템 통합, 데이터센터, 보안, 운영 등 피지컬 AI 전반을 아우르는 풀스택 생태계를 구축하고 이를 수출 산업으로 이어갈 계획이다.배경훈 부총리 겸 과기정통부 장관은 ""피지컬 AI는 국가의 미래를 좌우할 핵심 전략산업 중 하나""라며 ""국내에는 양질의 데이터와 최적의 현장이 잘 갖춰져 있는 만큼 대한민국을 피지컬 AI 1강으로 만드는 것이 결코 도전적이기만 한 이야기는 아니다""라고 말했다.이어 ""글로벌 선도 국가인 미국과 중국 등의 기술력에 종속되지 않고 우리만의 기술력을 확보하는 것이 중요하다""며 ""국산 기술 기반의 피지컬 AI 풀스택 체계를 갖추고 국내 여건에 맞는 적용과 실증을 통해 우리 일상에 피지컬 AI를 확산시키겠다""고 강조했다.",True,AI 반도체,"정부는 로봇, 드론, 자율주행 등 현실 세계 AI인 피지컬 AI의 국산화와 수출 확대를 위해 3년간 핵심 경쟁력 확보 전략을 추진한다. 데이터 수집, 기술 개발, 실증, 산업 생태계 조성에 집중하며, 글로벌 경쟁에 대응하기 위해 풀스택 기술 확보와 표준화, 인재양성도 병행한다. 이를 통해 제조, 농업, 국방 등 전 산업 분야에 적용하고, 2029년까지 독자 생태계를 구축하는 목표다.",AI 반도체,2.0
2026-07-01,"로그프레소-퓨리오사AI, 국산 AI 반도체 탑합 '에이전틱 SOC' 맞손",정보 없음,https://n.news.naver.com/mnews/article/018/0006319645,"'NPU-보안 플랫폼' 결합한 한국형 소버린 AI 모델 공동 개발로그프레소와 퓨리오사AI는 지난 6월 30일 서울 강남구에 위치한 퓨리오사AI 사옥에서 ‘NPU 기반 에이전틱 SOC 분야 업무협약’을 체결했다. 사진 왼쪽부터 양봉열 로그프레소 대표이사, 백준호 퓨리오사AI 대표이사. (사진=로그프레소)[이데일리 한광범 기자] 통합보안 전문기업 로그프레소가 AI 반도체 기업 퓨리오사AI와 손잡고 국산 기술 기반의 차세대 보안 운영 체계 구축에 나선다. 글로벌 보안 시장의 최신 트렌드인 ‘에이전틱 SOC(Security Operations Center)’ 분야에서 고성능 인프라와 플랫폼을 결합한 한국형 소버린 AI 협력 모델을 제시하겠다는 구상이다.로그프레소는 퓨리오사AI와 ‘NPU 기반 에이전틱 SOC 분야 업무협약’을 체결하고 AI 보안관제 기술 고도화를 위한 본격적인 협력에 나선다고 1일 밝혔다.에이전틱 SOC는 AI 에이전트가 보안 위협을 자율적으로 탐지, 분석, 대응하는 차세대 보안운영 체계를 뜻한다. 대용량 로그와 보안 이벤트의 실시간 분석이 필수적인 만큼, 고성능 AI 추론 능력과 안정적인 운영 인프라 확보가 핵심 과제로 꼽힌다. 최근 글로벌 보안 기업들이 자체 컴퓨팅 인프라를 무기로 시장 진입을 가속화하는 상황에서, 양사는 국산 AI 반도체와 자체 통합보안 플랫폼을 결합해 차별화된 경쟁력을 확보하겠다는 전략을 세웠다.이번 협약에 따라 양사는 △NPU 기반 에이전틱 SOC 레퍼런스 아키텍처 공동 개발 △AI 실증사업 공동 수주 및 수행 △에이전틱 SOC 시장 개발 및 공동 마케팅 분야에서 손을 잡는다. 로그프레소의 통합보안 플랫폼에 퓨리오사AI의 AI 추론용 고성능 반도체 ‘RNGD(레니게이드)’를 결합한 레퍼런스 아키텍처를 공동 개발함으로써, 기업과 기관이 AI 기반 보안관제 체계를 효율적으로 도입할 수 있는 표준 모델을 제공할 계획이다.양사의 협력은 이미 실증 단계에서 가시적인 성과를 내고 있다. 로그프레소가 주관 기업으로 선정된 한국인터넷진흥원(KISA)의 ‘2026 통합보안 모델 개발 시범사업’과 컨소시엄으로 참여 중인 ‘AX스프린트 과제’에서 퓨리오사AI의 레니게이드가 핵심 인프라로 활용되고 있다. 양사는 이번 MOU를 계기 삼아 시범사업에서 검증한 기술 모델을 소버린 AI 수요가 높은 시장으로 적극 확장해 나갈 예정이다.백준호 퓨리오사AI 대표이사는 “AI 보안은 에이전틱 AI 시대로 빠르게 진화하고 있으며, 이를 위해서는 고성능·고효율 AI 추론 인프라가 필수”라며 “로그프레소와 함께 AI 반도체와 보안 플랫폼을 결합한 차세대 에이전틱 SOC 모델을 구현하고, 국내를 넘어 글로벌 AI 보안 인프라 시장으로 협력을 확대해 나가겠다”고 밝혔다.양봉열 로그프레소 대표이사는 “글로벌 보안 기업들이 에이전틱 SOC 시장에서 본격 경쟁을 시작한 시점에, 국산 AI 반도체와 자체 통합보안 플랫폼이 결합한 한국형 에이전틱 SOC 모델을 만들어낼 수 있다는 점이 이번 협력의 본질”이라며 “13년간 자체 개발해 온 빅데이터·AI 보안 원천기술과 퓨리오사AI의 NPU 레니게이드를 결합해, AI 인프라부터 에이전틱 SOC까지 아우르는 풀스택 AI 레퍼런스를 구축하고 글로벌 솔루션과 정면 경쟁할 수 있는 기반을 마련하겠다”고 전했다.",True,AI 반도체,"로그프레소와 퓨리오사AI는 지난 6월 30일 협약을 맺고, 국산 AI 반도체와 보안 플랫폼을 결합한 한국형 에이전틱 SOC 모델을 공동 개발한다. 이 모델은 AI 에이전트가 보안 위협을 자율 탐지·대응하는 차세대 보안 운영 체계로, 고성능 AI 추론 인프라와 표준 레퍼런스 아키텍처를 제공한다. 이미 실증사업에서 성과를 내고 있으며, 글로벌 시장 확대와 기술 검증을 지속할 계획이다. 양사는 국내외 AI 보안 시장 경쟁력을 강화하는 데 힘쓸 예정이다.",AI 반도체,1.0
2026-07-01,국산 AI 반도체로 보안관제 자동화…로그프레소·퓨리오사AI '맞손',정보 없음,https://n.news.naver.com/mnews/article/003/0014041331,"NPU 기반 에이전틱 SOC 업무협약 체결로그프레소 보안 플랫폼에 퓨리오사AI '레니게이드' 결합[서울=뉴시스] 로그프레소는 AI 반도체 기업 퓨리오사AI와 신경망처리장치(NPU) 기반 에이전틱 SOC 분야 업무협약을 체결했다고 1일 밝혔다. (왼쪽부터) 양봉열 로그프레소 대표이사, 백준호 퓨리오사AI 대표이사. 2026.07.01. (사진=로그프레소 제공) *재판매 및 DB 금지[서울=뉴시스]윤정민 기자 = 로그프레소와 퓨리오사AI가 국산 인공지능(AI) 반도체 기반 보안관제 기술 개발에 협력한다. AI 에이전트가 보안 위협을 탐지·분석·대응하는 '에이전틱 보안운영센터(SOC)' 시장을 겨냥한 협력이다.로그프레소는 AI 반도체 기업 퓨리오사AI와 신경망처리장치(NPU) 기반 에이전틱 SOC 분야 업무협약을 체결했다고 1일 밝혔다.에이전틱 SOC는 AI 에이전트가 SOC 업무 일부를 자동화하는 차세대 보안관제 체계다. 대용량 로그와 보안 이벤트를 실시간으로 분석하고 위협 대응 우선순위를 판단하려면 고성능 AI 추론 인프라가 필요하다.보안업계에서는 생성형 AI 이후 보안관제의 자동화 수준을 높이려는 시도가 이어지고 있다. 앞서 마이크로소프트(MS)는 100개 이상의 전문 AI 에이전트를 조율해 소프트웨어 취약점을 찾는 에이전틱 보안 플랫폼 'MDASH'를 공개했다. 포티넷도 이날 통합 클라우드 기반 SOC 플랫폼 '포티SOC'를 출시했다.양사는 AI 연산에 특화된 반도체 'NPU' 기반 에이전틱 SOC 레퍼런스 아키텍처를 공동 개발한다. 로그프레소 통합보안 플랫폼과 퓨리오사AI의 AI 추론용 반도체 '레니게이드(RNGD)'를 결합해 AI 보안관제 도입 모델을 만들겠다는 구상이다.양사는 AI 실증사업 공동 수주와 수행, 에이전틱 SOC 시장 개발, 공동 마케팅도 함께 추진한다.양사 협력은 이미 실증 단계에 들어갔다. 로그프레소가 주관 기업으로 선정된 한국인터넷진흥원(KISA) '2026 통합보안 모델 개발 시범사업'과 컨소시엄에 참여 중인 'AX스프린트 과제'에서 퓨리오사AI의 레니게이드가 핵심 인프라로 활용되고 있다.로그프레소는 시범사업에서 검증한 기술 모델을 소버린 AI 수요가 큰 시장으로 확대한다는 계획이다.백준호 퓨리오사AI 대표는 ""AI 보안은 에이전틱 AI 시대로 빠르게 진화하고 있으며 이를 위해서는 고성능·고효율 AI 추론 인프라가 필수""라며 ""로그프레소와 함께 AI 반도체와 보안 플랫폼을 결합한 차세대 에이전틱 SOC 모델을 구현하겠다""고 말했다.양봉열 로그프레소 대표는 ""국산 AI 반도체와 자체 통합보안 플랫폼이 결합한 한국형 에이전틱 SOC 모델을 만들어낼 수 있다는 점이 이번 협력의 본질""이라며 ""AI 인프라부터 에이전틱 SOC까지 아우르는 풀스택 AI 레퍼런스를 구축하겠다""고 밝혔다.",True,AI 반도체,"로그프레소와 퓨리오사AI가 국산 AI 반도체 기반 에이전틱 SOC 기술 개발을 위해 협력한다. 이들은 NPU 기반 AI 추론 인프라와 보안관제 플랫폼을 결합하여, 실시간 보안 위협 탐지와 대응을 자동화하는 차세대 보안관제 시스템을 구축한다. 이미 실증사업에 참여하며 기술 검증을 진행 중이며, 향후 시장 확대와 공동 마케팅도 추진한다. 이번 협력은 한국형 AI 보안 인프라 강화를 목표로 한다.",AI 반도체,2.0
2026-07-01,"""국산 반도체로 보안 관제 고도화""...로그프레소, 퓨리오사AI와 협력",정보 없음,https://n.news.naver.com/mnews/article/092/0002428901,"양봉열 대표 ""AI에이전트가 보안 위협 자율 탐지하고 분석 및 대응""통합보안 전문기업 로그프레소(대표 양봉열)는 AI 반도체 기업 퓨리오사AI(대표 백준호)와 ‘NPU 기반 에이전틱 SOC 분야 업무협약’을 체결했다. AI 보안관제 기술 고도화를 위한 협력에 나선다.에이전틱 SOC는 AI 에이전트가 보안 위협을 자율적으로 탐지·분석·대응하는 차세대 보안운영 체계다. 대용량 로그와 보안 이벤트의 실시간 분석에 필요한 고성능 AI 추론 능력과 안정적인 운영 인프라가 핵심 요소다.글로벌 보안기업들이 자체 컴퓨팅 인프라 기반으로 시장 진입을 가속하는 가운데, 로그프레소와 퓨리오사AI는 국산 AI 반도체와 자체 통합보안 플랫폼을 결합한 차별화된 접근 방식으로 시장 공략에 나선다.로그프레소와 퓨리오사AI는 지난 6월 30일 서울 강남구에 위치한 퓨리오사AI 사옥에서 ‘NPU 기반 에이전틱 SOC 분야 업무협약’을 체결했다. 양봉열 로그프레소 대표(왼쪽)와 백준호 퓨리오사AI 대표가 MOU를 맺고 있다.양사는 이번 협약에 따라 △NPU 기반 에이전틱 SOC 레퍼런스 아키텍처 공동 개발 △AI 실증사업 공동 수주 및 수행 △에이전틱 SOC 시장 개발 및 공동 마케팅 분야에서 협력한다. 로그프레소의 통합보안 플랫폼과 퓨리오사AI의 AI 추론용 고성능 반도체 ‘RNGD(레니게이드)’를 결합한 레퍼런스 아키텍처를 공동 개발, AI 기반 보안관제 체계를 효율적으로 도입할 수 있는 기술 모델을 제시할 계획이다.양사 협력은 이미 실증 단계로 진입한 상태다. 로그프레소가 주관 기업으로 선정된 KISA '2026 통합보안 모델 개발 시범사업'과 컨소시엄에 참여하고 있는 ‘AX스프린트 과제’에서 레니게이드가 핵심 인프라로 활용되고 있다. 이번 MOU는 시범사업에서 검증한 기술 모델을 소버린 AI수요가 높은 시장으로 확장하는 계기가 될 전망이다.백준호 퓨리오사AI 대표는 ""AI보안은 에이전틱 AI 시대로 빠르게 진화하고 있다. 이를 위해서는 고성능·고효율 AI 추론 인프라가 필수""라며 ""로그프레소와 함께 AI 반도체와 보안 플랫폼을 결합한 차세대 에이전틱 SOC 모델을 구현하고, 국내를 넘어 글로벌 AI 보안 인프라 시장으로 협력을 확대해 나가겠다""고 밝혔다.양봉열 로그프레소 대표는 ""글로벌 보안 기업들이 에이전틱 SOC 시장에서 본격 경쟁을 시작한 시점에, 국산 AI 반도체와 자체 통합보안 플랫폼이 결합한 한국형 에이전틱 SOC 모델을 만들어낼 수 있다는 점이 이번 협력의 본질""이라며 ""13년간 자체 개발해 온 빅데이터·AI 보안 원천기술과 퓨리오사AI의 NPU 레니게이드를 결합, AI 인프라부터 에이전틱 SOC까지 아우르는 풀스택 AI 레퍼런스를 구축하고 글로벌 솔루션과 정면 경쟁할 수 있는 기반을 마련하겠다""고 말했다.",True,AI 반도체,"통합보안기업 로그프레소는 AI 반도체 기업 퓨리오사AI와 ‘NPU 기반 에이전틱 SOC’ 협약을 맺고, AI 보안관제 기술 고도화를 추진한다. 에이전틱 SOC는 AI 에이전트가 위협을 자율 탐지·분석·대응하는 차세대 보안체계로, 고성능 AI 추론과 안정적 인프라가 핵심이다. 양사는 국산 AI 반도체와 보안 플랫폼을 결합한 레퍼런스 아키텍처를 개발하며, 이미 시범사업에서 검증된 기술을 글로벌 시장으로 확장할 계획이다. 양 대표들은 AI 보안 시장 경쟁력 강화를 위해 협력을 강화하겠다고 밝혔다.",AI 반도체,1.0
2026-07-01,AI로 제조업 대전환… 로봇·반도체 등 6개분야에 16兆 푼다 [피지컬AI 투자 속도],정보 없음,https://n.news.naver.com/mnews/article/014/0005542520,"M.AX 프론티어 프로젝트 추진금융위·산업부 '원팀' 지원""절대 강자 없는 시장 선점""국민성장펀드 마중물로 활용투자 1호 LS전선 공장 증설과기부도 ""2030년 세계 1강""정부가 미래 성장동력인 피지컬 인공지능(AI) 주도권 확보를 위해 본격 속도를 낸다. 올해 AI·로봇 등 관련 분야에 약 16조원을 투입해 유망 선도기업과 메가프로젝트를 발굴한다는 구상이다.금융위원회와 산업통상부는 1일 서울 여의도 한국산업은행에서 민관 합동 간담회를 열고 이 같은 내용의 '국민성장펀드-M.AX 프론티어 프로젝트' 추진방안을 논의했다.피지컬 AI는 단순히 텍스트나 이미지를 생성하는 AI를 넘어 실제 환경을 인식하고 스스로 판단해 행동하는 기술이다. 휴머노이드와 자율주행, 스마트팩토리 등이 대표적인 활용 분야로 꼽힌다. 아직 절대 강자가 없는 초기 시장인 만큼 정부는 피지컬 AI 경쟁력 강화에 힘을 쏟고 있다. 과학기술정보통신부도 이날 '오는 2030년까지 세계 1강으로 도약하겠다'며 '피지컬 AI 핵심 경쟁력 확보 전략'을 발표했다.정부는 이번 프로젝트를 통해 우리나라 제조업 강점을 기반으로 글로벌 피지컬 AI 시장을 선도할 기업을 발굴·육성할 계획이다. 특히 산업정책과 금융정책을 연계해 시너지를 더욱 극대화하겠다는 목표를 갖고 있다.우선 산업부는 지난해 9월 출범한 'M.AX 얼라이언스'를 통해 제조업의 AI 전환과 기술혁신을 지원한다. 현재 산업부는 1500여개 산학연 기업·기관이 참여하는 M.AX 얼라이언스를 기반으로 제조 현장을 넘어 기업 운영 전반에 AI를 적용하는 사업을 추진 중이다.금융위는 150조원 규모의 국민성장펀드를 통해 장기 자금을 뒷받침하기로 했다. 연구개발뿐만 아니라 생산시설 증설, 실증 인프라 구축, 해외 진출 등 성장 전 단계에 필요한 자금을 공급할 방침이다. 우선 국민성장펀드의 올해 공급분 30조원 가운데 절반 수준인 약 16조원을 AI·로봇·미래차·방산·반도체·이차전지 등 피지컬 AI 관련 분야에 투입할 예정이다.이날 간담회에는 △AI팩토리(LS전선, CJ대한통운, 이수페타시스, 대성하이텍) △로봇(두산로보틱스, 원익로보틱스) △미래차(현대모비스, LX세미콘, 매그나칩반도체) 분야 주요 기업이 참석해 성장전략을 공유했다.특히 국민성장펀드의 첫 M.AX 투자 프로젝트 '초고압 해저케이블 생산공장 증설'을 추진 중인 LS전선은 시장 선도 비전을 제시했다. LS전선은 M.AX 얼라이언스에 참여해 초장거리·고중량 해저케이블 생산과 품질 검사공정에 AI를 도입하는 과제를 수행하고 있다.앞서 금융위는 지난달 25일 국민성장펀드 기금운용심의위원회를 열어 LS전선에 800억원을 저리 대출하는 안건을 승인한 바 있다. 총사업비 1600억원 가운데 절반을 국민성장펀드가 부담하는 것이다.참석 기업들은 연구개발 지원을 넘어 대규모 시설투자, 실증 인프라 구축, 글로벌 진출 등을 위한 장기 인내자본 공급이 필수적이라고 입을 모았다. 금융위와 산업부는 향후에도 산업육성정책과 금융정책을 연계해 기술개발, 실증, 사업화, 스케일업에 이르는 전 과정을 지원하고 협력할 계획이다.이억원 금융위원장은 ""국민성장펀드가 한국의 피지컬 AI 글로벌 1강 도약 비전을 현실로 만드는 민간 투자의 마중물이 될 것""이라며 ""피지컬 AI 부문에 대한 장기적이고 과감한 금융지원으로 한국이 대체 불가한 초격차 산업강국으로 도약할 수 있는 토대를 마련하겠다""고 강조했다.김정관 산업부 장관은 ""AI 팩토리와 AI 로봇, 반도체는 다가오는 AI 시대 우리의 성장을 이끌 핵심으로 과감한 투자가 필요하다""며 ""대기업도 쉽게 결정하기 어려운 M.AX 인프라 투자에 국민성장펀드가 든든한 성장 사다리가 되길 기대한다""고 전했다.",True,AI 반도체,"정부는 피지컬 AI 분야 경쟁력 강화를 위해 국민성장펀드와 M.AX 프론티어 프로젝트를 추진한다. 올해 약 16조원을 AI·로봇·미래차 등 미래 성장산업에 투입하며, LS전선의 해저케이블 공장 증설 등 대규모 투자와 시설 확장을 지원한다. 금융위와 산업부는 민관 협력으로 기술개발, 실증, 글로벌 진출을 촉진하며, 2030년 세계 1위 목표를 세우고 있다.",AI 반도체,2.0
2026-07-01,"과기정통부 ""피지컬AI 수출하는 나라로""...3년 내 집중육성",정보 없음,https://n.news.naver.com/mnews/article/092/0002428866,"'피지컬AI핵심 경쟁력 확보 전략' 첫 공개, 모델 개발 데이터 구축에 집중정부가 피지컬AI 경쟁력 확보를 위해 국가적으로 모델 개발에 필요한 데이터 확보에 나서기로 했다. 피지컬AI 요소 기술 가운데 AI모델·반도체·하드웨어 등 풀스택을 갖춘 이점을 바탕으로, 이를 결집해 시너지 효과를 끌어낸다는 계획이다. 나아가 제조·농업·국방·돌봄 등 전 영역으로의 확산시켜 피지컬AI를 수출하는 글로벌 선도국가로 도약한다는 목표를 세웠다.과학기술정보통신부는 대한민국 대도약 3대 메가프로젝트 보고에서 피지컬AI 정책 추진 방향을 발표한 데 이어, 피지컬AI 글로벌 1강 도약 방안을 담은 ‘피지컬AI 핵심 경쟁력 확보 전략’을 1일 공개했다.이 전략은 지난 5월말 과학기술관계장관회의에서 비공개 의결된 내용으로, AI 대전환의 핵심인 피지컬AI 경쟁력을 확보하기 위한 국가 전략을 수립하기 위해 과기정통부 중심으로 마련됐다.왜 피지컬AI를 키워야 하나AI 기술이 생성형AI를 시작으로 폭발적인 발전과 확산이 시작된 가운데 에이전틱AI에 이어 실제 물리 세계를 인식해 현실 세계와 상호 작용을 수행하는 ‘자율 적응 행동지능’이라 일컫는 피지컬AI로 빠르게 진화하고 있다.특히 피지컬AI는 인구 절벽, 재난과 안보 위기, 지방 소멸 등 우리나라가 당면한 고질적 난제를 해소할 수 있는 기술로 불린다. 생산성 정체를 돌파하고 지속가능한 사회를 실현하면서 기존 산업과 사회의 경쟁력을 새롭게 정의하는 핵심 주권 기술로 주목받고 있다.대규모 언어모델(LLM)으로 비롯된 생성형AI 시대에서는 패스트 팔로어 전략을 취했으나, 피지컬AI 기술은 아직 초기 단계로 미국과 중국이 각각 AI 풀스택과 하드웨어 강점을 바탕으로 치열하게 경쟁하고 있다.정부가 피지컬AI 1강을 위한 경쟁력 확보에 나선다.(이미지 출처=클립아트코리아)한국 역시 AI풀스택 역량과 함께 제조 강국으로 스스로 얻어낼 데이터가 많은 나라로 손꼽힌다. 젠슨황 엔비디아 CEO가 한국 기업과 협업 관계를 맺으려는 점도 이 때문이다. 정부는 피지컬AI 골든타임을 3년으로 보고 기술 역량을 적극적으로 키워내 독자 경쟁력 확보에 전력을 기울인다는 방침이다.이미 시범 사업으로 로봇, 센서, 통신, 액츄에이터 등 국내 기업이 모여 전국과 경남에서 피지컬AI를 수출 산업으로 육성 가능성을 확인했다.피지컬AI 모델 개발 데이터, 한 곳에 모은다정부는 우선 피지컬AI를 발전시키기 위해 범부처 데이터 확보 체계를 구축하기로 했다. LLM이 학습하는 데이터와 피지컬AI 모델을 만들기 위한 데이터는 차원이 다르다. 제조 강국에서 얻을 수 있는 데이터는 많지만 당장 모델 학습을 위한 데이터는 세계 각국이 어려움을 겪는 부분이다.이 때문에 피지컬AI 발전에서 병목현상이 일어나는 부분이 바로 데이터 확보다.이에 따라 다양한 분야에서 생성되는 실데이터와 합성데이터를 수집하고 분야별 플랫폼 등을 통해 피지컬AI 기술개발에 활용할 수 있는 체계를 마련하는데 주점을 둔다.피지컬AI 풀스택 생태계예컨대 정부 사업으로 생성되는 로봇 행동데이터와 같은 범용 데이터와 분야별 데이터를 한 곳에 모으고 데이터의 유효성 검증, 상호운용성 표준 제정 등 품질을 관리할 수 있는 체계를 구축해 양질의 데이터에 대한 종합적인 관리체계를 구축할 예정이다.기업이 찾아와 필요한 범용 행동 데이터를 자유롭게 학습 실증할 수 있도록 지원하고 제조·모빌리티·농업 등 현장의 행동 데이터 등 특화 데이터도 확보하고 활용할 수 있도록 범부처 협력 기반의 피지컬 AI 범용 특화 데이터 수집 활용 체계도 함께 구축하기로 했다.피지컬AI 풀스택 체계 꽃 피운다글로벌 선도 국가의 기술력에 종속되지 않고, 독자적인 피지컬 AI 기술력을 확보하기 위해 근간이 되는 기술 확보가 두 번째 과제로 제시됐다.정부는 ▲사람처럼 스스로 계획을 수립하고 장기 작업과 정밀 조작이 가능한 범용성을 갖춘 피지컬AI ‘파운데이션 모델’과 ▲세상의 변화를 미리 예측하고 시뮬레이션해 AI 학습과 의사결정을 지원하는 ‘월드모델’ ▲온디바이스에서 AI 모델이 지연 없이 작동할수 있는 컴퓨팅 플랫폼 등 3대 공통 기반 기술을 확보한다.김욱 정보통신기획평가원 피지컬AI PM첫 단추로 올해부터 LG전자·마음AI·KT·카이스트·서울대 등으로 구성된 컨소시엄이 월드모델을 중심으로 기반 기술 확보에 본격 착수했다. 핵심 요소 기업이 이미 국내에 포진하고 있는 점은 강점이다. 정부는 각 기업의 기술을 결집해 하나의 경쟁력으로 모을 수 있게 힘을 쏟기로 했다.피지컬AI 핵심기술을 제조 장비가 공정 상태를 예측하고 스스로 최적 제어하는 자율 정밀 제조 기술이나 공장 상황 변화에 맞춰 미래 상태를 예측하고 유연하게 생산하는 공장 운영 기술 등 지역 제조 현장에 선도적으로 실증한다.이 성과는 타 산업 분야로 확산해 나갈 예정으로, 피지컬 AI 핵심기술이 탑재될 디바이스 기술과 안전 신뢰 확보를 위한 통신 보안 기술도 함께 병행 개발한다.피지컬AI 서비스 적용 확산 가속화피지컬 AI 핵심기술이 지속적으로 고도화되고 실질적으로 우리 생활을 변화시키기 위해서는 기술에 대한 실증과 확산이 필수적이다. 이를 위해 부처별, 분야별 피지컬 AI 적용 수요를 발굴하고 필요한 기술을 수요와 연결하고 범부처 차원의 협력체계를 구축하기로 했다.이를테면 기술개발, 데이터 구축 활용, 실증과 상용화까지 전 주기에 걸쳐 범부처의 정책을 서로 연계해 효과적으로 지원하는 식이다.KAIST AI 대학 비전 선포식에서 기조강연 중인 배경훈 부총리 겸 과학기술정보통신부 장관.(사진=KAIST)과기정통부의 기술 개발, 지원과 도메인 부처의 수요 발굴의 연계 등을 바탕으로 개별 작업과 공정 단위에 기술을 적용하는 프로젝트와 안전, 국방, 돌봄, 농업 등 다양한 분야의 수요에 개발된 기술을 적용해 완결된 자율지능을 구현할 수 있는 프로젝트를 추진한다.이밖에 피지컬AI 산업 법 제도적 지원, 안전성과 신뢰성 확보도 필수적이다.배경훈 부총리 겸 과기정통부 장관은 “지능을 고도화할 대량의 고품질 데이터를 빠르게 확보하고 파운데이션 모델, 월드모델, 컴퓨팅 플랫폼 등 근간이 되는 기술과 통신망, 보안 등을 아우르는 국산 기술 기반의 피지컬AI 풀스택 체계를 갖춰야 한다”며 “정부의 전폭적인 지원이 시너지를 내어 대한민국이 피지컬AI 경쟁력을 확보하고 세계로 수출하는 명실상부한 1강이 되도록 적극 뒷받침하겠다”고 말했다.",True,AI 반도체,"정부는 피지컬AI 경쟁력 강화를 위해 데이터 확보, 풀스택 생태계 구축, 핵심 기술 개발에 집중한다. 범부처 데이터 플랫폼을 마련해 실데이터와 합성데이터를 수집·관리하며, 파운데이션 모델·월드모델·컴퓨팅 플랫폼 등 핵심 기술 확보에 나선다. 이를 통해 제조, 농업, 국방 등 다양한 분야에 AI 기술을 확산시키고 글로벌 선도국가로 도약하는 목표를 세웠다. 3년 내 독자 경쟁력 확보를 위해 적극적 투자를 추진 중이다.",AI 반도체,1.0
2026-07-01,"6월 수출 1,000억 달러 넘었다…반도체, 첫 400억 달러↑",정보 없음,https://n.news.naver.com/mnews/article/056/0012209577,"[앵커]지난달 우리 수출이 사상 처음으로 1,000억 달러를 돌파하며 월 기준 역대 최대 기록을 경신했습니다.반도체 수출이 처음으로 400억 달러를 돌파한 가운데, 무역수지 흑자 규모도 월간 기준으로 사상 처음으로 300억 달러를 넘어섰습니다.송락규 기자가 보도합니다.[리포트]지난달 우리 수출액은 1,022억 5천만 달러입니다.지난해 같은 달보다 70%가량 증가한 규모로, 사상 처음으로 1천억 달러 고지를 넘었습니다.직전 달 877억 5천만 달러로 새 기록을 세운 지 불과  한 달 만의 기록 경신입니다.[강감찬/산업통상부 무역투자실장 : ""월 수출 1,000억 달러를 넘은 국가는 독일, 중국, 미국에 이어서 우리나라가 네 번째에 해당됩니다.""]이번에도 수출은 반도체가 이끌었습니다.반도체 수출액만 448억 2천만 달러로, 전체 수출의 약 44%가 반도체에서 나왔습니다.직전 석 달 연속 3백억 달러를 웃돌았던 반도체 수출은 400억 달러 선도 처음으로 돌파했습니다.전 세계적으로 AI 관련 수요가 늘면서 메모리 가격이 급등한 영향으로 풀이됩니다.반도체 가격 상승과 빅테크 기업들의 수요가 늘면서  컴퓨터 수출액도 4배 넘게 늘었고, 무선통신기기도 1.5배가량 늘었습니다.한편, 고유가 국면이 지속되며 석유제품과 석유화학 수출이 두자릿수 성장을 보이기도 했습니다.지역 별로는 중국과 미국에 대한 수출액이 모두 200억 달러로 가장 많았는데, 두 국가 모두 반도체 수출 증가율이 두드러졌습니다.상반기 누적 수출액은 4,967억 달러.추세대로면 올해 수출 1조 달러 달성도 가능해 보입니다.지난달 수입액은 30.1% 늘어난 661억 달러였습니다.무역 수지는 361억 5천만 달러로 흑자를 기록했는데, 이 역시 사상 처음으로 300억 달러 선을 넘었습니다.KBS 뉴스 송락규입니다.촬영기자:김현태/영상편집:이수빈■ 제보하기▷ 전화 : 02-781-1234, 4444▷ 이메일 : kbs1234@kbs.co.kr▷ 카카오톡 : 'KBS제보' 검색, 채널 추가▷  유튜브, 다음에서도 KBS뉴스를 구독해주세요!",True,반도체,"지난달 우리나라 수출이 사상 최초로 1,000억 달러를 돌파하며 역대 최대를 기록했습니다. 반도체 수출이 448억 달러로 전체의 44%를 차지하며 400억 달러를 넘어섰고, 수출액은 70% 증가한 1,022억 달러입니다. 무역수지도 361억 달러 흑자를 기록하며 월 기준 사상 최대였습니다. 특히, AI 수요 증가로 반도체 가격이 상승하며 컴퓨터와 통신기기 수출도 크게 늘었고, 석유제품과 석유화학 수출도 두 자릿수 성장세를 보였습니다. 중국과 미국에 대한 수출이 가장 많았으며, 상반기 누적 수출은 4,967억 달러로 연내 1조 달러 달성 가능성이 높아지고 있습니다.",반도체,3.0
2026-07-01,"美, 앤스로픽 AI 수출통제 18일 만에 해제…삼성·SK 다시 쓴다",정보 없음,https://n.news.naver.com/mnews/article/020/0003730803,"미국 정부가 앤스로픽의 최상위 인공지능(AI) 모델 ‘클로드 미토스5’와 ‘페이블5’에 적용했던 수출 통제를 18일 만에 해제했다. 규제 부담을 덜어낸 앤스로픽은 고성능·저비용 모델 ‘소넷5(Sonnet 5)’를 곧바로 선보이며 글로벌 AI 시장의 비용 경쟁에 나섰다.1일 블룸버그통신 등 외신에 따르면 미 상무부는 지난달 30일(현지 시간) 앤스로픽에 서한을 보내 두 모델에 대한 수출통제를 해제한다고 밝혔다. 상무부는 앞서 지난달 26일 ‘신뢰할 수 있는’ 미국 내 기관·기업 100여 곳에 미토스5 접근을 우선 허용했다. 이후 앤스로픽이 추가 안전장치를 마련하고 보안 위험을 사전에 점검하겠다고 약속하자 통제를 해제한 것으로 전해졌다. 다만 하워드 러트닉 상무장관은 서한에서 상황이 달라지거나 앤스로픽이 약속을 이행하지 않을 경우 허가 요건을 다시 적용할 수 있다고 명시했다.앞서 상무부는 지난달 12일 페이블5의 ‘탈옥(안전장치 우회)’ 가능성을 문제 삼아 국가 안보를 이유로 외국인의 두 모델 접근을 전면 차단하라는 지침을 내렸다. 이용자 국적을 가려낼 수단이 없던 앤스로픽은 결국 전 이용자를 대상으로 서비스를 중단했다. 정부가 선도 AI 기업에 상용 모델 회수를 사실상 강제한 첫 사례로, 업계 전반에 파장을 남겼다. 실제 오픈AI도 정부 요청으로 신모델 ‘GPT-5.6’의 공개 범위를 검증된 일부 파트너로 제한한 상태다.전문가급 사이버 보안 취약점 탐지 역량으로 주목받았던 미토스5의 이용 제한이 풀리면서 글로벌 보안 AI 시장에도 적잖은 변화가 예상된다. 국내에서는 한국인터넷진흥원(KISA)을 비롯해 삼성전자, SK하이닉스, SK텔레콤 등이 미토스 접근 권한을 확보했지만, 미국 정부의 수출통제 조치로 활용에 차질을 빚어왔다. 앤스로픽은 “내일부터 접근 권한 복구를 시작한다”고 밝혔다.프론티어 보안 연구소의 아이작 해리스 전무는 “이번 조치로 미국 내 AI 모델에 대한 표준 절차가 마련되고 있음을 보여준다”면서도 “안전장치가 부족한 중국의 강력한 AI 모델들이 향후 미국 시장에서 어떻게 다뤄질지는 여전히 의문”이라고 로이터통신에 밝혔다.수출통제 해제와 맞물려 앤스로픽은 새 모델 소넷5를 내세워 기업 고객 확보에도 속도를 냈다. 소넷5는 기존 최고 사양 모델인 ‘오퍼스 4.8’에 가까운 성능을 내면서도 구동 비용을 크게 낮췄다. 도입가는 100만 토큰 기준 입력 2달러, 출력 10달러로 오퍼스 4.8의 절반에도 못 미친다. 소프트웨어 개발 역량을 평가하는 ‘SWE-벤치 프로’ 시험에서는 63.2%를 기록해 오픈AI의 ‘GPT-5.5’(58.6%)를 앞섰다.",True,반도체,"미국 정부는 앤스로픽의 AI 모델 ‘클로드 미토스5’와 ‘페이블5’에 대한 수출 통제를 18일 만에 해제하고, 안전장치 마련 후 접근 허용을 결정했다. 이에 앤스로픽은 저비용 고성능의 ‘소넷5’를 출시하며 글로벌 시장 경쟁에 나섰다. 이번 조치는 AI 산업의 표준 절차 마련을 보여주지만, 중국 등 강력한 AI 모델에 대한 규제는 여전히 불확실성을 남기고 있다. 앤스로픽은 새 모델로 기업 고객 확보에 박차를 가하고 있다.",오픈AI,2.0
2026-07-01,"삼성전자, '세이프 포럼 2026' 개최…AI 파운드리 생태계 확대",정보 없음,https://n.news.naver.com/mnews/article/001/0016169091,"2나노 공정 로드맵 공개…글로벌 고객사 확보 속도기조연설 중인 신종신 삼성전자 부사장(서울=연합뉴스) 삼성전자가 1일 삼성전자 서초사옥에서 '세이프 포럼 2026(SAFE Forum 2026)'를 개최했다. 삼성전자 파운드리 사업부 디자인플랫폼 개발실 신종신 부사장이 기조연설을 하고 있다. 2026.7.1 [삼성전자 제공. 재판매 및 DB 금지](서울=연합뉴스) 강태우 기자 = 삼성전자는 1일 서울 서초사옥에서 '세이프(SAFE) 포럼 2026'을 열고 인공지능(AI) 반도체 생태계 협력 확대 방안과 차세대 파운드리(반도체 위탁생산) 기술 전략을 공개했다.세이프 포럼은 2019년 10월부터 진행된 삼성전자 파운드리 생태계 프로그램으로, 파운드리 파트너사들과 최신 기술 동향을 공유하고 협력을 강화하는 자리다.이번 행사에는 고객사와 파트너사 관계자 400여명이 참석했으며, 전자설계자동화(EDA), 설계자산(IP), 디자인솔루션(DSP), 첨단패키징(MDI) 등 21개 파트너사가 부스를 운영했다.신종신 삼성전자 파운드리사업부 디자인플랫폼개발실장은 기조연설에서 ""세이프 포럼을 통해 고객·파트너사와 적극 소통하겠다""며 ""AI·고성능컴퓨팅(HPC) 글로벌 고객사뿐 아니라 국내 시스템반도체 기업과의 협력도 강화하고, 국내 시스템반도체산업 플랫폼 역할을 확대해 나가겠다""고 말했다.삼성전자는 이날 AI 반도체 수요에 대응하기 위한 차세대 2나노(㎚·1㎚=10억분의 1m) 공정과 DTCO(설계·공정 동시 최적화) 기술 로드맵을 공개했다.AI 반도체 성능 향상의 핵심으로 꼽히는 SRAM 경쟁력 강화 방안도 소개하며 차세대 AI 반도체 개발을 지원하고 있다고 설명했다.또 AI 팹리스 기업 리벨리온과 지멘스 EDA 등 주요 파트너사는 삼성 파운드리 공정을 활용한 AI 반도체 개발 사례와 2.5D·3D 칩 설계 지원 기술 등을 발표했다.미국에 건설 중인 삼성전자 반도체 공장(서울=연합뉴스) 미국 텍사스주 테일러시에 건설 중인 삼성전자 반도체 공장 전경. 2025.2.14 [삼성전자 제공. 재판매 및 DB금지] photo@yna.co.kr한편 AI 반도체 확산으로 그래픽처리장치(GPU)와 주문형반도체(ASIC) 수요가 늘면서 선단 공정 파운드리 시장도 빠르게 성장하고 있다.시장조사업체 옴디아에 따르면 3나노 이하 파운드리 시장은 지난해 257억달러에서 2028년 1천19억달러로 성장할 전망이다.삼성전자는 2022년 세계 최초로 GAA(게이트 올 어라운드) 기술을 적용한 3나노 양산에 성공하는 등 선단 공정 기술 경쟁력을 강화해 왔다. 평택과 미국 테일러를 중심으로 생산라인도 확대하고 있다.업계에서는 AI·HPC 수요 확대에 힘입어 삼성전자의 대형 글로벌 고객사 확보 성과가 하반기부터 더욱 가시화될 것으로 보고 있다.삼성전자는 지난해 테슬라와 약 22조7천억원 규모의 파운드리 공급 계약을 체결했으며, 엔비디아의 자율주행칩과 그록(Groq)의 AI 칩 생산에도 협력하고 있다. 업계에서는 퀄컴과 AMD 등 주요 글로벌 고객사와의 협력 확대 가능성도 거론된다.burning@yna.co.kr",True,파운드리,"삼성전자는 1일 '세이프 포럼 2026'을 개최하며 2나노 공정과 AI 반도체 생태계 강화를 위한 기술 로드맵을 공개했다. 이번 행사에는 400여 명의 고객사와 파트너사가 참여했으며, AI·HPC 수요 증가에 대응해 차세대 공정기술과 SRAM 경쟁력 강화 방안을 소개했다. 삼성전자는 글로벌 고객사 확보를 위해 3나노 GAA 공정 기술을 선도하며, 테슬라, 엔비디아 등과 협력 관계를 강화하고 있다. 시장은 AI·HPC 수요 확대로 선단 공정 시장이 급성장하고 있으며, 삼성전자는 생산라인 확대와 기술 경쟁력 강화를 통해 글로벌 시장에서의 입지를 강화하고 있다.",파운드리,2.0
2026-07-01,정부 “삼성전자·SK하이닉스 ‘성과급 백지화 공문설’ 허위”,정보 없음,https://n.news.naver.com/mnews/article/022/0004139591,"노동부 “공문 발송한 실제 사실 없어”정부, 악의적 사실 유포 시 엄정 대처정부가 삼성전자와 SK하이닉스에 ‘반도체 초과이익 공유제’를 위한 기존 성과급 협약에 백지화 공문을 보냈다는 내용이 온라인에 퍼지자 고용노동부가 직접 나서 선을 그었다.SK하이닉스와 삼성전자. 뉴시스노동부는 1일 언론공지를 통해 “(해당 내용을)‘허위사실’로 규정하며, 악의적인 유포 행위에 대해 강력히 대처하겠다”고 밝혔다.이어 “현재 온라인상에 유포되고 있는 ‘반도체 초과 이익 공유제’ 및 ‘성과급 협약 백지화’ 관련 글은 전혀 근거 없는, 사실과 다른 내용”이라고 덧붙였다.최근 직장인 익명 커뮤니티 등에서 ‘정부가 삼성전자와 SK하이닉스에 공문을 보내 기존의 성과급 협정을 전면 재검토하게 하고, 내년부터 정부 주도 초과이익 공유 정책에 맞춰 보상·배분 방식을 설계 운영할 것’이라는 내용의 글이 공유됐다.노동부는 “실제 공문을 발송한 사실이 없다”며 “향후 이같은 잘못된 글을 악의적으로 유포하는 경우에 대해서는 수사시관 신고 등을 통해 강력히 대처할 계획”이라고 밝혔다.산업통상부 역시 “정부가 삼성전자와 SK하이닉스에 공문을 발송했다는 글은 전혀 사실과 다르다”면서 “악의적으로 유포하는 경우에 대해서는 수사기관 신고 등을 통해 강력히 대처할 계획”이라고 했다.한편 노동부는 반도체 호황으로 인한 초과이익 배분 등을 주제로 이달 중 토론회를 개최할 예정이다. 구체적 의제와 시기에 대해서는 조율 중인 것으로 전해졌다.",True,삼성전자,"노동부는 온라인에 퍼진 ‘삼성전자와 SK하이닉스에 공문을 보내 성과급 협약 백지화’라는 허위사실에 대해 강력히 부인하며, 악의적 유포에 대해 수사와 신고로 엄정 대응하겠다고 밝혔다. 산업통상부도 관련 내용을 사실이 아니라고 확인했으며, 정부는 초과이익 공유제와 관련된 토론회를 이달 중 개최할 예정이다.",삼성전자,1.0
2026-07-01,"""우리도 영업익으로 성과급""... 삼성전기도 내년부터 삼성전자처럼",정보 없음,https://n.news.naver.com/mnews/article/469/0000939718,"삼성전자 결정 후 성과급 재원을영업이익으로 변경한 첫 계열사경기 수원시 삼성전기 사업장 전경. 삼성전기 제공삼성전기가 삼성의 대표적인 성과급 제도인 초과이익성과급(OPI)의 재원을 기존 경제적부가가치(EVA) 중심에서 영업이익 기준으로 바꾼다. 삼성전자 반도체(DS) 부문이 올해 임금협상에서 OPI 재원을 EVA 20%에서 영업이익 10%로 변경하기로 한 이후 계열사 가운데 처음 같은 방식으로 제도를 개편하는 것이다. 영업이익에서 세금과 이자, 시설투자금 같은 자본비용을 제외한 EVA는 근로자의 실제 업무 성과를 보상금으로 지급할 수 있다는 장점이 있지만, 산정 과정의 불투명성이 꾸준히 지적돼 왔다.1일 업계에 따르면 삼성전기는 최근 임직원을 대상으로 OPI 재원 산정 방식 개편 투표를 실시했고, 선거인수 1만2,886명 가운데 9,343명(투표율 72.5%)이 참여해 9,068명(97.1%)이 '영업이익 10%' 방안에 찬성했다. 회사 관계자는 ""4월 노사협의회와 합의한 임금단체협상에서 성과급 산정 방식을 투표에 부쳐 결정하기로 했고, 지난달 18일부터 30일까지 투표를 실시했다""고 말했다.투표 결과에 따라 삼성전기는 내년 초 지급하는 OPI부터 영업이익의 10%를 재원으로 활용하는 산정 방식을 적용할 예정이다. OPI는 소속 사업부 실적이 연초에 세운 목표를 초과했을 때 개인 연봉의 최대 50%까지 매년 한 차례 지급하는 것으로, 목표달성장려금(TAI)과 함께 삼성의 대표적인 성과급 제도다.",True,삼성전자,"삼성전기는 성과급 재원인 초과이익성과급(OPI)의 산정 방식을 기존의 경제적 부가가치(EVA)에서 영업이익 기준으로 변경하기로 했다. 이는 삼성전자 반도체 부문이 올해 임금협상에서 EVA 대신 영업이익 10%를 재원으로 하는 방침을 채택한 후 계열사 최초 사례다. 최근 임직원 투표에서 97.1%의 찬성으로 결정됐으며, 내년 초부터 새 방식을 적용할 예정이다. 이번 개편은 산정의 투명성을 높이고 성과에 따른 보상을 강화하기 위한 것이다.",삼성전자,1.0
2026-07-01,"노동부 ""삼성전자·SK하이닉스 '성과급 백지화 공문설' 허위사실‥강력대응""",정보 없음,https://n.news.naver.com/mnews/article/214/0001508839,"정부가 삼성전자와 SK하이닉스에 '반도체 초과이익 공유제'를 위해 기존 성과급 협약 백지화 공문을 보냈다는 온라인 확산 내용에 대해 고용노동부가 '허위 사실'이라고 선을 그었습니다.노동부는 오늘 ""온라인상에 유포되고 있는 '반도체 초과 이익 공유제' 및 '성과급 협약 백지화' 관련 글은 전혀 근거 없는, 사실과 다른 내용""이라며 악의적인 유포 행위는 수사기관에 신고해 강력히 대처하겠다고 밝혔습니다.최근 직장인 익명 커뮤니티 등에서 '정부가 삼성전자와 SK하이닉스에 공문을 보내 기존의 성과급 협정을 전면 재검토하게 하고, 내년부터 정부 주도 초과이익 공유 정책에 맞춰 보상·배분 방식을 설계 운영할 것'이라는 내용의 글이 퍼졌습니다.한편 노동부는 이달 중 반도체 이익 배분 등을 주제로 토론회를 개최할 방침입니다.",True,삼성전자,정부는 온라인에 퍼진 '반도체 초과이익 공유제'와 '성과급 협약 백지화' 관련 허위 주장에 대해 사실이 아니라고 밝혔습니다. 노동부는 해당 내용이 근거 없으며 악의적 유포에 대해 수사기관에 신고하겠다고 강조했습니다. 최근 커뮤니티 등에 정부가 삼성전자와 SK하이닉스에 공문을 보내 협약을 재검토하고 초과이익 공유 정책에 맞춘 분배 방식을 설계한다는 내용이 퍼졌으나 사실이 아닙니다. 노동부는 이달 중 관련 토론회를 개최할 예정입니다.,삼성전자,1.0
2026-07-01,"삼전·SK하이닉스 6억 성과급 백지화?…노동부 ""사실 아냐""",정보 없음,https://n.news.naver.com/mnews/article/666/0000113414,"직장인 커뮤니티 중심 '협정 재검토' 공문 의혹노동부 ""악의적 유포, 강력히 대처할 것""삼성전자·SK하이닉스. 연합뉴스정부가 삼성전자와 SK하이닉스에 '반도체 초과이익 공유제' 조성을 위한 기존 성과급 협약 백지화 공문을 발송했다는 루머는 사실이 아닌 것으로 확인됐다.고용노동부는 ""현재 온라인상에서 유포되고 있는 '반도체 초과이익 공유제' 및 '성과급 협약 백지화' 관련 글은 전혀 근거 없는 허위 사실""이라고 1일 밝혔다.최근 직장인 익명 커뮤니티 등에는 '정부가 삼성전자와 SK하이닉스에 공문을 보내 기존 성과급 협정을 전면 재검토하도록 했으며, 내년부터 정부 주도 초과이익 공유 정책에 맞춰 보상·배분 방식을 운영하도록 지시했다'는 내용의 글이 확산됐다.노동부 관계자는 ""향후 이 같은 잘못된 정보를 악의적으로 유포하는 행위에 대해서는 수사기관 신고 등을 통해 강력히 대처할 계획""이라고 강조했다.산업통상부 역시 ""정부가 삼성전자, SK하이닉스에 공문을 발송했다는 글은 전혀 사실과 다르다""면서 ""악의적으로 유포하는 경우에 대해서는 수사기관 신고 등을 통해 강력히 대처할 계획""이라고 했다.한편 노동부는 이달 중 반도체 이익 배분 등을 주제로 한 토론회를 개최할 방침이다. 현재 구체적인 의제와 개최 시기에 대해 일정을 조율 중인 것으로 알려졌다.",True,SK하이닉스,"정부는 삼성전자와 SK하이닉스에 '반도체 초과이익 공유제' 관련 성과급 협약 백지화 공문 발송 루머가 허위임을 밝혔다. 온라인 커뮤니티에서 확산된 내용은 사실이 아니며, 노동부와 산업통상부는 악의적 유포에 대해 강력히 대처하겠다고 강조했다. 노동부는 이달 중 반도체 이익 배분 관련 토론회를 개최할 예정이며, 구체적 일정은 조율 중이다.",SK하이닉스,1.0
2026-07-01,"SK하이닉스, 나스닥 등록서 수정 제출…공모조건 여전히 미정",정보 없음,https://n.news.naver.com/mnews/article/001/0016168780,"SK하이닉스[연합뉴스 자료사진. 재판매 및 DB 금지](서울=연합뉴스) 정주호 기자 = SK하이닉스가 미국 나스닥 상장을 위해 미국 증권거래위원회(SEC)에 냈던 등록서(Form F-1)를 수정해 지난달 30일(현지시간) 다시 제출하고 신청 절차를 완료했다.경제 전문매체 인베스팅닷컴 등에 따르면 회사는 24일 이사회에서 신주 최대 1천779만주(발행주식의 약 2.50%)를 미국주식예탁증서(ADS)로 발행하기로 의결한 바 있으며, 공모 규모는 294억7천만달러(약 45조4천500억원)다.이는 모두 최초 등록서(6월24일) 제출 당시 이미 공개된 내용으로, 수정본에서 달라지지 않았다.SEC 전자공시시스템을 보면 이번 수정본에서도 공모가, ADS 발행 물량, 보통주 대비 ADS 환산비율 등 핵심 공모 조건은 빈칸으로 남아 아직 확정되지 않았다. 공모가는 SK하이닉스와 주관사 간 협의를 거쳐 직전 거래가와 시장 상황을 반영해 최종 결정될 예정이라고 등록서는 밝혔다.이번 수정본에서 새로 확인되는 내용은 위험요인(Risk Factors) 항목에 추가된 소송 리스크다. 지난달 25일 범용 D램 간접구매자들이 캘리포니아 북부연방지법에 반독점 집단소송을 제기했다는 내용이 신규로 명시됐다.미국 소비자 14명과 중소 PC 제조업체 3곳이 삼성전자·SK하이닉스·마이크론을 상대로 낸 소송으로 메모리 가격 상승이 맥북·아이패드 등 IT 완제품 가격 상승으로 이어지면서 소비자들이 직접적인 금전적 피해를 봤다는 게 원고 측 논리다.SK하이닉스는 2026년 1분기 기준 IDC 집계로 HBM 시장 글로벌 점유율 56.4%로 1위, D램(HBM 포함) 시장 점유율 29.1%로 2위를 각각 기록했다고 등록서에서 밝혔다.jooho@yna.co.kr",True,SK하이닉스,"SK하이닉스는 미국 증권거래위원회(SEC)에 낸 상장 등록서(폼 F-1)를 수정해 지난달 30일 다시 제출하며 신청 절차를 완료했다. 이사회는 최대 1,779만주(약 2.5%)의 ADS 발행과 294억7천만달러 규모의 공모를 결정했으며, 공모가와 조건은 아직 확정되지 않았다. 수정본에는 캘리포니아 법원에 제기된 반독점 소송이 위험요인으로 추가됐으며, 이는 삼성전자·마이크론과 함께 소송 대상이 됐다. SK하이닉스는 2026년 1분기 기준 D램 시장 점유율 29.1%, HBM 시장 56.4%로 1위와 2위를 기록 중이다.",SK하이닉스,1.0
2026-07-01,"에이전트AI ""AI 신약 플랫폼 '몰포지' 엔비디아 인셉션 선정""",정보 없음,https://n.news.naver.com/mnews/article/003/0014038687,"219만개 후보물질 분석·24시간 AI 연구개발 체계 구축*재판매 및 DB 금지[서울=뉴시스] 김경택 기자 = 에이전트AI는 자회사 디지털바이올로지가 개발한 인공지능(AI) 기반 저분자 신약 후보물질 발굴 플랫폼 '몰포지(MolForge)'가 엔비디아(NVIDIA)의 스타트업 지원 프로그램 '엔비디아 인셉션(NVIDIA Inception)'에 선정됐다고 1일 밝혔다.회사 측에 따르면 이번 선정은 에이전트AI 계열사 가운데 두번째 엔비디아 인셉션 선정 사례다. 앞서 AI 로봇 안전 검증 플랫폼 '로보게이트(RoboGate)'를 개발하는 자회사 에이전트AI랩스가 먼저 선정된 바 있다.에이전트AI 관계자는 ""자체 AI 플랫폼이 로보틱스와 신약 개발 등 미래 핵심 분야에서 연이어 기술력을 인정받았다는 점에서 의미가 크다""고 말했다.엔비디아 인셉션은 AI, 바이오, 로보틱스 등 혁신 기술 기업을 대상으로 그래픽처리장치(GPU) 컴퓨팅 인프라와 기술 지원, 글로벌 네트워크를 제공하는 프로그램이다. 디지털바이올로지는 이번 선정을 계기로 엔비디아의 AI 컴퓨팅 인프라를 활용해 플랫폼 성능을 고도화하고, 글로벌 제약·바이오 기업과의 공동연구·사업 협력을 확대할 계획이다.디지털바이올로지가 개발한 몰포지는 새로운 저분자 화합물을 설계하고 검증한 뒤 우선순위를 결정하는 AI 신약개발 플랫폼이다. 단일 후보물질 개발에 그치지 않고 다양한 질환으로 확장할 수 있는 플랫폼이라는 점이 핵심 경쟁력이다. 이를 통해 반복적인 신약 후보 발굴이 가능하다고 회사 측은 설명했다.몰포지는 자체 개발한 생성형 AI '몰포지 젠(MolForge-Gen)’을 기반으로 약 160만개의 약물 데이터를 학습해 새로운 저분자 화합물을 설계한다. 생성 분자의 97.5%가 화학적으로 유효한 구조를 보였으며, 분자 생성부터 결합 예측, 독성, 약물성, 합성 가능성까지 7개 이상의 독립 AI 모델이 동시에 분석하는 다중모델 검증 기술을 적용했다.현재까지 몰포지 젠이 생성한 후보 분자는 219만168개에 이른다. 이 가운데 약물성(ADMET), 신규성, 합성 가능성 등을 통과한 7만1651개를 선별하고, 다시 2401개의 최상위 후보군으로 압축해 실제 실험 대상으로 제시하는 'AI 퍼널(Funnel)' 방식을 운영하고 있다. 사람이 직접 검토하기 어려운 수백만개 규모의 화합물을 AI가 자동으로 분석해 가장 가능성이 높은 후보를 찾아내는 것이다.디지털바이올로지는 AI 예측의 신뢰성을 높이기 위한 검증 체계도 마련했다. AI가 제시한 예측의 신뢰도를 함께 제공하는 정합 예측Conformal Prediction) 기술은 외부 평가에서 86.5%의 적중률을 기록했으며, AI가 예측한 단백질-분자 결합 구조의 99.5%가 국제 검증 도구(PoseBusters)의 물리화학적 타당성 검사를 통과했다.또 실험 전 AI 예측 결과를 시간 기록과 함께 공개 저장소에 사전 등록(Pre-registration)하는 방식을 운영해 연구의 투명성과 재현성도 확보하고 있다고 회사 측은 전했다.디지털바이올로지 관계자는 ""이번 엔비디아 인셉션 선정은 디지털바이올로지의 AI 신약 플랫폼 경쟁력이 글로벌 AI 생태계에서 인정받았다는 의미이자, 에이전트AI 그룹의 AI 플랫폼 기술력이 다시 한번 검증된 성과""라고 말했다.",True,엔비디아,"에이전트AI의 자회사 디지털바이올로지가 개발한 AI 신약 후보물질 발굴 플랫폼 '몰포지'가 엔비디아 인셉션에 선정됐다. 몰포지는 219만 개 이상의 후보 화합물을 설계·검증하며, 7만 개 이상의 유효 후보를 선별하는 AI 퍼널 방식을 통해 신약 개발을 가속화한다. 생성형 AI '몰포지 젠'과 다중모델 검증 기술, 신뢰도 검증 체계를 갖추어 글로벌 제약·바이오 분야와 협력을 확대할 계획이다. 이번 선정은 디지털바이올로지의 AI 플랫폼 경쟁력을 인정받은 성과로 평가된다.",엔비디아,1.0
2026-07-01,"[속보] 뉴욕증시, AMD 등 기술주 강세에 일제히 상승 마감",정보 없음,https://n.news.naver.com/mnews/article/003/0014038491,후속기사가 이어집니다,True,AMD,기사를 제공해 주세요.,AMD,1.0
2026-07-01,"앤트로픽, 신약개발 프로그램 시동…""소외된 질환 치료제 발굴""",정보 없음,https://n.news.naver.com/mnews/article/001/0016168830,"과학자용 '클로드 사이언스' 공개…중위 모델 '소네트' 새 버전도 출시앤트로픽[AFP=연합뉴스 자료사진](샌프란시스코=연합뉴스) 권영전 특파원 = 인공지능(AI) 기업 앤트로픽이 신약 개발 프로그램을 시작하며 건강관리 시장 공략에 나섰다.에릭 카우더러-에이브럼스 앤트로픽 생명과학 총괄은 제약사들을 위해 설계된 AI 도구 개발의 일환으로 신약 개발 프로그램을 내부적으로 발족했음을 밝혔다고 미 경제방송 CNBC가 30일(현지시간) 보도했다.카우더러-에이브럼스 총괄은 앤트로픽이 기존 제약사들이 매력적인 투자 대상으로 보지 않는 소외된 질환의 치료제 발굴에 주력할 것이라고 설명했다.그는 앤트로픽이 신약 개발에 직접 나서는 이유에 대해 ""산업의 발전을 가속할 올바른 모델과 제품, 도구를 구축하려면 직접 경험해야 하기 때문""이라고 말했다.앤트로픽 대변인도 ""우리는 공익 기업으로서 상업 시장이 간과하는 업무를 포함해 환자의 이익을 위한 프로그램을 선택할 수 있다""고 덧붙였다.앤트로픽은 신약·신소재 개발에 특화한 AI 도구 알파폴드를 개발한 존 점퍼 구글 딥마인드 부사장을 최근 영입한 바 있다.점퍼 전 부사장은 알파폴드 AI로 단백질 접힘 문제를 풀어 데미스 허사비스 딥마인드 최고경영자(CEO)와 함께 지난 2024년 노벨 화학상을 공동 수상한 인물이다.앤트로픽은 과학자들을 위한 AI 도구 '클로드 사이언스'의 시험판도 이날 선보였다.클로드 사이언스는 연구자들이 흔히 사용하는 도구를 통합해 문헌 분석과 다단계 연구, 시각적 연구 결과물 생성 등을 돕는 도구다.유전체학, 단백질체학, 화학정보학 등 분야에 맞춰 사전 구성됐으며 과학 데이터베이스 60여 종과 연동된다.한편, 앤트로픽은 에이전트 능력을 키운 AI 모델 '클로드 소넷5'도 이날 발표했다.소네트5는 상위 모델인 '오퍼스4.8'에 육박하는 성능을 제공하면서도 낮은 비용으로 책정돼 코딩·도구 사용·지식 산업 등에서 뛰어난 효율성을 보여준다고 앤트로픽은 소개했다.앤트로픽은 AI 모델을 최상위 '미토스·페이블'부터 상위 '오퍼스', 중위 '소네트', 하위 '하이쿠' 등으로 나눠 제공하고 있다.comma@yna.co.kr",True,앤트로픽,"AI 기업 앤트로픽이 과학자용 '클로드 사이언스' 시험판과 제약사 대상 신약 개발 프로그램을 공개했다. 클로드 사이언스는 문헌 분석, 연구 지원 등을 돕는 통합 도구로, 유전체학 등 분야별 데이터베이스와 연동된다. 또한, 새 AI 모델 '클로드 소넷5'를 출시해 비용 효율성과 성능을 높였으며, 다양한 수준의 AI 모델도 제공한다. 앤트로픽은 신약 개발에 직접 참여하며 건강관리 시장 공략에 나서고 있다.",앤트로픽,1.0
2026-07-01,구글 게임앱 불공정행위 적발,정보 없음,https://n.news.naver.com/mnews/article/001/0016170220,(세종=연합뉴스) 김주성 기자 = 정지은 공정거래위원회 시장감시국장이 1일 세종시 정부세종청사에서 구글의 앱마켓 관련 시장지배적 지위 남용행위 사건에 대해 브리핑하고 있다. 2026.7.1utzza@yna.co.kr,True,구글,정지은 공정거래위원회 시장감시국장은 1일 세종시 정부세종청사에서 구글의 앱마켓 관련 시장지배적 지위 남용행위 사건에 대해 브리핑했습니다.,구글,1.0
2026-07-01,"'AI 올인' 구글, 온실가스 배출 역대 최대 폭 증가",정보 없음,https://n.news.naver.com/mnews/article/052/0002373167,"주요 테크 대기업들이 인공지능, AI 인프라 구축 경쟁을 치열하게 벌이면서, 지난해 구글의 온실가스 배출량이 역대 최대 폭으로 늘고, 전력과 물 소비량도 사상 최대였던 것으로 집계됐습니다.악시오스 등 미국 언론에 따르면 구글은 30일(현지 시간) 발표한 '2026 환경 보고서'에서, 지난해 자사의 온실가스 배출량이 전년보다 18% 늘어난 1,450만 이산화탄소상당량톤(tCO₂e)이라고 밝혔습니다.이는 구글이 연례 환경 보고서를 내기 시작한 2016년 이래 역대 최대 증가율로, 주로 반도체 칩과 서버를 포함한 하드웨어 제조, 그리고 아시아-태평양 지역이 중심인 공급망 부문 배출량 증가에 따른 것입니다.전력 수요는 2024년 27%, 지난해에는 37% 늘어, 2019년의 3.5배 수준이 됐습니다.물 소비량은 34% 증가해 109억 갤런(412억6천만ℓ)으로, 2021년 수준의 두 배가 넘고, 증가분 대부분은 데이터 센터가 차지했습니다.AI의 급성장으로 구글은 기후 목표 기준점을 '총배출량의 절대적 감축'에서 '배출량 증가 속도가 성장 속도를 뛰어넘지 않도록 억제'하는 방향으로 전환했습니다.온실가스 배출량과 전력 수요, 물 소비량 등의 지표가 급격히 늘면서, 구글은 이들 지표가 더 빠르게 증가하는 것을 막기 위해 노력하고 있다고 보고서에서 강조했습니다.구글은 기록적인 12기가와트(GW) 규모 신규 청정에너지 계약을 맺었고, 전력 수요의 폭발적 증가에도 무탄소 전력(CFE) 비율을 대략 비슷한 수준(약 65%)으로 방어했다고 설명했습니다.이어, 전력 관련 배출량은 2024년에 12% 줄어든 데 이어 지난해 3% 감소했다고 밝혔습니다.마이크로소프트, 아마존 등 미국의 다른 테크 대기업들도 앞으로 몇 주 안에 연례 환경 보고서를 발간할 계획입니다.※ '당신의 제보가 뉴스가 됩니다'[카카오톡] YTN 검색해 채널 추가[전화] 02-398-8585[메일] social@ytn.co.kr",True,구글,"구글은 지난해 온실가스 배출량이 18% 증가한 1,450만 tCO₂e로 역대 최대를 기록했고, 전력과 물 소비도 사상 최대였다. AI 성장과 데이터 센터 확장으로 전력 수요는 37% 늘었으며, 물 소비는 34% 증가했다. 구글은 배출량 감축 목표를 '성장 속도 억제'로 전환하며, 12GW 규모의 청정에너지 계약과 무탄소 전력 비율 유지에 힘쓰고 있다. 다른 테크 기업들도 환경 보고서를 준비 중이다.",구글,1.0
2026-07-01,"공정위, 구글 앱마켓 시장지배적 지위 남용 심의 개시",정보 없음,https://n.news.naver.com/mnews/article/003/0014039939,[세종=뉴시스] 배훈식 기자 = 정희은 공정거래위원회 시장감시국장이 1일 오전 세종시 정부세종청사에서 구글 앱마켓 관련 시장지배적 지위 남용 행위 사건 심의 절차 개시 브리핑을 하고 있다. 2026.07.01. dahora83@newsis.com,True,구글,"정희은 공정거래위원회 시장감시국장은 1일 세종시 정부세종청사에서 구글 앱마켓 관련 시장지배적 지위 남용 행위 사건의 심의 절차 개시를 알렸다. 이번 조치는 구글의 시장 지배력 남용 여부를 조사하기 위한 것으로, 향후 관련 규제 방침이 마련될 예정이다.",구글,1.0
2026-07-01,"구글, 게임사에 '앱 마켓 갑질' 또 적발…과징금 최대 8천500억",정보 없음,https://n.news.naver.com/mnews/article/088/0001017150,"게임사 22곳에 '최혜대우 조건'으로 구글 클라우드 비용 등 지원구글 앱 마켓 점유율 80%대 유지…공정위 ""최대한 신속 판단""미국서 이미 민사소송 판결 확정…3년 전에도 400억대 과징금정지은 공정거래위원회 시장감시국장이 1일 세종시 정부세종청사에서 구글의 앱마켓 관련 시장지배적 지위 남용행위 사건에 대해 브리핑하고 있다. 연합뉴스구글이 자사 앱 마켓을 이용하는 국내외 주요 게임사에 금전적 지원을 해주는 대가로 '최혜 대우'를 요구하며 사실상 독점적 거래를 강제했다가 공정거래위원회의 심판대에 오르게 됐다.구글은 2023년에도 경쟁 앱 마켓인 원스토어에 앱을 출시하지 않는 조건으로 게임사에 지원했다가 400억원대 과징금을 부과받았으나 불과 3년 만에 다시 처분받게 됐다.공정위 사무처는 구글의 '독점규제 및 공정거래에 관한 법률'(공정거래법) 위반 혐의와 관련해 심사보고서를 당사자에 송부하고 공정위에 제출했다고 1일 밝혔다.구체적인 피심인은 구글 엘엘씨(미국), 구글 아시아퍼시픽 피티이 엘티디(싱가포르), 구글코리아 유한회사(한국)다.공정위에 따르면 구글은 인앱 결제 수수료(유료 아이템 등을 구매할 때 결제 금액의 일정 비율을 떼어가는 중개 수수료)가 높다는 이유로 게임사들이 구글 앱 마켓인 플레이스토어에서 이탈하려고 하자 이를 막기 위해 국내외 주요 게임사와 일명 GVP(Games/Google Velocity Program) 계약을 체결했다.이 계약은 게임사가 출시 시기, 품질 등을 다른 앱 마켓보다 유리하게 또는 최소한 동등하게 설정하는 조건으로, 구글이 각 게임사에 클라우드, 애즈(광고 구매 도구), 유튜브 등 구글 플랫폼 서비스 이용 비용을 지원하는 내용이 골자다.계약을 맺은 게임사는 넷마블, 엔씨소프트, 넥슨, 컴투스, 펄어비스 등 국내 5개사와 액티비전 블리자드 킹, 라이엇 게임즈 등 외국계 17개사 등 총 22개사다.계약 기간은 게임사별 상이하지만, 총기간은 2019년 7월부터 올해 3월까지라고 공정위는 설명했다.이 계약은 구글 앱 마켓 매출액이 증가할수록 지원 금액도 늘어나는 누진적 구조로 설계된 점이 특징이다.공정위 심사관은 구글이 이 같은 방식으로 각 게임사가 다른 앱 마켓에 입점할 유인을 상당 부분 떨어뜨렸다고 봤다.구글의 이 같은 시장지배적 지위 남용 행위로 벌어들인 국내 매출은 92억1천777만달러(약 14조1천600억원)에 이르는 것으로 산정됐다.심사관은 구글의 이 같은 계약이 매우 중대한 위법 행위로 보고 시정 명령과 과징금 부과 의견을 제시했다.향후 공정위는 심의를 거쳐 관련 법령에 따라 관련 매출액의 최대 6%까지 과징금을 부과할 수 있다. 최대 8천496억원의 과징금이 부과될 수 있는 셈이다.구글은 심사보고서 수령일로부터 8주 이내에 서면 의견 제출, 증거자료의 열람·복사 신청 등 방어권을 충분히 보장받을 수 있다.",True,구글,"구글이 국내외 주요 게임사에 금전 지원 조건으로 '최혜 대우'를 요구하며 시장지배적 지위를 남용한 혐의로 공정거래위원회 심판대에 섰다. 구글은 게임사와 체결한 계약에서 구글 플랫폼 서비스 이용 지원과 지원 금액 증가를 조건으로 시장 독점적 거래를 강요했으며, 이에 따른 매출은 14조원에 달한다. 2019년부터 2023년까지 계약을 맺은 22개사에 대해 심사 중이며, 공정위는 최대 8천496억 원의 과징금 부과 가능성을 열어두고 있다. 구글은 관련 법적 절차에 따라 방어권을 보장받고 있다.",구글,1.0
2026-07-01,"18일 만에 풀린 미토스·페이블…美, 앤트로픽 AI 수출통제 해제 [팩플]",정보 없음,https://n.news.naver.com/mnews/article/025/0003534633,"로이터=연합뉴스미국 정부가 앤트로픽의 최상위 인공지능(AI) 모델인 미토스5와 페이블5에 대한 수출 통제를 해제했다. 국내에서도 그간 제한됐던 두 모델의 접근권이 회복될 것이라는 기대가 나온다.앤트로픽은 지난달 30일(현지시간) 엑스(X)를 통해 “미 상무부로부터 미토스5·페이블5에 대한 수출 통제가 해제됐다는 통지를 받았다”며 “내일부터 접근권 복원을 시작하고, 곧 업데이트된 내용을 공유하겠다”고 밝혔다.앞서 미국 정부는 지난달 12일 국가안보 우려를 이유로 두 모델에 대한 외국인의 접근을 전면 중단하는 수출 통제 지침을 내렸다. 이후 26일에는 정부가 인정한 일부 검증된 이용자에 한해 미토스5를 다시 제공할 수 있게 허용했다. 워싱턴포스트(WP)는 이번 조치가 “미국 정부가 앤트로픽의 AI 모델 접근을 사실상 차단했던 2주 이상의 기간을 끝낸 것”이라며 “앤트로픽은 보안 위험을 선제적으로 탐지하고 대응하기로 합의했다”고 전했다.이번 결정으로 미국 정부는 최상위 AI 모델을 계속 관리하겠다는 뜻을 분명히 하되, 모든 이용을 한꺼번에 막는 방식에서는 한발 물러선 것으로 보인다. 로이터에 따르면 앤트로픽은 미 정부와 미토스5·페이블5 및 향후 모델 운용 규약을 논의하고, 악성 활동 징후를 정부에 알릴 예정이다. 다른 빅테크들과 함께 AI 모델의 안전장치를 우회하는 ‘탈옥(jailbreak)’ 가능성을 평가하고 보완하는 공통 기준도 마련 중이다. 로이터는 “미 상무부가 상황이 달라지거나 앤트로픽이 약속을 지키지 않을 경우 이번 결정을 재검토하고 라이선스 요건을 다시 부과할 가능성을 열어뒀다”며 “앤트로픽은 악성 활동을 미국 정부에 알리고 향후 모델 관련 규약을 정부와 성실히 논의하기로 했다”고 보도했다.한국 정부와 일부 국내 기업은 미토스5 접근권을 제공하는 ‘프로젝트 글라스윙’에 합류했지만, 미국 행정부 조치로 실제 모델 활용에는 제동이 걸린 상태였다. 이번 조치로 한국에서도 미토스5는 승인된 파트너를 중심으로 접근이 재개될 가능성이 커졌다. 다만 구체적인 복원 시점과 대상은 아직 확인되지 않았다. 페이블5는 일반에 공개하는 최상위 모델이며, 미토스5는 사이버 보안 등 고위험 역량 때문에 검증된 기관을 중심으로 제공되는 모델이다.이번 수출통제 해제로 앤트로픽의 국내 기업 영업을 둘러싼 단기 불확실성은 줄어들 가능성이 있지만, 최상위 미국 AI 모델을 핵심 업무와 보안, 반도체 연구개발(R&D)에 활용하려는 국내 기업들에는 미국 규제 변수가 여전히 남아 있다. 오픈AI도 지난달 26일 새 AI 모델 GPT-5.6을 공개하는 과정에서 정부와 공유된 신뢰할 수 있는 파트너를 대상으로 모델을 선공개했다. 오픈AI는 당시 “이런 형태의 정부 접근 절차가 장기적인 표준이 돼서는 안 된다고 본다”며 “이는 최고의 도구가 이를 필요로 하는 이용자와 개발자, 기업, 사이버 방어자, 글로벌 파트너에게 제공되는 것을 가로막는다”고 밝혔다.더중앙플러스 : 팩플더 자세한 기사 내용이 궁금하시다면 주소창에 링크를 붙여넣으세요.포춘 10대 기업 중 8곳 쓴다…챗GPT보다 믿을 만한 ‘AI 반란군'챗GPT와 제미나이가 주도하던 AI 시장의 중심에 앤트로픽의 클로드(Claude)가 섰다. 오픈AI 출신들이 만든 안전 중심의 후발주자에서, 이제는 당당한 AI 3강이자 차기 대세로 자리매김했다. 클로드는 단순한 대화형 챗봇을 넘어, 파일을 읽고 코드를 돌리며 스스로 '실제 업무'를 수행하는 AI 에이전트의 시대를 열었다. 지금 앤트로픽을 모른다는 것은 향후 AI 기술의 방향성을 놓친다는 의미다. 오픈AI 반란군에서 출발해 시장의 판도를 바꾼 앤트로픽의 성장 비결과 앞으로의 AI 생태계 지각변동을 집중 분석했다.https://www.joongang.co.kr/article/25415947AI 쓰려다 ‘복붙 노예’ 됐다? 클로드 코워크에 PC 맡겨라개발자들의 전유물처럼 보였던 AI 에이전트 기술이 이제 클로드 코워크(Claude Cowork)라는 이름으로 우리 책상 위에 내려왔다. 복잡한 코딩은 필요 없다. 클로드가 직접 내 PC 화면을 보고 브라우저를 클릭하며 영수증 정리나 메일 분류 같은 실무를 대신 수행해주기 때문. 이 기능을 아는지, 모르는지는 단순히 일의 속도 문제가 아니다. 남들이 AI에 잡무를 맡기고 핵심 전략을 짤 때, 나 홀로 복사·붙여넣기를 반복하는 건 엑셀 시대에 주판을 두드리는 것만큼이나 위험한 신호. 나도 할 수 있나 싶었던 그 기술을 초보자도 바로 업무에 쓸 수 있게 정리했다. 소셜미디어(SNS)에서 AI로 이것도 됩니다를 보며 나만 뒤처지는 것 같았다면, 이제 과감하게 첫발을 떼어볼 때다.https://www.joongang.co.kr/article/25421677",True,앤트로픽,"미국 정부가 앤트로픽의 최상위 AI 모델인 미토스5와 페이블5에 대한 수출 통제를 해제하며, 국내에서도 접근권이 회복될 전망이다. 지난달 12일 미국이 외국인 접근을 제한했으나, 이후 일부 검증된 사용자에게 다시 제공 허용으로 변화가 있었다. 이번 조치는 앤트로픽과 미국 정부가 보안 위험 대응과 안전장치 마련에 합의한 결과로, 향후 규제 재검토 가능성도 열려 있다. 한국 기업들은 미토스5 활용이 기대되나, 여전히 규제 변수는 남아 있다. 이 조치는 글로벌 AI 시장에서 앤트로픽의 입지 강화와 규제 완화의 신호로 평가된다.",오픈AI,2.0
2026-07-01,오픈AI 수석경제학자 “AI가 인간 일자리 대체 않을것”,정보 없음,https://n.news.naver.com/mnews/article/030/0003443049,"오픈AI 로고 (로이터 연합뉴스 자료사진)오픈AI 소속 수석 경제학자가 인공지능(AI)의 부상이 인간의 일자리를 없애지 않을 것이라는 전망을 내놨다.로니 차터지 오픈AI 수석경제학자는 포르투갈 신트라에서 열린 유럽중앙은행(ECB) 연례 워크숍에서 “어떤 업무가 AI에 노출됐다고 해서 AI가 그 업무를 대체하는 것은 아니다”라는 의견을 피력했다고 블룸버그 통신이 30일(현지시간) 보도했다.그는 역시 경제학자였던 자신의 아버지가 1985년 PC를 도입하면서 경험한 사례를 들어 이처럼 주장했다.그는 “아버지의 업무는 PC의 영향을 크게 받았다”면서도 “시간이 지나면서 (PC는) 아버지의 업무 효율성을 높여줬고 결과적으로 생산성을 향상시켰다”고 지적했다.이전에는 통계를 위한 회귀분석 작업을 할 때 메인 컴퓨터가 있는 거대한 방에서 펀치 카드를 사용해야 했지만, PC를 설치한 이후에는 자신의 컴퓨터로 분석할 수 있게 됐다는 것이다.이어 최근 소프트웨어(SW) 개발 분야에서도 AI로 인한 일자리 감소는 예상과 달랐다는 견해를 내보였다.그는 “AI 역량이 높아지면서 일자리가 줄어들 것이라는 예측은 사람들이 예상했던 것처럼 현실화하지는 않았다”고 주장했다.그러면서 그는 “우리는 일자리가 무엇인지, 어떻게 진화할지 훨씬 더 깊이 고민해야 한다”며 “이런 고민을 통해 단순히 (근거 없는) 낙관적·비관적 태도를 보이는 데서 벗어나 노동 시장 동향에 대한 조언을 할 수 있게 될 것”이라고 강조했다.AI가 경제에 미치는 영향은 주요 정부·중앙은행의 핵심 쟁점으로 떠올랐으나, ECB 연구원들은 실제 일자리 감축의 징후는 아직 보이지는 않는다는 연구 결과를 내놨다.크리스틴 라가르드 ECB 총재는 유럽이 AI를 신속하게 수용하는 쪽이 이점이 크다는 입장을 보이면서도 AI의 일자리 대체 문제에 대해 각별히 주의를 기울이고 있다고 말했다.",True,오픈AI,"오픈AI 수석 경제학자는 AI가 인간의 일자리를 없애지 않을 것이라고 전망하며, AI는 오히려 업무 효율성을 높이고 생산성을 향상시킨다고 주장했다. 그는 자신의 아버지가 PC 도입 후 업무가 개선된 사례를 언급하며, AI에 대한 과도한 우려보다 노동시장 변화에 대해 깊이 고민할 필요성을 강조했다. ECB 연구에 따르면 아직 일자리 감축 징후는 없으며, 크리스틴 라가르드 총재도 AI 수용의 이점을 강조하면서도 일자리 문제에 주의를 기울이고 있다.",오픈AI,1.0
2026-07-01,"삼성전자, '세이프 포럼 2026' 개최…AI 파운드리 생태계 확대",정보 없음,https://n.news.naver.com/mnews/article/421/0009034867,(서울=뉴스1) 김진환 기자 = 1일 서울 서초구 삼성전자 서초사옥에서 열린 ‘세이프(SAFE) 포럼 2026’ 행사를 찾은 기업 관계자들이 행사장 앞에 마련된 전시 부스를 살펴보고 있다.이번 행사에서 삼성전자는 인공지능(AI) 반도체 생태계 협력 확대 방안과 차세대 파운드리 기술 전략을 공개했다. 2026.7.1/뉴스1,True,파운드리,서울 서초구 삼성전자 서초사옥에서 열린 ‘세이프 포럼 2026’에서 삼성전자는 AI 반도체 생태계 협력 확대와 차세대 파운드리 기술 전략을 공개했다. 이번 행사에는 기업 관계자들이 참석해 전시 부스를 둘러보며 최신 기술 동향을 살폈다.,파운드리,2.0
2026-07-01,"정부 ""삼성전자·SK하이닉스 '성과급 백지화 공문설' 허위""",정보 없음,https://n.news.naver.com/mnews/article/088/0001017152,"""악의적 유포행위 강력대처""…이달 중 반도체 이익배분 토론회 개최 예정경기도 수원시 삼성전자 본사 모습. 연합뉴스정부가 삼성전자와 SK하이닉스에 '반도체 초과이익 공유제'를 위한 기존 성과급 협약 백지화 공문을 보냈다는 의혹에 대해 고용노동부와 산업통상부가 1일 전면 부인했다.노동부는 이를 ""허위 사실""로 규정하며, 악의적인 유포 행위에 대해 강력히 대처하겠다고 경고했다.이날 노동부는 ""현재 온라인상에 유포되고 있는 '반도체 초과 이익 공유제' 및 '성과급 협약 백지화' 관련 글은 전혀 근거 없는, 사실과 다른 내용""이라고 밝혔다.최근 직장인 익명 커뮤니티 등에서 '정부가 삼성전자와 SK하이닉스에 공문을 보내 기존의 성과급 협정을 전면 재검토하게 하고, 내년부터 정부 주도 초과이익 공유 정책에 맞춰 보상·배분 방식을 설계 운영할 것'이라는 내용의 글이 퍼졌다.노동부는 실제 공문을 발송한 사실이 없다고 밝혔다.노동부는 ""향후 이 같은 잘못된 글을 악의적으로 유포하는 경우에 대해서는 수사기관 신고 등을 통해 강력히 대처할 계획""이라고 밝혔다.산업부 역시 공지를 통해 ""온라인상 유포되고 있는 초과이익 공유제 관련 정부 주도 싱크탱크 구성 등을 위해 정부가 삼성전자, 하이닉스에 공문을 발송했다는 글은 전혀 사실과 다르다""고 밝혔다.한편, 노동부는 이달 중에 반도체 이익 배분 등을 주제로 토론회를 개최한다는 계획이다. 현재 구체적 의제와 시기에 대해 조율 중인 것으로 전해졌다.",True,삼성전자,"정부는 삼성전자와 SK하이닉스에 '반도체 초과이익 공유제' 관련 공문을 보냈다는 의혹을 강하게 부인하며, 허위 유포에 대해 법적 대응을 예고했다. 최근 온라인에서 정부가 성과급 협약을 재검토하고 초과이익 배분 정책을 추진한다는 내용이 퍼졌으나 사실이 아니며, 관련 공문 발송도 없었다. 노동부는 이달 중 반도체 이익 배분을 주제로 토론회를 개최할 예정이며, 구체적 일정은 조율 중이다.",삼성전자,1.0
2026-07-01,"“SK하이닉스, 나스닥 등록서 다시 제출”… 공모 조건은 아직 미정",정보 없음,https://n.news.naver.com/mnews/article/366/0001175712,"SK하이닉스가 미국 나스닥 상장을 위해 미국 증권거래위원회(SEC)에 냈던 등록서(Form F-1)를 수정해 지난달 30일(현지시각) 다시 제출하고 신청 절차를 완료한 것으로 나타났다.경기 이천 SK하이닉스 본사 모습. /뉴스1이날 인베스팅닷컴 등에 따르면 회사는 지난 24일 이사회에서 신주 최대 1779만주(발행주식의 약 2.50%)를 미국주식예탁증서(ADS)로 발행하기로 의결했다. 공모 규모는 294억7000만달러(약 45조4500억원)다. 이는 모두 최초 등록서(6월24일) 제출 당시 이미 공개된 내용으로, 수정본에서 달라지지 않았다.SEC 전자공시시스템에 따르면 이번 수정본에서도 공모가, ADS 발행 물량, 보통주 대비 ADS 환산비율 등 핵심 공모 조건은 빈칸으로 남았다. 공모가는 SK하이닉스와 주관사 간 협의를 거쳐 직전 거래가와 시장 상황을 반영해 최종 결정될 예정이라고 등록서는 밝혔다.다만 수정본 위험 요인(Risk Factors) 항목에는 반독점 소송 리스크가 추가됐다. 지난달 25일 범용 D램 간접구매자들이 미국 캘리포니아 북부연방지방법원에 반독점 집단소송을 제기했다는 내용이 새롭게 포함됐다.이 소송은 미국 소비자 14명과 중소 PC 제조업체 3곳이 삼성전자와 SK하이닉스, 마이크론을 상대로 제기했다. 원고 측은 메모리 가격 인상이 맥북과 아이패드 등 IT 완제품 가격 상승으로 이어졌고, 이로 인해 소비자들이 직접적인 금전적 피해를 입었다고 주장하고 있다.한편 SK하이닉스는 등록서를 통해 시장조사업체 IDC 집계 기준 올해 1분기 HBM 시장에서 글로벌 점유율 56.4%로 1위, HBM을 포함한 D램 시장에서는 점유율 29.1%로 2위를 기록했다고 밝혔다.",True,반도체,"SK하이닉스는 미국 증권거래위원회(SEC)에 제출했던 나스닥 상장 등록서를 수정 후 다시 제출하며 신청 절차를 완료했다. 이사회는 1779만주(약 2.5%)의 ADS 공모를 의결했고, 공모 규모는 약 45조원으로 예상된다. 공모가와 조건은 아직 확정되지 않았다. 이번 수정서에는 반독점 소송 위험이 새롭게 포함됐으며, 미국 캘리포니아에서 삼성전자와 SK하이닉스 등을 상대로 제기된 집단소송이 원인이다. SK하이닉스는 1분기 HBM 시장 점유율 56.4%, D램 시장에서 29.1%를 기록하며 각각 1위와 2위를 차지하고 있다.",SK하이닉스,1.0
2026-07-01,"미, 앤트로픽 수출통제 해제…그사이 영향력 커진 중국 AI",정보 없음,https://n.news.naver.com/mnews/article/032/0003455558,"최신 모델 기술 격차 ‘6개월 이내’ 관측…딥시크 등 사용 늘어나통제기간 중 추격 발판 마련 ‘자충수’ 지적…각국 AI 정책 시험대미국 정부가 앤트로픽의 고성능 인공지능(AI) 모델 ‘미토스5’ ‘페이블5’에 대한 수출통제를 해제했다.이에 따라 앤트로픽 주도 보안연합체인 ‘프로젝트 글래스윙’에 참여하는 한국 기업·기관도 미토스에 다시 접근할 수 있게 될 것으로 전망된다.그러나 미국의 수출통제 기간에 ‘미토스급’ AI 모델을 출시한 중국 업체의 영향력이 더욱 커진 데다, 최첨단 AI 모델 차단 조치가 되풀이될 수 있어 각국 정부의 AI 정책이 시험대에 올랐다는 지적이 나온다.앤트로픽은 지난달 30일(현지시간) 미 상무부로부터 수출통제 해제 통보를 받았다면서 “내일부터 서비스를 재개할 예정”이라고 밝혔다. 미 상무부가 국가안보 우려를 이유로 지난달 12일 미토스5·페이블5에 대한 외국 기관·개인의 접근을 차단하는 긴급 수출통제 지침을 발표한 지 18일 만이다.당시 하워드 러트닉 상무장관은 엑스에서 앤트로픽이 위험 대응을 위해 미 정부와 긴밀하게 협력했다며 “(이번 조치로) AI 분야에서 미국의 지배력을 강화했다”고 주장했다.그러나 미국의 수출통제가 중국이 추구하는 ‘오픈소스 AI’에는 추격의 발판을 마련하는 계기가 되는 등 미·중 AI 패권경쟁 구도에서 미국엔 ‘자충수’가 됐다는 지적도 나온다.특히 중국 즈푸AI(Z.AI)가 지난 6월 초 출시한 거대언어모델(LLM) ‘GLM-5.2’는 미토스와 비슷한 수준의 소프트웨어 취약점 탐지 능력을 갖췄다는 평가를 받고 있다.아티피셜 애널리시스의 인텔리전스 인덱스 기준으로 GLM-5.2는 코딩 역량에서 글로벌 2위(코드 아레나)를 기록했고, 즈푸AI는 앤트로픽과 오픈AI에 이어 3위 연구소로 평가됐다. 조지타운대 안보신흥기술센터(CSET) 연구원 샘 브레즈닉은 GLM-5.2에 대해 “분명 경각심을 일깨우는 사건”이라고 말했다.미·중 간 최첨단 AI 모델 격차가 6개월 이내로 좁혀졌다는 관측까지도 나온다.최근 일론 머스크 테슬라 최고경영자가 GLM-5.2가 2027년 1분기에 앤트로픽의 최신 모델을 따라잡을 것으로 전망하자, 탕제 즈푸AI 창업자 겸 수석과학자는 ‘올해 안’이라고 공언하기도 했다.그동안은 중국산 AI 모델 성능이 벤치마크를 충족하더라도 상용화 역량은 뒤떨어진다는 지적이 우세했다. 하지만 앤트로픽 모델 차단이나 기업들의 ‘토큰 비용’ 절감 흐름과 맞물려 가격 경쟁력이 높은 중국 오픈소스 AI 모델의 저변이 넓어지는 추세이다.미국의 AI 스타트업 린디는 클로드 모델 구독을 철회하고 중국 딥시크로 100% 전환했다면서 “비용 곡선이 바닥으로 곤두박질쳤다”고 말했다. 마이크로소프트(MS)와 아마존은 일부 중국 AI 모델을 클라우드에서 제공하고 있고, MS는 자사 서비스에 최신 딥시크 모델을 추가하는 방안을 검토하고 있다.미국이 기술 우위 유지를 위해 AI 칩은 물론 최첨단 AI 모델까지 통제하는 사이, 중국이 빠르게 생태계 확장에 나서고 있는 것이다.도널드 트럼프 대통령은 최근 기술 기업들이 신규 AI 모델 출시 전 자발적으로 정부에 감독을 요청하도록 하는 내용의 행정명령에 서명하기도 했다. 앞으로도 미국 정부가 국가안보 등을 이유로 첨단 AI 모델을 통제하려는 경향이 계속될 수 있는 것이다.업계 관계자는 “AI를 전략자산으로 보고 통제할 가능성에 대비해 독자 AI 역량을 높이고, 국가 AI 인프라 체계도 점검해야 할 것”이라고 말했다.",True,앤트로픽,"미 정부는 앤트로픽의 고성능 AI 모델 ‘미토스5’와 ‘페이블5’에 대한 수출통제를 해제했으며, 한국 기업도 다시 접근 가능해졌다. 그러나 중국의 ‘GLM-5.2’ 등 경쟁 모델이 빠르게 성장하며 미·중 AI 격차가 6개월 이내로 좁혀지고 있어, 미국의 통제 정책이 오히려 중국의 추격을 촉진하는 ‘자충수’라는 지적이 나온다. 중국은 오픈소스 AI 생태계를 확장하며 경쟁력을 키우고 있으며, 미국은 AI를 전략자산으로 보고 통제 강화를 추진하는 가운데, 글로벌 AI 경쟁 구도가 빠르게 변화하고 있다.",앤트로픽,2.0
2026-07-01,"공정위, 구글 '앱마켓 갑질' 또 적발…과징금 최대 8500억원",정보 없음,https://n.news.naver.com/mnews/article/374/0000519342,"공정거래위원회가 구글의 앱마켓 운영 방식이 경쟁을 제한했다는 판단을 내리고 본격적인 제재 절차에 착수했습니다.공정위는 오늘(1일) 구글 LLC와 구글 아시아퍼시픽, 구글코리아에 공정거래법 위반 혐의를 담은 심사보고서를 발송했습니다.심사보고서는 위법 행위와 제재 의견을 담은 문서로, 검찰의 공소장에 해당합니다. 이번 송부를 시작으로 공정위 심의 절차가 본격적으로 진행됩니다.공정위는 구글이 게임사들의 앱마켓 이탈을 막기 위해 국내외 주요 게임사들과 이른바 '최혜대우(MFN·Most Favored Nation)' 성격의 GVP(Google Velocity Program·Project Hug) 계약을 체결한 것으로 판단했습니다.계약 대상에는 넷마블과 엔씨소프트, 넥슨, 컴투스, 펄어비스를 비롯해 라이엇게임즈와 액티비전 블리자드 등 국내외 22개 게임사가 포함됐습니다.GVP 계약은 게임사가 출시 시기와 서비스 품질 등을 경쟁 앱마켓보다 구글플레이에 유리하거나 최소한 동일한 수준으로 유지하는 조건으로, 구글이 클라우드와 광고, 유튜브 등 자사 플랫폼 서비스 이용 비용을 지원하는 방식입니다.특히 구글플레이 매출이 늘어날수록 지원금도 함께 늘어나는 누진 구조여서, 공정위는 게임사들이 다른 앱마켓에 입점할 유인을 크게 떨어뜨리고 사실상 구글과의 독점 거래를 강제한 것으로 보고 있습니다.공정위는 이 같은 계약이 원스토어 등 경쟁 앱마켓의 사업 활동을 방해하고, 안드로이드 앱마켓 시장에서 구글의 시장지배적 지위를 남용한 사업활동방해와 배타조건부거래에 해당한다고 판단했습니다.이에 따라 시정명령과 과징금 부과 의견을 제시했으며, 관련 매출액은 약 14조 1천600억 원으로 산정했습니다.시장지배적 지위 남용이 인정될 경우 관련 매출액의 최대 6%까지 과징금을 부과할 수 있어, 최대 8천500억 원 규모의 제재가 가능할 것으로 전망됩니다.구글은 ""법 위반 행위는 없었다""며 앞으로 진행될 심의 과정에서 충분히 소명하겠다는 입장입니다. 구글은 심사보고서 수령 후 8주 이내 서면 의견 제출과 증거자료 열람 등을 통해 방어권을 행사할 수 있습니다.반면 게임업계와 소비자단체는 앱마켓 시장의 공정한 경쟁 질서 회복을 기대한다며 환영의 뜻을 밝혔습니다.구글은 지난 2023년에도 게임사의 경쟁 앱마켓 입점을 제한한 혐의로 421억 원의 과징금을 부과받은 바 있어, 이번 심의 결과에도 관심이 쏠리고 있습니다.당신의 제보가 뉴스로 만들어집니다.SBS Biz는 여러분의 제보를 기다리고 있습니다.홈페이지 = https://url.kr/9pghjn",True,구글,"공정거래위원회는 구글의 앱마켓 운영 방식이 경쟁을 제한했다며 제재 절차를 시작했습니다. 구글은 게임사들과 '최혜대우' 계약을 맺어 구글플레이에 유리한 조건을 부여하고, 지원금을 늘려 경쟁 앱마켓 입점을 어렵게 만든 혐의를 받고 있습니다. 이는 시장지배적 지위 남용과 사업 방해로 판단되며, 과징금 부과 가능성도 검토 중입니다. 구글은 법 위반이 없다고 반박하며 심의 과정에서 방어권을 행사할 예정입니다. 이번 조치는 시장 경쟁 질서 회복 기대를 높이고 있습니다.",구글,1.0
2026-07-01,"공정위, 구글 앱마켓 시장지배적 지위 남용 심의 개시",정보 없음,https://n.news.naver.com/mnews/article/003/0014039941,[세종=뉴시스] 배훈식 기자 = 정희은 공정거래위원회 시장감시국장이 1일 오전 세종시 정부세종청사에서 구글 앱마켓 관련 시장지배적 지위 남용 행위 사건 심의 절차 개시 브리핑을 하고 있다. 2026.07.01. dahora83@newsis.com,True,구글,"정희은 공정거래위원회 시장감시국장이 1일 세종시 정부세종청사에서 구글 앱마켓 관련 시장지배적 지위 남용 행위 사건의 심의 절차 개시를 발표했다. 이번 조치는 구글의 시장 지배력 남용 여부를 검토하기 위한 것으로, 향후 조사와 심의를 진행할 예정이다.",구글,1.0
2026-07-01,"삼성전자, '세이프 포럼 2026' 개최…AI 파운드리 생태계 확대",정보 없음,https://n.news.naver.com/mnews/article/421/0009034857,(서울=뉴스1) 김진환 기자 = 1일 서울 서초구 삼성전자 서초사옥에서 열린 ‘세이프(SAFE) 포럼 2026’에 참가한 유관 기업 관계자가 반도체 칩을 설명하고 있다.이번 행사에서 삼성전자는 인공지능(AI) 반도체 생태계 협력 확대 방안과 차세대 파운드리 기술 전략을 공개했다. 2026.7.1/뉴스1,True,파운드리,서울 서초구 삼성전자 서초사옥에서 열린 ‘세이프 포럼 2026’에서 삼성전자는 인공지능(AI) 반도체 생태계 협력 확대와 차세대 파운드리 기술 전략을 발표했다. 이번 행사에는 관련 기업들이 참석해 반도체 산업 발전 방안을 논의했다.,파운드리,2.0
2026-07-01,구글 '앱마켓 담합' 적발‥과징금 최대 8500억 원,정보 없음,https://n.news.naver.com/mnews/article/214/0001508916,"[뉴스외전]공정거래위원회는 앱마켓 시장에서 게임사들에 최혜대우를 요구하는 대신 각종 지원을 제공해 사실상 독점적 거래를 한 혐의를 받는 구글을 대상으로 심의 절차에 착수했습니다.공정위는 구글이 게임사로부터 출시 시기나 품질 등에 최혜대우 조건을 요구하는 대신 구글 앱마켓 매출 상위 주요 게임사들에 서비스 비용 지원 등 특혜를 제공했다고 보고 심사보고서를 발송했습니다.관련 매출액은 약 14조 1천600억 원 규모로, 공정위는 이 매출액의 최대 6%인 8천496억 원까지 과징금을 부과할 수 있습니다.MBC 뉴스는 24시간 여러분의 제보를 기다립니다.▷ 전화 02-784-4000▷ 이메일 mbcjebo@mbc.co.kr▷ 카카오톡 @mbc제보",True,구글,"공정거래위원회는 구글이 앱마켓 시장에서 게임사에 최혜대우를 요구하는 대신 지원을 제공하며 독점적 거래 혐의를 조사 중입니다. 구글은 게임사에게 출시 시기와 품질 조건을 내세우면서, 매출 상위 게임사에 서비스 비용 지원 등 특혜를 제공한 것으로 드러났으며, 관련 매출액은 약 14조 1천600억 원에 이릅니다. 공정위는 최대 6%인 8천496억 원의 과징금을 부과할 수 있습니다.",구글,1.0
2026-07-01,구글 ‘8500억’ 과징금 위기…공정위 ‘경쟁 제한 혐의’ 제재 착수,정보 없음,https://n.news.naver.com/mnews/article/029/0003034725,"공정거래위원회가 구글의 앱마켓 운영과 관련한 경쟁 제한 혐의에 대해 제재 절차에 착수했다. 심의를 거쳐 최대 8500억원의 과징금이 부과될 가능성이 제기된다.앞서 구글은 3년 전에도 유사한 앱마켓 거래 제한 행위로 421억원의 과징금을 받은 바 있다.공정위 사무처는 구글의 ‘독점규제 및 공정거래에 관한 법률’(공정거래법) 위반 혐의와 관련해 심사보고서를 당사자에 송부하고 공정위에 제출했다고 1일 밝혔다.구체적인 피심인은 구글 엘엘씨(미국), 구글 아시아퍼시픽 피티이 엘티디(싱가포르), 구글코리아 유한회사(한국)다. 심사보고서는 공정위 심사관이 파악한 위법 행위에 관한 사실과 제재 의견을 담은 문서로, 형사소송으로 치면 공소장에 해당한다.심사보고서가 당사자에게 송부되면 공정위 제재 절차가 시작된다.구글은 인앱 결제 수수료가 높다는 이유로 게임사들이 구글 앱 마켓인 플레이스토어에서 이탈하려 하자 이를 막기 위해 국내외 주요 게임사와 일명 GVP(Games/Google Velocity Program) 계약을 체결했다.해당 계약은 게임사가 출시 시기, 품질 등을 다른 앱 마켓보다 유리하게 또는 최소한 동등하게 설정하는 조건으로 구글이 각 게임사에 클라우드, 애즈(광고 구매 도구), 유튜브 등 구글 플랫폼 서비스 이용 비용을 지원하는 내용이 골자다.계약을 맺은 게임사는 넷마블, 엔씨소프트, 넥슨, 컴투스, 펄어비스 등 국내 5개사와 액티비전 블리자드 킹, 라이엇 게임즈 등 외국계 17개사 등 총 22개사다.공정위에 따르면 계약 기간은 게임사별로 다르나 총기간은 2019년 7월부터 올해 3월까지다.해당 계약은 구글 앱 마켓 매출액이 증가할수록 지원 금액도 늘어나는 누진적 구조로 설계됐다. 공정위 심사관은 구글이 이 같은 방식으로 각 게임사가 다른 앱 마켓에 입점할 유인을 상당 부분 떨어뜨렸다고 봤다.특히 누진적 구조 탓에 구글이 사실상 각 게임사와 독점적 거래를 강제했다는 것이 공정위 심사관의 의견이다. 이를 통해 원스토어 등 경쟁 앱 마켓의 사업 활동을 방해했다는 것이다. 실제로 국내 안드로이드 앱 마켓에서 구글 플레이스토어의 점유율은 80% 이상을 유지했다.아울러 일부 게임사가 자체 앱 마켓을 출시하는 가능성도 차단했다고 봤다.한편 구글 측은 그동안 공정위 조사에 성실히 협조해 왔으며 앞으로 진행될 위원회 심의 과정에서 법 위반 행위가 없었음을 소명하기 위해 최선을 다한다는 입장이다.구글 사옥. 연합뉴스",True,구글,"공정거래위원회가 구글의 앱마켓 운영 관련 경쟁 제한 혐의에 대해 제재 절차를 시작하며 최대 8500억 원의 과징금 부과 가능성을 검토 중이다. 구글은 인앱 결제 수수료 문제로 국내외 게임사와 유리한 조건의 계약(GVP)을 체결했으며, 이로 인해 경쟁 앱 마켓 입점 유인과 자체 앱 마켓 출시를 방해한 혐의를 받고 있다. 구글은 조사에 협조하며 법 위반이 없음을 소명할 것이라고 밝혔다.",구글,1.0
2026-07-01,'3년 만에 또 갑질' 구글 '최혜대우' 요구에 공정위 심의 착수,정보 없음,https://n.news.naver.com/mnews/article/448/0000623524,"구글공정거래위원회가 구글이 국내외 게임업체의 자사 앱마켓 이탈을 막으려고 이른바 프로젝트 허그(Project Hug) 계약으로 최혜대우를 요구했다는 의혹에 대해 본격 심의에 착수했다. 구글이 2023년 원스토어 배제 행위로 제재받은 지 3년여 만에 유사한 혐의로 다시 도마에 올랐으며 미국에서는 이미 배심원단이 같은 사업 관행을 반독점법 위반으로 판단한 바 있다.공정위는 1일 구글의 공정거래법 위반 혐의에 대한 행위 사실과 위법성, 조치 의견 등을 담은 심사보고서를 위원회에 제출하고 피심인인 구글 LLC(미국), 구글 아시아 퍼시픽 Pte. Ltd.(싱가포르), 구글코리아 유한회사(대한민국)에 송부했다고 밝혔다. 심사보고서는 심사관이 조사 과정에서 파악한 위법성과 조치 의견을 담은 것으로 위원회의 최종 판단을 구속하지 않으며 최종 판단은 향후 위원회 심의를 거쳐 내려진다.이번 조사는 경제정의실천시민연합과 한국게임이용자협회, 한국게임소비자협회가 2024년 11월 신고한 데 따라 해외소송 자료 분석과 현장조사, 참고인 조사 등을 거쳐 이뤄졌다.공정위에 따르면 구글은 높은 인앱결제 수수료에 반발해 게임사들이 플레이스토어를 이탈하려는 조짐을 보이자 이를 차단하려고 2019년부터 국내외 주요 게임사와 GVP(Games Velocity Program) 계약을 맺어왔다. 게임사가 신작 출시 시기와 인앱 혜택 등을 다른 앱마켓보다 유리하거나 최소한 동등하게 설정하는 최혜대우를 조건으로, 구글이 클라우드·애즈(광고)·유튜브 등 자사 플랫폼 서비스 이용 비용을 지원하는 구조다. 게임의 구글 앱마켓 매출이 늘어날수록 지원금도 늘어나는 누진적 방식으로 설계됐다. 계약을 맺은 게임사는 국내 엔씨소프트·넥슨·넷마블·펄어비스·컴투스 5개사와 해외 라이엇게임즈·액티비전 블리자드 킹·닌텐도·텐센트·넷이즈 등 17개사 등 모두 22개사에 이른다.정희은 공정위 시장감시국장은 ""GVP의 최혜대우 조건과 누진적 지원 방식이 게임사의 경쟁 앱마켓 입점 유인을 현저히 저해해 원스토어 등 경쟁 앱마켓의 사업활동을 방해하고 계약 대상 게임사의 앱마켓 시장 진출까지 봉쇄했다고 판단했다""고 전했다. GVP 계약이 사실상 구글과의 독점적 거래를 강제한 것으로 봤다는 설명도 덧붙였다. 정 국장은 ""게임사들이 구글의 압도적 지위를 고려하면 지원 요구를 거절하기가 사실상 어려웠을 것이라며 지원을 받은 게임사가 그 이유만으로 공정거래법을 위반했다고 보기는 어렵다""고 밝혔다.공정위는 이 사건 국내 안드로이드 앱마켓 시장의 시장지배적 지위 남용행위로 영향받은 관련 매출액을 92억 1,777만 달러, 우리 돈 약 14조 1,600억원로 산정했다. 이를 근거로 사업활동방해행위와 배타조건부거래행위 등에 해당하는 매우 중대한 위법행위로 규정하고 시정명령과 과징금 부과 의견을 냈다. 관련 법에 따르면 과징금 최대 부과기준율은 6%로, 단순히 산술적으로 계산하면 8,496억원으로 나온다.공정위는 위반 기간을 2019년 7월부터 2026년 3월까지 약 6년 9개월로 판단했다. 이는 공정위가 구글의 원스토어 배제 행위를 제재한 지 3년여 만에 다시 시작된 심의로, 심사관은 최근 5년 내 법 위반 전력에 따른 가중 사유가 있다고 조치의견에 반영했다. 과징금 고시에 따르면 이 경우 산정 과징금의 20% 이상 40% 미만을 가산할 수 있으나 가중되더라도 최종 과징금은 앞서 언급한 법정 상한을 넘길 수 없다.구글 플레이 / 홈페이지 캡처앞서 공정위는 2023년 4월 구글이 원스토어 출범 이후인 2016년 6월부터 2018년 4월까지 넷마블·넥슨·엔씨소프트 등 대형 게임사부터 중소게임사까지 원스토어에 게임을 출시하지 않는 조건으로 앱마켓 첫 화면 노출(피처링)과 해외진출 지원 등을 제공한 행위에 시정명령과 과징금 421억원을 부과했다. 구글이 제기한 이 사건 취소소송은 현재 고등법원에 계류 중이다.당시 조치로 원스토어의 유료 구매자 수는 절반 이하로 줄고 국내 앱마켓 점유율은 2016년 15~20%에서 2018년 5~10%대로 주저앉았다. 정 국장은 ""이번 GVP 계약 역시 원스토어 등 경쟁 앱마켓의 경쟁 상황에 영향을 미친 것은 맞다""면서도 ""최근 불거진 원스토어 매각 논의 등 경영난은 별도의 경영판단에 따른 사안""이라는 입장을 밝혔다.이 사건 핵심 계약인 프로젝트 허그는 미국에서 이미 위법 판정을 받았다. 미 캘리포니아 북부지방법원 배심원단은 2023년 12월 에픽게임즈(Epic Games)가 제기한 소송에서 구글이 GVP 계약과 기기 제조사와의 계약(MADA·RSA 등) 등으로 셔먼법(Sherman Act) 및 캘리포니아주법을 위반해 부당하게 거래를 제한했다고 만장일치로 평결했으며 이 판단은 지난해 항소심에서도 유지됐다. 사건은 대법원까지 올라갔지만 구글이 취하하면서 그대로 확정됐다. 에픽게임즈와 구글은 올해 3월 이런 관행을 금지하는 기존 영구금지명령의 골자를 유지하는 수정 합의안을 법원에 냈다.구글은 심사보고서 수령일로부터 8주 안에 서면 의견을 제출하고 증거자료 열람·복사를 신청하는 등 방어권을 행사할 수 있다. 공정위는 방어권 보장 절차가 끝나는 대로 전원회의를 열어 최종 판단을 내릴 계획이라고 밝혔다.",True,구글,"구글이 국내외 게임사와 체결한 GVP 계약으로 최혜대우를 조건으로 지원금을 제공하며 경쟁 앱마켓 진입을 방해한 혐의로 공정거래위원회 심사를 받고 있다. 이는 2019년 이후 구글의 독점적 거래 강제와 시장 지배력 남용 사례로, 관련 매출액은 약 14조원에 달한다. 미국에서는 이미 구글의 행위가 반독점법 위반으로 판결된 바 있으며, 공정위는 시정명령과 과징금 부과를 검토 중이다. 이번 조사는 원스토어 배제 사건 이후 3년 만에 재개된 것으로, 구글의 시장지배적 지위 남용 행위에 대한 규제 강화 움직임의 일환이다.",구글,1.0
2026-07-01,구글의 ‘앱마켓 시장 독점’ 제재받는다… 과징금 8496억 원 될 듯,정보 없음,https://n.news.naver.com/mnews/article/658/0000148286,"공정위, 주요 게임사와 특정 계약 통해 타 업체 유입 방해했다 판단3년 전에도 불공정 행위 드러나 과징금 421억 원 부과된 바 있어‘앱마켓’(모바일 환경에서 애플리케이션을 검색·구매·설치할 수 있게 해주는 디지털 배급 플랫폼) 관련 시장에서 독점적 거래를 한 의혹을 받는 구글에 대한 조사가 시작된다. 과징금 부과가 결정되면 액수는 8496억 원에 이를 전망이다. 구글은 지난 2023년에도 비슷한 행위를 했다가 421억 원의 과징금 처분을 받은 바 있다.1일 공정거래위원회 사무처는 구글의 ‘독점규제 및 공정거래에 관한 법률’ 위반 혐의에 대해 행위 사실, 위법성 및 조치 의견 등이 들어 있는 심사보고서를 위원회에 제출한 후 당사자에게 송부했다고 밝혔다. 구체적인 피심인은 구글 엘엘씨(미국), 구글 아시아퍼시픽 피티이 엘티디(싱가포르), 구글코리아 유한회사(한국)다. 이는 공정위의 제재 절차가 시작됐다는 의미다. 심사보고서는 공정위가 파악한 위법 행위에 관한 사실과 제재를 해야 한다는 의견을 담은 문서다.공정위에 따르면 구글은 높은 ‘인앱결제’(앱 내부에서 디지털 상품·서비스를 구매 때 지급) 수수료에서 비롯된 게임사들의 구글 앱마켓 이탈 시도를 차단하고자 국내외 주요 게임사(액티비전 블리자드 킹·라이엇 게임즈·엔씨소프트·넷마블 등 17개)와 ‘GVP(Google Velocity Program) 계약’을 맺었다. 여기에는 게임사가 출시 시기, 품질 등을 다른 앱마켓보다 유리하게 또는 최소한 동등하게 설정(최혜 대우)하는 것을 조건으로 구글이 클라우드, 애즈, 유튜브 등 구글 플랫폼 서비스 이용 비용 등을 지원하는 내용이 담겨 있다. 또 특히 구글 앱마켓 매출액이 증가하면 구글의 지원 금액도 늘어나는 누진적 구조로 설계됐다.공정위는 구글이 GVP의 최혜 대우 조건과 누진적 지원 방식 등을 통해 게임사의 다른 앱마켓 입점 유인을 현저히 저해함으로써 원스토어 등 경쟁 앱마켓의 사업 활동을 방해했다고 판단했다. 또 구글이 GVP 계약을 통해 사실상 자사의 독점적 거래를 강제했다는 결론도 내렸다. 이어 구글의 앱마켓 시장에서의 시장지배적 지위 남용 행위로 영향을 받은 관련 매출액은 92억1777만 달러(약 14조 1600억 원)으로 산정했다.이에 공정위는 구글의 이 같은 조치가 ‘시장 지배적 지위 남용 행위’ 중 사업 활동 방해 행위, 배타조건부거래 행위’ 등을 위반하는 아주 중대한 사안이라고 판단, 시정명령과 과징금 부과 의견을 제시했다. 시장 지배적 지위 남용 행위에는 관련 매출액의 최대 6%까지 과징금이 부과된다. 앞서 구글은 2023년에도 경쟁 앱인 원스토어에 앱을 출시하지 않는 조건으로 게임사들에 앱 상단 노출·해외 진출 지원 등을 제공한 사실이 드러나 과징금 421억 원과 시정명령 처분을 받았다. 5년 이내에 다시 법 위반 행위가 적발된 만큼 관련 고시에 따라 과징금은 20~40% 가중될 수 있다. 그러나 공정위 측은 최대 과징금이  8496억 원이 될 것이라 말했다.구글은 심사보고서 수령일로부터 8주 내 서면 의견 제출, 증거자료의 열람·복사 신청 등 방어권을 행사할 수 있다. 공정위는 해당 사건이 앱마켓 시장에서 실질적인 경쟁력 복원을 위한 중대 사안인 만큼 방어권 보장 절차가 끝나는 대로 신속하게 최종 판단을 내리기로 했다.",True,구글,"공정거래위원회는 구글이 ‘GVP 계약’을 통해 국내외 게임사들의 앱마켓 유입 방해와 시장 지배적 지위 남용 혐의로 조사를 시작했다. 구글은 경쟁 앱마켓인 원스토어의 사업 활동을 방해하며, 시장 독점적 지위를 남용한 것으로 판단된다. 이는 2023년 과징금 421억 원 부과 이후 두 번째 조사로, 최대 과징금은 8496억 원에 이를 전망이다. 구글은 방어권 행사 후 최종 판단을 기다리고 있다.",구글,1.0
2026-07-01,"삼성전자, '세이프 포럼 2026' 개최…AI 파운드리 생태계 확대",정보 없음,https://n.news.naver.com/mnews/article/421/0009034864,(서울=뉴스1) 김진환 기자 = 1일 서울 서초구 삼성전자 서초사옥에서 열린 ‘세이프(SAFE) 포럼 2026’에 참가한 유관 기업 관계자가 반도체 칩을 설명하고 있다.이번 행사에서 삼성전자는 인공지능(AI) 반도체 생태계 협력 확대 방안과 차세대 파운드리 기술 전략을 공개했다. 2026.7.1/뉴스1,True,파운드리,서울 서초구 삼성전자 서초사옥에서 열린 ‘세이프 포럼 2026’에서 삼성전자는 인공지능 반도체 생태계 협력 확대 방안과 차세대 파운드리 기술 전략을 발표했다. 이번 행사에는 관련 기업 관계자들이 참석해 반도체 산업의 미래 방향성을 논의했다.,파운드리,2.0
2026-07-01,"공정위, ‘인앱 결제 갑질’ 구글 제재 착수… 최대 8500억원 과징금",정보 없음,https://n.news.naver.com/mnews/article/029/0003034772,"공정위 사무처, 공정거래법 위반 혐의 심사보고서 제출""구글, GVP 계약 체결 통해 경쟁 상대인 플랫폼 사업 방해""국내외 대형 게임사 22곳과 체결… 구글 ""법 위반 행위 없었다""높은 인앱 결제 수수료를 고수하며 국내 게임사들을 한숨짓게 한 구글이 공정거래위원회로부터 최대 8500억원의 과징금을 부과받게 됐다.공정위 사무처는 '독점규제 및 공정거래에 관한 법률'(공정거래법) 위반 혐의와 관련해 심사보고서를 구글에 송부하고 공정위에 제출했다고 1일 밝혔다. 피심인은 구글 엘엘씨(미국), 구글 아시아퍼시픽 피티이 엘티디(싱가포르), 구글코리아 유한회사(한국)다.심사보고서는 공정위 심사관이 파악한 위법 행위에 관한 사실과 제재 의견을 담은 문서로, 형사소송으로 치면 공소장에 해당한다. 심사보고서가 당사자에게 송부되면 공정위 제재 절차가 시작된다. 앞서 구글은 지난 2023년 유사한 앱마켓 거래 제한 행위로 421억원의 과징금을 받은 바 있다.구글이 국내외 대형 게임사에 구글 생태계 이용 비용을 지원하는 한편, '최혜 대우'를 요구하는 GVP(Games/Google Velocity Program) 계약으로 타 플랫폼의 사업을 방해했다는 게 골자다.GVP 계약은 게임사가 출시 시기, 퀄리티 등을 다른 앱마켓보다 유리하게 하는 대신 구글이 클라우드, 광고, 유튜브 등 서비스 이용 비용을 지원하는 방식이다. 이 계약 때문에 국내 토종 앱마켓인 원스토어가 매우 저렴한 수수료를 앞세웠음에도 기대작을 플랫폼에 유치하는 데 어려움을 겪었다는 분석이 나온다.이 계약을 체결한 게임사는 넷마블, 엔씨, 넥슨, 컴투스, 펄어비스 등 국내 5개사와 액티비전 블리자드 킹, 라이엇 게임즈 등 외국 게임사 17곳이다. 게임사별 계약 기간은 상이하나, 총 기간은 2019년 7월부터 올해 3월까지라는 게 공정위 설명이다.공정위는 시장지배적 지위 남용에 따른 구글의 매출액을 14조1600억원으로 산정했다. 이에 공정위가 매출의 최대 6%를 과징금으로 부과할 경우 구글은 약 8500억원을 내야 한다.구글 측은 ""구글플레이는 타 앱 마켓들과 공정하게 경쟁하고 있다""며 ""법 위반 행위가 없었다""고 강조했다.그러면서 ""구글은 그동안 공정거래위원회의 조사에 성실히 협조해 왔으며 앞으로 진행될 위원회 심의 과정에서 법 위반 행위가 없었음을 소명하기 위해 최선을 다할 것""이라고 덧붙였다.이번 결정에서 국내 게임사가 제외됐다는 데 의미가 있다. 2024년 경제정의실천시민연합 등이 구글 미국 본사, 싱가포르 법인, 구글코리아와 함께 국내 게임사들을 공정위에 신고했었기 때문이다. 당시 그들은 게임사가 구글과 한 패였고, 그 사이 중소 게임사들은 고통을 겪어왔다고 강력하게 주장한 바 있다.정희은 공정위 시장감시국장은 이날 ""게임사들은 구글로부터 지원금을 받긴 했지만, 거래 지위상 구글이 압도적이었기에 지원을 거절하는 것이 사실상 어려웠을 것""이라며 ""게임사들의 경우 경제적 지원을 받았다고 공정거래법 위반은 아니다""라고 설명했다.김영욱 기자 wook95@dt.co.kr챗GPT가 그린 일러스트.",True,구글,"공정위는 구글이 GVP 계약을 통해 국내외 대형 게임사들을 지원하며 경쟁 플랫폼을 방해했다고 보고, 최대 8500억 원의 과징금을 부과할 예정입니다. 구글은 법 위반이 없다고 주장하지만, 심사보고서 송부로 제재 절차가 시작됩니다. GVP 계약은 구글이 게임사에 비용 지원과 유리한 조건을 제공해 경쟁 플랫폼인 원스토어 등에 영향을 미쳤다는 지적입니다. 이번 조치로 국내 게임사 제외와 함께 구글의 시장지배적 지위 남용 여부가 쟁점이 되고 있습니다.",구글,1.0
2026-07-01,"공정위, 구글 '시장지배적 지위 남용' 제재 착수…과징금 최대 8496억원",정보 없음,https://n.news.naver.com/mnews/article/030/0003443356,"공정거래위원회가 구글의 시장지배적 지위 남용 혐의에 대한 본격 심의에 착수했다. 국내외 게임사와 '최혜대우(MFN)' 계약을 체결해 경쟁 앱마켓 진출을 막고 시장 경쟁을 제한한 것으로 판단해서다. 관련 매출액은 약 14조원으로 최종 위법 판단 시 최대 8496억원의 과징금이 부과될 수 있다.공정위는 1일 구글의 시장지배적 지위 남용 혐의에 대한 심사보고서를 송부하고 전원회의 심의 절차를 개시했다고 밝혔다. 심사관은 시정명령과 과징금 부과 의견을 제시했다. 이번 심사는 심사관 의견으로 최종 판단은 전원회의에서 결정된다.공정위에 따르면 구글은 2019년 7월부터 올해 3월까지 약 6년 9개월 동안 국내외 게임사 22곳(국내 5곳·해외 17곳)과 'GVP(Games Velocity Program·일명 프로젝트 허그)' 계약을 체결했다. 국내 게임사는 엔씨소프트, 넥슨, 넷마블, 펄어비스, 컴투스 등이다.문제가 된 것은 계약의 핵심 조건이다. 구글은 게임사에 클라우드·유튜브·광고 서비스 이용 비용 등을 지원하는 대신 게임 출시 시기와 콘텐츠 품질, 이용자 혜택 등을 플레이스토어에 경쟁 앱마켓보다 먼저 제공하거나 최소한 동일하게 유지하도록 요구한 것으로 조사됐다. 게임의 플레이스토어 매출이 늘어날수록 지원금도 커지는 누진 구조를 적용해 경쟁 앱마켓 진출 유인을 더욱 낮췄다는 것이 공정위 판단이다.심사관은 이 같은 계약이 원스토어 등 경쟁 앱마켓의 사업 활동을 방해했을 뿐 아니라 일부 게임사의 자체 앱마켓 진출 가능성까지 봉쇄했다고 봤다. 사실상 구글과의 독점 거래를 강제한 행위로 판단한 것이다.공정위는 이번 행위의 관련 매출액을 92억1777만달러(약 14조1600억원)로 산정했다. 공정거래법상 시장지배적 지위 남용 사건은 관련 매출액의 최대 6%까지 과징금을 부과할 수 있어 법정 상한은 약 8496억원이다.이번 사건은 2023년 구글의 '원스토어 배제' 사건과는 다른 사안이라는 것이 공정위 설명이다. 당시에는 원스토어에 게임을 출시하지 않는 조건으로 지원을 제공했다면 이번에는 경쟁 앱마켓보다 플레이스토어를 우대하는 최혜대우 계약을 통해 시장지배력을 유지하려 했다는 점이 차이다.공정위는 심사보고서에서 구글의 과거 법 위반 전력도 반영해 과징금 가중 사유가 있다고 판단했다. 다만 최종 과징금 규모와 가중 여부는 전원회의에서 확정된다. 구글은 심사보고서를 받은 날부터 8주 안에 의견서를 제출하고 증거 열람·복사 등 방어권을 행사할 수 있다.공정위는 피심인의 의견 제출과 증거 열람 등 방어권 보장 절차를 거친 뒤 전원회의를 열어 최종 제재 여부를 결정할 예정이다. 공정위 관계자는 “앱마켓 시장의 실질적인 경쟁 회복을 위해 지속적으로 감시하겠다”고 말했다.",True,구글,"공정거래위원회는 구글이 시장지배적 지위를 남용해 경쟁 앱마켓 진입을 방해한 혐의로 심사를 시작했다. 구글은 국내외 게임사와 '최혜대우(MFN)' 계약을 맺어 경쟁 앱마켓보다 우대하며 시장 경쟁을 제한했다고 판단된다. 관련 매출액은 약 14조원으로, 위법 시 최대 8496억 원의 과징금 부과 가능성도 있다. 공정위는 구글의 독점 행위에 대해 심사보고서를 송부했으며, 최종 판단은 전원회의에서 결정된다. 구글은 방어권 행사를 위해 의견서를 제출할 수 있다.",구글,2.0
2026-07-01,"‘2나노’로 팹리스 지원… 삼전 파운드리, AI 생태계 키운다",정보 없음,https://n.news.naver.com/mnews/article/029/0003034603,"2나노 공정·설계 최적화 기술 공개… 국내 팹리스 지원도 확대고객·파트너 400여명 참석, AI 반도체 협력 방안 공유삼성전자 서초사옥삼성전자가 인공지능(AI) 반도체 시장 확대에 대응하기 위해 파운드리(반도체 위탁생산) 생태계 협력 강화에 나섰다.미세공정 경쟁뿐 아니라 설계, 반도체 설계자산(IP), 첨단 패키징 등 생태계 전반의 경쟁력이 고객 수주를 좌우하는 만큼, 회사는 고객사와 협력사, 정부를 아우르는 협력 체계를 확대하겠다는 전략이다.이를 위해 차세대 2나노 공정과 설계·공정 동시 최적화(DTCO) 기술을 앞세워 글로벌 AI·고성능컴퓨팅(HPC) 고객 확보에 속도를 내는 동시에 국내 팹리스 기업 지원과 시스템반도체 생태계 육성도 강화할 계획이다.파운드리 생산을 넘어 국내 시스템반도체 산업의 플랫폼 역할까지 확대한다는 게 회사측의 구상이다.삼성전자는 1일 서울 서초사옥에서 ‘세이프(SAFE·Samsung Advanced Foundry Ecosystem) 포럼 2026’을 열고 AI 반도체 생태계 확대 전략과 차세대 파운드리 기술 로드맵을 공개했다.회사는 그동안 공정 기술 경쟁력 강화와 생산능력 확대, 파운드리 생태계 구축을 미래 성장 전략으로 추진해왔다. 2022년에는 세계 최초로 게이트올어라운드(GAA) 구조를 적용한 3나노 공정 양산에 성공했으며, 현재는 평택과 미국 테일러 공장을 중심으로 첨단 파운드리 생산능력을 확대하고 있다.이날 포럼에 참석한 신종신 삼성전자 파운드리사업부 디자인 플랫폼 개발실장은 기조연설에서 “AI 수요에 대한 대응 역량을 높이는 동시에 SAFE 포럼을 통해 고객과 파트너사와의 협력을 강화하겠다”며 “글로벌 AI·고성능컴퓨팅 고객사뿐 아니라 국내 시스템반도체 고객과의 협력도 확대해 파운드리 생산을 넘어 국내 시스템반도체 산업의 플랫폼 역할을 강화하겠다”고 말했다.이번 행사에는 고객사와 협력사 관계자 400여명이 참석했다. 전자설계자동화(EDA), 반도체 설계자산(IP), 디자인 솔루션 파트너(DSP), 가상설계 파트너(VDP), 멀티다이 집적(MDI), 후공정(OSAT) 등 21개 협력사가 전시 부스를 마련해 다양한 기술과 솔루션을 선보였다.삼성전자는 SAFE 프로그램을 통해 설계자산과 전자설계자동화, 첨단 패키징, 후공정 분야 협력사들과 고객이 제품을 설계부터 양산까지 보다 빠르게 개발할 수 있도록 지원하고 있다.AI 반도체는 공정뿐 아니라 설계와 패키징 등 생태계 전반의 협업이 경쟁력을 좌우하는 만큼 SAFE의 역할도 확대되고 있다는 설명이다.행사에서는 삼성전자와의 AI 반도체 개발 사례를 소개하는 시간도 마련됐다. 먼저 AI 반도체 설계 기업인 리벨리온은 삼성전자 4나노 공정과 첨단 패키징 기술을 활용해 신경망처리장치(NPU) ‘리벨100’을 개발했다고 소개했다.이 회사는 향후 삼성전자와 협력을 확대해 ‘소버린 AI’(특정 국가나 기업에 기술적으로 종속되지 않고 데이터와 AI 기술 주권을 확보하는 개념) 구축에도 나설 계획이라고 밝혔다.전자설계자동화 기업인 지멘스 EDA는 AI와 고성능컴퓨팅 반도체의 성능을 높이기 위해서는 2.5D·3D 반도체 설계와 첨단 패키징 기술 지원이 중요하다고 설명했다.삼성전자는 이날 AI 반도체 경쟁력 강화를 위한 기술 전략도 공개했다. 반도체 설계와 공정을 함께 최적화하는 설계·공정 동시 최적화(DTCO) 기술과 차세대 2나노 공정, 고성능 정적램(SRAM) 기술 등을 통해 전력 효율과 성능, 칩 면적 경쟁력을 높여 AI 반도체 고객들의 차세대 제품 개발을 지원한다는 계획이다.국내 시스템반도체 생태계 지원도 확대한다. 삼성전자는 산업통상자원부가 추진하는 제조 AI 전환(M.AX) 얼라이언스에 참여해 자동차·가전·로봇·방산 분야에 필요한 저전력 AI 반도체 개발을 추진하고 있다.또 여러 기업의 시제품을 한 장의 웨이퍼에서 함께 제작할 수 있는 ‘다중 프로젝트 웨이퍼’(MPW) 프로그램을 운영해 국내 팹리스 기업의 시제품 제작과 제품 검증 부담을 줄이고 있다.이와 함께 정부와 공동으로 추진하는 K-CHIPS 사업에도 참여해 차세대 반도체 연구개발과 인재 양성을 지원하고 있다.시장조사업체 옴디아는 글로벌 파운드리 시장이 2025년 1415억달러에서 2028년 2588억달러로 성장할 것으로 전망했다. 특히 3나노 이하 선단 공정 시장은 같은 기간 257억달러에서 1019억달러로 확대돼 전체 시장보다 높은 성장세를 보일 것으로 내다봤다.삼성전자 관계자는 “앞으로 SAFE와 MPW 프로그램을 중심으로 고객사와 협력사, 정부와의 협력을 확대해 국내 시스템반도체 생태계와 파운드리 경쟁력을 함께 강화해 나갈 방침”이라고 말했다.",True,파운드리,"삼성전자는 인공지능(AI) 반도체 시장 확대에 대응하기 위해 2나노 공정과 설계·공정 동시 최적화(DTCO) 기술을 공개하며 글로벌 고객 확보와 국내 팹리스 지원을 강화한다. ‘세이프(SAFE) 포럼 2026’에서는 첨단 파운드리 기술과 협력사, 고객사와의 협력 방안을 발표했으며, AI 반도체 경쟁력 강화를 위한 기술 전략도 소개됐다. 국내 시스템반도체 생태계 육성과 정부 지원 프로그램도 확대하며, 시장 성장에 적극 대응할 계획이다.",파운드리,2.0
2026-07-01,"퀄컴, 이공계 대학원생 학술 논문 경연 '퀄컴 이노베이션 펠로우십 코리아 2026' 모집",정보 없음,https://n.news.naver.com/mnews/article/138/0002232689,"김상표 퀄컴 코리아 사장은 20일 JW메리어트 호텔 서울에서 퀄컴 스냅드래곤 엘리트 미디어 데이를 개최한 자리에서 차세대 모바일·컴퓨팅 플랫폼 동향 및 6세대 이동통신(6G) 비전과 관련해 이같이 말했다. [사진=김문기 기자][디지털데일리 김문기기자] 퀄컴은 국내 이공계 대학원생의 연구 활동을 지원하는 학술 논문 경연 대회인 '퀄컴 이노베이션 펠로우십 코리아 2026'에 참여할 참가자를 모집한다고 1일 밝혔다.퀄컴의 이번 프로그램은 국내 이공계 인재들의 성과 창출 장려를 목적으로 진행된다. 올해 프로그램의 논문 주제는 ▲엣지 인공지능(AI) ▲자율 주행 ▲에이전틱 AI다. 지원 대상은 2025-2026 학사년도 기준 국내 대학에서 정규 석사 또는 박사 학위 과정을 이수 중인 대학원생이다.지원자는 주제와 관련된 세부 분야 중 하나를 선택해 연구 논문을 제출하면 된다. 제출 기한은 8월 15일까지다. 참가자들은 프로그램 기간 동안 퀄컴 연구진과 지식 교류를 통해 논문 주제와 아이디어에 대해 논의하고 조언을 받을 수 있다.우수 논문은 퀄컴 평가단의 1차 심사를 거쳐 발표 및 포스터 세션에 진출한다. 1차 심사는 아이디어의 혁신성과 창의성, 연구 이해도 및 실험 결과, 추가 연구 가능성 등을 기준으로 평가하며 이를 통과한 최대 30팀이 최종 심사 대상이 된다. 퀄컴은 오는 11월 최종 수상 팀 최대 15개를 선정해 팀당 400만원의 장학금을 소속 학교에 전달할 예정이다.김상표 퀄컴코리아 사장은 ""퀄컴은 글로벌 엣지 AI 개발자 생태계 확대를 위해 사물인터넷(IoT), AI, 컴퓨트, 확장현실(XR), 데이터센터 워크로드 전반에 걸쳐 다양한 기술 콘텐츠 및 프로그램을 제공하고 있다""며 ""또한 혁신·실행·팀워크라는 핵심 가치를 바탕으로 퀄컴 이노베이션 펠로우십을 통해 폭넓은 기술 연구 분야의 석·박사 과정 학생들을 발굴하고 지원하며 멘토링하는 데 중점을 두고 있다""고 전했다. 이어 ""이번 프로그램을 통해 대학원생들이 연구 목표 달성을 향해 도약할 수 있기를 기대한다""고 덧붙였다.",True,퀄컴,"퀄컴은 국내 이공계 대학원생을 대상으로 '퀄컴 이노베이션 펠로우십 코리아 2026' 논문 경연 대회를 열어 엣지 AI, 자율주행, 에이전틱 AI 분야 연구를 지원한다. 참가 대상은 2025-2026 학사년도 기준 대학원생으로, 논문 제출과 연구 논의, 멘토링이 제공된다. 우수 논문은 심사를 거쳐 최종 15팀에 팀당 400만원의 장학금이 수여되며, 퀄컴은 글로벌 AI 개발 생태계 확대와 대학원생 연구 지원에 힘쓰고 있다.",퀄컴,1.0
2026-07-01,"앤트로픽, 내일 페이블5 전 세계 서비스 재개…18일 만에 규제 해제(종합)",정보 없음,https://n.news.naver.com/mnews/article/003/0014041036,"앤트로픽 ""새 안전장치 마련…美 정부 협력 확대 할 것""지난 12일 美상무, 국가 안보 이유로 외국인 접근 제한26일 '미토스5'에 이어 이날 일반용 '페이블5' 빗장 해제[샌트란시스코=AP/뉴시스] 미국 상무부가 앤트로픽의 최상위 인공지능(AI) 모델에 대한 수출통제 조치를 약 18일 만에 해제했다. 스노우플레이크 CEO가 지난 1일 샌프란시스코에서 열린 한 서밋에서 연설하는 와중에 앤트로픽 로고가 보이고 있다. 2026.07.01[서울=뉴시스]고재은 기자 = 미국 상무부가 앤트로픽의 최상위 인공지능(AI) 모델에 대한 수출통제 조치를 약 18일 만에 해제했다.앤트로픽은 30일(현지 시간) 소셜미디어(SNS) 엑스(X·구 트위터)를 통해 ""미국 상무부로부터 '클로드 페이블 5'와 '미토스 5'에 대한 수출 통제를 해제했다는 통보를 받았다""고 밝혔다.회사는 ""내일부터 (전 세계 이용자를 대상으로) 접속 복구를 시작할 예정""이라며 ""기다려 주신 여러분과 모델 재배포를 위해 협력해주신 모든 분께 감사드린다""고 말했다.미토스5는 기업 전용 사이버보안 특화 모델이다. 페이블5는 이를 기반으로 안전 장치를 추가한 일반 사용자용 AI다.앞서 미국 상무부는 지난달 12일 국가 안보를 이유로 미토스 5와 페이블 5에 대한 외국인 접근을 전면 차단했다. 조치 대상에는 해외 이용자는 물론 앤트로픽 내부의 외국인 직원까지 포함된 것으로 알려졌다.도널드 트럼프 행정부는 이용자들이 AI가 답하지 못하도록 막아둔 위험 정보를 우회 질문을 빼내는, 이른바 '탈옥(jailbreak)' 가능성을 문제 삼았다.그러나 앤트로픽은 해당 취약점이 다른 AI 모델에서도 발견되는 일반적인 수준으로 과도한 대응이라고 반박했다. 또 정부와 협력 의사를 내비치며 협상을 이어갔다.이에 트럼프 행정부는 지난달 26일 신뢰할 수 있는 약 100개 파트너사에 한해 '미토스 5' 접근을 허용했으며, 이날 '페이블 5' 규제까지 추가 완화하며 정상화에 나섰다.앤트로픽 ""새 안전장치 마련…美 정부 협력 확대 할 것""하워드 러트닉 미국 상무장관은 '앤트로픽이 보안 위험을 사전에 감지하는 등 우려 사항을 해결하기로 합의해서 조치를 해제한다'는 취지의 서한을 앤트로픽 측에 보냈다고 폴리티코는 전했다.러트닉 장관은 서한에서 ""앤트로픽은 AI 모델과 관련한 보안 위험을 선제적으로 탐지·해결하고, 향후 출시될 제품의 프로토콜에 대해 정부와 협력하며, 자사 모델에서 발견되는 모든 악의적인 활동을 보고하기로 합의해서 수출 통제가 필요하지 않다""고 밝혔다.앤트로픽도 이날 별도 X 게시글을 통해 ""미국 정부와의 여러 차례 생산적인 논의 끝에, 더 많은 사이버 보안 작업을 탐지·차단할 수 있는 새로운 분류기를 적용해 모델을 재배포한다""고 확인했다.또 ""아마존, 마이크로소프트, 구글, 기타 글래스윙 파트너와 함께 AI 탈옥의 심각성을 평가하고, AI 개발사들이 어떻게 대응해야 할지 공동 프레임워크 초안을 마련하기 시작했다""며 ""모델 테스트, 보호 조치 등에서 미국 정부와 협력도 확대하고 있다""고 전했다.구체적으로 모델·안전장치에 대한 사전 공개, 탈옥 및 악용 사례에 대한 정보 공유, 공동 연구를 위한 지원 등에서 정부와 협력하겠다고 설명했다.국가 안보와 기술 혁신 사이 균형 필요…휴전 가깝단 지적도전략국제연구소(CSIS) 수석 고문 글렌 거스텔은 폴리티코에 ""올바른 조치""라며 ""혁신 제품에 수출 통제를 가하는 것만으로 중국에 대한 우위를 유지할 수 없다""고 말했다.이어 국가 안보를 이유로 규제를 강화하는 것과 혁신을 촉진하는 것 사이 균형을 어떻게 맞출지 논쟁이 지속적으로 벌어질 것이라고 했다.반도체 제조업체 등을 대표하는 모뉴먼트어드보커시의 최고AI책임자 조 호퍼는 ""휴전에 가깝다""며 ""명확한 기준이 있는 절차가 마련될 때까지, 모든 프런티어 모델 출시에서 이 같은 일이 반복될 수 있다""고 설명했다.액시오스에 따르면 트럼프 행정부는 최근 AI 행정명령에 따라 오는 8월까지 새로운 AI 모델의 보안 위험을 평가하기 위한 표준화된 지침을 마련해야 한다.한편 오픈AI도 최근 백악관의 요청에 따라 차세대 모델 'GPT-5.6'을 전면 공개하기에 앞서 약 20개 소수 파트너에게만 제한적으로 공개하기로 했다.",True,앤트로픽,"미국 상무부는 앤트로픽의 최상위 AI 모델인 '클로드 페이블 5'와 '미토스 5'에 대한 수출 통제를 약 18일 만에 해제했다. 이번 조치는 보안 위험 감지와 협력 강화, 새로운 안전장치 도입 등을 통해 이루어졌으며, 앤트로픽은 글로벌 파트너와 함께 AI 탈옥 방지와 안전성을 높이기 위한 공동 연구도 추진 중이다. 전문가들은 이번 조치가 국가 안보와 기술 혁신의 균형을 찾기 위한 중요한 단계라고 평가하며, 향후 표준화된 규제 마련이 필요하다고 지적한다.",앤트로픽,2.0
2026-07-01,"미국 정부, 앤트로픽 AI '미토스' 수출통제 해제",정보 없음,https://n.news.naver.com/mnews/article/214/0001508851,"미국 정부가 앤트로픽의 최신 버전 AI 모델인 '클로드 미토스'에 대해 수출 통제를 해제합니다.미국 상무부는 '미토스5'와 '페이블5'에 내린 수출 통제 지침을 18일 만에 해제했다는 통보를 했다고 밝혔습니다.미 상무부는 지난 12일 두 모델이 국가 안보에 위협이 된다며 해외 수출 통제 지침을 내렸지만 이용자의 국적을 구별하는 기능을 갖추지 못한 앤트로픽은 이들 모델에 외국인 뿐 아니라 미국인들의 접속도 막아왔습니다.미토스5는 전문가 수준의 사이버 보안 취약점 탐지 능력을 갖춘 것으로 나타나 세계 보안 업계에 충격을 준 모델이며, 페이블5는 미토스5에 해킹이나 무기 제조에 악용될 수 있는 민감한 주제 관련 답변을 제한하도록 안전장치를 추가한 모델입니다.",True,앤트로픽,"미국 정부가 앤트로픽의 AI 모델 '클로드 미토스'에 대한 수출 통제를 해제했습니다. 상무부는 지난 12일 국가 안보 위협을 이유로 수출 통제 지침을 내렸으나, 18일 만에 해제했다고 밝혔습니다. 미토스5는 사이버 보안 취약점 탐지 능력을 갖추었으며, 페이블5는 해킹이나 무기 제조에 악용될 수 있는 답변을 제한하는 안전장치를 포함하고 있습니다.",앤트로픽,1.0
2026-07-01,"공정위, 구글 '앱마켓 갑질' 정황 포착…""제재 절차 심의""",정보 없음,https://n.news.naver.com/mnews/article/138/0002232745,"""게임사 이탈 막으려 GVP 계약, 위법 혐의""…관련 매출 대비 최대 6% 과징금 가능[사진=연합뉴스][디지털데일리 채성오기자] 공정거래위원회가 구글의 앱마켓 시장지배적 지위 남용 혐의에 대한 심의 절차에 착수했다.핵심은 구글이 높은 인앱결제 수수료로 촉발된 주요 게임사들의 플레이스토어 이탈 움직임을 막기 위해 이른바 'GVP' 계약을 활용했는지 여부다.공정위 사무처는 1일 구글 엘엘씨, 구글 아시아 퍼시픽 피티이 엘티디, 구글코리아 유한회사 등 피심인에게 심사보고서를 송부하고 위원회에 제출했다.이에 따라 구글 앱마켓 관련 시장지배적 지위 남용행위 사건의 심의 절차가 공식 개시됐다. 이번 조사는 경제정의실천시민연합, 한국게임이용자협회, 한국게임소비자협회의 지난해 11월 신고 이후 해외소송 자료 분석, 현장조사, 참고인 조사 등을 거쳐 진행됐다.공정위 사무처가 문제 삼은 계약은 ‘게임스 벨로시티 프로그램(Games Velocity Program)’ 또는 ‘구글 벨로시티 프로그램(Google Velocity Program)’으로 불린 GVP다. 내부적으로는 ‘프로젝트 허그(Project Hug)’로도 불린 이 계약은 액티비전 블리자드 킹, 라이엇 게임즈, 엔씨소프트, 넷마블 등 국내외 주요 게임사를 대상으로 2019년부터 체결된 것으로 파악됐다.정희은 공정위 시장감시국장은 브리핑에서 ""구글이 높은 인앱결제 수수료 때문에 게임사들이 플레이스토어를 이탈하려고 시도하자 이를 차단하기 위해 국내외 주요 게임사와 GVP 계약을 체결한 행위에 대해 조사를 진행했다""며 ""그 결과 공정거래법 위반 혐의가 있다고 판단했다""고 설명했다.심사관은 GVP 계약이 게임사에게 출시 시기와 품질 등을 다른 앱마켓보다 구글 앱마켓에 유리하게 하거나 최소한 동등하게 설정하도록 하는 '최혜대우' 조건을 담고 있다고 봤다.그 대가로 구글은 클라우드, 애즈, 유튜브 등 자사 플랫폼 서비스 이용 비용을 지원했다. 특히 플레이스토어 내 게임 매출이 늘수록 구글의 지원금도 증가하는 누진적 구조였다는 점이 핵심 판단 근거로 제시됐다.정 국장은 ""GVP의 최혜대우 조건과 누진적 지원 방식 등을 통해 게임사가 경쟁 앱마켓에 입점하고자 하는 유인을 현저히 저해했다""며 ""원스토어와 같은 경쟁 앱마켓의 사업활동을 방해하고, 계약 대상 게임사의 앱마켓 시장 진출까지 봉쇄했다고 판단했다""고 설명했다. 이어 ""GVP 계약을 통해 사실상 구글과의 독점적 거래를 강제한 것으로 봤다""고 덧붙였다.공정위 사무처는 이 같은 행위를 공정거래법상 시장지배적지위 남용행위 중 사업활동방해행위와 배타조건부거래행위에 해당하는 매우 중대한 위법행위로 판단했다.이에 따라 시정명령과 과징금 부과 의견을 제시했다. 심사관이 산정한 관련 매출액은 92억1777만달러(약 14조1600억원) 규모다. 향후 위원회는 심의를 거쳐 관련 매출액의 최대 6%까지 과징금을 부과할 수 있다.다만 심사보고서는 조사 단계에서 심사관이 파악한 위법성과 조치 의견을 담은 문서로 위원회의 최종 판단을 구속하지 않는다. 구글 측은 심사보고서 수령일로부터 8주 안에 서면 의견을 제출하고 증거자료 열람·복사 등을 신청할 수 있다. 공정위는 방어권 보장 절차가 마무리되는 대로 전원회의를 열어 최종 판단을 내릴 계획이다.공정위 관계자는 ""이번 사건은 앱마켓 시장 내 실질적인 경쟁 복원과 직결된 중대 사안""이라며 ""피심인의 방어권을 충분히 보장하되 절차가 종료되는 대로 신속하게 위원회를 개최할 예정""이라고 전했다.",True,구글,"공정거래위원회는 구글이 인앱결제 수수료 문제로 게임사 이탈을 막기 위해 GVP 계약을 활용하며 시장지배적 지위 남용 혐의로 심사를 시작했다. GVP 계약은 게임사에게 유리한 조건과 구글 지원금을 제공했으며, 경쟁 앱마켓 진입을 방해하는 배타적 행위로 판단된다. 공정위는 시정명령과 최대 6%의 과징금을 부과할 수 있으며, 구글은 의견 제출 기회를 갖는다. 이번 조사는 시장 경쟁 회복과 관련된 중요한 사안이다.",구글,1.0
2026-07-01,게임사 묶은 구글 '리베이트'…공정위 제재 돌입,정보 없음,https://n.news.naver.com/mnews/article/374/0000519394,"[앵커]공정거래위원회가 구글이 게임사들과 맺은 앱마켓 계약을 위법하다고 보고 제재 절차에 들어갔습니다.구글이 게임사들에 각종 지원금을 제공하는 대신 경쟁 앱마켓보다 구글플레이를 우대하도록 했다는 게 핵심입니다.엄하은 기자, 공정위가 문제 삼은 계약은 어떤 내용인가요?[기자]공정위는 구글이 지난 2019년부터 국내외 주요 게임사들과 맺은 이른바 '프로젝트 허그' 계약을 문제 삼았습니다.대상에는 액티비전 블리자드 킹과 라이엇게임즈, 엔씨소프트, 넷마블 등 구글플레이 매출 상위 게임사들이 포함됐습니다.구글은 게임사들에 클라우드와 광고, 유튜브 등 자사 서비스 이용 비용을 지원했는데요.대신 경쟁 앱마켓보다 구글플레이를 우대하도록 했습니다.다른 앱마켓보다 구글플레이에서 게임을 먼저 출시하는 등의 조건을 내걸었는데요.구글플레이 매출이 늘어날수록 지원금도 함께 커지는 구조였습니다.공정위는 이를 사실상 게임사를 묶어두기 위한 리베이트성 지원으로 판단했습니다.공정위는 ""게임사들의 경쟁 앱마켓 입점 유인을 떨어뜨리고 원스토어 등 경쟁 사업자의 사업활동을 방해했다""며 ""사실상 구글과의 독점 거래를 강제했다""라고 설명했습니다.[앵커]과징금 규모도 관심인데요.앞으로 절차는 어떻게 진행되나요?[기자]공정위는 구글의 행위가 시장지배적 지위 남용에 해당한다고 보고, 과징금 부과 의견 등을 담은 심사보고서를 구글 측에 송부하며 본격적인 심의 절차에 들어갔습니다.공정위는 구글의 행위로 영향을 받은 관련 매출액을 14조 1600억 원으로 산정했습니다.최종 위법 판단이 내려질 경우 관련 매출액의 최대 6%까지 과징금을 부과할 수 있는데요.최대 8496억 원의 과징금이 부과될 수 있는 겁니다.공정위는 전원회의 심의를 거쳐 위법 여부와 제재 수위를 최종 결정한다는 방침입니다.SBS Biz 엄하은입니다.당신의 제보가 뉴스로 만들어집니다.SBS Biz는 여러분의 제보를 기다리고 있습니다.홈페이지 = https://url.kr/9pghjn",True,구글,"공정거래위원회는 구글이 2019년부터 게임사들과 맺은 '프로젝트 허그' 계약이 경쟁 앱마켓 우대와 지원금 제공을 통해 시장 지배적 지위를 남용했다고 판단, 제재 절차에 들어갔습니다. 구글은 게임사에 지원금을 제공하며 구글플레이를 우대했고, 이는 경쟁사 방해와 독점 거래로 간주됩니다. 관련 매출액은 14조 원 규모로, 최대 6%인 8496억 원의 과징금 부과가 검토되고 있으며, 최종 결정은 전원회의 심의를 통해 이뤄질 예정입니다.",구글,1.0
2026-07-01,"공정위, 구글 앱마켓 지위 남용 제재 착수...""과징금 최대 8496억원""",정보 없음,https://n.news.naver.com/mnews/article/092/0002428817,"최혜대우 조건·지원금 결합해 경쟁 앱마켓 봉쇄 판단공정거래위원회가 구글 앱마켓 운영 방식이 시장지배적 지위를 남용한 공정거래법 위반에 해당한다고 판단, 심사보고서를 발송하며 제재 절차에 착수했다. 공정위는 해당 안건에 대해 구글이 최대 8496억원 과징금을 부과받을 수 있을 것이라고 예상했다.공정위는 구글의 ‘독점규제 및 공정거래에 관한 법률(공정거래법)’ 위반 혐의에 대한 행위 사실과 위법성 및 조치 의견 등을 기재한 심사보고서를 위원회에 제출한 후 회사에 송부함으로써 심의 절차가 개시됐다고 밝혔다.구글은 높은 인앱결제 수수료로 촉발된 게임사들의 구글 앱마켓 이탈 시도를 차단하기 위해 국내외 주요 게임사와 일명 프로젝트 허그로 불리는 GVP 계약을 체결했다.정희은 공정거래위원회 감시 국장이 1일 브리핑을 하고 있다. (사진=이브리핑 캡처)GVP(Games velocity program) 계약은 게임사가 출시시기, 품질 등을 다른 앱마켓보다 유리하게 또는 최소한 동등하게 설정(최혜대우)하는 것이 조건이다. 대신 피심인인 구글이 클라우드, 애즈, 유튜브 등 구글 플랫폼 서비스 이용 비용 등을 지원한다.심사관은 구글이 GVP의 최혜대우 조건과 누진적 지원방식 등을 통해 게임사의 경쟁 앱마켓 입점 유인을 현저히 저해함으로써 원스토어 등 경쟁 앱마켓 사업활동을 방해했다고 봤다. 또 계약 대상인 게임사의 앱마켓 시장 진출을 봉쇄했다고 판단했다. 구글이 GVP 계약을 통해 사실상 자사와의 독점적 거래를 강제했다고 본 것이다.특히 구글 앱마켓은 매출액 증가 시 회사의 지원 금액도 증가하는 누진적 구조로 설계돼 있는데, 공정위는 누진 구조보다도 최혜대우에 법 위반에 경쟁제한적 요소가 있고, 두 사안이 결합되면서 효과는 보다 커진다고 진단했다.정희은 공정위 시장감시국장은 “누진 구조 자체가 문제는 아니지만, 최혜대우를 조건으로 요구한 것이 경쟁제한적 요소가 있는 것”이라며 “누진적 구조로 설계돼 그런 효과가 더 커진다”고 설명했다.심사관은 이 사건 안드로이드 앱마켓 시장에서의 시장지배적 지위 남용행위로 영향을 받은 관련 매출액이 92억 1777만 달러(약 14조 1600억원)에 달하는 것으로 추산했다.이에 심사관은 구글의 행위를 공정거래법 제5조 1항 제3·5호인 ‘시장지배적지위남용행위 중 사업활동방해행위’, ‘배타조건부거래행위’ 등을 위반하는 행위라고 판단해 시정명령 및 과징금 부과 의견을 제시했다.구글플레이 로고향후 공정위는 심의를 거쳐 관련 법령에 따라 시장지배적지위남용행위로 영향을 받은 관련 매출액의 최대 6%까지 과징금을 부과할 수 있다.심사관은 조치 의견에서 이번 사안에 대해 가중 사유가 있다는 의견을 내놨다. 구글이 2016년부터 2018년까지 국내 게임사에 원스토어에 입점하지 않는 조건으로 혜택을 주는 행위를 종료한 뒤, 곧바로 최혜대우 행위를 시작하면서다. 공정위는 이번 법 위법행위 기간을 2019년 7월부터 올해 3월까지 약 6년 9개월가량으로 산정했다.다만, 가중 행위가 인정되더라도 과징금은 매출액의 6% 수준인 8496억원 가량을 넘지 못할 전망이다. 현행법상 매출액의 6% 수준이 과징금의 최대 한도로 규정돼 있기 때문이다. 최근 공정위가 발표한 개정공시도 적용되지 않는다. 과징금 산정의 기준이 된 매출액은 국내 매출이 기준이다.구글과 GVP 계약을 맺은 게임사는 해외사 17개, 국내사 5개로 총 22곳이다. 국내에서는 엔씨소프트·넥슨·넷마블·펄어비스·컴투스 등이 이름을 올렸다.게임사들이 피해자인 동시에 가해자일 수 있다는 점에서 공정위의 판단을 묻는 질문에 정 국장은 “게임사들이 지원을 받았지만 구글과의 관계에 있어 구글의 압도적인 지위를 고려했을 때 지원 사항을 거절하는 것은 사실상 어려웠을 것”이라며 “게임사들이 단순히 경제적 지원을 받았다는 이유만으로 공정거래법 위반이라고 보기는 어렵다”고 답했다.",True,구글,"공정거래위원회는 구글의 앱마켓 운영 방식이 시장지배적 지위를 남용한 혐의로 심사보고서를 제출하며 제재 절차를 시작했다. 구글은 게임사와 ‘GVP’ 계약을 통해 최혜대우 조건과 누진적 지원을 제공하며 경쟁 앱마켓 진입을 방해했고, 시장지배적 지위 남용행위로 약 14조원 규모의 매출에 영향을 미친 것으로 추산된다. 공정위는 최대 8496억 원의 과징금을 부과할 수 있으며, 구글의 행위는 법 위반으로 판단돼 시정명령과 함께 제재가 예상된다.",구글,1.0
2026-07-01,"게임사에 ‘구글 앱 마켓 우선’ 강요…공정위, 8000억대 과징금 검토",정보 없음,https://n.news.naver.com/mnews/article/032/0003455554,"“최혜대우 계약, 시장지배력 남용”위법 땐 매출 6% 역대급 과징금구글이 자사 애플리케이션(앱) 마켓을 이용하는 국내 게임사에 출시 시기 등 조건을 사실상 강요한 혐의로 공정거래위원회 심의를 받게 됐다. 위법으로 최종 결론 나면 최대 8000억원대의 과징금이 부과될 수 있다는 전망이 나온다.공정위는 1일 구글이 국내외 게임사와 게임 출시 시기, 품질 등을 자사 앱 마켓인 ‘구글 플레이스토어’에 유리하게 설정하는 계약을 체결한 것으로 보고, 심사보고서를 당사자에 송부했다고 밝혔다.심사보고서는 공정위 심사관이 파악한 위법행위에 관한 사실과 제재 의견을 담은 문서로, 형사소송으로 치면 공소장에 해당한다.공정위 심사관은 구글이 인앱결제 수수료 인상 이후 게임사들의 이탈을 막기 위해 게임사가 출시 시기, 품질 등을 다른 앱 마켓보다 구글에 유리하게 또는 최소한 동등하게 설정하도록 하는 계약을 맺었다고 밝혔다.구글은 계약 체결 대가로 게임사에 파일 저장 사이트인 클라우드, 구글 광고, 유튜브 등 자사 플랫폼 이용 비용 일부를 지원했다.계약 대상에는 넥슨, 넷마블, 엔씨소프트, 액티비전 블리자드 킹, 라이엇 게임즈, 닌텐도, 컴투스 등 구글 플레이스토어 매출 상위 게임사들이 포함된 것으로 조사됐다.공정위 심사관은 구글이 시장지배적 지위를 남용해 공정거래법을 위반한 것으로 보고, 시정명령과 과징금 부과 의견을 제시했다. 공정위 심사관은 “게임사의 경쟁 앱 마켓 입점 유인을 저해하고, 경쟁 앱 마켓의 사업 활동을 방해했다”며 “게임사와의 독점적 거래를 강제한 행위”라고 판단했다. 또 앱 마켓을 자체적으로 개발하려는 게임사의 시장 진입을 제한한 측면도 있다고 봤다.현재 국내 안드로이드 앱 마켓 시장에서 구글 플레이스토어의 점유율은 80% 이상을 유지하고 있다. 구글이 해당 계약을 통해 2019년 7월부터 6년9개월간 92억1777만달러(약 14조1600억원)를 벌어들인 것으로 공정위는 집계했다.공정위는 향후 구글 측 반론을 수렴해 위법 여부와 제재 수위를 결정한다. 위법이 인정되면 관련 매출액의 6%인 8496억원까지 과징금을 부과할 수 있다.앞서 구글은 미국에서도 유사한 반독점 소송에서 패소한 바 있다. 2023년 미국 캘리포니아주 북부지방법원은 구글이 시장지배적 지위를 남용해 경쟁을 제한했다고 판단, 경쟁 앱 마켓을 배제하는 계약 관행을 고치도록 했다.이미 구글은 2023년 게임사의 타 앱 마켓 출시를 제한한 혐의로 공정위로부터 과징금 421억원을 부과받은 바 있다.",True,구글,"공정거래위원회는 구글이 국내 게임사에 출시 시기와 품질 조건을 사실상 강요하며 시장지배력 남용 혐의로 심사를 진행 중이다. 구글은 계약을 통해 게임사에 구글 플랫폼 이용 비용 일부를 지원했고, 시장 점유율이 80% 이상인 국내 안드로이드 앱 시장에서 경쟁을 저해하는 행위를 했다는 지적이다. 위법 시 최대 8000억 원의 과징금이 부과될 수 있으며, 구글은 이미 미국에서 유사 혐의로 패소한 바 있다.",구글,1.0
2026-07-01,"공정위, ‘앱마켓 갑질’ 구글 제재 착수… 최대 8496억 과징금 예고",정보 없음,https://n.news.naver.com/mnews/article/005/0001858371,"국민일보 DB플레이스토어에 입점한 게임사들에 ‘최혜 대우’를 요구해 앱마켓 경쟁을 제한한 구글에 대해 공정거래위원회가 제재 절차에 착수했다. 부과 가능한 과징금은 최대 8496억원이다. 확정되면 퀄컴 사건에 이어 역대 두 번째 규모다.공정위는 1일 구글의 공정거래법 위반 혐의와 관련한 심사보고서를 구글 엘엘씨(미국)와 구글 아시아 퍼시픽(싱가포르), 구글코리아 등 3개 법인에 송부했다고 밝혔다.구글은 높은 인앱결제 수수료로 촉발된 게임사들의 앱마켓 이탈을 막기 위해 국내외 주요 게임사 22곳과 이른바 GVP(Games/Google Velocity Program) 계약을 맺었다. 게임사가 신작 출시 시기·품질 등을 다른 앱마켓보다 유리하거나 최소 동등하게 설정하면 구글이 클라우드·광고·유튜브 등 서비스 비용을 지원한다.특히 플레이스토어 매출이 늘수록 지원금도 커지는 누진적 구조여서 경쟁 앱마켓 진출 유인을 사실상 차단했다는 게 공정위 판단이다.공정위는 이 행위가 시장지배적 지위 남용 중 사업활동 방해와 배타조건부 거래에 해당하는 매우 중대한 위반이라고 보고 시정명령과 과징금 부과 의견을 냈다. 관련 매출액은 14조 1600억원으로 산정됐다.구글은 2023년에도 경쟁 앱마켓인 원스토어 진입을 방해한 혐의로 과징금 421억원을 부과받은 바 있다. 반복 위반에 따른 가중 가능성도 거론된다. 구글은 “법 위반 사실이 없음을 충분히 소명하겠다”며 혐의를 부인했다.",True,구글,"공정거래위원회는 구글이 국민일보 DB플레이스토어 입점 게임사에 '최혜 대우'를 요구하며 앱마켓 경쟁을 제한한 혐의로 제재 절차를 시작했다. 구글은 인앱결제 수수료 문제로 22개 게임사와 GVP 계약을 맺어 신작 출시에 유리한 조건을 제공했고, 지원금이 매출에 따라 증가하는 구조로 경쟁 앱마켓 진입을 차단했다. 공정위는 이 행위가 시장지배적 지위 남용과 경쟁 제한에 해당한다고 보고 시정명령과 최대 8496억 원의 과징금을 부과할 방침이다. 구글은 혐의를 부인하며 법적 대응을 예고했다.",구글,2.0
2026-07-01,"공정위, 구글 정조준…과징금 최대 8500억",정보 없음,https://n.news.naver.com/mnews/article/009/0005701498,"3년 만에 '앱마켓 독점' 조사광고·클라우드 지원 대가로게임 출시서 구글 우대 요구국내외 업체 22곳과 계약해국내 마켓 점유율 80% 유지공정위 ""경쟁사 진출 방해""공정거래위원회가 구글의 앱마켓 독점 행위에 칼을 빼든 것은 구글이 게임사들의 '플랫폼 이탈'을 방지하고자 거액의 수수료를 징수한 뒤 이를 다시 보조금으로 돌려주는 '변칙적 드로백' 체계를 구축했기 때문이다.공정위는 구글이 인앱결제 수수료 30%를 통해 확보한 막대한 자본력을 바탕으로 대형 게임사들에 유튜브 광고비와 클라우드 이용권 등을 지원하는 리베이트성 계약을 맺어 경쟁 앱마켓으로의 진출을 원천 봉쇄했다고 판단했다. 특히 지원금 규모를 구글 내 매출액과 연동한 누진적 환급 구조는 게임사들이 사실상 구글 생태계에 종속되도록 설계됐다는 설명이다.구글의 이 같은 '플랫폼 이탈' 방지 전략은 4년 전 해외에서 벌어진 소송에서 드러난 바 있다. 당시 구글은 대형 앱 개발사들과 최소 24건의 계약을 맺었고, 이를 '프로젝트 허그(Project Hug)'로 불렀다. 당시 구글은 높은 인앱결제 수수료에 반발하는 게임사들을 달래고자 유튜브·클라우드·광고 이용권을 지원했다. 액티비전 블리자드에는 3년간 약 3억6000만달러, 라이엇게임즈에는 1년간 약 3000만달러를 지급하기로 했다.이후 의혹은 국내에서도 불거졌다. 2024년 11월 경제정의실천시민연합과 한국게임이용자협회, 한국게임소비자협회는 국내 게임사들이 구글 플레이스토어에 게임 앱을 독점 출시하는 조건으로 수익 배분과 마케팅 지원 등을 부당하게 받았다며 구글 3개사와 국내 게임 4개사를 공정위에 신고했다.경실련은 구글이 구글 플레이스토어 결제액의 30%를 수수료로 받은 뒤 게임사들이 다른 앱마켓으로 이탈하지 않도록 그 일부를 되돌려줬다고 주장했다. 이후 공정위는 구글코리아와 의혹이 제기된 게임 업체들을 대상으로 현장조사를 진행했다. 통상적인 '리베이트'와 달리 이번 사건은 30%라는 고율의 수수료를 징수한 뒤 이탈 방지를 조건으로 다시 내어주는 '드로백' 성격이 짙다는 평가가 나온다.조사 결과 구글은 높은 인앱결제 수수료 부담으로 게임사들이 구글 앱마켓을 이탈하려고 하자 이를 막기 위해 국내외 주요 게임사들과 계약(GVP)을 맺은 것으로 나타났다. 계약은 구글이 게임사에 금전·마케팅 지원을 제공하는 대가로 게임 출시 시기와 프로모션 등을 경쟁 앱마켓보다 구글플레이스토어에 유리하게 설정하도록 한 것이 핵심이다. 계약을 맺은 게임사는 총 22개로 파악됐다. 국내 업체는 넷마블, 엔씨소프트, 넥슨, 컴투스, 펄어비스 등 5개이며, 해외 업체는 액티비전 블리자드, 라이엇게임즈 등 17개다.계약은 구글 앱마켓 매출이 늘어날수록 게임사에 대한 지원금도 함께 증가하는 누진 구조로 설계된 것이 특징이다. 공정위는 이런 구조가 게임사들이 다른 앱마켓에 입점할 유인을 크게 낮췄다고 판단했다. 특히 지원금이 구글 앱마켓 매출과 연동된 탓에 게임사들이 사실상 구글과 독점적으로 거래하도록 압박받았다는 것이 공정위의 판단이다. 이를 통해 계약 대상 게임사들이 독자적으로 앱마켓 시장에 진출할 유인이 줄어들었고, 원스토어 등 경쟁 앱마켓의 사업 활동도 방해받았다고 판단했다. 국내 안드로이드 앱마켓 시장에서 구글플레이 스토어 점유율은 80% 이상을 유지해왔다.공정위 심사보고서가 당사자에게 전달되면 공정위의 본격적인 제재 절차가 시작된다. 구글은 심사보고서 수령일부터 8주 안에 서면 의견을 제출할 수 있다. 공정위는 방어권 보장 절차가 끝나는 대로 전원회의를 열어 최종 제재 여부와 수위를 정할 계획이다. 앞서 구글은 2023년에도 유사 혐의로 과징금 421억원과 시정명령을 부과받은 바 있다.1일 한국게임이용자협회는 ""공정위의 시정명령 및 관련 매출액의 최대 6%의 과징금 부과 등 신속하고 엄중한 최종 판단을 기대한다""고 밝혔다. 협회는 한국소비자원에 구글이 위법하게 거둔 인앱결제 수수료를 소비자에게 돌려줄 것을 촉구하는 집단분쟁조정신청을 제기할 예정이다.[김정범 기자 / 김태성 기자]",True,구글,"공정거래위원회는 구글이 인앱결제 수수료 30%를 징수한 뒤, 유튜브 광고·클라우드 지원 등 리베이트 계약으로 경쟁 앱마켓 진출을 방해했다고 판단했다. 구글은 국내외 22개 게임사와 계약해 지원금을 제공하며, 시장 점유율 80% 이상을 유지하는 독점적 행태를 보였다. 공정위는 이와 관련해 조사 후 제재 절차를 진행할 예정이다.",구글,1.0
2026-07-01,"구글, 또 앱마켓 독점 시도 혐의로 공정위 심판대에···과징금 최대 8000억원대 전망",정보 없음,https://n.news.naver.com/mnews/article/032/0003455501,"구글 로고. AFP연합뉴스구글이 자사 애플리케이션(앱) 마켓을 이용하는 국내 게임사에 출시 시기 등 조건을 사실상 강요한 혐의로 공정거래위원회 심의를 받게 됐다. 위법으로 최종 결론나면 최대 8000억원대 과징금이 부과될 수 있다는 전망이 나온다.공정위는 1일 구글이 국내외 게임사와 게임 출시 시기, 품질 등을 자사 앱 마켓인 구글 플레이스토어에 유리하게 설정하는 내용의 계약을 체결한 것으로 보고, 심사보고서를 당사자에 송부했다고 밝혔다. 심사보고서는 공정위 심사관이 파악한 위법 행위에 관한 사실과 제재 의견을 담은 문서로, 형사 소송으로 치면 공소장에 해당한다.공정위 심사관은 구글이 인앱 결제 수수료 인상 이후 게임사들의 이탈을 막기 위해 게임사가 출시 시기, 품질 등을 다른 앱 마켓보다 유리하게 또는 최소한 동등하게 설정하라는 계약을 맺었다고 밝혔다. 구글은 계약 체결 대가로 게임사가 파일 저장 사이트인 클라우드, 구글 광고, 유튜브 등 자사 플랫폼 이용 비용 일부를 지원했다.계약 대상에는 넥슨, 넷마블, 엔씨소프트, 액티비전 블리자드 킹, 라이엇 게임즈, 닌텐도, 컴투스 등 구글플레이 매출 상위 게임사들이 포함된 것으로 조사됐다.공정위 심사관은 구글이 시장지배적 지위를 남용해 공정거래법을 위반한 것으로 보고, 시정명령과 과징금 부과 의견을 제시했다. 공정위 심사관은 “게임사의 경쟁 앱 마켓 입점 유인을 저해하고, 경쟁 앱 마켓의 사업 활동을 방해했다”며 “게임사와의 독점적 거래를 강제한 행위”라고 판단했다. 또 앱 마켓을 자체적으로 개발하려는 게임사의 시장 진입을 제한한 측면도 있다고 봤다.현재 국내 안드로이드 앱 마켓 시장에서 구글 플레이스토어의 점유율은 80% 이상을 유지하고 있다. 구글이 해당 계약을 통해 2019년 7월부터 6년 9개월간 92억1777만달러(약 14조1600억원)를 벌어들인 것으로 집계했다.공정위는 향후 구글 측의 반론을 수렴해 위법 여부와 제재 수위를 결정한다. 위법이 인정되면 공정위는 관련 매출액의 6%인 8496억원까지 과징금을 부과할 수 있다.앞서 구글은 미국에서도 유사한 반독점 소송에서 패소한 바 있다. 2023년 미국 캘리포니아주 북부지방법원은 구글이 시장지배적 지위를 남용해 경쟁을 제한했다고 판단하고, 경쟁 앱 마켓을 배제하는 계약 관행을 고치도록 했다.구글은 2023년 게임사의 타 앱 마켓 출시를 제한한 혐의로 공정위로부터 과징금 421억원을 부과받은 바 있다.",True,구글,"구글이 국내 게임사와의 계약에서 출시 시기와 품질 조건을 강요하며 시장지배적 지위를 남용한 혐의로 공정거래위원회 심의를 받고 있다. 이 계약으로 구글은 게임사들이 구글 플레이스토어를 우선 이용하게 하고, 구글 플랫폼 비용 일부를 지원했다. 공정위는 구글이 경쟁 앱 마켓 진입을 방해하고 독점적 거래를 강요했다고 판단하며, 위법 시 최대 8000억 원의 과징금을 부과할 수 있다고 밝혔다. 구글은 미국에서도 유사 반독점 판결을 받은 바 있다.",구글,1.0
2026-07-01,"퀄컴, 이공계 대학원생 학술 논문 경연 ‘퀄컴 이노베이션 펠로우십 코리아 2026’ 지원자 모집",정보 없음,https://n.news.naver.com/mnews/article/009/0005701351,"세계적인 반도체 설계기업 퀄컴이 이공계 학술 논문 경연 대회 ‘퀄컴 이노베이션 펠로우십 코리아 2026’에 참여할 국내 대학원생을 모집한다.퀄컴 이노베이션 펠로우십 코리아는 국내 이공계 인재의 연구 활동 지원을 목적으로 하는 학술 논문 경연 대회다. 퀄컴은 혁신, 실행, 팀워크를 바탕으로 잠재력 있는 이공계 대학원생의 성과 창출을 장려하고, 나아가 AI 생태계와 미래 기술의 발전을 도모하기 위해 지난 2020년부터 매년 대회를 개최하고 있다.올해 프로그램의 논문 주제는 ▲엣지 AI ▲자율 주행 ▲에이전틱 AI로, 2025-2026 학사년도 기준 국내 대학에서 정규 석사 또는 박사 학위 과정을 이수 중인 대학원생을 대상으로 한다. 지원자는 주제와 관련된 세부 분야 중 하나를 선택해 연구 논문을 제출하면 된다. 제출 기한은 8월 15일까지이며, 참가자들은 프로그램 기간 동안 퀄컴 연구진과 지식 교류를 통해 논문 주제와 아이디어에 대해 논의하고 조언을 받을 수 있다.우수 논문은 퀄컴 평가단의 1차 심사를 거쳐 발표 및 포스터 세션에 진출하게 된다. 1차 심사는 아이디어의 혁신성과 창의성, 연구 이해도 및 실험 결과, 추가 연구 가능성 등을 기준으로 평가하며, 이를 통과한 최대 30팀이 최종 심사 대상이 된다. 퀄컴은 오는 11월 최종 수상 팀 최대 15개를 선정해 팀당 400만원의 장학금을 소속 학교에 전달할 예정이다.김상표 퀄컴코리아 사장은 “퀄컴은 글로벌 엣지 AI 개발자 생태계 확대를 위해 IoT, AI, 컴퓨트, XR, 데이터센터 워크로드 전반에 걸쳐 다양한 기술 콘텐츠 및 프로그램을 제공하고 있다”면서 “퀄컴 이노베이션 펠로우십을 통해 폭넓은 기술 연구 분야의 석·박사 과정 학생들을 발굴하고 지원하며 멘토링하는 데 중점을 두고 있다”고 설명했다.퀄컴 이노베이션 펠로우십 코리아 2026에 대한 자세한 정보 확인 및 논문 접수는 퀄컴 이노베이션 펠로우십 웹페이지를 통해 가능하다.",True,퀄컴,"퀄컴은 이공계 대학원생 대상 학술 논문 경연 대회 ‘퀄컴 이노베이션 펠로우십 코리아 2026’을 개최하며, 엣지 AI, 자율 주행, 에이전틱 AI 주제의 연구 논문을 모집한다. 지원자는 8월 15일까지 논문을 제출하고, 퀄컴 연구진과의 멘토링 기회도 제공된다. 우수 논문은 11월 최종 심사를 통해 최대 15개 팀이 선정돼 팀당 400만원의 장학금을 받는다. 이번 대회는 AI 및 미래 기술 발전을 목표로 2020년부터 매년 개최되고 있다.",퀄컴,1.0
